disclosure_cycle,cdp_requesting_org_number,requesting_organization,cdp_disclosing_org_number,disclosing_organization,disclosing_org_type,cdp_region,discloser_country_or_area,public_status,question_number,question_text,row_order,row_name,col1_Administrative boundary of reporting government,col2_Next highest level of government,col3_Next lowest level of government,col4_Area of the jurisdiction boundary (in square km),"col5_Percentage range of jurisdiction area that is natural or modified terrestrial, freshwater, coastal and/or marine ecosystem",col6_Current (or most recent) population size,col7_Population year,col8_Projected population size,col9_Projected population year,col10_Select the currency used for all financial information reported throughout your response,col11_Select which Common Reporting Framework level you are reporting to^
2025 Disclosure Cycle,779465,CDP,1093,"City of Atlanta, GA",City,North America,United States of America,Public,Q1.2,Provide details of your jurisdiction in the table below.,1,Response,City/Municipality,State / regional,Sub-municipal district,351.53,51-60%,532115,2024,2900000.0,2050,USD US Dollar,CRF Complete level
2025 Disclosure Cycle,779465,CDP,1184,"City of Austin, TX",City,North America,United States of America,Public,Q1.2,Provide details of your jurisdiction in the table below.,1,Response,City/Municipality,County / Province,Sub-municipal district,1355,41-50%,1160340,2024,1485582,2050,USD US Dollar,CRF Complete level
2025 Disclosure Cycle,779465,CDP,1499,City of Barcelona,City,Europe,Spain,Public,Q1.2,Provide details of your jurisdiction in the table below.,1,Response,City/Municipality,County / Province,Sub-municipal district,101.3,21-30%,1715062,2024,1677047.0,2030,EUR Euro,CRF Simplified level
2025 Disclosure Cycle,779465,CDP,1850,Birmingham City Council,City,UKWW,United Kingdom,Public,Q1.2,Provide details of your jurisdiction in the table below.,1,Response,City/Municipality,County / Province,Sub-municipal district,268.0,21-30%,116000,2022,1230000.0,2038,GBP Pound Sterling,CRF Simplified level
2025 Disclosure Cycle,779465,CDP,2621,Cambridgeshire County Council,City,UKWW,United Kingdom,Public,Q1.2,Provide details of your jurisdiction in the table below.,1,Response,County / Province,State / regional,Federal district,3054.0,61-70%,710317,2024,827365,2041,GBP Pound Sterling,
2025 Disclosure Cycle,779465,CDP,3203,City of Chicago,City,North America,United States of America,Public,Q1.2,Provide details of your jurisdiction in the table below.,1,Response,City/Municipality,County / Province,No lower level of government,587.0,11-20%,2715450,2024,3036099.0,2040,USD US Dollar,CRF Simplified level
2025 Disclosure Cycle,779465,CDP,3417,"New York City, NY",City,North America,United States of America,Public,Q1.2,Provide details of your jurisdiction in the table below.,1,Response,City/Municipality,State / regional,No lower level of government,778.0,31-40%,8804190.0,2020,9400000.0,2050,USD US Dollar,CRF Complete level
2025 Disclosure Cycle,779465,CDP,3422,Greater London Authority,City,UKWW,United Kingdom,Public,Q1.2,Provide details of your jurisdiction in the table below.,1,Response,City/Municipality,National,Sub-municipal district,1595.0,41-50%,9060855,2024,9897222,2050,GBP Pound Sterling,CRF Complete level
2025 Disclosure Cycle,779465,CDP,3429,City of Stockholm,City,Europe,Sweden,Public,Q1.2,Provide details of your jurisdiction in the table below.,1,Response,City/Municipality,State / regional,No lower level of government,188.0,61-70%,995574,2024,1057700,2034,SEK Swedish Krona,CRF Complete level
2025 Disclosure Cycle,779465,CDP,5871,Essex County Council,City,UKWW,United Kingdom,Public,Q1.2,Provide details of your jurisdiction in the table below.,1,Response,County / Province,National,Local government area within a greater metropolitan area,3465,21-30%,1519509,2022,1647398,2040,GBP Pound Sterling,
2025 Disclosure Cycle,779465,CDP,10495,"City of Las Vegas, NV",City,North America,United States of America,Public,Q1.2,Provide details of your jurisdiction in the table below.,1,Response,City/Municipality,State / regional,No lower level of government,368.0,11-20%,669679,2023,980000,2050,USD US Dollar,CRF Complete level
2025 Disclosure Cycle,779465,CDP,10894,"City of Los Angeles, CA",City,North America,United States of America,Public,Q1.2,Provide details of your jurisdiction in the table below.,1,Response,City/Municipality,County / Province,No lower level of government,1218.0,21-30%,3814318,2024,4871244.0,2050,USD US Dollar,CRF Simplified level
2025 Disclosure Cycle,779465,CDP,11315,City of Manchester,City,UKWW,United Kingdom,Public,Q1.2,Provide details of your jurisdiction in the table below.,1,Response,City/Municipality,State / regional,No lower level of government,115.64,51-60%,589670,2024,590303,2038,GBP Pound Sterling,CRF Complete level
2025 Disclosure Cycle,779465,CDP,13067,"City of New Orleans, LA",City,North America,United States of America,Public,Q1.2,Provide details of your jurisdiction in the table below.,1,Response,City/Municipality,State / regional,No lower level of government,906.1,21-30%,364136,2023,405257.0,2050,USD US Dollar,CRF Simplified level
2025 Disclosure Cycle,779465,CDP,13113,Newcastle City Council,City,UKWW,United Kingdom,Public,Q1.2,Provide details of your jurisdiction in the table below.,1,Response,City/Municipality,National,Sub-municipal district,115.1179,21-30%,311976,2023,315038,2040,GBP Pound Sterling,CRF Complete level
2025 Disclosure Cycle,779465,CDP,13490,Northumberland County Council,City,UKWW,United Kingdom,Public,Q1.2,Provide details of your jurisdiction in the table below.,1,Response,County / Province,State / regional,Town,5013,I do not have this data,327055,2023,338071,2040,GBP Pound Sterling,CRF Complete level
2025 Disclosure Cycle,779465,CDP,13506,Nottingham City Council,City,UKWW,United Kingdom,Public,Q1.2,Provide details of your jurisdiction in the table below.,1,Response,City/Municipality,State / regional,No lower level of government,75,31-40%,331077,2024,344928,2032,GBP Pound Sterling,CRF Complete level
2025 Disclosure Cycle,779465,CDP,14088,Oslo Municipality,City,Europe,Norway,Public,Q1.2,Provide details of your jurisdiction in the table below.,1,Response,City/Municipality,State / regional,Sub-municipal district,454.0,61-70%,724300,2025,743000.0,2030,NOK Norwegian Krone,CRF Complete level
2025 Disclosure Cycle,779465,CDP,14136,Oxford City Council,City,UKWW,United Kingdom,Public,Q1.2,Provide details of your jurisdiction in the table below.,1,Response,City/Municipality,County / Province,Sub-municipal district,45.59,61-70%,162100,2021,160791,2026,GBP Pound Sterling,CRF Complete level
2025 Disclosure Cycle,779465,CDP,14874,"City of Portland, OR",City,North America,United States of America,Public,Q1.2,Provide details of your jurisdiction in the table below.,1,Response,City/Municipality,County / Province,No lower level of government,375.55,21-30%,648097,2023,774219,2045,USD US Dollar,CRF Simplified level
2025 Disclosure Cycle,779465,CDP,15515,Reading Borough Council,City,UKWW,United Kingdom,Public,Q1.2,Provide details of your jurisdiction in the table below.,1,Response,City/Municipality,National,No lower level of government,40.4,21-30%,178200,2023,189334,,GBP Pound Sterling,CRF Simplified level
2025 Disclosure Cycle,779465,CDP,16581,"City of Seattle, WA",City,North America,United States of America,Public,Q1.2,Provide details of your jurisdiction in the table below.,1,Response,City/Municipality,State / regional,No lower level of government,217.0,61-70%,797700,2024,800000.0,2035,USD US Dollar,CRF Simplified level
2025 Disclosure Cycle,779465,CDP,18078,Swale Borough Council,City,UKWW,United Kingdom,Public,Q1.2,Provide details of your jurisdiction in the table below.,1,Response,Other: District/Borough Council,County / Province,Town,144.2,61-70%,152223.0,2021,165043.0,2030,GBP Pound Sterling,
2025 Disclosure Cycle,779465,CDP,19233,Municipality of Torres Vedras,City,Europe,Portugal,Public,Q1.2,Provide details of your jurisdiction in the table below.,1,Response,City/Municipality,State / regional,Other: Local parish,407,61-70%,83075,2021,102203.0,2050,EUR Euro,CRF Simplified level
2025 Disclosure Cycle,779465,CDP,20113,"City of Vancouver, BC",City,North America,Canada,Public,Q1.2,Provide details of your jurisdiction in the table below.,1,Response,City/Municipality,Consolidated city-county,No lower level of government,114.97,21-30%,680848,2024,990690,2050,CAD Canadian Dollar,CRF Simplified level
2025 Disclosure Cycle,779465,CDP,31009,Copenhagen Municipality,City,Europe,Denmark,Public,Q1.2,Provide details of your jurisdiction in the table below.,1,Response,City/Municipality,State / regional,No lower level of government,92427.0,21-30%,659350,2024,724341,2035,DKK Danish Krone,CRF Simplified level
2025 Disclosure Cycle,779465,CDP,31051,Coventry City Council,City,UKWW,United Kingdom,Public,Q1.2,Provide details of your jurisdiction in the table below.,1,Response,Local government area within a greater metropolitan area,State / regional,City / Municipality,98.64,21-30%,378387.0,2022,463358.0,2041,GBP Pound Sterling,
2025 Disclosure Cycle,779465,CDP,31052,City of Cardiff,City,UKWW,United Kingdom,Public,Q1.2,Provide details of your jurisdiction in the table below.,1,Response,City/Municipality,State / regional,No lower level of government,170.0,21-30%,383536,2023,440996,2032,GBP Pound Sterling,CRF Complete level
2025 Disclosure Cycle,779465,CDP,31054,Belfast City Council,City,UKWW,United Kingdom,Public,Q1.2,Provide details of your jurisdiction in the table below.,1,Response,City/Municipality,State / regional,No lower level of government,132.5,61-70%,345356,2023,346278,2030,GBP Pound Sterling,
2025 Disclosure Cycle,779465,CDP,31055,Glasgow City Council,City,UKWW,United Kingdom,Public,Q1.2,Provide details of your jurisdiction in the table below.,1,Response,City/Municipality,State / regional,No lower level of government,175.5,21-30%,622050,2022,647273,2030,GBP Pound Sterling,CRF Complete level
2025 Disclosure Cycle,779465,CDP,31090,"District of Columbia, DC",City,North America,United States of America,Public,Q1.2,Provide details of your jurisdiction in the table below.,1,Response,Federal district,National,No lower level of government,158.0,11-20%,702250,2024,894000.0,2030,USD US Dollar,CRF Simplified level
2025 Disclosure Cycle,779465,CDP,31109,City of Melbourne,City,South East Asia & Oceania,Australia,Public,Q1.2,Provide details of your jurisdiction in the table below.,1,Response,Local government area within a greater metropolitan area,State / regional,No lower level of government,37.7,21-30%,159813.0,2022,384024.0,2041,AUD Australian Dollar,CRF Complete level
2025 Disclosure Cycle,779465,CDP,31110,City of Rome,City,Europe,Italy,Public,Q1.2,Provide details of your jurisdiction in the table below.,1,Response,Special city / municipality,County / Province,Independent city / municipality,1287.36,61-70%,2797266,2024,2750000,2045,EUR Euro,CRF Complete level
2025 Disclosure Cycle,779465,CDP,31111,Tokyo Metropolitan Government,City,Japan,Japan,Public,Q1.2,Provide details of your jurisdiction in the table below.,1,Response,Other: Metropolis,National,City / Municipality,2199.94,51-60%,14200331,2025,14260000,2030,JPY Japanese yen,CRF Complete level
2025 Disclosure Cycle,779465,CDP,31112,Kaohsiung City Government,City,China,East Asia,Public,Q1.2,Provide details of your jurisdiction in the table below.,1,Response,City/Municipality,National,Sub-municipal district,2952.12,81-90%,2731412,2024,2731412,2030,TWD New Taiwan Dollar,CRF Complete level
2025 Disclosure Cycle,779465,CDP,31113,City of Yokohama,City,Japan,Japan,Public,Q1.2,Provide details of your jurisdiction in the table below.,1,Response,Special city / municipality,State / regional,No lower level of government,438.23,21-30%,3774179,2025,3448826,2050,JPY Japanese yen,CRF Simplified level
2025 Disclosure Cycle,779465,CDP,31114,City of Sydney,City,South East Asia & Oceania,Australia,Public,Q1.2,Provide details of your jurisdiction in the table below.,1,Response,Local government area within a greater metropolitan area,State / regional,No lower level of government,26.68,31-40%,237278,2024,289796,2041,AUD Australian Dollar,CRF Complete level
2025 Disclosure Cycle,779465,CDP,31115,City of Johannesburg,City,UKWW,South Africa,Public,Q1.2,Provide details of your jurisdiction in the table below.,1,Response,City/Municipality,State / regional,City / Municipality,1645,31-40%,5800000,2022,9000000,2040,ZAR South African Rand,CRF Complete level
2025 Disclosure Cycle,779465,CDP,31117,"City of Toronto, ON",City,North America,Canada,Public,Q1.2,Provide details of your jurisdiction in the table below.,1,Response,City/Municipality,County / Province,No lower level of government,630.0,31-40%,3025647,2022,3299000.0,2041,CAD Canadian Dollar,CRF Complete level
2025 Disclosure Cycle,779465,CDP,31146,Addis Ababa City Administration,City,UKWW,Ethiopia,Public,Q1.2,Provide details of your jurisdiction in the table below.,1,Response,City/Municipality,National,Sub-municipal district,527,51-60%,5800000,2024,7300000,2030,ETB Ethiopian Birr,CRF Simplified level
2025 Disclosure Cycle,779465,CDP,31149,Municipality of Athens,City,Europe,Greece,Public,Q1.2,Provide details of your jurisdiction in the table below.,1,Response,City/Municipality,State / regional,Sub-municipal district,39,11-20%,643452.0,2021,718928.0,2030,EUR Euro,CRF Simplified level
2025 Disclosure Cycle,779465,CDP,31150,Bangkok Metropolitan Administration,City,South East Asia & Oceania,Thailand,Public,Q1.2,Provide details of your jurisdiction in the table below.,1,Response,City/Municipality,National,Other: District,1568.737,<5%,5455020,2024,8457222.0,2030,THB Baht,CRF Simplified level
2025 Disclosure Cycle,779465,CDP,31153,City-State of Berlin,City,Europe,Germany,Public,Q1.2,Provide details of your jurisdiction in the table below.,1,Response,City/Municipality,National,Sub-municipal district,891.0,31-40%,3755251.0,2022,3925000.0,2030,EUR Euro,
2025 Disclosure Cycle,779465,CDP,31154,Bogotá Distrito Capital,City,Latin America,Colombia,Public,Q1.2,Provide details of your jurisdiction in the table below.,1,Response,City/Municipality,National,Sub-municipal district,1636,51-60%,7918660,2024,7112442,2050,COP Colombian Peso,CRF Simplified level
2025 Disclosure Cycle,779465,CDP,31155,City of Buenos Aires,City,Latin America,Argentina,Public,Q1.2,Provide details of your jurisdiction in the table below.,1,Response,City/Municipality,National,Other: Comunas,202.0,11-20%,3121707,2022,3124645,2030,ARS Argentine Peso,CRF Complete level
2025 Disclosure Cycle,779465,CDP,31156,Municipality of Curitiba,City,Latin America,Brazil,Public,Q1.2,Provide details of your jurisdiction in the table below.,1,Response,City/Municipality,State / regional,No lower level of government,434.892,21-30%,1773718,2022,2151040.0,2050,BRL Brazilian Real,CRF Complete level
2025 Disclosure Cycle,779465,CDP,31163,Istanbul Metropolitan Municipality,City,UKWW,Türkiye,Public,Q1.2,Provide details of your jurisdiction in the table below.,1,Response,Metropolitan area,County / Province,Sub-municipal district,5343.0,21-30%,15701602,2024,21310000.0,2050,TRY New Turkish Lira,CRF Complete level
2025 Disclosure Cycle,779465,CDP,31164,Ho Chi Minh City,City,South East Asia & Oceania,Viet Nam,Public,Q1.2,Provide details of your jurisdiction in the table below.,1,Response,Metropolitan area,National,Sub-municipal district,2095.239,11-20%,9166840.0,2021,13500000.0,2040,VND Vietnamese đồng,
2025 Disclosure Cycle,779465,CDP,31165,City of Heidelberg,City,Europe,Germany,Public,Q1.2,Provide details of your jurisdiction in the table below.,1,Response,City/Municipality,State / regional,No lower level of government,108830.0,71-80%,162960,2023,172812.0,2035,EUR Euro,CRF Complete level
2025 Disclosure Cycle,779465,CDP,31166,Jakarta City Government,City,South East Asia & Oceania,Indonesia,Public,Q1.2,Provide details of your jurisdiction in the table below.,1,Response,County / Province,County / Province,Sub-municipal district,660.98,11-20%,10677975,2024,10609700,2035,IDR Rupiah,CRF Complete level
2025 Disclosure Cycle,779465,CDP,31167,City of Lagos,City,UKWW,Nigeria,Public,Q1.2,Provide details of your jurisdiction in the table below.,1,Response,City/Municipality,National,Local government area within a greater metropolitan area,3577.0,21-30%,24600000.0,2015,35000000,2030,NGN Naira,CRF Simplified level
2025 Disclosure Cycle,779465,CDP,31168,City District Government Karachi,City,UKWW,Pakistan,Public,Q1.2,Provide details of your jurisdiction in the table below.,1,Response,Independent city / municipality,County / Province,Sub-municipal district,,<5%,20300000,2023,31696042.0,2050,PKR Pakistan Rupee,
2025 Disclosure Cycle,779465,CDP,31169,Government of Hong Kong Special Administrative Region,City,China,"China, Hong Kong Special Administrative Region",Public,Q1.2,Provide details of your jurisdiction in the table below.,1,Response,City/Municipality,National,No lower level of government,1114.35,71-80%,7524100,2024,8190400,2046,HKD Hong Kong Dollar,CRF Simplified level
2025 Disclosure Cycle,779465,CDP,31170,Metropolitan Municipality of Lima,City,Latin America,Peru,Public,Q1.2,Provide details of your jurisdiction in the table below.,1,Response,City/Municipality,National,City / Municipality,2641.89,5-10%,8574974.0,2017,39363000.0,2050,PEN Nuevo Sol,CRF Complete level
2025 Disclosure Cycle,779465,CDP,31171,City of Madrid,City,Europe,Spain,Public,Q1.2,Provide details of your jurisdiction in the table below.,1,Response,City/Municipality,City/Municipality,City / Municipality,606.0,21-30%,3416771,2024,3364253.0,2030,EUR Euro,CRF Complete level
2025 Disclosure Cycle,779465,CDP,31172,Mexico City,City,Latin America,Mexico,Public,Q1.2,Provide details of your jurisdiction in the table below.,1,Response,City/Municipality,National,City / Municipality,1495.0,51-60%,9237645,2022,9032705,2030,MXN Mexican Peso,CRF Complete level
2025 Disclosure Cycle,779465,CDP,31173,City of Milan,City,Europe,Italy,Public,Q1.2,Provide details of your jurisdiction in the table below.,1,Response,City/Municipality,Metropolitan area,Sub-municipal district,182.0,31-40%,1407044,2024,1546501,2043,EUR Euro,CRF Complete level
2025 Disclosure Cycle,779465,CDP,31175,City of Paris,City,Europe,France,Public,Q1.2,Provide details of your jurisdiction in the table below.,1,Response,City/Municipality,State / regional,Sub-municipal district,105.4,21-30%,2087600,2024,2064000,2040,EUR Euro,CRF Complete level
2025 Disclosure Cycle,779465,CDP,31176,Prefeitura do Rio de Janeiro,City,Latin America,Brazil,Public,Q1.2,Provide details of your jurisdiction in the table below.,1,Response,City/Municipality,State / regional,No lower level of government,1204.0,31-40%,6729894,2024,6986520,2050,BRL Brazilian Real,CRF Complete level
2025 Disclosure Cycle,779465,CDP,31177,"Salt Lake City, UT",City,North America,United States of America,Public,Q1.2,Provide details of your jurisdiction in the table below.,1,Response,City/Municipality,State / regional,No lower level of government,285.9346,11-20%,199723.0,2020,236871.0,2040,USD US Dollar,CRF Simplified level
2025 Disclosure Cycle,779465,CDP,31178,City of Mumbai,City,India,India,Public,Q1.2,Provide details of your jurisdiction in the table below.,1,Response,City/Municipality,State / regional,No lower level of government,483.22,31-40%,13060181,2024,13346302.0,2030,INR Indian Rupee,CRF Complete level
2025 Disclosure Cycle,779465,CDP,31179,Municipality of Rotterdam,City,Europe,Netherlands,Public,Q1.2,Provide details of your jurisdiction in the table below.,1,Response,City/Municipality,State / regional,No lower level of government,21.757,31-40%,670735,2024,680660.0,2030,EUR Euro,CRF Complete level
2025 Disclosure Cycle,779465,CDP,31180,Región Metropolitana de Santiago,City,Latin America,Chile,Public,Q1.2,Provide details of your jurisdiction in the table below.,1,Response,State / regional,National,Independent city / municipality,15403.2,51-60%,8471244,2025,8844243.0,2035,CLP Chilean Peso,CRF Complete level
2025 Disclosure Cycle,779465,CDP,31181,"City of Philadelphia, PA",City,North America,United States of America,Public,Q1.2,Provide details of your jurisdiction in the table below.,1,Response,City/Municipality,State / regional,Sub-municipal district,347.52,21-30%,1573916,2024,1836216,2050,USD US Dollar,CRF Complete level
2025 Disclosure Cycle,779465,CDP,31182,"City of San Francisco, CA",City,North America,United States of America,Public,Q1.2,Provide details of your jurisdiction in the table below.,1,Response,City/Municipality,State / regional,No lower level of government,121.0,21-30%,827526,2024,854788,2050,USD US Dollar,CRF Complete level
2025 Disclosure Cycle,779465,CDP,31184,Prefeitura de São Paulo,City,Latin America,Brazil,Public,Q1.2,Provide details of your jurisdiction in the table below.,1,Response,City/Municipality,State / regional,Special city / municipality,1521.0,51-60%,11451999,2022,12205291,2050,BRL Brazilian Real,CRF Simplified level
2025 Disclosure Cycle,779465,CDP,31185,City of Warsaw,City,Europe,Poland,Public,Q1.2,Provide details of your jurisdiction in the table below.,1,Response,City/Municipality,State / regional,Sub-municipal district,517.0,21-30%,2220000,2022,2225000,2050,PLN Zloty,CRF Complete level
2025 Disclosure Cycle,779465,CDP,31186,Changwon City,City,South East Asia & Oceania,Korea (The Republic of),Public,Q1.2,Provide details of your jurisdiction in the table below.,1,Response,City/Municipality,State / regional,Sub-municipal district,748.81,51-60%,1020000,2024,950000,2050,KRW South Korean Won,CRF Complete level
2025 Disclosure Cycle,779465,CDP,31187,Seoul Metropolitan Government,City,South East Asia & Oceania,Korea (The Republic of),Public,Q1.2,Provide details of your jurisdiction in the table below.,1,Response,Special city / municipality,National,Sub-municipal district,605.24,31-40%,9592166,2025,7920000,2050,KRW South Korean Won,CRF Complete level
2025 Disclosure Cycle,779465,CDP,31446,Taipei City Government,City,China,East Asia,Public,Q1.2,Provide details of your jurisdiction in the table below.,1,Response,City/Municipality,National,Intercommunality / Intermunicipality,271.79,51-60%,2490869,2024,2390118,2030,TWD New Taiwan Dollar,CRF Complete level
2025 Disclosure Cycle,779465,CDP,32480,City of Adelaide,City,South East Asia & Oceania,Australia,Public,Q1.2,Provide details of your jurisdiction in the table below.,1,Response,City/Municipality,State / regional,No lower level of government,15.57,51-60%,29118,2024,36059,2046,AUD Australian Dollar,CRF Complete level
2025 Disclosure Cycle,779465,CDP,32550,"City of Denver, CO",City,North America,United States of America,Public,Q1.2,Provide details of your jurisdiction in the table below.,1,Response,City/Municipality,State / regional,Consolidated city-county,400.739,21-30%,729019,2024,764577,2030,USD US Dollar,
2025 Disclosure Cycle,779465,CDP,35268,"City of Boston, MA",City,North America,United States of America,Public,Q1.2,Provide details of your jurisdiction in the table below.,1,Response,City/Municipality,State / regional,No lower level of government,231.14,31-40%,706000,2023,723506.0,2030,USD US Dollar,CRF Complete level
2025 Disclosure Cycle,779465,CDP,35274,"City of Portland, ME",City,North America,United States of America,Public,Q1.2,Provide details of your jurisdiction in the table below.,1,Response,City/Municipality,State / regional,No lower level of government,55.19,21-30%,68408.0,2020,67043,2032,USD US Dollar,
2025 Disclosure Cycle,779465,CDP,35449,City of Zürich,City,Europe,Switzerland,Public,Q1.2,Provide details of your jurisdiction in the table below.,1,Response,City/Municipality,State / regional,No lower level of government,91.9,31-40%,448664,2024,515200,2040,CHF Swiss Franc,CRF Simplified level
2025 Disclosure Cycle,779465,CDP,35475,"City of Calgary, AB",City,North America,Canada,Public,Q1.2,Provide details of your jurisdiction in the table below.,1,Response,City/Municipality,County / Province,No lower level of government,849.1,11-20%,1509800,2024,1660100,2029,CAD Canadian Dollar,CRF Complete level
2025 Disclosure Cycle,779465,CDP,35848,Municipality of Belo Horizonte,City,Latin America,Brazil,Public,Q1.2,Provide details of your jurisdiction in the table below.,1,Response,City/Municipality,State / regional,City / Municipality,331.354,21-30%,2315560,2022,2415872,2026,BRL Brazilian Real,CRF Complete level
2025 Disclosure Cycle,779465,CDP,35852,Ankara Metropolitan Municipality,City,UKWW,Türkiye,Public,Q1.2,Provide details of your jurisdiction in the table below.,1,Response,Metropolitan area,National,City / Municipality,25.437,71-80%,5864049,2024,6000000,2030,TRY New Turkish Lira,CRF Complete level
2025 Disclosure Cycle,779465,CDP,35853,"City of Baltimore, MD",City,North America,United States of America,Public,Q1.2,Provide details of your jurisdiction in the table below.,1,Response,Independent city / municipality,State / regional,No lower level of government,238.5,21-30%,568271,2024,625140.0,2045,USD US Dollar,CRF Complete level
2025 Disclosure Cycle,779465,CDP,35856,Busan Metropolitan City,City,South East Asia & Oceania,Korea (The Republic of),Public,Q1.2,Provide details of your jurisdiction in the table below.,1,Response,Metropolitan area,National,City / Municipality,771.31,51-60%,3319413,2025,3111904,2030,KRW South Korean Won,CRF Complete level
2025 Disclosure Cycle,779465,CDP,35857,"City of Cincinnati, OH",City,North America,United States of America,Public,Q1.2,Provide details of your jurisdiction in the table below.,1,Response,City/Municipality,County / Province,No lower level of government,206.0,21-30%,314915,2024,343612.0,2050,USD US Dollar,CRF Simplified level
2025 Disclosure Cycle,779465,CDP,35858,City of Cape Town,City,UKWW,South Africa,Public,Q1.2,Provide details of your jurisdiction in the table below.,1,Response,City/Municipality,County / Province,No lower level of government,2445.49,61-70%,4837094,2023,6539984,2050,ZAR South African Rand,CRF Complete level
2025 Disclosure Cycle,779465,CDP,35859,"City of Cleveland, OH",City,North America,United States of America,Public,Q1.2,Provide details of your jurisdiction in the table below.,1,Response,City/Municipality,City/Municipality,City / Municipality,201.24,5-10%,367523,2023,368262,2030,USD US Dollar,CRF Complete level
2025 Disclosure Cycle,779465,CDP,35860,"City of Dallas, TX",City,North America,United States of America,Public,Q1.2,Provide details of your jurisdiction in the table below.,1,Response,City/Municipality,State / regional,No lower level of government,881.9,31-40%,1304379,2022,1704996.0,2045,USD US Dollar,
2025 Disclosure Cycle,779465,CDP,35862,"City of Detroit, MI",City,North America,United States of America,Public,Q1.2,Provide details of your jurisdiction in the table below.,1,Response,City/Municipality,County / Province,Sub-municipal district,370.18,31-40%,639111,2024,733104,2040,USD US Dollar,CRF Complete level
2025 Disclosure Cycle,779465,CDP,35863,eThekwini Municipality,City,UKWW,South Africa,Public,Q1.2,Provide details of your jurisdiction in the table below.,1,Response,Metropolitan area,City/Municipality,City / Municipality,2580.0,61-70%,4184944.0,2022,5575702,2050,ZAR South African Rand,CRF Simplified level
2025 Disclosure Cycle,779465,CDP,35864,Ekurhuleni Metropolitan Municipality,City,UKWW,South Africa,Public,Q1.2,Provide details of your jurisdiction in the table below.,1,Response,Metropolitan area,County / Province,Town,1975,71-80%,4006691,2022,4543660.0,2030,ZAR South African Rand,CRF Complete level
2025 Disclosure Cycle,779465,CDP,35865,Municipality of Fortaleza,City,Latin America,Brazil,Public,Q1.2,Provide details of your jurisdiction in the table below.,1,Response,City/Municipality,State / regional,Sub-municipal district,312.353,11-20%,2428708,2022,3100000,2040,BRL Brazilian Real,CRF Complete level
2025 Disclosure Cycle,779465,CDP,35867,Region Metropolitana de Guadalajara,City,Latin America,Mexico,Public,Q1.2,Provide details of your jurisdiction in the table below.,1,Response,Metropolitan area,State / regional,City / Municipality,3265.46,31-40%,5243392,2020,6726438.0,2050,MXN Mexican Peso,CRF Complete level
2025 Disclosure Cycle,779465,CDP,35870,"City of Miami, FL",City,North America,United States of America,Public,Q1.2,Provide details of your jurisdiction in the table below.,1,Response,City/Municipality,County / Province,Sub-municipal district,93.23,31-40%,455955,2024,529057,2035,USD US Dollar,
2025 Disclosure Cycle,779465,CDP,35871,City of Monterrey,City,Latin America,Mexico,Public,Q1.2,Provide details of your jurisdiction in the table below.,1,Response,City/Municipality,State / regional,No lower level of government,324.4,,1142994,2020,1176936,2027,MXN Mexican Peso,CRF Simplified level
2025 Disclosure Cycle,779465,CDP,35872,Municipality of Recife,City,Latin America,Brazil,Public,Q1.2,Provide details of your jurisdiction in the table below.,1,Response,City/Municipality,State / regional,No lower level of government,218.435,31-40%,1588376,2025,1600000,2026,BRL Brazilian Real,CRF Simplified level
2025 Disclosure Cycle,779465,CDP,35873,Medellín,City,Latin America,Colombia,Public,Q1.2,Provide details of your jurisdiction in the table below.,1,Response,City/Municipality,Metropolitan area,No lower level of government,376.4,31-40%,2700443,2024,2927890,2030,COP Colombian Peso,CRF Simplified level
2025 Disclosure Cycle,779465,CDP,35874,"City of Phoenix, AZ",City,North America,United States of America,Public,Q1.2,Provide details of your jurisdiction in the table below.,1,Response,City/Municipality,County / Province,No lower level of government,1347.0,11-20%,1697696,2024,2277700,2050,USD US Dollar,CRF Complete level
2025 Disclosure Cycle,779465,CDP,35877,"City of Pittsburgh, PA",City,North America,United States of America,Public,Q1.2,Provide details of your jurisdiction in the table below.,1,Response,City/Municipality,County / Province,No lower level of government,151.0,41-50%,302905,2022,330000.0,2030,USD US Dollar,CRF Simplified level
2025 Disclosure Cycle,779465,CDP,35878,"City of Sacramento, CA",City,North America,United States of America,Public,Q1.2,Provide details of your jurisdiction in the table below.,1,Response,City/Municipality,County / Province,No lower level of government,258.4,11-20%,526383,2023,697764,2045,USD US Dollar,
2025 Disclosure Cycle,779465,CDP,35880,Municipality of Porto Alegre,City,Latin America,Brazil,Public,Q1.2,Provide details of your jurisdiction in the table below.,1,Response,City/Municipality,State / regional,City / Municipality,495.977,I do not have this data,1332845,2022,,,BRL Brazilian Real,CRF Simplified level
2025 Disclosure Cycle,779465,CDP,35882,"City of Tampa, FL",City,North America,United States of America,Public,Q1.2,Provide details of your jurisdiction in the table below.,1,Response,City/Municipality,County / Province,No lower level of government,295.31,5-10%,408510,2024,500000.0,2045,USD US Dollar,CRF Complete level
2025 Disclosure Cycle,779465,CDP,35883,"City of San José, CA",City,North America,United States of America,Public,Q1.2,Provide details of your jurisdiction in the table below.,1,Response,City/Municipality,County / Province,No lower level of government,414.0,31-40%,969491,2024,1120791.0,2030,USD US Dollar,CRF Complete level
2025 Disclosure Cycle,779465,CDP,35884,"City of San Diego, CA",City,North America,United States of America,Public,Q1.2,Provide details of your jurisdiction in the table below.,1,Response,City/Municipality,County / Province,No lower level of government,332.0,21-30%,1404452,2024,1665609.0,2035,USD US Dollar,CRF Complete level
2025 Disclosure Cycle,779465,CDP,35885,Tel Aviv-Yafo Municipality,City,UKWW,Israel,Public,Q1.2,Provide details of your jurisdiction in the table below.,1,Response,City/Municipality,National,No lower level of government,52.0,21-30%,484214,2024,573100.0,2035,ILS New Israeli Shekel,
2025 Disclosure Cycle,779465,CDP,35886,City of Turin,City,Europe,Italy,Public,Q1.2,Provide details of your jurisdiction in the table below.,1,Response,City/Municipality,Metropolitan area,Sub-municipal district,130.0,31-40%,860973,2023,849519,2030,EUR Euro,CRF Complete level
2025 Disclosure Cycle,779465,CDP,35894,"Ville de Montreal, QC",City,North America,Canada,Public,Q1.2,Provide details of your jurisdiction in the table below.,1,Response,Metropolitan area,Other: Communauté métropolitaine de Montréal (CMM),Special city / municipality,499.1,21-30%,2109525,2023,2261924.0,2040,CAD Canadian Dollar,CRF Complete level
2025 Disclosure Cycle,779465,CDP,35897,Municipality of Campinas,City,Latin America,Brazil,Public,Q1.2,Provide details of your jurisdiction in the table below.,1,Response,City/Municipality,State / regional,Sub-municipal district,794.571,21-30%,1139047,2022,1200940,2050,BRL Brazilian Real,CRF Complete level
2025 Disclosure Cycle,779465,CDP,35898,Greater Manchester Combined Authority,City,UKWW,United Kingdom,Public,Q1.2,Provide details of your jurisdiction in the table below.,1,Response,Metropolitan area,National,Sub-municipal district,1275.98,41-50%,2948633,2023,3043086.0,2038,GBP Pound Sterling,CRF Complete level
2025 Disclosure Cycle,779465,CDP,35914,Greater Hyderabad Municipal Corporation,City,India,India,Public,Q1.2,Provide details of your jurisdiction in the table below.,1,Response,City/Municipality,State / regional,No lower level of government,610,21-30%,6731790,2011,12138549,2030,INR Indian Rupee,CRF Complete level
2025 Disclosure Cycle,779465,CDP,35993,Singapore Government,City,South East Asia & Oceania,Singapore,Public,Q1.2,Provide details of your jurisdiction in the table below.,1,Response,Sovereign city-state,No higher level of government,No lower level of government,736.3,I do not have this data,6036900,2024,,,SGD Singapore Dollar,
2025 Disclosure Cycle,779465,CDP,36004,City of Abidjan,City,UKWW,Côte d'Ivoire,Public,Q1.2,Provide details of your jurisdiction in the table below.,1,Response,Federal district,State / regional,City / Municipality,2119.0,5-10%,6110642.0,2021,7976113.0,2030,XOF CFA West African Franc,
2025 Disclosure Cycle,779465,CDP,36032,Ville de Dakar,City,UKWW,Senegal,Public,Q1.2,Provide details of your jurisdiction in the table below.,1,Response,City/Municipality,National,Special city / municipality,83.0,<5%,1514796,2023,,,XOF CFA West African Franc,
2025 Disclosure Cycle,779465,CDP,36036,City of Ibadan,City,UKWW,Nigeria,Public,Q1.2,Provide details of your jurisdiction in the table below.,1,Response,City/Municipality,State / regional,Local government area within a greater metropolitan area,3080,21-30%,3850000.0,2023,4000000.0,,NGN Naira,
2025 Disclosure Cycle,779465,CDP,36037,Santiago de Cali,City,Latin America,Colombia,Public,Q1.2,Provide details of your jurisdiction in the table below.,1,Response,City/Municipality,City/Municipality,Sub-municipal district,564,61-70%,2283846,2022,2547664,2035,COP Colombian Peso,CRF Complete level
2025 Disclosure Cycle,779465,CDP,36039,Accra Metropolitan Assembly,City,UKWW,Ghana,Public,Q1.2,Provide details of your jurisdiction in the table below.,1,Response,Metropolitan area,State / regional,Sub-municipal district,23.46,41-50%,2036889.0,2020,8506210.0,2030,GHS Cedi,CRF Simplified level
2025 Disclosure Cycle,779465,CDP,36045,Santiago de Guayaquil,City,Latin America,Ecuador,Public,Q1.2,Provide details of your jurisdiction in the table below.,1,Response,City/Municipality,County / Province,Sub-municipal district,4490.69,31-40%,2746403,2022,3007696,2026,USD US Dollar,CRF Complete level
2025 Disclosure Cycle,779465,CDP,36152,City of Tallinn,City,Europe,Estonia,Public,Q1.2,Provide details of your jurisdiction in the table below.,1,Response,City/Municipality,State / regional,No lower level of government,159.38,31-40%,461090,2024,500000,2050,XBA European Composite Unit (EURCO) (Bonds market unit),CRF Complete level
2025 Disclosure Cycle,779465,CDP,36159,City of Lisbon,City,Europe,Portugal,Public,Q1.2,Provide details of your jurisdiction in the table below.,1,Response,City/Municipality,State / regional,Sub-municipal district,100.0,31-40%,545796,2021,570000,2030,EUR Euro,CRF Complete level
2025 Disclosure Cycle,779465,CDP,36218,Fukuoka City,City,Japan,Japan,Public,Q1.2,Provide details of your jurisdiction in the table below.,1,Response,City/Municipality,State / regional,Special city / municipality,343.47,51-60%,1669707,2025,1677200,2030,JPY Japanese yen,
2025 Disclosure Cycle,779465,CDP,36219,City of Sapporo,City,Japan,Japan,Public,Q1.2,Provide details of your jurisdiction in the table below.,1,Response,Special city / municipality,State / regional,No lower level of government,1121.26,61-70%,1968265,2024,1941000,2030,JPY Japanese yen,
2025 Disclosure Cycle,779465,CDP,36247,City of Arezzo,City,Europe,Italy,Public,Q1.2,Provide details of your jurisdiction in the table below.,1,Response,City/Municipality,County / Province,No lower level of government,384.7,61-70%,442,2023,100000.0,2050,EUR Euro,
2025 Disclosure Cycle,779465,CDP,36254,City of Venice,City,Europe,Italy,Public,Q1.2,Provide details of your jurisdiction in the table below.,1,Response,City/Municipality,Metropolitan area,No lower level of government,417.0,11-20%,251801,2024,235715,2041,EUR Euro,CRF Simplified level
2025 Disclosure Cycle,779465,CDP,36262,City of Genoa,City,Europe,Italy,Public,Q1.2,Provide details of your jurisdiction in the table below.,1,Response,City/Municipality,City/Municipality,Metropolitan area,243.0,51-60%,565775,2024,540000,2030,EUR Euro,CRF Complete level
2025 Disclosure Cycle,779465,CDP,36285,City of Florence,City,Europe,Italy,Public,Q1.2,Provide details of your jurisdiction in the table below.,1,Response,City/Municipality,Metropolitan area,No lower level of government,102.4,51-60%,366079.0,2022,367000.0,2030,EUR Euro,CRF Complete level
2025 Disclosure Cycle,779465,CDP,36410,"City of Memphis, TN",City,North America,United States of America,Public,Q1.2,Provide details of your jurisdiction in the table below.,1,Response,City/Municipality,State / regional,No lower level of government,844.21,51-60%,922195,2023,863062,2050,USD US Dollar,CRF Complete level
2025 Disclosure Cycle,779465,CDP,36469,City of L'Aquila,City,Europe,Italy,Public,Q1.2,Provide details of your jurisdiction in the table below.,1,Response,City/Municipality,State / regional,No lower level of government,47391.0,21-30%,70595,2025,,,EUR Euro,
2025 Disclosure Cycle,779465,CDP,36496,City of Palermo,City,Europe,Italy,Public,Q1.2,Provide details of your jurisdiction in the table below.,1,Response,City/Municipality,County / Province,Sub-municipal district,160.59,31-40%,625956,2024,483345,2050,EUR Euro,
2025 Disclosure Cycle,779465,CDP,36501,City of Prato,City,Europe,Italy,Public,Q1.2,Provide details of your jurisdiction in the table below.,1,Response,City/Municipality,State / regional,City / Municipality,97.35,31-40%,196277,2023,196578,2026,EUR Euro,CRF Simplified level
2025 Disclosure Cycle,779465,CDP,36517,City of Treviso,City,Europe,Italy,Public,Q1.2,Provide details of your jurisdiction in the table below.,1,Response,City/Municipality,County / Province,No lower level of government,55.58,51-60%,85770,2025,86708,2030,EUR Euro,
2025 Disclosure Cycle,779465,CDP,37261,City of Pietermaritzburg,City,UKWW,South Africa,Public,Q1.2,Provide details of your jurisdiction in the table below.,1,Response,City/Municipality,City/Municipality,No lower level of government,751.0,41-50%,932757,2025,,,ZAR South African Rand,CRF Simplified level
2025 Disclosure Cycle,779465,CDP,42120,City of Salvador,City,Latin America,Brazil,Public,Q1.2,Provide details of your jurisdiction in the table below.,1,Response,City/Municipality,State / regional,Sub-municipal district,692589,61-70%,2568928,2024,,,BRL Brazilian Real,CRF Complete level
2025 Disclosure Cycle,779465,CDP,42123,City of Goiânia,City,Latin America,Brazil,Public,Q1.2,Provide details of your jurisdiction in the table below.,1,Response,City/Municipality,State / regional,Sub-municipal district,739.5,31-40%,1536097,2022,,,BRL Brazilian Real,CRF Simplified level
2025 Disclosure Cycle,779465,CDP,42178,Distrito Metropolitano de Quito,City,Latin America,Ecuador,Public,Q1.2,Provide details of your jurisdiction in the table below.,1,Response,Metropolitan area,National,No lower level of government,421795,61-70%,2831122.0,2022,3252508.0,2030,USD US Dollar,CRF Simplified level
2025 Disclosure Cycle,779465,CDP,42388,Intendencia de Montevideo,City,Latin America,Uruguay,Public,Q1.2,Provide details of your jurisdiction in the table below.,1,Response,County / Province,National,City / Municipality,530.0,61-70%,1302950,2023,1271512,2026,USD US Dollar,CRF Simplified level
2025 Disclosure Cycle,779465,CDP,43905,"City of San Antonio, TX",City,North America,United States of America,Public,Q1.2,Provide details of your jurisdiction in the table below.,1,Response,City/Municipality,State / regional,Sub-municipal district,80.4672,I do not have this data,1526656,2024,1597803,2030,USD US Dollar,CRF Simplified level
2025 Disclosure Cycle,779465,CDP,43907,"City of Indianapolis, IN",City,North America,United States of America,Public,Q1.2,Provide details of your jurisdiction in the table below.,1,Response,Consolidated city-county,State / regional,Local government area within a greater metropolitan area,950,11-20%,900896,2024,982759,2030,USD US Dollar,CRF Simplified level
2025 Disclosure Cycle,779465,CDP,43908,"City of Milwaukee, WI",City,North America,United States of America,Public,Q1.2,Provide details of your jurisdiction in the table below.,1,Response,City/Municipality,County / Province,City / Municipality,249.0,41-50%,556111,2024,627400,2040,USD US Dollar,
2025 Disclosure Cycle,779465,CDP,43909,"City of Orlando, FL",City,North America,United States of America,Public,Q1.2,Provide details of your jurisdiction in the table below.,1,Response,City/Municipality,County / Province,No lower level of government,356.4,61-70%,334490,2024,497000,2050,USD US Dollar,CRF Complete level
2025 Disclosure Cycle,779465,CDP,43910,"City of Columbus, OH",City,North America,United States of America,Public,Q1.2,Provide details of your jurisdiction in the table below.,1,Response,City/Municipality,County / Province,Intercommunality / Intermunicipality,554,<5%,912274,2023,1281841.0,2050,USD US Dollar,CRF Complete level
2025 Disclosure Cycle,779465,CDP,43911,"City of Ottawa, ON",City,North America,Canada,Public,Q1.2,Provide details of your jurisdiction in the table below.,1,Response,City/Municipality,County / Province,No lower level of government,2790,71-80%,1097760,2024,1409649,2046,CAD Canadian Dollar,CRF Complete level
2025 Disclosure Cycle,779465,CDP,43912,"City of Edmonton, AB",City,North America,Canada,Public,Q1.2,Provide details of your jurisdiction in the table below.,1,Response,City/Municipality,County / Province,No lower level of government,782.73,51-60%,1142400,2023,1306100,2028,CAD Canadian Dollar,CRF Complete level
2025 Disclosure Cycle,779465,CDP,43914,"City of Charlotte, NC",City,North America,United States of America,Public,Q1.2,Provide details of your jurisdiction in the table below.,1,Response,City/Municipality,County / Province,No lower level of government,796.0,61-70%,911311,2023,1491900.0,2040,USD US Dollar,CRF Simplified level
2025 Disclosure Cycle,779465,CDP,43917,Capital Municipality of Sofia,City,Europe,Bulgaria,Public,Q1.2,Provide details of your jurisdiction in the table below.,1,Response,City/Municipality,State / regional,Consolidated city-county,1345,51-60%,1295931,2024,1362231,2030,BGN Bulgarian Lev,CRF Complete level
2025 Disclosure Cycle,779465,CDP,43920,City of Ljubljana,City,Europe,Slovenia,Public,Q1.2,Provide details of your jurisdiction in the table below.,1,Response,City/Municipality,National,Sub-municipal district,275,71-80%,300354,2025,309000,2030,EUR Euro,CRF Complete level
2025 Disclosure Cycle,779465,CDP,43921,City of Zagreb,City,Europe,Croatia,Public,Q1.2,Provide details of your jurisdiction in the table below.,1,Response,Consolidated city-county,National,Sub-municipal district,641.22,61-70%,771062,2023,,,EUR Euro,CRF Complete level
2025 Disclosure Cycle,779465,CDP,43926,City of Mannheim,City,Europe,Germany,Public,Q1.2,Provide details of your jurisdiction in the table below.,1,Response,City/Municipality,State / regional,Consolidated city-county,144.96,31-40%,328647,2024,338215.0,2040,EUR Euro,CRF Complete level
2025 Disclosure Cycle,779465,CDP,43930,Municipality of The Hague,City,Europe,Netherlands,Public,Q1.2,Provide details of your jurisdiction in the table below.,1,Response,City/Municipality,National,County / Province,98.2,11-20%,564000.0,2023,725000.0,2050,EUR Euro,CRF Complete level
2025 Disclosure Cycle,779465,CDP,43932,Auckland Council,City,South East Asia & Oceania,New Zealand,Public,Q1.2,Provide details of your jurisdiction in the table below.,1,Response,City/Municipality,National,Sub-municipal district,4941.0,41-50%,1739300,2023,2158400.0,2048,NZD New Zealand Dollar,CRF Complete level
2025 Disclosure Cycle,779465,CDP,43937,Wellington City Council,City,South East Asia & Oceania,New Zealand,Public,Q1.2,Provide details of your jurisdiction in the table below.,1,Response,City/Municipality,National,No lower level of government,290,21-30%,209802,2024,244128,2050,NZD New Zealand Dollar,CRF Complete level
2025 Disclosure Cycle,779465,CDP,43938,"Environment and Climate Change Authority, Govt of Dubai",City,UKWW,United Arab Emirates,Public,Q1.2,Provide details of your jurisdiction in the table below.,1,Response,City/Municipality,National,No lower level of government,4477.0,21-30%,3863600,2024,5800000,2040,AED United Arab Emirates dirham,CRF Complete level
2025 Disclosure Cycle,779465,CDP,43940,City of Malmö,City,Europe,Sweden,Public,Q1.2,Provide details of your jurisdiction in the table below.,1,Response,City/Municipality,State / regional,No lower level of government,156.82,21-30%,365644,2024,395000,2035,SEK Swedish Krona,CRF Complete level
2025 Disclosure Cycle,779465,CDP,43970,Alcaldía Distrital de Barranquilla,City,Latin America,Colombia,Public,Q1.2,Provide details of your jurisdiction in the table below.,1,Response,City/Municipality,State / regional,City / Municipality,154.0,81-90%,1120103,2018,1275854,2026,COP Colombian Peso,CRF Complete level
2025 Disclosure Cycle,779465,CDP,44076,Bursa Metropolitan Municipality,City,UKWW,Türkiye,Public,Q1.2,Provide details of your jurisdiction in the table below.,1,Response,Metropolitan area,National,County / Province,10813,51-60%,3238618,2024,4055000.0,2035,EUR Euro,CRF Complete level
2025 Disclosure Cycle,779465,CDP,44080,City of Kitakyushu,City,Japan,Japan,Public,Q1.2,Provide details of your jurisdiction in the table below.,1,Response,City/Municipality,State / regional,Sub-municipal district,492.5,41-50%,901081,2025,873315,2030,JPY Japanese yen,
2025 Disclosure Cycle,779465,CDP,44082,Surabaya City Municipality,City,South East Asia & Oceania,Indonesia,Public,Q1.2,Provide details of your jurisdiction in the table below.,1,Response,City/Municipality,County / Province,Sub-municipal district,330.48,11-20%,2972801,2022,3144330,2030,IDR Rupiah,CRF Simplified level
2025 Disclosure Cycle,779465,CDP,44180,Daegu Metropolitan City,City,South East Asia & Oceania,Korea (The Republic of),Public,Q1.2,Provide details of your jurisdiction in the table below.,1,Response,Special city / municipality,National,Sub-municipal district,1499.52,61-70%,2357997,2025,2154000.0,2045,KRW South Korean Won,CRF Complete level
2025 Disclosure Cycle,779465,CDP,44181,Gwangju Metropolitan City,City,South East Asia & Oceania,Korea (The Republic of),Public,Q1.2,Provide details of your jurisdiction in the table below.,1,Response,Metropolitan area,National,City / Municipality,501.024,61-70%,141050,2022,1272392,2045,KRW South Korean Won,CRF Complete level
2025 Disclosure Cycle,779465,CDP,44184,Ulsan Metropolitan City,City,South East Asia & Oceania,Korea (The Republic of),Public,Q1.2,Provide details of your jurisdiction in the table below.,1,Response,City/Municipality,National,Consolidated city-county,1062.1,61-70%,1101059,2024,844000,2050,KRW South Korean Won,CRF Simplified level
2025 Disclosure Cycle,779465,CDP,44185,Suwon City,City,South East Asia & Oceania,Korea (The Republic of),Public,Q1.2,Provide details of your jurisdiction in the table below.,1,Response,Special city / municipality,State / regional,"Other: 구, 동",121.098,21-30%,1225058,2024,1280120,2030,KRW South Korean Won,CRF Complete level
2025 Disclosure Cycle,779465,CDP,44187,Goyang City,City,South East Asia & Oceania,Korea (The Republic of),Public,Q1.2,Provide details of your jurisdiction in the table below.,1,Response,City/Municipality,Metropolitan area,Sub-municipal district,268.02,61-70%,1061752,2025,1145093,2035,KRW South Korean Won,CRF Complete level
2025 Disclosure Cycle,779465,CDP,44188,Yongin City,City,South East Asia & Oceania,Korea (The Republic of),Public,Q1.2,Provide details of your jurisdiction in the table below.,1,Response,City/Municipality,State / regional,Sub-municipal district,591.24,51-60%,1113193,2025,1254434,2034,KRW South Korean Won,CRF Complete level
2025 Disclosure Cycle,779465,CDP,44191,Ansan City,City,South East Asia & Oceania,Korea (The Republic of),Public,Q1.2,Provide details of your jurisdiction in the table below.,1,Response,City/Municipality,State / regional,Sub-municipal district,156.33,61-70%,722659,2024,660625.0,2030,KRW South Korean Won,CRF Complete level
2025 Disclosure Cycle,779465,CDP,44194,Jeonju City,City,South East Asia & Oceania,Korea (The Republic of),Public,Q1.2,Provide details of your jurisdiction in the table below.,1,Response,City/Municipality,State / regional,Sub-municipal district,206.03,41-50%,661259,2022,798000,2035,KRW South Korean Won,CRF Complete level
2025 Disclosure Cycle,779465,CDP,44196,Hwaseong City,City,South East Asia & Oceania,Korea (The Republic of),Public,Q1.2,Provide details of your jurisdiction in the table below.,1,Response,City/Municipality,City/Municipality,Town,689,,1049685,2025,,,,CRF Simplified level
2025 Disclosure Cycle,779465,CDP,44205,Gwangmyeong City,City,South East Asia & Oceania,Korea (The Republic of),Public,Q1.2,Provide details of your jurisdiction in the table below.,1,Response,City/Municipality,State / regional,Sub-municipal district,38.5,61-70%,283124,2023,305463,2026,KRW South Korean Won,CRF Complete level
2025 Disclosure Cycle,779465,CDP,44299,Dangjin City,City,South East Asia & Oceania,Korea (The Republic of),Public,Q1.2,Provide details of your jurisdiction in the table below.,1,Response,City/Municipality,County / Province,No lower level of government,705.39,5-10%,170375,2024,300000,2040,KRW South Korean Won,CRF Simplified level
2025 Disclosure Cycle,779465,CDP,46263,Amdavad Municipal Corporation (Ahmedabad),City,India,India,Public,Q1.2,Provide details of your jurisdiction in the table below.,1,Response,City/Municipality,State / regional,No lower level of government,481.0,5-10%,7181773.0,2021,13369598.0,2050,INR Indian Rupee,CRF Complete level
2025 Disclosure Cycle,779465,CDP,46470,Municipality of Vitoria-Gasteiz,City,Europe,Spain,Public,Q1.2,Provide details of your jurisdiction in the table below.,1,Response,City/Municipality,County / Province,Sub-municipal district,276.8,41-50%,248106,2022,261986.0,2030,EUR Euro,CRF Simplified level
2025 Disclosure Cycle,779465,CDP,46473,Municipality of Zaragoza (Spain),City,Europe,Spain,Public,Q1.2,Provide details of your jurisdiction in the table below.,1,Response,City/Municipality,County / Province,No lower level of government,974,61-70%,682513,2023,703514,2030,EUR Euro,CRF Complete level
2025 Disclosure Cycle,779465,CDP,46514,City of Porto,City,Europe,Portugal,Public,Q1.2,Provide details of your jurisdiction in the table below.,1,Response,City/Municipality,National,Other: Parish,42.0,31-40%,248769,2023,200124,2040,EUR Euro,CRF Complete level
2025 Disclosure Cycle,779465,CDP,49172,"City of St. Petersburg, FL",City,North America,United States of America,Public,Q1.2,Provide details of your jurisdiction in the table below.,1,Response,City/Municipality,County / Province,No lower level of government,356.0,41-50%,270000.0,2021,279000,2026,USD US Dollar,CRF Complete level
2025 Disclosure Cycle,779465,CDP,49326,"Ville de Quebec, QC",City,North America,Canada,Public,Q1.2,Provide details of your jurisdiction in the table below.,1,Response,City/Municipality,State / regional,Sub-municipal district,454.28,71-80%,614196,2023,727746,2041,CAD Canadian Dollar,
2025 Disclosure Cycle,779465,CDP,49327,"City of Providence, RI",City,North America,United States of America,Public,Q1.2,Provide details of your jurisdiction in the table below.,1,Response,City/Municipality,State / regional,No lower level of government,47.7,11-20%,190934,2020,201344,2040,USD US Dollar,CRF Simplified level
2025 Disclosure Cycle,779465,CDP,49330,"Kansas City, MO",City,North America,United States of America,Public,Q1.2,Provide details of your jurisdiction in the table below.,1,Response,Independent city / municipality,State / regional,No lower level of government,815.0,41-50%,516032,2024,554200.0,2040,USD US Dollar,CRF Complete level
2025 Disclosure Cycle,779465,CDP,49333,"City of Louisville, KY",City,North America,United States of America,Public,Q1.2,Provide details of your jurisdiction in the table below.,1,Response,Consolidated city-county,State / regional,County / Province,986.27,<5%,793881,2024,,,USD US Dollar,CRF Complete level
2025 Disclosure Cycle,779465,CDP,49334,"City of Richmond, VA",City,North America,United States of America,Public,Q1.2,Provide details of your jurisdiction in the table below.,1,Response,City/Municipality,State / regional,County / Province,162.05,5-10%,230787,2025,270425,2050,USD US Dollar,
2025 Disclosure Cycle,779465,CDP,49335,"Metropolitan Government of Nashville and Davidson County, TN",City,North America,United States of America,Public,Q1.2,Provide details of your jurisdiction in the table below.,1,Response,Consolidated city-county,State / regional,Sub-municipal district,1367.0,51-60%,715884.0,2020,861817.0,2050,USD US Dollar,CRF Complete level
2025 Disclosure Cycle,779465,CDP,49342,"City of Rochester, NY",City,North America,United States of America,Public,Q1.2,Provide details of your jurisdiction in the table below.,1,Response,City/Municipality,State / regional,No lower level of government,59.77,21-30%,207282,2024,202253.0,2030,USD US Dollar,CRF Complete level
2025 Disclosure Cycle,779465,CDP,49345,"City of Birmingham, AL",City,North America,United States of America,Public,Q1.2,Provide details of your jurisdiction in the table below.,1,Response,City/Municipality,County / Province,No lower level of government,387,11-20%,200500,2020,196357,2026,USD US Dollar,CRF Simplified level
2025 Disclosure Cycle,779465,CDP,49346,"City of Allentown, PA",City,North America,United States of America,Public,Q1.2,Provide details of your jurisdiction in the table below.,1,Response,City/Municipality,County / Province,No lower level of government,45.3,21-30%,127138,2024,133269,2050,USD US Dollar,
2025 Disclosure Cycle,779465,CDP,49347,"City of Omaha, NE",City,North America,United States of America,Public,Q1.2,Provide details of your jurisdiction in the table below.,1,Response,City/Municipality,County / Province,Sub-municipal district,635.5,11-20%,582638,2022,736658.0,2050,USD US Dollar,
2025 Disclosure Cycle,779465,CDP,49360,City of Tshwane,City,UKWW,South Africa,Public,Q1.2,Provide details of your jurisdiction in the table below.,1,Response,City/Municipality,County / Province,No lower level of government,6298.0,61-70%,3597000.0,2020,5450000.0,2050,ZAR South African Rand,CRF Simplified level
2025 Disclosure Cycle,779465,CDP,49367,Freetown City,City,UKWW,Sierra Leone,Public,Q1.2,Provide details of your jurisdiction in the table below.,1,Response,City/Municipality,Local government area within a greater metropolitan area,City / Municipality,83,21-30%,8461000,2023,10140000,2030,USD US Dollar,CRF Simplified level
2025 Disclosure Cycle,779465,CDP,49385,Bandung City,City,South East Asia & Oceania,Indonesia,Public,Q1.2,Provide details of your jurisdiction in the table below.,1,Response,City/Municipality,County / Province,Federal district,166.59,11-20%,2591763,2024,2627860,2029,IDR Rupiah,CRF Complete level
2025 Disclosure Cycle,779465,CDP,49389,Kyoto City,City,Japan,Japan,Public,Q1.2,Provide details of your jurisdiction in the table below.,1,Response,City/Municipality,State / regional,Sub-municipal district,827.83,71-80%,1437377,2024,1240645,2050,JPY Japanese yen,CRF Complete level
2025 Disclosure Cycle,779465,CDP,50154,City of Turku,City,Europe,Finland,Public,Q1.2,Provide details of your jurisdiction in the table below.,1,Response,City/Municipality,National,No lower level of government,246,51-60%,206073,2024,216000,2029,EUR Euro,CRF Complete level
2025 Disclosure Cycle,779465,CDP,50203,Gaziantep Metropolitan Municipality,City,UKWW,Türkiye,Public,Q1.2,Provide details of your jurisdiction in the table below.,1,Response,City/Municipality,Metropolitan area,City / Municipality,6.819,11-20%,2130432.0,2021,2694407.0,2050,TRY New Turkish Lira,
2025 Disclosure Cycle,779465,CDP,50235,City of Kraków,City,Europe,Poland,Public,Q1.2,Provide details of your jurisdiction in the table below.,1,Response,City/Municipality,State / regional,No lower level of government,327.0,51-60%,809168,2024,771934.0,2050,PLN Zloty,CRF Complete level
2025 Disclosure Cycle,779465,CDP,50355,Ayuntamiento de Tijuana,City,Latin America,Mexico,Public,Q1.2,Provide details of your jurisdiction in the table below.,1,Response,City/Municipality,State / regional,Sub-municipal district,1239.49,<5%,1922523,2020,2663508,2040,MXN Mexican Peso,CRF Simplified level
2025 Disclosure Cycle,779465,CDP,50357,Ciudad de Mendoza,City,Latin America,Argentina,Public,Q1.2,Provide details of your jurisdiction in the table below.,1,Response,City/Municipality,County / Province,No lower level of government,106,61-70%,127160,2022,148387.0,2030,USD US Dollar,CRF Complete level
2025 Disclosure Cycle,779465,CDP,50361,Ayuntamiento de Hermosillo,City,Latin America,Mexico,Public,Q1.2,Provide details of your jurisdiction in the table below.,1,Response,Metropolitan area,State / regional,City / Municipality,16926,61-70%,936263.0,2020,1034738.0,2030,MXN Mexican Peso,CRF Complete level
2025 Disclosure Cycle,779465,CDP,50368,Municipalidad de Provincial de Arequipa,City,Latin America,Peru,Public,Q1.2,Provide details of your jurisdiction in the table below.,1,Response,Metropolitan area,City/Municipality,Local government area within a greater metropolitan area,7.8,5-10%,55437,2017,54400,2030,PEN Nuevo Sol,CRF Complete level
2025 Disclosure Cycle,779465,CDP,50369,Ayuntamiento de San Luis Potosí,City,Latin America,Mexico,Public,Q1.2,Provide details of your jurisdiction in the table below.,1,Response,City/Municipality,State / regional,Other: Delegaciones,1471,I do not have this data,911908,2020,1097107,2026,MXN Mexican Peso,CRF Simplified level
2025 Disclosure Cycle,779465,CDP,50371,Municipalidad de Córdoba,City,Latin America,Argentina,Public,Q1.2,Provide details of your jurisdiction in the table below.,1,Response,City/Municipality,County / Province,No lower level of government,576,51-60%,1565250,2022,1640600,2026,ARS Argentine Peso,CRF Complete level
2025 Disclosure Cycle,779465,CDP,50373,Municipalidad de Rosario,City,Latin America,Argentina,Public,Q1.2,Provide details of your jurisdiction in the table below.,1,Response,City/Municipality,Independent city / municipality,City / Municipality,178.69,81-90%,1009037,2023,1006671,2030,USD US Dollar,CRF Complete level
2025 Disclosure Cycle,779465,CDP,50374,Alcaldia Distrital de Cartagena de Indias,City,Latin America,Colombia,Public,Q1.2,Provide details of your jurisdiction in the table below.,1,Response,City/Municipality,State / regional,City / Municipality,609.1,81-90%,1052015,2023,998638,2033,COP Colombian Peso,CRF Simplified level
2025 Disclosure Cycle,779465,CDP,50375,Ayuntamiento de Chihuahua,City,Latin America,Mexico,Public,Q1.2,Provide details of your jurisdiction in the table below.,1,Response,City/Municipality,State / regional,Town,9219,91-100%,937674,2020,1299000,2026,MXN Mexican Peso,CRF Complete level
2025 Disclosure Cycle,779465,CDP,50381,Municipio de Torreón,City,Latin America,Mexico,Public,Q1.2,Provide details of your jurisdiction in the table below.,1,Response,City/Municipality,State / regional,No lower level of government,1282.7,41-50%,720848,2020,815533,2030,MXN Mexican Peso,CRF Complete level
2025 Disclosure Cycle,779465,CDP,50382,Municipio de Mérida,City,Latin America,Mexico,Public,Q1.2,Provide details of your jurisdiction in the table below.,1,Response,City/Municipality,State / regional,Sub-municipal district,865.71,51-60%,995129,2020,1112861,2030,MXN Mexican Peso,CRF Complete level
2025 Disclosure Cycle,779465,CDP,50383,Prefeitura de Sorocaba,City,Latin America,Brazil,Public,Q1.2,Provide details of your jurisdiction in the table below.,1,Response,City/Municipality,State / regional,No lower level of government,449.872,11-20%,757459,2024,865600,2030,BRL Brazilian Real,CRF Complete level
2025 Disclosure Cycle,779465,CDP,50384,Prefeitura de Florianópolis,City,Latin America,Brazil,Public,Q1.2,Provide details of your jurisdiction in the table below.,1,Response,City/Municipality,State / regional,No lower level of government,674.844,31-40%,537213.0,2022,876000.0,2050,BRL Brazilian Real,CRF Simplified level
2025 Disclosure Cycle,779465,CDP,50385,Prefeitura de Campo Grande,City,Latin America,Brazil,Public,Q1.2,Provide details of your jurisdiction in the table below.,1,Response,City/Municipality,State / regional,Consolidated city-county,8083.97,11-20%,898100,2022,1035678,2030,BRL Brazilian Real,CRF Simplified level
2025 Disclosure Cycle,779465,CDP,50390,Prefeitura de Teresina,City,Latin America,Brazil,Public,Q1.2,Provide details of your jurisdiction in the table below.,1,Response,City/Municipality,State / regional,No lower level of government,1392,31-40%,866300,2022,887775,2030,BRL Brazilian Real,CRF Complete level
2025 Disclosure Cycle,779465,CDP,50394,Prefeitura Municipal de João Pessoa,City,Latin America,Brazil,Public,Q1.2,Provide details of your jurisdiction in the table below.,1,Response,City/Municipality,State / regional,No lower level of government,210.044,31-40%,833932.0,2022,1355329.0,2050,BRL Brazilian Real,CRF Complete level
2025 Disclosure Cycle,779465,CDP,50396,Prefeitura Municipal de Santos,City,Latin America,Brazil,Public,Q1.2,Provide details of your jurisdiction in the table below.,1,Response,City/Municipality,Metropolitan area,No lower level of government,281.03,61-70%,418608.0,2022,441783.0,2050,BRL Brazilian Real,CRF Simplified level
2025 Disclosure Cycle,779465,CDP,50397,Presidencia Municipal de Saltillo,City,Latin America,Mexico,Public,Q1.2,Provide details of your jurisdiction in the table below.,1,Response,City/Municipality,State / regional,City / Municipality,6837,5-10%,879958,2020,1141072,2030,MXN Mexican Peso,CRF Complete level
2025 Disclosure Cycle,779465,CDP,50401,"City of Madison, WI",City,North America,United States of America,Public,Q1.2,Provide details of your jurisdiction in the table below.,1,Response,City/Municipality,County / Province,No lower level of government,267.12,41-50%,272903.0,2022,319210.0,2040,USD US Dollar,
2025 Disclosure Cycle,779465,CDP,50540,"City of Albuquerque, NM",City,North America,United States of America,Public,Q1.2,Provide details of your jurisdiction in the table below.,1,Response,City/Municipality,State / regional,Sub-municipal district,490.9,21-30%,560274,2023,681386,2050,USD US Dollar,
2025 Disclosure Cycle,779465,CDP,50541,"City of Greensboro, NC",City,North America,United States of America,Public,Q1.2,Provide details of your jurisdiction in the table below.,1,Response,City/Municipality,County / Province,No lower level of government,362.37,11-20%,307381,2024,331240.0,2040,USD US Dollar,CRF Simplified level
2025 Disclosure Cycle,779465,CDP,50545,"City of Henderson, NV",City,North America,United States of America,Public,Q1.2,Provide details of your jurisdiction in the table below.,1,Response,City/Municipality,State / regional,No lower level of government,315.071,11-20%,359059,2025,390000.0,2036,USD US Dollar,
2025 Disclosure Cycle,779465,CDP,50550,"City of Buffalo, NY",City,North America,United States of America,Public,Q1.2,Provide details of your jurisdiction in the table below.,1,Response,City/Municipality,State / regional,Sub-municipal district,104.6355,21-30%,278349,2020,274310,2026,USD US Dollar,
2025 Disclosure Cycle,779465,CDP,50551,"City of Long Beach, CA",City,North America,United States of America,Public,Q1.2,Provide details of your jurisdiction in the table below.,1,Response,City/Municipality,County / Province,No lower level of government,131.3382,5-10%,451347,2022,480424,2030,USD US Dollar,CRF Complete level
2025 Disclosure Cycle,779465,CDP,50555,"City of Hamilton, ON",City,North America,Canada,Public,Q1.2,Provide details of your jurisdiction in the table below.,1,Response,City/Municipality,County / Province,Independent city / municipality,1128.4,21-30%,569355.0,2021,820000.0,2050,CAD Canadian Dollar,CRF Complete level
2025 Disclosure Cycle,779465,CDP,50558,"City of London, ON",City,North America,Canada,Public,Q1.2,Provide details of your jurisdiction in the table below.,1,Response,City/Municipality,County / Province,No lower level of government,420.6,61-70%,452000,2023,520000.0,2030,CAD Canadian Dollar,CRF Complete level
2025 Disclosure Cycle,779465,CDP,50559,"City of St Catharines, ON",City,North America,Canada,Public,Q1.2,Provide details of your jurisdiction in the table below.,1,Response,City/Municipality,State / regional,No lower level of government,99.5,11-20%,144829,2022,150903.0,2030,CAD Canadian Dollar,CRF Simplified level
2025 Disclosure Cycle,779465,CDP,50562,"City of Chula Vista, CA",City,North America,United States of America,Public,Q1.2,Provide details of your jurisdiction in the table below.,1,Response,City/Municipality,County / Province,No lower level of government,134.0,21-30%,274449.0,2021,285194.0,2035,USD US Dollar,CRF Simplified level
2025 Disclosure Cycle,779465,CDP,50565,"City of Toledo, OH",City,North America,United States of America,Public,Q1.2,Provide details of your jurisdiction in the table below.,1,Response,City/Municipality,State / regional,Sub-municipal district,217,5-10%,265638,2024,213946,2050,USD US Dollar,
2025 Disclosure Cycle,779465,CDP,50566,"City of Anchorage, AK",City,North America,United States of America,Public,Q1.2,Provide details of your jurisdiction in the table below.,1,Response,City/Municipality,State / regional,No lower level of government,4415.1,,290761,2024,281302,2035,USD US Dollar,
2025 Disclosure Cycle,779465,CDP,50568,"City of Saskatoon, SK",City,North America,Canada,Public,Q1.2,Provide details of your jurisdiction in the table below.,1,Response,City/Municipality,State / regional,No lower level of government,236.34,5-10%,316342,2025,502400.0,2050,CAD Canadian Dollar,CRF Simplified level
2025 Disclosure Cycle,779465,CDP,50569,"City of Stockton, CA",City,North America,United States of America,Public,Q1.2,Provide details of your jurisdiction in the table below.,1,Response,City/Municipality,County / Province,Sub-municipal district,161.12,I do not have this data,319543,2023,325000,2026,USD US Dollar,
2025 Disclosure Cycle,779465,CDP,50572,"City of Saint Paul, MN",City,North America,United States of America,Public,Q1.2,Provide details of your jurisdiction in the table below.,1,Response,City/Municipality,County / Province,No lower level of government,134.63,61-70%,310992,2022,313900,2030,USD US Dollar,CRF Simplified level
2025 Disclosure Cycle,779465,CDP,50577,"City of Wichita, KS",City,North America,United States of America,Public,Q1.2,Provide details of your jurisdiction in the table below.,1,Response,City/Municipality,County / Province,No lower level of government,426.66,<5%,400991,2024,429380,2035,USD US Dollar,
2025 Disclosure Cycle,779465,CDP,50578,"City of Windsor, ON",City,North America,Canada,Public,Q1.2,Provide details of your jurisdiction in the table below.,1,Response,City/Municipality,County / Province,No lower level of government,146.3,51-60%,229660.0,2021,306482.0,2050,CAD Canadian Dollar,CRF Complete level
2025 Disclosure Cycle,779465,CDP,50579,"City of Winnipeg, MB",City,North America,Canada,Public,Q1.2,Provide details of your jurisdiction in the table below.,1,Response,City/Municipality,State / regional,No lower level of government,464.33,21-30%,749607.0,2021,1067825.0,2050,CAD Canadian Dollar,
2025 Disclosure Cycle,779465,CDP,50650,City of Gibraltar,City,Europe,Gibraltar,Public,Q1.2,Provide details of your jurisdiction in the table below.,1,Response,Sovereign city-state,No higher level of government,No lower level of government,6.8,31-40%,38659,2022,33914.0,2030,GBP Pound Sterling,CRF Complete level
2025 Disclosure Cycle,779465,CDP,50664,Municipality of Almada,City,Europe,Portugal,Public,Q1.2,Provide details of your jurisdiction in the table below.,1,Response,City/Municipality,National,Sub-municipal district,70.21,,181232,2023,190743,2050,EUR Euro,
2025 Disclosure Cycle,779465,CDP,50669,Municipality of Matosinhos,City,Europe,Portugal,Public,Q1.2,Provide details of your jurisdiction in the table below.,1,Response,City/Municipality,Metropolitan area,Other: Parish/ Freguesia,62.42,31-40%,179558,2023,163154.0,2030,EUR Euro,CRF Complete level
2025 Disclosure Cycle,779465,CDP,50673,Municipality of Faro,City,Europe,Portugal,Public,Q1.2,Provide details of your jurisdiction in the table below.,1,Response,City/Municipality,State / regional,City / Municipality,201.6,21-30%,67859,2021,68500.0,,EUR Euro,CRF Simplified level
2025 Disclosure Cycle,779465,CDP,50674,Municipality of Viseu,City,Europe,Portugal,Public,Q1.2,Provide details of your jurisdiction in the table below.,1,Response,City/Municipality,State / regional,Other: Freguesias,507.1,61-70%,100105,2023,79676.0,2050,EUR Euro,CRF Simplified level
2025 Disclosure Cycle,779465,CDP,50678,Municipality of Évora,City,Europe,Portugal,Public,Q1.2,Provide details of your jurisdiction in the table below.,1,Response,City/Municipality,National,Other: O município de Évora é constituído por 12 Freguesias.,1307.08,41-50%,53591.0,2021,50918.0,2027,EUR Euro,CRF Complete level
2025 Disclosure Cycle,779465,CDP,50680,Municipality of Cascais,City,Europe,Portugal,Public,Q1.2,Provide details of your jurisdiction in the table below.,1,Response,City/Municipality,State / regional,Sub-municipal district,97.0,41-50%,216000.0,2021,220000.0,2030,EUR Euro,CRF Simplified level
2025 Disclosure Cycle,779465,CDP,51075,City of Shenzhen,City,China,China,Public,Q1.2,Provide details of your jurisdiction in the table below.,1,Response,City/Municipality,County / Province,Sub-municipal district,1997.47,41-50%,17989500,2024,19000000,2035,CNY Yuan Renminbi,
2025 Disclosure Cycle,779465,CDP,51374,Prefeitura de Rio Branco,City,Latin America,Brazil,Public,Q1.2,Provide details of your jurisdiction in the table below.,1,Response,City/Municipality,State / regional,No lower level of government,8.8348,11-20%,365756,2022,389,2026,BRL Brazilian Real,CRF Complete level
2025 Disclosure Cycle,779465,CDP,52638,Prefeitura de Aracaju,City,Latin America,Brazil,Public,Q1.2,Provide details of your jurisdiction in the table below.,1,Response,City/Municipality,State / regional,No lower level of government,182.163,21-30%,630932,2025,,,BRL Brazilian Real,CRF Simplified level
2025 Disclosure Cycle,779465,CDP,52896,"City of Fort Lauderdale, FL",City,North America,United States of America,Public,Q1.2,Provide details of your jurisdiction in the table below.,1,Response,City/Municipality,County / Province,No lower level of government,89.58,21-30%,186076,2021,247613.0,2045,USD US Dollar,
2025 Disclosure Cycle,779465,CDP,52897,"City of Aspen, CO",City,North America,United States of America,Public,Q1.2,Provide details of your jurisdiction in the table below.,1,Response,City/Municipality,County / Province,No lower level of government,9.47,61-70%,6556,2024,7581.0,2050,USD US Dollar,CRF Simplified level
2025 Disclosure Cycle,779465,CDP,53829,"City of Kingston, ON",City,North America,Canada,Public,Q1.2,Provide details of your jurisdiction in the table below.,1,Response,City/Municipality,County / Province,No lower level of government,451.9,21-30%,132485.0,2021,145900.0,2040,CAD Canadian Dollar,CRF Complete level
2025 Disclosure Cycle,779465,CDP,53921,"City of Tempe, AZ",City,North America,United States of America,Public,Q1.2,Provide details of your jurisdiction in the table below.,1,Response,City/Municipality,State / regional,No lower level of government,103.1,<5%,190114,2024,253489,2050,USD US Dollar,CRF Simplified level
2025 Disclosure Cycle,779465,CDP,53931,"City of Alexandria, VA",City,North America,United States of America,Public,Q1.2,Provide details of your jurisdiction in the table below.,1,Response,City/Municipality,State / regional,No lower level of government,39.63,5-10%,159467.0,2020,204755.0,2050,USD US Dollar,
2025 Disclosure Cycle,779465,CDP,53937,"City of Naperville, IL",City,North America,United States of America,Public,Q1.2,Provide details of your jurisdiction in the table below.,1,Response,City/Municipality,County / Province,No lower level of government,103.64,41-50%,150245,2023,157642.0,2030,USD US Dollar,
2025 Disclosure Cycle,779465,CDP,53959,"City of Fayetteville, AR",City,North America,United States of America,Public,Q1.2,Provide details of your jurisdiction in the table below.,1,Response,City/Municipality,State / regional,Sub-municipal district,140.22,61-70%,102805,2024,217638,2050,USD US Dollar,
2025 Disclosure Cycle,779465,CDP,54026,"City of Tacoma, WA",City,North America,United States of America,Public,Q1.2,Provide details of your jurisdiction in the table below.,1,Response,City/Municipality,County / Province,Sub-municipal district,128.79,21-30%,221776,2022,338277.0,2040,USD US Dollar,CRF Simplified level
2025 Disclosure Cycle,779465,CDP,54027,"City of St. John's, NL",City,North America,Canada,Public,Q1.2,Provide details of your jurisdiction in the table below.,1,Response,City/Municipality,County / Province,No lower level of government,446.04,81-90%,110525.0,2021,249924,2036,CAD Canadian Dollar,CRF Complete level
2025 Disclosure Cycle,779465,CDP,54029,"City of Spokane, WA",City,North America,United States of America,Public,Q1.2,Provide details of your jurisdiction in the table below.,1,Response,City/Municipality,County / Province,City / Municipality,180.1,21-30%,230900,2022,256057,2046,USD US Dollar,CRF Simplified level
2025 Disclosure Cycle,779465,CDP,54030,"City of Little Rock, AR",City,North America,United States of America,Public,Q1.2,Provide details of your jurisdiction in the table below.,1,Response,City/Municipality,State / regional,No lower level of government,318.6,51-60%,202864.0,2022,209792.0,2030,USD US Dollar,
2025 Disclosure Cycle,779465,CDP,54034,"City of Grand Rapids, MI",City,North America,United States of America,Public,Q1.2,Provide details of your jurisdiction in the table below.,1,Response,City/Municipality,County / Province,Sub-municipal district,117.25,41-50%,198917,2020,203529,2027,USD US Dollar,CRF Complete level
2025 Disclosure Cycle,779465,CDP,54040,"City of Regina, SK",City,North America,Canada,Public,Q1.2,Provide details of your jurisdiction in the table below.,1,Response,City/Municipality,Independent province,No lower level of government,182.42,11-20%,255395,2024,382532.0,2050,CAD Canadian Dollar,
2025 Disclosure Cycle,779465,CDP,54048,"City of Knoxville, TN",City,North America,United States of America,Public,Q1.2,Provide details of your jurisdiction in the table below.,1,Response,City/Municipality,County / Province,Town,255.6,31-40%,190740,2020,207907,2030,USD US Dollar,CRF Simplified level
2025 Disclosure Cycle,779465,CDP,54060,"City of Greater Sudbury / Grand Sudbury, ON",City,North America,Canada,Public,Q1.2,Provide details of your jurisdiction in the table below.,1,Response,City/Municipality,County / Province,Sub-municipal district,3627,71-80%,186337,2024,188510,2050,CAD Canadian Dollar,
2025 Disclosure Cycle,779465,CDP,54066,"City of Fort Collins, CO",City,North America,United States of America,Public,Q1.2,Provide details of your jurisdiction in the table below.,1,Response,City/Municipality,County / Province,No lower level of government,148.0,41-50%,176414,2024,189915,2030,USD US Dollar,CRF Simplified level
2025 Disclosure Cycle,779465,CDP,54075,"City of Lakewood, CO",City,North America,United States of America,Public,Q1.2,Provide details of your jurisdiction in the table below.,1,Response,City/Municipality,County / Province,No lower level of government,115.6,51-60%,156865,2024,161622.0,2030,USD US Dollar,CRF Complete level
2025 Disclosure Cycle,779465,CDP,54080,"City of Sunnyvale, CA",City,North America,United States of America,Public,Q1.2,Provide details of your jurisdiction in the table below.,1,Response,City/Municipality,County / Province,No lower level of government,58.8,<5%,156792,2024,174700,2030,USD US Dollar,
2025 Disclosure Cycle,779465,CDP,54084,"City of Guelph, ON",City,North America,Canada,Public,Q1.2,Provide details of your jurisdiction in the table below.,1,Response,City/Municipality,County / Province,No lower level of government,87.2,21-30%,148200,2023,208000,2050,CAD Canadian Dollar,CRF Simplified level
2025 Disclosure Cycle,779465,CDP,54088,"City of Peterborough, ON",City,North America,Canada,Public,Q1.2,Provide details of your jurisdiction in the table below.,1,Response,City/Municipality,County / Province,No lower level of government,53.81,31-40%,85000,2021,125000.0,2050,CAD Canadian Dollar,
2025 Disclosure Cycle,779465,CDP,54092,"City of Ann Arbor, MI",City,North America,United States of America,Public,Q1.2,Provide details of your jurisdiction in the table below.,1,Response,City/Municipality,State / regional,Sub-municipal district,75.34,21-30%,119380,2023,132325.0,2045,USD US Dollar,CRF Complete level
2025 Disclosure Cycle,779465,CDP,54096,"City of Saint John, NB",City,North America,Canada,Public,Q1.2,Provide details of your jurisdiction in the table below.,1,Response,City/Municipality,County / Province,Consolidated city-county,315.5,5-10%,73611,2022,77500,2031,CAD Canadian Dollar,
2025 Disclosure Cycle,779465,CDP,54098,"City of Thunder Bay, ON",City,North America,Canada,Public,Q1.2,Provide details of your jurisdiction in the table below.,1,Response,City/Municipality,State / regional,No lower level of government,328.36,51-60%,108843.0,2021,124000.0,2050,CAD Canadian Dollar,CRF Complete level
2025 Disclosure Cycle,779465,CDP,54100,"City of Columbia, MO",City,North America,United States of America,Public,Q1.2,Provide details of your jurisdiction in the table below.,1,Response,City/Municipality,State / regional,Sub-municipal district,163.38,21-30%,128464.0,2020,132399.0,2030,USD US Dollar,CRF Simplified level
2025 Disclosure Cycle,779465,CDP,54102,"City of Albany, NY",City,North America,United States of America,Public,Q1.2,Provide details of your jurisdiction in the table below.,1,Response,City/Municipality,County / Province,No lower level of government,21.8,21-30%,99224.0,2020,99040.0,2030,USD US Dollar,CRF Complete level
2025 Disclosure Cycle,779465,CDP,54104,"City of Boulder, CO",City,North America,United States of America,Public,Q1.2,Provide details of your jurisdiction in the table below.,1,Response,City/Municipality,State / regional,No lower level of government,70.89,61-70%,108150,2024,147400,2040,USD US Dollar,CRF Complete level
2025 Disclosure Cycle,779465,CDP,54105,"City of Duluth, MN",City,North America,United States of America,Public,Q1.2,Provide details of your jurisdiction in the table below.,1,Response,City/Municipality,County / Province,No lower level of government,226.44,21-30%,86619,2022,87203,2030,USD US Dollar,
2025 Disclosure Cycle,779465,CDP,54109,"City of Bloomington, IN",City,North America,United States of America,Public,Q1.2,Provide details of your jurisdiction in the table below.,1,Response,City/Municipality,County / Province,No lower level of government,60.6834,31-40%,78840,2023,94878.0,2050,USD US Dollar,CRF Simplified level
2025 Disclosure Cycle,779465,CDP,54110,"City of Santa Monica, CA",City,North America,United States of America,Public,Q1.2,Provide details of your jurisdiction in the table below.,1,Response,City/Municipality,State / regional,City / Municipality,21.7973,21-30%,90729,2024,103700.0,2050,USD US Dollar,CRF Complete level
2025 Disclosure Cycle,779465,CDP,54111,"City of Iowa City, IA",City,North America,United States of America,Public,Q1.2,Provide details of your jurisdiction in the table below.,1,Response,City/Municipality,State / regional,No lower level of government,67.83,5-10%,75678,2023,85068,2030,USD US Dollar,CRF Complete level
2025 Disclosure Cycle,779465,CDP,54113,"City of Flagstaff, AZ",City,North America,United States of America,Public,Q1.2,Provide details of your jurisdiction in the table below.,1,Response,City/Municipality,State / regional,No lower level of government,171.0,21-30%,77539,2024,89956,2045,USD US Dollar,CRF Simplified level
2025 Disclosure Cycle,779465,CDP,54114,"City of Asheville, NC",City,North America,United States of America,Public,Q1.2,Provide details of your jurisdiction in the table below.,1,Response,City/Municipality,County / Province,City / Municipality,119.0,<5%,94992,2024,99631.0,2042,USD US Dollar,
2025 Disclosure Cycle,779465,CDP,54116,"City of Dubuque, IA",City,North America,United States of America,Public,Q1.2,Provide details of your jurisdiction in the table below.,1,Response,City/Municipality,County / Province,No lower level of government,80.86,61-70%,58877,2023,61000.0,2030,USD US Dollar,CRF Simplified level
2025 Disclosure Cycle,779465,CDP,54119,"City of Palo Alto, CA",City,North America,United States of America,Public,Q1.2,Provide details of your jurisdiction in the table below.,1,Response,City/Municipality,County / Province,No lower level of government,41.6015,I do not have this data,67901,2023,72284,2030,USD US Dollar,CRF Simplified level
2025 Disclosure Cycle,779465,CDP,54124,"City of Fremont, CA",City,North America,United States of America,Public,Q1.2,Provide details of your jurisdiction in the table below.,1,Response,City/Municipality,State / regional,Sub-municipal district,88.46,41-50%,226208,2023,256000,2035,USD US Dollar,CRF Complete level
2025 Disclosure Cycle,779465,CDP,54125,"City of Boise, ID",City,North America,United States of America,Public,Q1.2,Provide details of your jurisdiction in the table below.,1,Response,City/Municipality,County / Province,Sub-municipal district,221.4,31-40%,237963,2024,353534.0,2050,USD US Dollar,
2025 Disclosure Cycle,779465,CDP,54128,"City of Reno, NV",City,North America,United States of America,Public,Q1.2,Provide details of your jurisdiction in the table below.,1,Response,City/Municipality,State / regional,No lower level of government,288.98,11-20%,281714,2024,285000.0,,USD US Dollar,CRF Complete level
2025 Disclosure Cycle,779465,CDP,54144,City of Yarra,City,South East Asia & Oceania,Australia,Public,Q1.2,Provide details of your jurisdiction in the table below.,1,Response,City/Municipality,State / regional,No lower level of government,19.5,11-20%,96990,2024,136983,2046,AUD Australian Dollar,CRF Simplified level
2025 Disclosure Cycle,779465,CDP,54253,Wollongong City Council,City,South East Asia & Oceania,Australia,Public,Q1.2,Provide details of your jurisdiction in the table below.,1,Response,City/Municipality,State / regional,No lower level of government,684.4,61-70%,219141,2023,239125,2031,AUD Australian Dollar,CRF Complete level
2025 Disclosure Cycle,779465,CDP,54268,Dunedin City Council,City,South East Asia & Oceania,New Zealand,Public,Q1.2,Provide details of your jurisdiction in the table below.,1,Response,City/Municipality,National,No lower level of government,3286.0,61-70%,134600,2023,139771.0,2030,NZD New Zealand Dollar,CRF Complete level
2025 Disclosure Cycle,779465,CDP,54277,New Plymouth District Council,City,South East Asia & Oceania,New Zealand,Public,Q1.2,Provide details of your jurisdiction in the table below.,1,Response,City/Municipality,National,City / Municipality,2342.0,11-20%,90300,2024,991213,2034,NZD New Zealand Dollar,
2025 Disclosure Cycle,779465,CDP,54290,Qingdao Municipal Government,City,China,China,Public,Q1.2,Provide details of your jurisdiction in the table below.,1,Response,City/Municipality,State / regional,Consolidated city-county,23533,51-60%,10442500,2024,13000000.0,2035,CNY Yuan Renminbi,
2025 Disclosure Cycle,779465,CDP,54293,People's Government of Guangzhou Municipality,City,China,China,Public,Q1.2,Provide details of your jurisdiction in the table below.,1,Response,City/Municipality,County / Province,Sub-municipal district,7434.4,41-50%,18978000,2024,22000000,2035,CNY Yuan Renminbi,
2025 Disclosure Cycle,779465,CDP,54298,Dalian Municipal People's Government,City,China,China,Public,Q1.2,Provide details of your jurisdiction in the table below.,1,Response,City/Municipality,Consolidated city-county,Consolidated city-county,12574,41-50%,7544000,2024,7550000,2026,CNY Yuan Renminbi,
2025 Disclosure Cycle,779465,CDP,54305,Rajkot Municipal Corporation,City,India,India,Public,Q1.2,Provide details of your jurisdiction in the table below.,1,Response,City/Municipality,State / regional,No lower level of government,161.86,<5%,2045682,2021,5249168,2050,INR Indian Rupee,CRF Complete level
2025 Disclosure Cycle,779465,CDP,54306,Medan City Government,City,South East Asia & Oceania,Indonesia,Public,Q1.2,Provide details of your jurisdiction in the table below.,1,Response,City/Municipality,County / Province,Federal district,28.199,5-10%,2486283,2024,2510517,2026,IDR Rupiah,CRF Simplified level
2025 Disclosure Cycle,779465,CDP,54308,Coimbatore City Municipal Corporation,City,India,India,Public,Q1.2,Provide details of your jurisdiction in the table below.,1,Response,City/Municipality,State / regional,Sub-municipal district,257.0,21-30%,2598282,2025,3045889,2030,INR Indian Rupee,CRF Complete level
2025 Disclosure Cycle,779465,CDP,54310,Government of Palembang,City,South East Asia & Oceania,Indonesia,Public,Q1.2,Provide details of your jurisdiction in the table below.,1,Response,City/Municipality,County / Province,Sub-municipal district,401,91-100%,1801367,2024,1962082,2030,IDR Rupiah,CRF Simplified level
2025 Disclosure Cycle,779465,CDP,54318,Government of Tangerang City,City,South East Asia & Oceania,Indonesia,Public,Q1.2,Provide details of your jurisdiction in the table below.,1,Response,City/Municipality,County / Province,Sub-municipal district,164.55,<5%,1908600.0,2022,3941600.0,2030,IDR Rupiah,CRF Simplified level
2025 Disclosure Cycle,779465,CDP,54327,Semarang City Government,City,South East Asia & Oceania,Indonesia,Public,Q1.2,Provide details of your jurisdiction in the table below.,1,Response,City/Municipality,County / Province,Sub-municipal district,373.78,31-40%,1708833,2024,1782575,2030,IDR Rupiah,
2025 Disclosure Cycle,779465,CDP,54328,City of Niigata,City,Japan,Japan,Public,Q1.2,Provide details of your jurisdiction in the table below.,1,Response,Special city / municipality,State / regional,No lower level of government,726.19,51-60%,773914,2022,719441.0,2040,JPY Japanese yen,CRF Complete level
2025 Disclosure Cycle,779465,CDP,54329,Bogor City Government,City,South East Asia & Oceania,Indonesia,Public,Q1.2,Provide details of your jurisdiction in the table below.,1,Response,Consolidated city-county,County / Province,Sub-municipal district,111.38,<5%,1144108,2025,1201720,2045,IDR Rupiah,CRF Simplified level
2025 Disclosure Cycle,779465,CDP,54330,City of Kawasaki,City,Japan,Japan,Public,Q1.2,Provide details of your jurisdiction in the table below.,1,Response,Special city / municipality,State / regional,No lower level of government,144.35,11-20%,1557683,2025,1539900,2050,JPY Japanese yen,
2025 Disclosure Cycle,779465,CDP,54331,City of Sagamihara,City,Japan,Japan,Public,Q1.2,Provide details of your jurisdiction in the table below.,1,Response,City/Municipality,State / regional,No lower level of government,328.91,61-70%,722245,2025,664872,2045,JPY Japanese yen,
2025 Disclosure Cycle,779465,CDP,54335,Government of the City of Yogyakarta,City,South East Asia & Oceania,Indonesia,Public,Q1.2,Provide details of your jurisdiction in the table below.,1,Response,City/Municipality,County / Province,Other: Kemantren/ Kecamatan,32.82,21-30%,415605,2024,373970,2030,IDR Rupiah,
2025 Disclosure Cycle,779465,CDP,54337,Greater Amman Municipality,City,UKWW,Jordan,Public,Q1.2,Provide details of your jurisdiction in the table below.,1,Response,City/Municipality,National,Sub-municipal district,801.92,5-10%,4238592,2024,5190000.0,2030,JOD Jordanian Dinar,CRF Complete level
2025 Disclosure Cycle,779465,CDP,54339,Denpasar City Government,City,South East Asia & Oceania,Indonesia,Public,Q1.2,Provide details of your jurisdiction in the table below.,1,Response,City/Municipality,County / Province,Sub-municipal district,125.97,11-20%,673270,2024,694060,2030,IDR Rupiah,CRF Simplified level
2025 Disclosure Cycle,779465,CDP,54341,Toyama City,City,Japan,Japan,Public,Q1.2,Provide details of your jurisdiction in the table below.,1,Response,City/Municipality,State / regional,Town,1241.77,61-70%,409075,2022,357643,2050,JPY Japanese yen,CRF Simplified level
2025 Disclosure Cycle,779465,CDP,54345,City Government of Davao,City,South East Asia & Oceania,Philippines,Public,Q1.2,Provide details of your jurisdiction in the table below.,1,Response,City/Municipality,State / regional,Town,2444,71-80%,1848947,2024,2171473,2040,PHP Philippine Peso,
2025 Disclosure Cycle,779465,CDP,54348,The Local Government of Quezon City,City,South East Asia & Oceania,Philippines,Public,Q1.2,Provide details of your jurisdiction in the table below.,1,Response,City/Municipality,State / regional,Sub-municipal district,161.12,21-30%,2936116,2015,3337946,2026,PHP Philippine Peso,CRF Complete level
2025 Disclosure Cycle,779465,CDP,54349,Balikpapan City Government,City,South East Asia & Oceania,Indonesia,Public,Q1.2,Provide details of your jurisdiction in the table below.,1,Response,City/Municipality,County / Province,No lower level of government,511.01,41-50%,757418,2024,848572,2033,IDR Rupiah,CRF Simplified level
2025 Disclosure Cycle,779465,CDP,54354,City Government of Makati,City,South East Asia & Oceania,Philippines,Public,Q1.2,Provide details of your jurisdiction in the table below.,1,Response,City/Municipality,National,Other: Barangay,18.17,11-20%,309770,2024,492628,2050,PHP Philippine Peso,CRF Complete level
2025 Disclosure Cycle,779465,CDP,54361,Petaling Jaya City Council,City,South East Asia & Oceania,Malaysia,Public,Q1.2,Provide details of your jurisdiction in the table below.,1,Response,City/Municipality,County / Province,Local government area within a greater metropolitan area,97.2,11-20%,807879,2024,1009655.0,2030,MYR Malaysian Ringgit,CRF Simplified level
2025 Disclosure Cycle,779465,CDP,54385,Pak Kret City Municipality,City,South East Asia & Oceania,Thailand,Public,Q1.2,Provide details of your jurisdiction in the table below.,1,Response,City/Municipality,County / Province,No lower level of government,36.04,21-30%,186295,2025,185826,2030,THB Baht,
2025 Disclosure Cycle,779465,CDP,54386,Tainan City Government,City,China,East Asia,Public,Q1.2,Provide details of your jurisdiction in the table below.,1,Response,City/Municipality,National,Sub-municipal district,2191.65,71-80%,1859946,2023,1536000,2050,TWD New Taiwan Dollar,CRF Complete level
2025 Disclosure Cycle,779465,CDP,54388,Iskandar Regional Development Authority,City,South East Asia & Oceania,Malaysia,Public,Q1.2,Provide details of your jurisdiction in the table below.,1,Response,Other: Region,State / regional,City / Municipality,2300,21-30%,226000,2024,272000,2030,MYR Malaysian Ringgit,CRF Complete level
2025 Disclosure Cycle,779465,CDP,54389,Taichung City Government,City,China,East Asia,Public,Q1.2,Provide details of your jurisdiction in the table below.,1,Response,City/Municipality,National,Other: District Office,2214.8968,81-90%,2845909,2023,2640855,2050,TWD New Taiwan Dollar,CRF Simplified level
2025 Disclosure Cycle,779465,CDP,54391,Nonthaburi City Municipality,City,South East Asia & Oceania,Thailand,Public,Q1.2,Provide details of your jurisdiction in the table below.,1,Response,City/Municipality,County / Province,No lower level of government,38.9,<5%,239882,2025,246744,2030,THB Baht,CRF Complete level
2025 Disclosure Cycle,779465,CDP,54395,Taoyuan City Government,City,China,East Asia,Public,Q1.2,Provide details of your jurisdiction in the table below.,1,Response,Special city / municipality,National,Sub-municipal district,1220.95,81-90%,2338648,2024,2500153,2050,TWD New Taiwan Dollar,CRF Complete level
2025 Disclosure Cycle,779465,CDP,54402,City of Lahti,City,Europe,Finland,Public,Q1.2,Provide details of your jurisdiction in the table below.,1,Response,City/Municipality,State / regional,No lower level of government,517.63,61-70%,121337,2024,124000,2030,EUR Euro,CRF Complete level
2025 Disclosure Cycle,779465,CDP,54403,City of Tampere,City,Europe,Finland,Public,Q1.2,Provide details of your jurisdiction in the table below.,1,Response,City/Municipality,State / regional,No lower level of government,689.59,61-70%,260180,2024,284930,2030,EUR Euro,CRF Complete level
2025 Disclosure Cycle,779465,CDP,54408,Aarhus Municipality,City,Europe,Denmark,Public,Q1.2,Provide details of your jurisdiction in the table below.,1,Response,City/Municipality,National,No lower level of government,468.0,51-60%,373512,2025,396810,2030,DKK Danish Krone,CRF Complete level
2025 Disclosure Cycle,779465,CDP,54410,City of Oulu,City,Europe,Finland,Public,Q1.2,Provide details of your jurisdiction in the table below.,1,Response,City/Municipality,State / regional,No lower level of government,3817.7,21-30%,216194,2024,228111,2035,EUR Euro,
2025 Disclosure Cycle,779465,CDP,54439,City of Münster,City,Europe,Germany,Public,Q1.2,Provide details of your jurisdiction in the table below.,1,Response,City/Municipality,State / regional,Sub-municipal district,303.28,51-60%,322715,2024,333400,2033,,CRF Simplified level
2025 Disclosure Cycle,779465,CDP,54448,City of Augsburg,City,Europe,Germany,Public,Q1.2,Provide details of your jurisdiction in the table below.,1,Response,Independent city / municipality,County / Province,No lower level of government,147,31-40%,306000,2023,325000,2038,EUR Euro,
2025 Disclosure Cycle,779465,CDP,54459,City of Reykjavík,City,Europe,Iceland,Public,Q1.2,Provide details of your jurisdiction in the table below.,1,Response,City/Municipality,National,No lower level of government,246.0,61-70%,136894,2024,161474.0,2040,ISK Iceland Krona,CRF Simplified level
2025 Disclosure Cycle,779465,CDP,54467,Municipality of Eindhoven,City,Europe,Netherlands,Public,Q1.2,Provide details of your jurisdiction in the table below.,1,Response,City/Municipality,County / Province,No lower level of government,89.35,11-20%,243721,2023,272060,2030,EUR Euro,CRF Complete level
2025 Disclosure Cycle,779465,CDP,54478,Municipality of Nijmegen,City,Europe,Netherlands,Public,Q1.2,Provide details of your jurisdiction in the table below.,1,Response,City/Municipality,County / Province,No lower level of government,58.0,21-30%,188981,2025,200000.0,2030,EUR Euro,CRF Simplified level
2025 Disclosure Cycle,779465,CDP,54484,Stavanger Municipality,City,Europe,Norway,Public,Q1.2,Provide details of your jurisdiction in the table below.,1,Response,City/Municipality,County / Province,Sub-municipal district,262.22,5-10%,150663,2025,154518,2030,NOK Norwegian Krone,CRF Simplified level
2025 Disclosure Cycle,779465,CDP,54488,Trondheim Municipality,City,Europe,Norway,Public,Q1.2,Provide details of your jurisdiction in the table below.,1,Response,City/Municipality,County / Province,No lower level of government,528.6,61-70%,216889,2025,250341,2050,NOK Norwegian Krone,CRF Complete level
2025 Disclosure Cycle,779465,CDP,54492,Bergen Municipality,City,Europe,Norway,Public,Q1.2,Provide details of your jurisdiction in the table below.,1,Response,City/Municipality,State / regional,No lower level of government,464.76,61-70%,291940,2024,301200,2030,NOK Norwegian Krone,CRF Simplified level
2025 Disclosure Cycle,779465,CDP,54509,Jönköping Municipality,City,Europe,Sweden,Public,Q1.2,Provide details of your jurisdiction in the table below.,1,Response,City/Municipality,National,County / Province,1485,I do not have this data,148000,2025,157100,2035,SEK Swedish Krona,
2025 Disclosure Cycle,779465,CDP,54510,Umeå Municipality,City,Europe,Sweden,Public,Q1.2,Provide details of your jurisdiction in the table below.,1,Response,City/Municipality,City/Municipality,City / Municipality,5277.25,61-70%,132235.0,2022,154000.0,2040,SEK Swedish Krona,CRF Simplified level
2025 Disclosure Cycle,779465,CDP,54513,Uppsala Municipality,City,Europe,Sweden,Public,Q1.2,Provide details of your jurisdiction in the table below.,1,Response,City/Municipality,State / regional,No lower level of government,2234.0,31-40%,248016,2024,308000,2050,SEK Swedish Krona,CRF Simplified level
2025 Disclosure Cycle,779465,CDP,54516,Norrköping Municipality,City,Europe,Sweden,Public,Q1.2,Provide details of your jurisdiction in the table below.,1,Response,City/Municipality,County / Province,,1495,31-40%,144980,2024,,,,
2025 Disclosure Cycle,779465,CDP,54518,City of Helsingborg,City,Europe,Sweden,Public,Q1.2,Provide details of your jurisdiction in the table below.,1,Response,City/Municipality,State / regional,No lower level of government,344,21-30%,152091,2024,167000,2035,SEK Swedish Krona,CRF Complete level
2025 Disclosure Cycle,779465,CDP,54519,Lund Municipality,City,Europe,Sweden,Public,Q1.2,Provide details of your jurisdiction in the table below.,1,Response,City/Municipality,State / regional,No lower level of government,439.87,61-70%,130288,2023,142000.0,2030,SEK Swedish Krona,CRF Complete level
2025 Disclosure Cycle,779465,CDP,54529,City of Leicester,City,UKWW,United Kingdom,Public,Q1.2,Provide details of your jurisdiction in the table below.,1,Response,City/Municipality,National,No lower level of government,73.3,21-30%,379780,2022,393287,2030,GBP Pound Sterling,CRF Complete level
2025 Disclosure Cycle,779465,CDP,54530,City of Brighton & Hove,City,UKWW,United Kingdom,Public,Q1.2,Provide details of your jurisdiction in the table below.,1,Response,City/Municipality,National,No lower level of government,85.37,21-30%,279637,2023,303000.0,2030,GBP Pound Sterling,CRF Simplified level
2025 Disclosure Cycle,779465,CDP,54537,Sunderland City Council,City,UKWW,United Kingdom,Public,Q1.2,Provide details of your jurisdiction in the table below.,1,Response,City/Municipality,Other: North East Combined Authority,"Other: Hetton Town Council - covering the town of Hetton (roughly 9,000 people)",139.5,21-30%,281058,2023,275624,2040,GBP Pound Sterling,CRF Complete level
2025 Disclosure Cycle,779465,CDP,54608,Alcaldia de Montería,City,Latin America,Colombia,Public,Q1.2,Provide details of your jurisdiction in the table below.,1,Response,City/Municipality,State / regional,County / Province,3141,11-20%,574570,2025,725608,2042,COP Colombian Peso,CRF Complete level
2025 Disclosure Cycle,779465,CDP,54613,Alcaldia de Valdivia,City,Latin America,Chile,Public,Q1.2,Provide details of your jurisdiction in the table below.,1,Response,City/Municipality,State / regional,County / Province,1015.6,61-70%,170000,2024,190000,2030,CLP Chilean Peso,CRF Complete level
2025 Disclosure Cycle,779465,CDP,54617,Alcaldia de Pereira,City,Latin America,Colombia,Public,Q1.2,Provide details of your jurisdiction in the table below.,1,Response,City/Municipality,State / regional,No lower level of government,702,91-100%,500000,2021,600000,2030,COP Colombian Peso,CRF Simplified level
2025 Disclosure Cycle,779465,CDP,54637,Alcaldía de Cuenca,City,Latin America,Ecuador,Public,Q1.2,Provide details of your jurisdiction in the table below.,1,Response,City/Municipality,County / Province,Other: Parroquias,3195,51-60%,596101,2022,663441,2030,USD US Dollar,CRF Simplified level
2025 Disclosure Cycle,779465,CDP,54638,Prefeitura de Louveira,City,Latin America,Brazil,Public,Q1.2,Provide details of your jurisdiction in the table below.,1,Response,City/Municipality,City/Municipality,City / Municipality,55.349,21-30%,51847,2022,54111,2026,BRL Brazilian Real,
2025 Disclosure Cycle,779465,CDP,54647,Prefeitura de Jundiaí,City,Latin America,Brazil,Public,Q1.2,Provide details of your jurisdiction in the table below.,1,Response,City/Municipality,State / regional,City / Municipality,431.03,31-40%,443221,2022,424146.0,2050,BRL Brazilian Real,
2025 Disclosure Cycle,779465,CDP,54650,Prefeitura de Palmas,City,Latin America,Brazil,Public,Q1.2,Provide details of your jurisdiction in the table below.,1,Response,City/Municipality,State / regional,Sub-municipal district,2227.329,51-60%,302692.0,2022,323625,,BRL Brazilian Real,CRF Complete level
2025 Disclosure Cycle,779465,CDP,54651,Prefeitura de Santo André,City,Latin America,Brazil,Public,Q1.2,Provide details of your jurisdiction in the table below.,1,Response,City/Municipality,State / regional,Consolidated city-county,174.382,61-70%,748919,2022,782048,2026,USD US Dollar,CRF Simplified level
2025 Disclosure Cycle,779465,CDP,54667,Prefeitura Municipal de Contagem,City,Latin America,Brazil,Public,Q1.2,Provide details of your jurisdiction in the table below.,1,Response,Metropolitan area,State / regional,Independent city / municipality,194.746,31-40%,621863,2022,634455,2030,BRL Brazilian Real,CRF Simplified level
2025 Disclosure Cycle,779465,CDP,54670,Prefeitura Municipal de Capivari,City,Latin America,Brazil,Public,Q1.2,Provide details of your jurisdiction in the table below.,1,Response,City/Municipality,State / regional,No lower level of government,322.878,11-20%,50068,2022,,,BRL Brazilian Real,CRF Simplified level
2025 Disclosure Cycle,779465,CDP,54674,Prefeitura Municipal de Caxias do Sul,City,Latin America,Brazil,Public,Q1.2,Provide details of your jurisdiction in the table below.,1,Response,City/Municipality,State / regional,No lower level of government,1652.32,41-50%,463501,2022,479599,2026,BRL Brazilian Real,
2025 Disclosure Cycle,779465,CDP,54676,Prefeitura Municipal de Ponta Grossa,City,Latin America,Brazil,Public,Q1.2,Provide details of your jurisdiction in the table below.,1,Response,City/Municipality,State / regional,City / Municipality,2.068,5-10%,358,2022,500,2040,COU Unidad de Valor Real,CRF Simplified level
2025 Disclosure Cycle,779465,CDP,54693,Prefeitura Municipal de Ribeirão Preto,City,Latin America,Brazil,Public,Q1.2,Provide details of your jurisdiction in the table below.,1,Response,City/Municipality,State / regional,Consolidated city-county,650916,11-20%,698642,2022,731639,,BRL Brazilian Real,CRF Simplified level
2025 Disclosure Cycle,779465,CDP,54699,Prefeitura Municipal de Barueri,City,Latin America,Brazil,Public,Q1.2,Provide details of your jurisdiction in the table below.,1,Response,City/Municipality,State / regional,No lower level of government,65.701,21-30%,316473,2022,476974,2040,BRL Brazilian Real,
2025 Disclosure Cycle,779465,CDP,55161,City of Iida,City,Japan,Japan,Public,Q1.2,Provide details of your jurisdiction in the table below.,1,Response,City/Municipality,State / regional,No lower level of government,658.7,61-70%,93858,2025,91000.0,2028,JPY Japanese yen,
2025 Disclosure Cycle,779465,CDP,55180,City of Shizuoka,City,Japan,Japan,Public,Q1.2,Provide details of your jurisdiction in the table below.,1,Response,City/Municipality,National,No lower level of government,1411.93,71-80%,669265,2025,492027,2050,JPY Japanese yen,
2025 Disclosure Cycle,779465,CDP,55317,County Galway,City,Europe,Ireland,Public,Q1.2,Provide details of your jurisdiction in the table below.,1,Response,City/Municipality,State / regional,Independent city / municipality,50.7,I do not have this data,85256,2024,97500,2029,EUR Euro,
2025 Disclosure Cycle,779465,CDP,55324,Municipality of Guimarães,City,Europe,Portugal,Public,Q1.2,Provide details of your jurisdiction in the table below.,1,Response,City/Municipality,County / Province,No lower level of government,241.0,61-70%,156830.0,2021,144334.0,2050,EUR Euro,CRF Complete level
2025 Disclosure Cycle,779465,CDP,55325,Municipality of Águeda,City,Europe,Portugal,Public,Q1.2,Provide details of your jurisdiction in the table below.,1,Response,City/Municipality,National,Sub-municipal district,335,61-70%,46131.0,2021,43980.0,2030,EUR Euro,CRF Simplified level
2025 Disclosure Cycle,779465,CDP,55334,Municipality of Braga,City,Europe,Portugal,Public,Q1.2,Provide details of your jurisdiction in the table below.,1,Response,City/Municipality,City/Municipality,City / Municipality,183,21-30%,193324,2021,202109.0,,EUR Euro,CRF Complete level
2025 Disclosure Cycle,779465,CDP,55468,"City of Thousand Oaks, CA",City,North America,United States of America,Public,Q1.2,Provide details of your jurisdiction in the table below.,1,Response,City/Municipality,State / regional,No lower level of government,143.66,31-40%,122967,2023,146426,2045,USD US Dollar,
2025 Disclosure Cycle,779465,CDP,55800,"City of Cambridge, MA",City,North America,United States of America,Public,Q1.2,Provide details of your jurisdiction in the table below.,1,Response,City/Municipality,State / regional,No lower level of government,16.8,21-30%,118403.0,2020,128449.0,2040,USD US Dollar,CRF Simplified level
2025 Disclosure Cycle,779465,CDP,55801,"City of West Palm Beach, FL",City,North America,United States of America,Public,Q1.2,Provide details of your jurisdiction in the table below.,1,Response,City/Municipality,County / Province,No lower level of government,150.1,41-50%,124148,2024,142639,2050,USD US Dollar,CRF Simplified level
2025 Disclosure Cycle,779465,CDP,56276,New Taipei City Government,City,China,East Asia,Public,Q1.2,Provide details of your jurisdiction in the table below.,1,Response,City/Municipality,National,Sub-municipal district,2066.26,71-80%,4048526,2025,3645000,2050,TWD New Taiwan Dollar,CRF Complete level
2025 Disclosure Cycle,779465,CDP,57347,Pingtung County Government,City,China,East Asia,Public,Q1.2,Provide details of your jurisdiction in the table below.,1,Response,County / Province,National,Town,2776.0,51-60%,789239,2024,749367.0,2030,TWD New Taiwan Dollar,
2025 Disclosure Cycle,779465,CDP,57408,Çanakkale Municipality,City,UKWW,Türkiye,Public,Q1.2,Provide details of your jurisdiction in the table below.,1,Response,City/Municipality,National,Sub-municipal district,9.817,I do not have this data,568966,2024,570000,2026,TRY New Turkish Lira,
2025 Disclosure Cycle,779465,CDP,57509,Prefeitura de Niterói,City,Latin America,Brazil,Public,Q1.2,Provide details of your jurisdiction in the table below.,1,Response,City/Municipality,State / regional,No lower level of government,129.3,51-60%,515317.0,2020,533332.0,2035,BRL Brazilian Real,CRF Complete level
2025 Disclosure Cycle,779465,CDP,58413,"City of Carmel, IN",City,North America,United States of America,Public,Q1.2,Provide details of your jurisdiction in the table below.,1,Response,Independent city / municipality,County / Province,No lower level of government,127.132,5-10%,103890,2025,127423,2035,USD US Dollar,CRF Complete level
2025 Disclosure Cycle,779465,CDP,58489,Høje-Taastrup Municipality,City,Europe,Denmark,Public,Q1.2,Provide details of your jurisdiction in the table below.,1,Response,City/Municipality,National,No lower level of government,78.41,11-20%,58600,2022,61600,2030,DKK Danish Krone,CRF Complete level
2025 Disclosure Cycle,779465,CDP,58513,"City of Medford, MA",City,North America,United States of America,Public,Q1.2,Provide details of your jurisdiction in the table below.,1,Response,City/Municipality,State / regional,No lower level of government,22.4,31-40%,58744,2023,66417,2050,USD US Dollar,CRF Complete level
2025 Disclosure Cycle,779465,CDP,58590,"City of Easton, PA",City,North America,United States of America,Public,Q1.2,Provide details of your jurisdiction in the table below.,1,Response,City/Municipality,County / Province,No lower level of government,12.587,5-10%,28883,2022,32000.0,2040,USD US Dollar,CRF Simplified level
2025 Disclosure Cycle,779465,CDP,58595,Municipalidad de Belén,City,Latin America,Costa Rica,Public,Q1.2,Provide details of your jurisdiction in the table below.,1,Response,City/Municipality,City/Municipality,City / Municipality,11.8,61-70%,26000,2022,28000,2030,CRC Costa Rican Colon,CRF Complete level
2025 Disclosure Cycle,779465,CDP,58597,Municipalidad de La Unión,City,Latin America,Costa Rica,Public,Q1.2,Provide details of your jurisdiction in the table below.,1,Response,City/Municipality,City/Municipality,City / Municipality,44.83,41-50%,114615.0,2022,117216.0,2030,CRC Costa Rican Colon,CRF Complete level
2025 Disclosure Cycle,779465,CDP,58613,City of York Council,City,UKWW,United Kingdom,Public,Q1.2,Provide details of your jurisdiction in the table below.,1,Response,City/Municipality,State / regional,No lower level of government,272.0,61-70%,202821.0,2021,214759.0,2030,GBP Pound Sterling,CRF Complete level
2025 Disclosure Cycle,779465,CDP,58616,Vijayawada Municipal Corporation,City,India,India,Public,Q1.2,Provide details of your jurisdiction in the table below.,1,Response,City/Municipality,State / regional,No lower level of government,61.88,11-20%,1195150,2021,2360480,2050,INR Indian Rupee,CRF Complete level
2025 Disclosure Cycle,779465,CDP,58668,"City of New Bedford, MA",City,North America,United States of America,Public,Q1.2,Provide details of your jurisdiction in the table below.,1,Response,City/Municipality,County / Province,No lower level of government,52.0587,31-40%,101079.0,2020,110000.0,2050,USD US Dollar,CRF Simplified level
2025 Disclosure Cycle,779465,CDP,58671,Helsingør Municipality,City,Europe,Denmark,Public,Q1.2,Provide details of your jurisdiction in the table below.,1,Response,City/Municipality,State / regional,No lower level of government,1189.0,61-70%,63953,2025,64121.0,2041,DKK Danish Krone,CRF Complete level
2025 Disclosure Cycle,779465,CDP,58866,Beşiktaş Municipality,City,UKWW,Türkiye,Public,Q1.2,Provide details of your jurisdiction in the table below.,1,Response,City/Municipality,Metropolitan area,Other: Neighborhood Mukhtar,18.01,5-10%,175190,2022,161602,2030,TRY New Turkish Lira,CRF Simplified level
2025 Disclosure Cycle,779465,CDP,58871,"City of Salem, MA",City,North America,United States of America,Public,Q1.2,Provide details of your jurisdiction in the table below.,1,Response,City/Municipality,State / regional,No lower level of government,21.24,31-40%,44481,2020,46548.0,2040,USD US Dollar,CRF Simplified level
2025 Disclosure Cycle,779465,CDP,59151,City of Akureyri,City,Europe,Iceland,Public,Q1.2,Provide details of your jurisdiction in the table below.,1,Response,City/Municipality,National,No lower level of government,136.0,71-80%,20050,2025,22597,2040,ISK Iceland Krona,CRF Complete level
2025 Disclosure Cycle,779465,CDP,59166,Municipalidad de Independencia,City,Latin America,Chile,Public,Q1.2,Provide details of your jurisdiction in the table below.,1,Response,City/Municipality,State / regional,City / Municipality,7.4,5-10%,116943,2024,157214,2026,CLP Chilean Peso,CRF Simplified level
2025 Disclosure Cycle,779465,CDP,59167,Municipalidad de Providencia,City,Latin America,Chile,Public,Q1.2,Provide details of your jurisdiction in the table below.,1,Response,City/Municipality,State / regional,No lower level of government,14.0,11-20%,143974,2024,170166.0,2030,CLP Chilean Peso,CRF Simplified level
2025 Disclosure Cycle,779465,CDP,59532,"City of Hoboken, NJ",City,North America,United States of America,Public,Q1.2,Provide details of your jurisdiction in the table below.,1,Response,City/Municipality,State / regional,No lower level of government,3.26,41-50%,59369,2024,65000.0,2035,USD US Dollar,CRF Complete level
2025 Disclosure Cycle,779465,CDP,59536,"City of Kitchener, ON",City,North America,Canada,Public,Q1.2,Provide details of your jurisdiction in the table below.,1,Response,City/Municipality,State / regional,No lower level of government,136.86,21-30%,256885,2021,450000,2050,CAD Canadian Dollar,CRF Simplified level
2025 Disclosure Cycle,779465,CDP,59537,"City of Denton, TX",City,North America,United States of America,Public,Q1.2,Provide details of your jurisdiction in the table below.,1,Response,City/Municipality,County / Province,Intercommunality / Intermunicipality,231.33,31-40%,165998,2024,376713.0,2050,USD US Dollar,
2025 Disclosure Cycle,779465,CDP,59538,"City of Mississauga, ON",City,North America,Canada,Public,Q1.2,Provide details of your jurisdiction in the table below.,1,Response,City/Municipality,State / regional,No lower level of government,291.74,41-50%,717961.0,2021,995000.0,2050,CAD Canadian Dollar,
2025 Disclosure Cycle,779465,CDP,59545,"City of Charlottesville, VA",City,North America,United States of America,Public,Q1.2,Provide details of your jurisdiction in the table below.,1,Response,Independent city / municipality,State / regional,No lower level of government,29.9358,31-40%,51743,2024,57832,2050,USD US Dollar,CRF Simplified level
2025 Disclosure Cycle,779465,CDP,59562,"City of Urbana, IL",City,North America,United States of America,Public,Q1.2,Provide details of your jurisdiction in the table below.,1,Response,City/Municipality,State / regional,No lower level of government,26,<5%,38336,2023,,,,
2025 Disclosure Cycle,779465,CDP,59563,"City of Takoma Park, MD",City,North America,United States of America,Public,Q1.2,Provide details of your jurisdiction in the table below.,1,Response,City/Municipality,County / Province,City / Municipality,5.41,61-70%,17703,2020,18500.0,2035,USD US Dollar,CRF Simplified level
2025 Disclosure Cycle,779465,CDP,59572,"District of Saanich, BC",City,North America,Canada,Public,Q1.2,Provide details of your jurisdiction in the table below.,1,Response,Local government area within a greater metropolitan area,Other: Regional District,No lower level of government,103.44,61-70%,117735,2021,152497,2046,CAD Canadian Dollar,CRF Complete level
2025 Disclosure Cycle,779465,CDP,59588,"Town of Chapel Hill, NC",City,North America,United States of America,Public,Q1.2,Provide details of your jurisdiction in the table below.,1,Response,City/Municipality,County / Province,No lower level of government,56.32,21-30%,64028,2024,83608.0,2050,USD US Dollar,
2025 Disclosure Cycle,779465,CDP,59609,"City of Concord, CA",City,North America,United States of America,Public,Q1.2,Provide details of your jurisdiction in the table below.,1,Response,City/Municipality,County / Province,No lower level of government,79.117,21-30%,125410,2020,172305,2035,USD US Dollar,
2025 Disclosure Cycle,779465,CDP,59633,"City of Santa Cruz, CA",City,North America,United States of America,Public,Q1.2,Provide details of your jurisdiction in the table below.,1,Response,City/Municipality,County / Province,No lower level of government,41.0,31-40%,63016,2022,75257.0,2035,USD US Dollar,CRF Complete level
2025 Disclosure Cycle,779465,CDP,59653,"City of Manhattan Beach, CA",City,North America,United States of America,Public,Q1.2,Provide details of your jurisdiction in the table below.,1,Response,City/Municipality,County / Province,No lower level of government,10.2,31-40%,33369,2023,36200,2030,USD US Dollar,CRF Simplified level
2025 Disclosure Cycle,779465,CDP,59677,"City of Mountain View, CA",City,North America,United States of America,Public,Q1.2,Provide details of your jurisdiction in the table below.,1,Response,City/Municipality,County / Province,No lower level of government,30.98,11-20%,84463,2023,97898.0,2050,USD US Dollar,
2025 Disclosure Cycle,779465,CDP,59678,"City of Evanston, IL",City,North America,United States of America,Public,Q1.2,Provide details of your jurisdiction in the table below.,1,Response,City/Municipality,County / Province,No lower level of government,20.21,21-30%,76006,2024,95426.0,2050,USD US Dollar,CRF Simplified level
2025 Disclosure Cycle,779465,CDP,59696,"City of Longmont, CO",City,North America,United States of America,Public,Q1.2,Provide details of your jurisdiction in the table below.,1,Response,City/Municipality,County / Province,Town,81.2,21-30%,102866,2024,110666.0,2030,USD US Dollar,
2025 Disclosure Cycle,779465,CDP,59708,"City of Bethlehem, PA",City,North America,United States of America,Public,Q1.2,Provide details of your jurisdiction in the table below.,1,Response,City/Municipality,County / Province,No lower level of government,50.0,71-80%,80034,2025,94229,2040,USD US Dollar,CRF Simplified level
2025 Disclosure Cycle,779465,CDP,59956,Banda Aceh City Government,City,South East Asia & Oceania,Indonesia,Public,Q1.2,Provide details of your jurisdiction in the table below.,1,Response,City/Municipality,County / Province,Sub-municipal district,61.36,21-30%,262962,2024,281194,2030,IDR Rupiah,CRF Complete level
2025 Disclosure Cycle,779465,CDP,59957,Samarinda City Government,City,South East Asia & Oceania,Indonesia,Public,Q1.2,Provide details of your jurisdiction in the table below.,1,Response,City/Municipality,Independent province,Sub-municipal district,716.9,21-30%,868499,2024,900000,2030,IDR Rupiah,
2025 Disclosure Cycle,779465,CDP,59958,Tweed Shire Council,City,South East Asia & Oceania,Australia,Public,Q1.2,Provide details of your jurisdiction in the table below.,1,Response,City/Municipality,State / regional,No lower level of government,1321,81-90%,98967,2023,128833,2041,AUD Australian Dollar,CRF Simplified level
2025 Disclosure Cycle,779465,CDP,59985,City of Puerto Princesa,City,South East Asia & Oceania,Philippines,Public,Q1.2,Provide details of your jurisdiction in the table below.,1,Response,City/Municipality,State / regional,Town,2381,61-70%,316384,2024,670265.0,2040,PHP Philippine Peso,CRF Complete level
2025 Disclosure Cycle,779465,CDP,59996,Batangas City,City,South East Asia & Oceania,Philippines,Public,Q1.2,Provide details of your jurisdiction in the table below.,1,Response,City/Municipality,National,City / Municipality,285.4144,61-70%,370298,2023,423226,2035,PHP Philippine Peso,CRF Simplified level
2025 Disclosure Cycle,779465,CDP,59997,City of Iloilo,City,South East Asia & Oceania,Philippines,Public,Q1.2,Provide details of your jurisdiction in the table below.,1,Response,Other: City (HUC),National,,78.34,21-30%,473728,2024,573645,2050,USD US Dollar,
2025 Disclosure Cycle,779465,CDP,59998,Narayanganj City Corporation,City,India,Bangladesh,Public,Q1.2,Provide details of your jurisdiction in the table below.,1,Response,City/Municipality,County / Province,,72.43,11-20%,2000000,2025,25000000,2035,BDT Bangladeshi Taka,CRF Simplified level
2025 Disclosure Cycle,779465,CDP,60003,Baguio City,City,South East Asia & Oceania,Philippines,Public,Q1.2,Provide details of your jurisdiction in the table below.,1,Response,City/Municipality,State / regional,Town,57.52,41-50%,366358.0,2020,409695.0,2029,PHP Philippine Peso,
2025 Disclosure Cycle,779465,CDP,60007,City of Santa Rosa,City,South East Asia & Oceania,Philippines,Public,Q1.2,Provide details of your jurisdiction in the table below.,1,Response,Other: Component City,City/Municipality,City / Municipality,55.43,<5%,491925,2025,508988,2026,PHP Philippine Peso,
2025 Disclosure Cycle,779465,CDP,60009,Bacolod City,City,South East Asia & Oceania,Philippines,Public,Q1.2,Provide details of your jurisdiction in the table below.,1,Response,City/Municipality,National,Independent city / municipality,161.45,11-20%,635641,2024,650000,2026,PHP Philippine Peso,
2025 Disclosure Cycle,779465,CDP,60019,Rajshahi City Corporation,City,India,Bangladesh,Public,Q1.2,Provide details of your jurisdiction in the table below.,1,Response,City/Municipality,County / Province,Town,96.7,21-30%,500000,2025,700000,2030,BDT Bangladeshi Taka,CRF Simplified level
2025 Disclosure Cycle,779465,CDP,60029,City of Cagayan de Oro,City,South East Asia & Oceania,Philippines,Public,Q1.2,Provide details of your jurisdiction in the table below.,1,Response,City/Municipality,State / regional,Other: Barangay/Village,578.51,11-20%,741617,2024,808960,2026,PHP Philippine Peso,CRF Simplified level
2025 Disclosure Cycle,779465,CDP,60051,Kakinada Municipal Corporation,City,India,India,Public,Q1.2,Provide details of your jurisdiction in the table below.,1,Response,City/Municipality,State / regional,No lower level of government,31.95,21-30%,312538,2011,570653,2030,INR Indian Rupee,CRF Complete level
2025 Disclosure Cycle,779465,CDP,60078,City of Lappeenranta,City,Europe,Finland,Public,Q1.2,Provide details of your jurisdiction in the table below.,1,Response,City/Municipality,State / regional,No lower level of government,1724,11-20%,72988,2023,70012.0,2040,EUR Euro,
2025 Disclosure Cycle,779465,CDP,60097,City of Sarajevo,City,Europe,Bosnia and Herzegovina,Public,Q1.2,Provide details of your jurisdiction in the table below.,1,Response,City/Municipality,Consolidated city-county,City / Municipality,141.5,71-80%,275524,2013,400000,2032,BAM Convertible Marks,CRF Simplified level
2025 Disclosure Cycle,779465,CDP,60102,Blackpool Council,City,UKWW,United Kingdom,Public,Q1.2,Provide details of your jurisdiction in the table below.,1,Response,Town,National,No lower level of government,34.87,21-30%,140954.0,2022,140700.0,2030,GBP Pound Sterling,
2025 Disclosure Cycle,779465,CDP,60104,Cambridge City Council,City,UKWW,United Kingdom,Public,Q1.2,Provide details of your jurisdiction in the table below.,1,Response,Local government area within a greater metropolitan area,County / Province,No lower level of government,40.7,41-50%,149352,2024,158065,2041,GBP Pound Sterling,
2025 Disclosure Cycle,779465,CDP,60105,Kirklees Council,City,UKWW,United Kingdom,Public,Q1.2,Provide details of your jurisdiction in the table below.,1,Response,Local government area within a greater metropolitan area,County / Province,Town,408.6,61-70%,437794,2022,420984,2038,GBP Pound Sterling,CRF Complete level
2025 Disclosure Cycle,779465,CDP,60108,Norwich City Council,City,UKWW,United Kingdom,Public,Q1.2,Provide details of your jurisdiction in the table below.,1,Response,City/Municipality,County / Province,City / Municipality,39.02,11-20%,145591,2023,155000.0,2030,GBP Pound Sterling,
2025 Disclosure Cycle,779465,CDP,60112,City of Debrecen,City,Europe,Hungary,Public,Q1.2,Provide details of your jurisdiction in the table below.,1,Response,City/Municipality,County / Province,No lower level of government,461.0,41-50%,201704,2024,257100.0,2030,HUF Forint,
2025 Disclosure Cycle,779465,CDP,60113,Dundee City Council,City,UKWW,United Kingdom,Public,Q1.2,Provide details of your jurisdiction in the table below.,1,Response,City/Municipality,State / regional,No lower level of government,62.2238,41-50%,150390,2023,147897,2043,GBP Pound Sterling,CRF Complete level
2025 Disclosure Cycle,779465,CDP,60126,City of Tartu,City,Europe,Estonia,Public,Q1.2,Provide details of your jurisdiction in the table below.,1,Response,Metropolitan area,National,No lower level of government,154,61-70%,97924,2024,100049,2040,EUR Euro,CRF Simplified level
2025 Disclosure Cycle,779465,CDP,60127,Municipality of Thessaloniki,City,Europe,Greece,Public,Q1.2,Provide details of your jurisdiction in the table below.,1,Response,City/Municipality,State / regional,Sub-municipal district,20.8,<5%,319045,2021,316590,,EUR Euro,CRF Simplified level
2025 Disclosure Cycle,779465,CDP,60140,City of Nakuru,City,UKWW,Kenya,Public,Q1.2,Provide details of your jurisdiction in the table below.,1,Response,County / Province,National,Consolidated city-county,7505.0,5-10%,2162202,2019,3013894.0,2050,KES Kenyan Shilling,CRF Complete level
2025 Disclosure Cycle,779465,CDP,60142,City of Kisumu,City,UKWW,Kenya,Public,Q1.2,Provide details of your jurisdiction in the table below.,1,Response,County / Province,National,City / Municipality,2085.9,<5%,1155574.0,2019,1389489.0,2030,KES Kenyan Shilling,CRF Simplified level
2025 Disclosure Cycle,779465,CDP,60151,City of Tuzla (Bosnia-Herzegovina),City,Europe,Bosnia and Herzegovina,Public,Q1.2,Provide details of your jurisdiction in the table below.,1,Response,City/Municipality,Federal district,No lower level of government,302,31-40%,107504,2013,115800,2050,BAM Convertible Marks,
2025 Disclosure Cycle,779465,CDP,60165,Municipality of Fuenlabrada,City,Europe,Spain,Public,Q1.2,Provide details of your jurisdiction in the table below.,1,Response,City/Municipality,County / Province,Sub-municipal district,39.28,5-10%,194886,2024,,,EUR Euro,CRF Simplified level
2025 Disclosure Cycle,779465,CDP,60178,Linköping Municipality,City,Europe,Sweden,Public,Q1.2,Provide details of your jurisdiction in the table below.,1,Response,City/Municipality,State / regional,No lower level of government,1427.44,81-90%,168124,2025,198568,2045,SEK Swedish Krona,CRF Complete level
2025 Disclosure Cycle,779465,CDP,60183,City of Rzeszów,City,Europe,Poland,Public,Q1.2,Provide details of your jurisdiction in the table below.,1,Response,City/Municipality,State / regional,City / Municipality,129,I do not have this data,200000,2024,215000,2030,PLN Zloty,
2025 Disclosure Cycle,779465,CDP,60186,Nacka Municipality,City,Europe,Sweden,Public,Q1.2,Provide details of your jurisdiction in the table below.,1,Response,City/Municipality,City/Municipality,City / Municipality,128.8,51-60%,112112,2025,134000,2040,SEK Swedish Krona,
2025 Disclosure Cycle,779465,CDP,60187,City of Solna,City,Europe,Sweden,Public,Q1.2,Provide details of your jurisdiction in the table below.,1,Response,City/Municipality,City/Municipality,City / Municipality,22,41-50%,85789,2024,98877,2033,SEK Swedish Krona,
2025 Disclosure Cycle,779465,CDP,60216,Växjö Municipality,City,Europe,Sweden,Public,Q1.2,Provide details of your jurisdiction in the table below.,1,Response,City/Municipality,State / regional,No lower level of government,1925.0,61-70%,98334,2024,107000.0,2030,SEK Swedish Krona,CRF Complete level
2025 Disclosure Cycle,779465,CDP,60226,Luleå Municipality,City,Europe,Sweden,Public,Q1.2,Provide details of your jurisdiction in the table below.,1,Response,City/Municipality,State / regional,City / Municipality,2110,51-60%,79645,2024,87678,2033,SEK Swedish Krona,CRF Complete level
2025 Disclosure Cycle,779465,CDP,60236,Trelleborg Municipality,City,Europe,Sweden,Public,Q1.2,Provide details of your jurisdiction in the table below.,1,Response,City/Municipality,County / Province,No lower level of government,340.0,71-80%,46649.0,2022,48500,2030,SEK Swedish Krona,CRF Complete level
2025 Disclosure Cycle,779465,CDP,60268,Prefeitura de Brumadinho,City,Latin America,Brazil,Public,Q1.2,Provide details of your jurisdiction in the table below.,1,Response,City/Municipality,Consolidated city-county,Independent city / municipality,639.434,51-60%,40777,,48800,,,
2025 Disclosure Cycle,779465,CDP,60305,Prefeitura de Mossoró,City,Latin America,Brazil,Public,Q1.2,Provide details of your jurisdiction in the table below.,1,Response,City/Municipality,State / regional,Sub-municipal district,2099.334,,264577,2022,278587,2026,BRL Brazilian Real,
2025 Disclosure Cycle,779465,CDP,60310,Prefeitura de Petrópolis,City,Latin America,Brazil,Public,Q1.2,Provide details of your jurisdiction in the table below.,1,Response,City/Municipality,State / regional,No lower level of government,791.144,91-100%,278881,2022,294926,2026,BRL Brazilian Real,CRF Simplified level
2025 Disclosure Cycle,779465,CDP,60320,Prefeitura de Presidente Prudente,City,Latin America,Brazil,Public,Q1.2,Provide details of your jurisdiction in the table below.,1,Response,City/Municipality,State / regional,No lower level of government,562.794,I do not have this data,225668,2022,234083,2026,BRL Brazilian Real,
2025 Disclosure Cycle,779465,CDP,60332,Prefeitura de São Carlos,City,Latin America,Brazil,Public,Q1.2,Provide details of your jurisdiction in the table below.,1,Response,City/Municipality,State / regional,City / Municipality,1136.907,I do not have this data,254857,2022,26594,2026,BRL Brazilian Real,
2025 Disclosure Cycle,779465,CDP,60341,Prefeitura de Rio Grande,City,Latin America,Brazil,Public,Q1.2,Provide details of your jurisdiction in the table below.,1,Response,City/Municipality,State / regional,Consolidated city-county,2.6981,21-30%,192000,2022,,,BRL Brazilian Real,
2025 Disclosure Cycle,779465,CDP,60349,Prefeitura de São Leopoldo,City,Latin America,Brazil,Public,Q1.2,Provide details of your jurisdiction in the table below.,1,Response,City/Municipality,State / regional,Sub-municipal district,103009.0,21-30%,237720,2021,233296.0,2050,BRL Brazilian Real,CRF Complete level
2025 Disclosure Cycle,779465,CDP,60351,Prefeitura de Sobral,City,Latin America,Brazil,Public,Q1.2,Provide details of your jurisdiction in the table below.,1,Response,,City/Municipality,Town,203.023,21-30%,203023.0,2022,2,,BRL Brazilian Real,CRF Simplified level
2025 Disclosure Cycle,779465,CDP,60361,Prefeitura de Tangará da Serra,City,Latin America,Brazil,Public,Q1.2,Provide details of your jurisdiction in the table below.,1,Response,City/Municipality,City/Municipality,City / Municipality,11636,91-100%,106434,2022,114603,2026,BRL Brazilian Real,CRF Complete level
2025 Disclosure Cycle,779465,CDP,60381,Alcaldía Distrital de Santa Marta,City,Latin America,Colombia,Public,Q1.2,Provide details of your jurisdiction in the table below.,1,Response,Local government area within a greater metropolitan area,City/Municipality,City / Municipality,2393.0,51-60%,577388.0,2023,603364.0,2035,COP Colombian Peso,
2025 Disclosure Cycle,779465,CDP,60384,Alcaldía de Yopal,City,Latin America,Colombia,Public,Q1.2,Provide details of your jurisdiction in the table below.,1,Response,City/Municipality,State / regional,No lower level of government,2595,,196758,2024,195000,2040,,
2025 Disclosure Cycle,779465,CDP,60385,Alcaldía de Villavicencio,City,Latin America,Colombia,Public,Q1.2,Provide details of your jurisdiction in the table below.,1,Response,City/Municipality,State / regional,No lower level of government,1328,61-70%,558229,2023,571703,2030,COP Colombian Peso,CRF Simplified level
2025 Disclosure Cycle,779465,CDP,60388,Municipalidad Provincial de Chiclayo,City,Latin America,Peru,Public,Q1.2,Provide details of your jurisdiction in the table below.,1,Response,State / regional,City/Municipality,No lower level of government,174.5,5-10%,270496,2017,320560,2030,PEN Nuevo Sol,CRF Simplified level
2025 Disclosure Cycle,779465,CDP,60396,Municipalidad Provincial de Maynas (Iquitos),City,Latin America,Peru,Public,Q1.2,Provide details of your jurisdiction in the table below.,1,Response,County / Province,State / regional,City / Municipality,73932,61-70%,559603,2022,596436,2030,PEN Nuevo Sol,CRF Simplified level
2025 Disclosure Cycle,779465,CDP,60400,Municipalidad de Temuco,City,Latin America,Chile,Public,Q1.2,Provide details of your jurisdiction in the table below.,1,Response,City/Municipality,State / regional,Town,464,5-10%,309696,2024,308175,,CLP Chilean Peso,CRF Complete level
2025 Disclosure Cycle,779465,CDP,60407,Municipalidad de Colina,City,Latin America,Chile,Public,Q1.2,Provide details of your jurisdiction in the table below.,1,Response,City/Municipality,County / Province,No lower level of government,971.2,I do not have this data,146207,2017,230114,2035,CLP Chilean Peso,
2025 Disclosure Cycle,779465,CDP,60408,Municipalidad de Talca,City,Latin America,Chile,Public,Q1.2,Provide details of your jurisdiction in the table below.,1,Response,City/Municipality,State / regional,No lower level of government,232,21-30%,232131,2024,275000,2030,CLP Chilean Peso,
2025 Disclosure Cycle,779465,CDP,60410,Municipalidad de Peñalolén,City,Latin America,Chile,Public,Q1.2,Provide details of your jurisdiction in the table below.,1,Response,City/Municipality,State / regional,No lower level of government,54.0,31-40%,270707,2022,277899.0,2030,CLP Chilean Peso,CRF Complete level
2025 Disclosure Cycle,779465,CDP,60433,Hvidovre Municipality,City,Europe,Denmark,Public,Q1.2,Provide details of your jurisdiction in the table below.,1,Response,City/Municipality,National,No lower level of government,22.9,11-20%,53443,2023,56419.0,2030,DKK Danish Krone,CRF Simplified level
2025 Disclosure Cycle,779465,CDP,60546,Nanjing Municipal People's Government,City,China,China,Public,Q1.2,Provide details of your jurisdiction in the table below.,1,Response,City/Municipality,County / Province,Sub-municipal district,6587.02,41-50%,9547000,2023,13000000,2035,CNY Yuan Renminbi,
2025 Disclosure Cycle,779465,CDP,60588,City of Alba Iulia,City,Europe,Romania,Public,Q1.2,Provide details of your jurisdiction in the table below.,1,Response,City/Municipality,County / Province,No lower level of government,103,<5%,74342,2024,74684,2030,EUR Euro,CRF Simplified level
2025 Disclosure Cycle,779465,CDP,60599,"Town of Bridgewater, NS",City,North America,Canada,Public,Q1.2,Provide details of your jurisdiction in the table below.,1,Response,City/Municipality,County / Province,No lower level of government,13.61,21-30%,8790.0,2021,10533,2050,CAD Canadian Dollar,CRF Simplified level
2025 Disclosure Cycle,779465,CDP,60602,"Town of Ajax, ON",City,North America,Canada,Public,Q1.2,Provide details of your jurisdiction in the table below.,1,Response,Independent city / municipality,Other: Regional Municiplaity,No lower level of government,67.3,21-30%,126666.0,2021,134063.0,2026,CAD Canadian Dollar,
2025 Disclosure Cycle,779465,CDP,60625,Dire Dawa,City,UKWW,Ethiopia,Public,Q1.2,Provide details of your jurisdiction in the table below.,1,Response,City/Municipality,National,County / Province,4.8,5-10%,355000,2024,661070,2050,USD US Dollar,CRF Complete level
2025 Disclosure Cycle,779465,CDP,60656,"City of Piedmont, CA",City,North America,United States of America,Public,Q1.2,Provide details of your jurisdiction in the table below.,1,Response,City/Municipality,County / Province,No lower level of government,4.4,5-10%,10811,2022,15000,2045,USD US Dollar,CRF Simplified level
2025 Disclosure Cycle,779465,CDP,60892,Municipalidad de Punta Arenas,City,Latin America,Chile,Public,Q1.2,Provide details of your jurisdiction in the table below.,1,Response,City/Municipality,State / regional,No lower level of government,17.8463,51-60%,132363,2024,138470,2026,CLP Chilean Peso,CRF Complete level
2025 Disclosure Cycle,779465,CDP,60905,Municipalidad de Maipú,City,Latin America,Chile,Public,Q1.2,Provide details of your jurisdiction in the table below.,1,Response,City/Municipality,State / regional,No lower level of government,135.5,I do not have this data,503635,2024,,,CLP Chilean Peso,CRF Simplified level
2025 Disclosure Cycle,779465,CDP,60906,Municipalidad de Vitacura,City,Latin America,Chile,Public,Q1.2,Provide details of your jurisdiction in the table below.,1,Response,City/Municipality,State / regional,No lower level of government,28.3,21-30%,91198,2017,94314,2030,CLP Chilean Peso,CRF Complete level
2025 Disclosure Cycle,779465,CDP,61467,Dipolog City,City,South East Asia & Oceania,Philippines,Public,Q1.2,Provide details of your jurisdiction in the table below.,1,Response,City/Municipality,County / Province,Sub-municipal district,136.28,5-10%,138141,2020,208397,2050,PHP Philippine Peso,CRF Simplified level
2025 Disclosure Cycle,779465,CDP,62171,Metropolitan Municipality of Rouen,City,Europe,France,Public,Q1.2,Provide details of your jurisdiction in the table below.,1,Response,Intercommunality / Intermunicipality,State / regional,City / Municipality,663.8,61-70%,500703,2022,532681.0,2033,EUR Euro,
2025 Disclosure Cycle,779465,CDP,62407,Blacktown City Council,City,South East Asia & Oceania,Australia,Public,Q1.2,Provide details of your jurisdiction in the table below.,1,Response,Local government area within a greater metropolitan area,State / regional,No lower level of government,246.9,<5%,410944,2022,540511,2041,AUD Australian Dollar,CRF Simplified level
2025 Disclosure Cycle,779465,CDP,62791,City of Botoșani,City,Europe,Romania,Public,Q1.2,Provide details of your jurisdiction in the table below.,1,Response,City/Municipality,National,No lower level of government,41.36,21-30%,90010,2021,110000,2027,RON Romanian New Leu,CRF Complete level
2025 Disclosure Cycle,779465,CDP,62793,City of Ploiești,City,Europe,Romania,Public,Q1.2,Provide details of your jurisdiction in the table below.,1,Response,City/Municipality,County / Province,No lower level of government,58.26,21-30%,200000,2021,317508,2030,EUR Euro,
2025 Disclosure Cycle,779465,CDP,62795,City of Brașov,City,Europe,Romania,Public,Q1.2,Provide details of your jurisdiction in the table below.,1,Response,City/Municipality,State / regional,No lower level of government,262,41-50%,237589,2021,220200,2030,EUR Euro,
2025 Disclosure Cycle,779465,CDP,62800,City of Bistrița,City,Europe,Romania,Public,Q1.2,Provide details of your jurisdiction in the table below.,1,Response,City/Municipality,County / Province,No lower level of government,145,11-20%,79000,2021,80000,2030,EUR Euro,CRF Complete level
2025 Disclosure Cycle,779465,CDP,63562,"City of South Bend, IN",City,North America,United States of America,Public,Q1.2,Provide details of your jurisdiction in the table below.,1,Response,City/Municipality,Consolidated city-county,Sub-municipal district,107.38,21-30%,103353.0,2021,102587.0,2030,USD US Dollar,CRF Simplified level
2025 Disclosure Cycle,779465,CDP,63601,"Township of Maplewood, NJ",City,North America,United States of America,Public,Q1.2,Provide details of your jurisdiction in the table below.,1,Response,City/Municipality,County / Province,No lower level of government,9,21-30%,25321,2023,,,USD US Dollar,
2025 Disclosure Cycle,779465,CDP,63608,City of Melville,City,South East Asia & Oceania,Australia,Public,Q1.2,Provide details of your jurisdiction in the table below.,1,Response,City/Municipality,State / regional,No lower level of government,53.0,21-30%,110426,2023,126586,2046,AUD Australian Dollar,CRF Complete level
2025 Disclosure Cycle,779465,CDP,63836,Vadodara Municipal Corporation,City,India,India,Public,Q1.2,Provide details of your jurisdiction in the table below.,1,Response,City/Municipality,State / regional,No lower level of government,220.33,11-20%,2559975,2021,4866796,2050,INR Indian Rupee,CRF Complete level
2025 Disclosure Cycle,779465,CDP,63941,"Broward County, FL",City,North America,United States of America,Public,Q1.2,Provide details of your jurisdiction in the table below.,1,Response,County / Province,State / regional,City / Municipality,3172,61-70%,2037472,2024,2210000,2050,USD US Dollar,
2025 Disclosure Cycle,779465,CDP,64014,"City of Cupertino, CA",City,North America,United States of America,Public,Q1.2,Provide details of your jurisdiction in the table below.,1,Response,City/Municipality,County / Province,No lower level of government,29.29,31-40%,58710,2023,68305.0,2040,USD US Dollar,CRF Simplified level
2025 Disclosure Cycle,779465,CDP,68250,City of Canada Bay,City,South East Asia & Oceania,Australia,Public,Q1.2,Provide details of your jurisdiction in the table below.,1,Response,Local government area within a greater metropolitan area,State / regional,No lower level of government,19.82,11-20%,89139.0,2022,120000.0,2036,AUD Australian Dollar,
2025 Disclosure Cycle,779465,CDP,68265,Georges River Council,City,South East Asia & Oceania,Australia,Public,Q1.2,Provide details of your jurisdiction in the table below.,1,Response,City/Municipality,State / regional,No lower level of government,38.36,I do not have this data,158051,2023,184426,2046,AUD Australian Dollar,
2025 Disclosure Cycle,779465,CDP,68267,Sutherland Shire Council,City,South East Asia & Oceania,Australia,Public,Q1.2,Provide details of your jurisdiction in the table below.,1,Response,Local government area within a greater metropolitan area,State / regional,No lower level of government,369,61-70%,238614,2024,257531,2036,AUD Australian Dollar,CRF Complete level
2025 Disclosure Cycle,779465,CDP,68384,Prefeitura de Engenheiro Coelho,City,Latin America,Brazil,Public,Q1.2,Provide details of your jurisdiction in the table below.,1,Response,City/Municipality,City/Municipality,City / Municipality,119798,31-40%,1919566,2022,22000,2026,BRL Brazilian Real,
2025 Disclosure Cycle,779465,CDP,69824,Västervik Municipality,City,Europe,Sweden,Public,Q1.2,Provide details of your jurisdiction in the table below.,1,Response,City/Municipality,County / Province,No lower level of government,1872.0,61-70%,36434,2023,36300,2035,SEK Swedish Krona,
2025 Disclosure Cycle,779465,CDP,69849,Santa Cruz de Galápagos,City,Latin America,Ecuador,Public,Q1.2,Provide details of your jurisdiction in the table below.,1,Response,City/Municipality,Other: Concejo de Gobierno de Galápagos,Other: Gobierno Auntónomo Descentralizado Parroquial,109627.32,81-90%,17673,2022,18630,2030,USD US Dollar,
2025 Disclosure Cycle,779465,CDP,69968,Alcaldia de Rionegro,City,Latin America,Colombia,Public,Q1.2,Provide details of your jurisdiction in the table below.,1,Response,City/Municipality,State / regional,No lower level of government,197,61-70%,116400.0,2018,146880.0,,COP Colombian Peso,CRF Simplified level
2025 Disclosure Cycle,779465,CDP,70247,Hsinchu City Government,City,China,East Asia,Public,Q1.2,Provide details of your jurisdiction in the table below.,1,Response,City/Municipality,National,Town,104.1,31-40%,457242,2024,500000.0,2030,TWD New Taiwan Dollar,
2025 Disclosure Cycle,779465,CDP,73295,"City of La Crosse, WI",City,North America,United States of America,Public,Q1.2,Provide details of your jurisdiction in the table below.,1,Response,City/Municipality,County / Province,No lower level of government,56.21,21-30%,51380.0,2020,55000.0,2050,USD US Dollar,CRF Simplified level
2025 Disclosure Cycle,779465,CDP,73413,Commune de Cocody,City,UKWW,Côte d'Ivoire,Public,Q1.2,Provide details of your jurisdiction in the table below.,1,Response,City/Municipality,Federal district,City / Municipality,132,31-40%,692583.0,2021,800000.0,2030,USD US Dollar,CRF Complete level
2025 Disclosure Cycle,779465,CDP,73645,KwaDukuza,City,UKWW,South Africa,Public,Q1.2,Provide details of your jurisdiction in the table below.,1,Response,City/Municipality,National,City / Municipality,740,5-10%,324912,2022,430084.0,2030,ZAR South African Rand,CRF Simplified level
2025 Disclosure Cycle,779465,CDP,73666,"Cuyahoga County, OH",City,North America,United States of America,Public,Q1.2,Provide details of your jurisdiction in the table below.,1,Response,County / Province,State / regional,City / Municipality,2040.0,61-70%,1225276,2025,1154210.0,2030,USD US Dollar,CRF Simplified level
2025 Disclosure Cycle,779465,CDP,73669,"San Luis Obispo, CA",City,North America,United States of America,Public,Q1.2,Provide details of your jurisdiction in the table below.,1,Response,City/Municipality,State / regional,No lower level of government,33.5,41-50%,49729,2024,56686.0,2035,USD US Dollar,CRF Simplified level
2025 Disclosure Cycle,779465,CDP,73671,Godoy Cruz,City,Latin America,Argentina,Public,Q1.2,Provide details of your jurisdiction in the table below.,1,Response,City/Municipality,County / Province,No lower level of government,107,I do not have this data,195159,2022,197084,2030,ARS Argentine Peso,CRF Complete level
2025 Disclosure Cycle,779465,CDP,73678,Chañar Ladeado,City,Latin America,Argentina,Public,Q1.2,Provide details of your jurisdiction in the table below.,1,Response,City/Municipality,State / regional,No lower level of government,263,I do not have this data,6250,2022,7273,2030,ARS Argentine Peso,CRF Complete level
2025 Disclosure Cycle,779465,CDP,73683,Municipality of Durango,City,Europe,Spain,Public,Q1.2,Provide details of your jurisdiction in the table below.,1,Response,City/Municipality,State / regional,Town,123451.29,71-80%,1832650,2020,5000000,2028,MXN Mexican Peso,CRF Simplified level
2025 Disclosure Cycle,779465,CDP,73687,Sabaneta,City,Latin America,Colombia,Public,Q1.2,Provide details of your jurisdiction in the table below.,1,Response,City/Municipality,State / regional,No lower level of government,15,91-100%,89647,2024,93937,2034,COP Colombian Peso,CRF Simplified level
2025 Disclosure Cycle,779465,CDP,73725,Guaminí,City,Latin America,Argentina,Public,Q1.2,Provide details of your jurisdiction in the table below.,1,Response,City/Municipality,State / regional,No lower level of government,4827,I do not have this data,11801,2022,13195,2030,ARS Argentine Peso,CRF Complete level
2025 Disclosure Cycle,779465,CDP,73737,"City of Naga, Camarines Sur",City,South East Asia & Oceania,Philippines,Public,Q1.2,Provide details of your jurisdiction in the table below.,1,Response,City/Municipality,County / Province,Other: Barangay,84.48,5-10%,210545,2024,301300,2030,PHP Philippine Peso,CRF Simplified level
2025 Disclosure Cycle,779465,CDP,73738,Khon Kaen City Municipality,City,South East Asia & Oceania,Thailand,Public,Q1.2,Provide details of your jurisdiction in the table below.,1,Response,City/Municipality,County / Province,No lower level of government,46,11-20%,100211,2025,106306,2030,THB Baht,CRF Simplified level
2025 Disclosure Cycle,779465,CDP,73742,City of Catbalogan,City,South East Asia & Oceania,Philippines,Public,Q1.2,Provide details of your jurisdiction in the table below.,1,Response,City/Municipality,County / Province,City / Municipality,565.34,61-70%,107896,2024,110840,2030,PHP Philippine Peso,CRF Simplified level
2025 Disclosure Cycle,779465,CDP,73746,Probolinggo,City,South East Asia & Oceania,Indonesia,Public,Q1.2,Provide details of your jurisdiction in the table below.,1,Response,City/Municipality,County / Province,Sub-municipal district,55.197,21-30%,243746,2024,263727,2030,IDR Rupiah,CRF Simplified level
2025 Disclosure Cycle,779465,CDP,73750,Tarakan City,City,South East Asia & Oceania,Indonesia,Public,Q1.2,Provide details of your jurisdiction in the table below.,1,Response,City/Municipality,County / Province,Sub-municipal district,250.8,31-40%,255310,2024,269176,2030,IDR Rupiah,CRF Simplified level
2025 Disclosure Cycle,779465,CDP,73752,Bontang City,City,South East Asia & Oceania,Indonesia,Public,Q1.2,Provide details of your jurisdiction in the table below.,1,Response,City/Municipality,County / Province,Sub-municipal district,161.88,31-40%,191811,2024,204278,2030,IDR Rupiah,CRF Simplified level
2025 Disclosure Cycle,779465,CDP,73755,Legazpi City,City,South East Asia & Oceania,Philippines,Public,Q1.2,Provide details of your jurisdiction in the table below.,1,Response,City/Municipality,County / Province,Special city / municipality,161.6543,11-20%,209533,2020,239602,2030,PHP Philippine Peso,CRF Simplified level
2025 Disclosure Cycle,779465,CDP,73758,Mataram City,City,South East Asia & Oceania,Indonesia,Public,Q1.2,Provide details of your jurisdiction in the table below.,1,Response,City/Municipality,County / Province,Sub-municipal district,60.13,5-10%,441147,2023,499956,2045,IDR Rupiah,CRF Simplified level
2025 Disclosure Cycle,779465,CDP,73759,Jambi City,City,South East Asia & Oceania,Indonesia,Public,Q1.2,Provide details of your jurisdiction in the table below.,1,Response,City/Municipality,County / Province,Sub-municipal district,169.887,11-20%,635101,2024,741758,2045,IDR Rupiah,CRF Simplified level
2025 Disclosure Cycle,779465,CDP,73763,San Carlos City,City,South East Asia & Oceania,Philippines,Public,Q1.2,Provide details of your jurisdiction in the table below.,1,Response,City/Municipality,County / Province,Town,451.5,21-30%,132650,2020,20000,2040,PHP Philippine Peso,CRF Simplified level
2025 Disclosure Cycle,779465,CDP,73771,Banjarmasin City,City,South East Asia & Oceania,Indonesia,Public,Q1.2,Provide details of your jurisdiction in the table below.,1,Response,City/Municipality,County / Province,Other: Kelurahan,98.46,5-10%,681693,2024,682228,2026,IDR Rupiah,CRF Complete level
2025 Disclosure Cycle,779465,CDP,73782,Thimphu,City,India,Bhutan,Public,Q1.2,Provide details of your jurisdiction in the table below.,1,Response,City/Municipality,National,No lower level of government,26,11-20%,114551,2017,183390,2047,BTN Ngultrum,CRF Simplified level
2025 Disclosure Cycle,779465,CDP,73795,Girardota,City,Latin America,Colombia,Public,Q1.2,Provide details of your jurisdiction in the table below.,1,Response,City/Municipality,National,City / Municipality,82.86,,,,,,,
2025 Disclosure Cycle,779465,CDP,73810,"Miami-Dade, FL",City,North America,United States of America,Public,Q1.2,Provide details of your jurisdiction in the table below.,1,Response,County / Province,State / regional,City / Municipality,4917.0,71-80%,2662777.0,2021,3367040.0,2040,USD US Dollar,CRF Simplified level
2025 Disclosure Cycle,779465,CDP,73879,Roskilde Municipality,City,Europe,Denmark,Public,Q1.2,Provide details of your jurisdiction in the table below.,1,Response,City/Municipality,State / regional,No lower level of government,212,11-20%,90446,2023,96600,2040,DKK Danish Krone,CRF Complete level
2025 Disclosure Cycle,779465,CDP,73892,Holbæk Municipality,City,Europe,Denmark,Public,Q1.2,Provide details of your jurisdiction in the table below.,1,Response,City/Municipality,State / regional,No lower level of government,577,71-80%,73440,2023,77431.0,2050,DKK Danish Krone,
2025 Disclosure Cycle,779465,CDP,74296,Pekalongan,City,South East Asia & Oceania,Indonesia,Public,Q1.2,Provide details of your jurisdiction in the table below.,1,Response,City/Municipality,County / Province,Sub-municipal district,46.2,21-30%,321095,2024,337348,2029,IDR Rupiah,
2025 Disclosure Cycle,779465,CDP,74302,Bandar Lampung City,City,South East Asia & Oceania,Indonesia,Public,Q1.2,Provide details of your jurisdiction in the table below.,1,Response,City/Municipality,County / Province,,183.77,I do not have this data,24,2024,,,IDR Rupiah,
2025 Disclosure Cycle,779465,CDP,74317,Surat Thani Municipality,City,South East Asia & Oceania,Thailand,Public,Q1.2,Provide details of your jurisdiction in the table below.,1,Response,City/Municipality,County / Province,No lower level of government,68.97,21-30%,131171,2024,140352,2027,THB Baht,
2025 Disclosure Cycle,779465,CDP,74325,Pontianak,City,South East Asia & Oceania,Indonesia,Public,Q1.2,Provide details of your jurisdiction in the table below.,1,Response,City/Municipality,County / Province,Federal district,118.209,11-20%,680852,2024,774637.0,2030,IDR Rupiah,CRF Complete level
2025 Disclosure Cycle,779465,CDP,74332,Manado City,City,South East Asia & Oceania,Indonesia,Public,Q1.2,Provide details of your jurisdiction in the table below.,1,Response,City/Municipality,County / Province,Sub-municipal district,1624132.44,41-50%,460434,2024,476771,2030,IDR Rupiah,
2025 Disclosure Cycle,779465,CDP,74334,Cirebon City,City,South East Asia & Oceania,Indonesia,Public,Q1.2,Provide details of your jurisdiction in the table below.,1,Response,City/Municipality,County / Province,Sub-municipal district,39.46,11-20%,356629,2024,432067,2045,IDR Rupiah,
2025 Disclosure Cycle,779465,CDP,74346,Bengkulu City,City,South East Asia & Oceania,Indonesia,Public,Q1.2,Provide details of your jurisdiction in the table below.,1,Response,Town,County / Province,Sub-municipal district,151.2,21-30%,397321,2025,400000,2026,IDR Rupiah,
2025 Disclosure Cycle,779465,CDP,74350,Jayapura City,City,South East Asia & Oceania,Indonesia,Public,Q1.2,Provide details of your jurisdiction in the table below.,1,Response,City/Municipality,National,Sub-municipal district,835.94,61-70%,404193,2023,497691,2032,IDR Rupiah,CRF Simplified level
2025 Disclosure Cycle,779465,CDP,74371,Himeji,City,Japan,Japan,Public,Q1.2,Provide details of your jurisdiction in the table below.,1,Response,Special city / municipality,State / regional,No lower level of government,534.35,51-60%,516989,2025,461967.0,2045,JPY Japanese yen,
2025 Disclosure Cycle,779465,CDP,74391,Ternate,City,South East Asia & Oceania,Indonesia,Public,Q1.2,Provide details of your jurisdiction in the table below.,1,Response,City/Municipality,City/Municipality,City / Municipality,,,,,,,,
2025 Disclosure Cycle,779465,CDP,74401,"City of Encinitas, CA",City,North America,United States of America,Public,Q1.2,Provide details of your jurisdiction in the table below.,1,Response,City/Municipality,County / Province,No lower level of government,52,21-30%,62007,2020,68828,2050,USD US Dollar,
2025 Disclosure Cycle,779465,CDP,74414,"Boulder County, CO",City,North America,United States of America,Public,Q1.2,Provide details of your jurisdiction in the table below.,1,Response,County / Province,State / regional,Independent city / municipality,1920,21-30%,330262,2024,349880.0,2030,USD US Dollar,
2025 Disclosure Cycle,779465,CDP,74418,"Town of Breckenridge, CO",City,North America,United States of America,Public,Q1.2,Provide details of your jurisdiction in the table below.,1,Response,Town,County / Province,Sub-municipal district,14.2,21-30%,4892,2024,,,USD US Dollar,
2025 Disclosure Cycle,779465,CDP,74462,"Village of Oak Park, IL",City,North America,United States of America,Public,Q1.2,Provide details of your jurisdiction in the table below.,1,Response,City/Municipality,State / regional,No lower level of government,12.17,31-40%,54583,2020,56932.0,2050,USD US Dollar,
2025 Disclosure Cycle,779465,CDP,74508,"City of Winona, MN",City,North America,United States of America,Public,Q1.2,Provide details of your jurisdiction in the table below.,1,Response,City/Municipality,County / Province,No lower level of government,62.98,51-60%,25948.0,2020,,,USD US Dollar,
2025 Disclosure Cycle,779465,CDP,74531,"Santa Fe County, NM",City,North America,United States of America,Public,Q1.2,Provide details of your jurisdiction in the table below.,1,Response,County / Province,State / regional,City / Municipality,4949.0,41-50%,155956,2023,186937.0,2050,USD US Dollar,
2025 Disclosure Cycle,779465,CDP,74539,"City of Oberlin, OH",City,North America,United States of America,Public,Q1.2,Provide details of your jurisdiction in the table below.,1,Response,City/Municipality,County / Province,Town,12.85,31-40%,8555,2020,8555,2026,USD US Dollar,
2025 Disclosure Cycle,779465,CDP,74540,"Village of Hastings-on-Hudson, NY",City,North America,United States of America,Public,Q1.2,Provide details of your jurisdiction in the table below.,1,Response,City/Municipality,City/Municipality,No lower level of government,5.13,41-50%,8500.0,2021,9000.0,2031,USD US Dollar,CRF Simplified level
2025 Disclosure Cycle,779465,CDP,74560,"City of Moab, UT",City,North America,United States of America,Public,Q1.2,Provide details of your jurisdiction in the table below.,1,Response,City/Municipality,County / Province,No lower level of government,12.4,I do not have this data,5321,2022,5384,2026,USD US Dollar,CRF Simplified level
2025 Disclosure Cycle,779465,CDP,74568,"City of Shoreline, WA",City,North America,United States of America,Public,Q1.2,Provide details of your jurisdiction in the table below.,1,Response,City/Municipality,County / Province,Sub-municipal district,31.86,51-60%,63740,2025,69320.0,2050,USD US Dollar,
2025 Disclosure Cycle,779465,CDP,74575,"Dane County, WI",City,North America,United States of America,Public,Q1.2,Provide details of your jurisdiction in the table below.,1,Response,County / Province,State / regional,City / Municipality,3210,51-60%,611149,2025,660070,2030,USD US Dollar,
2025 Disclosure Cycle,779465,CDP,74594,"City of Boynton Beach, FL",City,North America,United States of America,Public,Q1.2,Provide details of your jurisdiction in the table below.,1,Response,City/Municipality,County / Province,No lower level of government,42.7,41-50%,81748.0,2022,88255.0,2030,USD US Dollar,CRF Complete level
2025 Disclosure Cycle,779465,CDP,74670,Antalya Metropolitan Municipality,City,UKWW,Türkiye,Public,Q1.2,Provide details of your jurisdiction in the table below.,1,Response,Local government area within a greater metropolitan area,Local government area within a greater metropolitan area,Sub-municipal district,20177.0,51-60%,2722103,2025,2758398,2026,TRY New Turkish Lira,
2025 Disclosure Cycle,779465,CDP,74671,Kadıköy,City,UKWW,Türkiye,Public,Q1.2,Provide details of your jurisdiction in the table below.,1,Response,City/Municipality,County / Province,No lower level of government,25.09,11-20%,481983.0,2022,705926.0,2030,TRY New Turkish Lira,CRF Complete level
2025 Disclosure Cycle,779465,CDP,74672,Nilüfer Municipality,City,UKWW,Türkiye,Public,Q1.2,Provide details of your jurisdiction in the table below.,1,Response,County / Province,Metropolitan area,Sub-municipal district,0.5075,<5%,561730,2024,948564.0,2030,TRY New Turkish Lira,CRF Simplified level
2025 Disclosure Cycle,779465,CDP,74673,İzmir Metropolitan Municipality,City,UKWW,Türkiye,Public,Q1.2,Provide details of your jurisdiction in the table below.,1,Response,City/Municipality,Sub-municipal district,No lower level of government,12012,31-40%,4493242,2024,5033986,2030,TRY New Turkish Lira,
2025 Disclosure Cycle,779465,CDP,74680,City of Iași,City,Europe,Romania,Public,Q1.2,Provide details of your jurisdiction in the table below.,1,Response,City/Municipality,State / regional,No lower level of government,9.391,11-20%,383825,2024,813500,2030,RON Romanian New Leu,CRF Complete level
2025 Disclosure Cycle,779465,CDP,74690,Municipality of L'Hospitalet de Llobregat,City,Europe,Spain,Public,Q1.2,Provide details of your jurisdiction in the table below.,1,Response,City/Municipality,Metropolitan area,Sub-municipal district,12.49,<5%,300424,2024,285852,2030,EUR Euro,
2025 Disclosure Cycle,779465,CDP,74698,Beira,City,UKWW,Mozambique,Public,Q1.2,Provide details of your jurisdiction in the table below.,1,Response,City/Municipality,City/Municipality,City / Municipality,633,21-30%,533825,2017,256000,,MZN Metical,
2025 Disclosure Cycle,779465,CDP,826129,Ayuntamiento de Jesús María,City,Latin America,Mexico,Public,Q1.2,Provide details of your jurisdiction in the table below.,1,Response,City/Municipality,State / regional,No lower level of government,66459.0,11-20%,18982.0,2020,19172.0,2030,MXN Mexican Peso,
2025 Disclosure Cycle,779465,CDP,826208,Junta Intermunicipal de Medio Ambiente de Sierra Occidental y Costa (JISOC),City,Latin America,Mexico,Public,Q1.2,Provide details of your jurisdiction in the table below.,1,Response,Intercommunality / Intermunicipality,State / regional,City / Municipality,9258.0,61-70%,349325.0,2020,384258.0,2030,MXN Mexican Peso,
2025 Disclosure Cycle,779465,CDP,826211,Junta Intermunicipal de Medio Ambiente Altos Sur (JIAS),City,Latin America,Mexico,Public,Q1.2,Provide details of your jurisdiction in the table below.,1,Response,Intercommunality / Intermunicipality,State / regional,City / Municipality,6612.82,31-40%,411448.0,2020,436915.0,2030,MXN Mexican Peso,
2025 Disclosure Cycle,779465,CDP,826212,JIRCO,City,Latin America,Mexico,Public,Q1.2,Provide details of your jurisdiction in the table below.,1,Response,Intercommunality / Intermunicipality,Intercommunality / Intermunicipality,Intercommunality / Intermunicipality,6543,I do not have this data,311676,2020,348626,2030,MXN Mexican Peso,
2025 Disclosure Cycle,779465,CDP,826217,Prefeitura de Francisco Morato,City,Latin America,Brazil,Public,Q1.2,Provide details of your jurisdiction in the table below.,1,Response,City/Municipality,State / regional,Town,49.164,21-30%,165139.0,2022,200000,2026,BRL Brazilian Real,CRF Complete level
2025 Disclosure Cycle,779465,CDP,826396,Municipality of Sintra,City,Europe,Portugal,Public,Q1.2,Provide details of your jurisdiction in the table below.,1,Response,City/Municipality,State / regional,Other: Parish,319,21-30%,395528,2023,423690.0,2050,EUR Euro,CRF Simplified level
2025 Disclosure Cycle,779465,CDP,826405,Municipality of Maia,City,Europe,Portugal,Public,Q1.2,Provide details of your jurisdiction in the table below.,1,Response,City/Municipality,Metropolitan area,Other: Freguesia,82.99,41-50%,138964,2023,126109.0,2030,EUR Euro,CRF Complete level
2025 Disclosure Cycle,779465,CDP,826425,Municipality of Caldas da Rainha,City,Europe,Portugal,Public,Q1.2,Provide details of your jurisdiction in the table below.,1,Response,City/Municipality,State / regional,Other: Freguesia,255.0,51-60%,55206,2024,50000.0,2050,EUR Euro,CRF Simplified level
2025 Disclosure Cycle,779465,CDP,826426,Municipality of Covilhã,City,Europe,Portugal,Public,Q1.2,Provide details of your jurisdiction in the table below.,1,Response,City/Municipality,National,No lower level of government,555.6,71-80%,46375,2023,45090,2030,EUR Euro,CRF Complete level
2025 Disclosure Cycle,779465,CDP,826429,Municipality of Figueira da Foz,City,Europe,Portugal,Public,Q1.2,Provide details of your jurisdiction in the table below.,1,Response,City/Municipality,State / regional,Other: Freguesia,379.05,31-40%,60670,2023,57469,2030,EUR Euro,
2025 Disclosure Cycle,779465,CDP,826431,Municipality of Loulé,City,Europe,Portugal,Public,Q1.2,Provide details of your jurisdiction in the table below.,1,Response,City/Municipality,National,Other: Freguesia,763.67,51-60%,72332.0,2021,74410,,EUR Euro,CRF Complete level
2025 Disclosure Cycle,779465,CDP,826446,City of Bradford,City,UKWW,United Kingdom,Public,Q1.2,Provide details of your jurisdiction in the table below.,1,Response,Metropolitan area,County / Province,Sub-municipal district,370,61-70%,563600,2024,570100,2032,GBP Pound Sterling,
2025 Disclosure Cycle,779465,CDP,831234,"City of Fredericton, NB",City,North America,Canada,Public,Q1.2,Provide details of your jurisdiction in the table below.,1,Response,City/Municipality,County / Province,No lower level of government,132.6,61-70%,63116.0,2023,114000,2050,CAD Canadian Dollar,CRF Simplified level
2025 Disclosure Cycle,779465,CDP,831431,Cornwall Council,City,UKWW,United Kingdom,Public,Q1.2,Provide details of your jurisdiction in the table below.,1,Response,County / Province,National,Town,3563.0,61-70%,588695,2022,627314,2030,GBP Pound Sterling,CRF Complete level
2025 Disclosure Cycle,779465,CDP,831674,Municipality of Amarante,City,Europe,Portugal,Public,Q1.2,Provide details of your jurisdiction in the table below.,1,Response,City/Municipality,County / Province,Other: Freguesia,301.0,<5%,52131.0,2021,51200,2031,EUR Euro,
2025 Disclosure Cycle,779465,CDP,831812,Municipalidad de Puerto Barrios,City,Latin America,Guatemala,Public,Q1.2,Provide details of your jurisdiction in the table below.,1,Response,City/Municipality,State / regional,No lower level of government,1292,41-50%,129000,2018,142000,2026,GTQ Quetzal,
2025 Disclosure Cycle,779465,CDP,831923,Muğla,City,UKWW,Türkiye,Public,Q1.2,Provide details of your jurisdiction in the table below.,1,Response,Local government area within a greater metropolitan area,National,Metropolitan area,12974,61-70%,1066736,2023,1500000.0,2030,TRY New Turkish Lira,CRF Simplified level
2025 Disclosure Cycle,779465,CDP,831952,Municipalidad de Portoviejo,City,Latin America,Ecuador,Public,Q1.2,Provide details of your jurisdiction in the table below.,1,Response,City/Municipality,County / Province,Other: Parroquia,967.5,21-30%,322925,2024,340615,2030,USD US Dollar,CRF Complete level
2025 Disclosure Cycle,779465,CDP,831999,Municipalidad de Monteverde,City,Latin America,Costa Rica,Public,Q1.2,Provide details of your jurisdiction in the table below.,1,Response,City/Municipality,National,Special city / municipality,53.14,61-70%,6216,2022,7433,2050,USD US Dollar,CRF Complete level
2025 Disclosure Cycle,779465,CDP,832078,Municipality of Mafra,City,Europe,Portugal,Public,Q1.2,Provide details of your jurisdiction in the table below.,1,Response,City/Municipality,County / Province,City / Municipality,292.0,61-70%,89055,2023,93711,2030,EUR Euro,
2025 Disclosure Cycle,779465,CDP,832300,North Tyneside Council,City,UKWW,United Kingdom,Public,Q1.2,Provide details of your jurisdiction in the table below.,1,Response,Local government area within a greater metropolitan area,National,No lower level of government,84.82,21-30%,211769,2023,218387.0,2030,GBP Pound Sterling,CRF Complete level
2025 Disclosure Cycle,779465,CDP,832508,Hartlepool Borough Council,City,UKWW,United Kingdom,Public,Q1.2,Provide details of your jurisdiction in the table below.,1,Response,Other: Unitary Authority,State / regional,No lower level of government,94.0,5-10%,98180,2024,93863.0,2043,GBP Pound Sterling,CRF Complete level
2025 Disclosure Cycle,779465,CDP,832610,"Orange County, NC",City,North America,United States of America,Public,Q1.2,Provide details of your jurisdiction in the table below.,1,Response,County / Province,State / regional,City / Municipality,639.81,71-80%,152239,2023,189448.0,2050,USD US Dollar,CRF Simplified level
2025 Disclosure Cycle,779465,CDP,832838,"Town of Wellfleet, MA",City,North America,United States of America,Public,Q1.2,Provide details of your jurisdiction in the table below.,1,Response,City/Municipality,County / Province,Intercommunality / Intermunicipality,91.7,71-80%,3566,2020,2479,2050,USD US Dollar,CRF Simplified level
2025 Disclosure Cycle,779465,CDP,833284,West Midlands Combined Authority,City,UKWW,United Kingdom,Public,Q1.2,Provide details of your jurisdiction in the table below.,1,Response,Metropolitan area,National,City / Municipality,902.0,11-20%,2919600.0,2021,3227600.0,2038,GBP Pound Sterling,
2025 Disclosure Cycle,779465,CDP,834058,Bogor Regency,City,South East Asia & Oceania,Indonesia,Public,Q1.2,Provide details of your jurisdiction in the table below.,1,Response,City/Municipality,State / regional,Sub-municipal district,2991.78,21-30%,5682303,2024,5918258,2030,IDR Rupiah,
2025 Disclosure Cycle,779465,CDP,834083,"City of Eau Claire, WI",City,North America,United States of America,Public,Q1.2,Provide details of your jurisdiction in the table below.,1,Response,City/Municipality,County / Province,No lower level of government,94.79,41-50%,73011,2025,78400,2030,USD US Dollar,CRF Complete level
2025 Disclosure Cycle,779465,CDP,834094,City of Ligao,City,South East Asia & Oceania,Philippines,Public,Q1.2,Provide details of your jurisdiction in the table below.,1,Response,City/Municipality,County / Province,Other: Barangay,24640,I do not have this data,119779,2024,0,,PHP Philippine Peso,
2025 Disclosure Cycle,779465,CDP,834120,City of Tanjungpinang,City,South East Asia & Oceania,Indonesia,Public,Q1.2,Provide details of your jurisdiction in the table below.,1,Response,City/Municipality,Independent province,Sub-municipal district,15.037,11-20%,239216,2024,249390,2029,IDR Rupiah,CRF Complete level
2025 Disclosure Cycle,779465,CDP,834126,Dobong-gu District of Seoul,City,South East Asia & Oceania,Korea (The Republic of),Public,Q1.2,Provide details of your jurisdiction in the table below.,1,Response,City/Municipality,State / regional,Sub-municipal district,20.84,41-50%,306948,2023,304929,2030,KRW South Korean Won,CRF Complete level
2025 Disclosure Cycle,779465,CDP,834131,Fuji City,City,Japan,Japan,Public,Q1.2,Provide details of your jurisdiction in the table below.,1,Response,City/Municipality,State / regional,No lower level of government,244.95,71-80%,246967,2024,235565.0,2031,JPY Japanese yen,
2025 Disclosure Cycle,779465,CDP,834142,George Local Municipality,City,UKWW,South Africa,Public,Q1.2,Provide details of your jurisdiction in the table below.,1,Response,City/Municipality,County / Province,No lower level of government,5191.0,61-70%,224015.0,2022,236737.0,2026,ZAR South African Rand,
2025 Disclosure Cycle,779465,CDP,834161,Kinmen County Government,City,China,East Asia,Public,Q1.2,Provide details of your jurisdiction in the table below.,1,Response,County / Province,State / regional,Town,151.656,41-50%,141295,2024,153000.0,2030,TWD New Taiwan Dollar,
2025 Disclosure Cycle,779465,CDP,834255,Municipality of Guaymallén,City,Latin America,Argentina,Public,Q1.2,Provide details of your jurisdiction in the table below.,1,Response,City/Municipality,State / regional,No lower level of government,164.0,71-80%,321966,2022,369592,2030,USD US Dollar,CRF Complete level
2025 Disclosure Cycle,779465,CDP,834261,Municipality of Irapuato,City,Latin America,Mexico,Public,Q1.2,Provide details of your jurisdiction in the table below.,1,Response,City/Municipality,State / regional,No lower level of government,851.0,61-70%,592953.0,2020,620096.0,2030,MXN Mexican Peso,CRF Simplified level
2025 Disclosure Cycle,779465,CDP,834273,Municipality of Lautaro,City,Latin America,Chile,Public,Q1.2,Provide details of your jurisdiction in the table below.,1,Response,City/Municipality,State / regional,Independent city / municipality,901.0,21-30%,45,2025,41936,,CLP Chilean Peso,CRF Simplified level
2025 Disclosure Cycle,779465,CDP,834280,Municipality of Pérez,City,Latin America,Argentina,Public,Q1.2,Provide details of your jurisdiction in the table below.,1,Response,City/Municipality,County / Province,No lower level of government,68,I do not have this data,32430,2022,35500,2030,ARS Argentine Peso,CRF Complete level
2025 Disclosure Cycle,779465,CDP,834284,Municipality of Salamanca,City,Latin America,Mexico,Public,Q1.2,Provide details of your jurisdiction in the table below.,1,Response,City/Municipality,State / regional,No lower level of government,755.6,31-40%,273417,2020,300994,2050,MXN Mexican Peso,
2025 Disclosure Cycle,779465,CDP,834339,Odawara City,City,Japan,Japan,Public,Q1.2,Provide details of your jurisdiction in the table below.,1,Response,Special city / municipality,State / regional,Sub-municipal district,113.6,71-80%,184847,2025,172785.0,2030,JPY Japanese yen,
2025 Disclosure Cycle,779465,CDP,834347,Seberang Perai Municipal Council,City,South East Asia & Oceania,Malaysia,Public,Q1.2,Provide details of your jurisdiction in the table below.,1,Response,City/Municipality,State / regional,Intercommunality / Intermunicipality,744,41-50%,1135000.0,2022,1600000.0,2050,MYR Malaysian Ringgit,CRF Complete level
2025 Disclosure Cycle,779465,CDP,834348,Phuentsholing Municipality,City,India,Bhutan,Public,Q1.2,Provide details of your jurisdiction in the table below.,1,Response,City/Municipality,National,No lower level of government,15.6,71-80%,30000,2025,0,,BTN Ngultrum,
2025 Disclosure Cycle,779465,CDP,834382,City of Trollhättan,City,Europe,Sweden,Public,Q1.2,Provide details of your jurisdiction in the table below.,1,Response,City/Municipality,County / Province,No lower level of government,427.71,51-60%,59003,2024,61117,2034,SEK Swedish Krona,
2025 Disclosure Cycle,779465,CDP,834386,Thung Song Town Municipality,City,South East Asia & Oceania,Thailand,Public,Q1.2,Provide details of your jurisdiction in the table below.,1,Response,City/Municipality,County / Province,No lower level of government,7.17,71-80%,28767,2025,30000,2027,,CRF Simplified level
2025 Disclosure Cycle,779465,CDP,834400,Yasothon Town Municipality,City,South East Asia & Oceania,Thailand,Public,Q1.2,Provide details of your jurisdiction in the table below.,1,Response,Independent city / municipality,County / Province,No lower level of government,9.7,71-80%,19831,2024,20001,2027,THB Baht,CRF Simplified level
2025 Disclosure Cycle,779465,CDP,834515,Şanlıurfa Metropolitan Municipality,City,UKWW,Türkiye,Public,Q1.2,Provide details of your jurisdiction in the table below.,1,Response,City/Municipality,National,Sub-municipal district,19220,11-20%,2213964,2023,3810000,2050,EUR Euro,CRF Complete level
2025 Disclosure Cycle,779465,CDP,838937,Mersin Metropolitan Municipality,City,UKWW,Türkiye,Public,Q1.2,Provide details of your jurisdiction in the table below.,1,Response,City/Municipality,National,Sub-municipal district,15853,11-20%,1938389,2023,2330750.0,2050,TRY New Turkish Lira,CRF Complete level
2025 Disclosure Cycle,779465,CDP,838939,Kocaeli Metropolitan Municipality,City,UKWW,Türkiye,Public,Q1.2,Provide details of your jurisdiction in the table below.,1,Response,City/Municipality,National,County / Province,3505.0,<5%,2130006,2024,2700000.0,2030,TRY New Turkish Lira,CRF Simplified level
2025 Disclosure Cycle,779465,CDP,839572,Putrajaya City,City,South East Asia & Oceania,Malaysia,Public,Q1.2,Provide details of your jurisdiction in the table below.,1,Response,State / regional,National,No lower level of government,49.31,31-40%,155818,2024,200000,2030,MYR Malaysian Ringgit,CRF Simplified level
2025 Disclosure Cycle,779465,CDP,839666,Municipio de Escuintla,City,Latin America,Guatemala,Public,Q1.2,Provide details of your jurisdiction in the table below.,1,Response,City/Municipality,State / regional,Intercommunality / Intermunicipality,332,41-50%,176287,2025,185443,2030,GTQ Quetzal,CRF Simplified level
2025 Disclosure Cycle,779465,CDP,839668,Municipio de Iztapa,City,Latin America,Guatemala,Public,Q1.2,Provide details of your jurisdiction in the table below.,1,Response,City/Municipality,State / regional,"Other: Aldea, Caserío",164,31-40%,21264,2025,22551,2030,GTQ Quetzal,CRF Simplified level
2025 Disclosure Cycle,779465,CDP,839669,Municipio de San Jose,City,Latin America,Guatemala,Public,Q1.2,Provide details of your jurisdiction in the table below.,1,Response,City/Municipality,State / regional,"Other: Aldea, colonia, caserillo",280,51-60%,71229,2025,75671,2030,GTQ Quetzal,
2025 Disclosure Cycle,779465,CDP,839970,San Justo (Argentina),City,Latin America,Argentina,Public,Q1.2,Provide details of your jurisdiction in the table below.,1,Response,City/Municipality,County / Province,No lower level of government,26,I do not have this data,26366,2022,29001,2030,ARS Argentine Peso,CRF Complete level
2025 Disclosure Cycle,779465,CDP,840024,Perth and Kinross,City,UKWW,United Kingdom,Public,Q1.2,Provide details of your jurisdiction in the table below.,1,Response,Independent city / municipality,National,Sub-municipal district,5418.9444,21-30%,153810.0,2021,152779.0,2028,GBP Pound Sterling,CRF Simplified level
2025 Disclosure Cycle,779465,CDP,840075,Unley City Council,City,South East Asia & Oceania,Australia,Public,Q1.2,Provide details of your jurisdiction in the table below.,1,Response,Local government area within a greater metropolitan area,State / regional,No lower level of government,14.4,<5%,39929,2023,46082.0,2040,AUD Australian Dollar,CRF Simplified level
2025 Disclosure Cycle,779465,CDP,840105,Samdrup Jongkhar Municipality,City,India,Bhutan,Public,Q1.2,Provide details of your jurisdiction in the table below.,1,Response,City/Municipality,National,No lower level of government,4.47,I do not have this data,9325,2024,0,2026,BTN Ngultrum,CRF Simplified level
2025 Disclosure Cycle,779465,CDP,840113,Bhavnagar Municipal Corporation,City,India,India,Public,Q1.2,Provide details of your jurisdiction in the table below.,1,Response,City/Municipality,State / regional,No lower level of government,119,11-20%,806120,2024,1144898,2050,INR Indian Rupee,CRF Complete level
2025 Disclosure Cycle,779465,CDP,840118,Jamnagar Municipal Corporation,City,India,India,Public,Q1.2,Provide details of your jurisdiction in the table below.,1,Response,City/Municipality,State / regional,No lower level of government,128.4,11-20%,605995,2022,984828,2050,INR Indian Rupee,CRF Simplified level
2025 Disclosure Cycle,779465,CDP,840131,Tiruchirappalli City Municipal Corporation,City,India,India,Public,Q1.2,Provide details of your jurisdiction in the table below.,1,Response,City/Municipality,State / regional,County / Province,167.2,5-10%,1081234,2021,1332000.0,2030,INR Indian Rupee,CRF Complete level
2025 Disclosure Cycle,779465,CDP,840134,Tirunelveli Municipal Corporation,City,India,India,Public,Q1.2,Provide details of your jurisdiction in the table below.,1,Response,City/Municipality,State / regional,No lower level of government,108.65,11-20%,554522.0,2021,843230,2050,INR Indian Rupee,CRF Complete level
2025 Disclosure Cycle,779465,CDP,840143,Vishakhapatnam Municipal Corporation,City,India,India,Public,Q1.2,Provide details of your jurisdiction in the table below.,1,Response,City/Municipality,State / regional,No lower level of government,628,,2300000,2019,,,INR Indian Rupee,
2025 Disclosure Cycle,779465,CDP,840155,Calapan City,City,South East Asia & Oceania,Philippines,Public,Q1.2,Provide details of your jurisdiction in the table below.,1,Response,City/Municipality,County / Province,Town,265.2,I do not have this data,148558,2024,153984,2026,PHP Philippine Peso,
2025 Disclosure Cycle,779465,CDP,840158,"City of San Fernando, La Union",City,South East Asia & Oceania,Philippines,Public,Q1.2,Provide details of your jurisdiction in the table below.,1,Response,City/Municipality,County / Province,Other: Barangay,102.72,,,,,,,
2025 Disclosure Cycle,779465,CDP,840161,Municipality of Del Carmen,City,South East Asia & Oceania,Philippines,Public,Q1.2,Provide details of your jurisdiction in the table below.,1,Response,City/Municipality,County / Province,,151.68,5-10%,20786,2024,30000.0,2050,PHP Philippine Peso,
2025 Disclosure Cycle,779465,CDP,840170,Nowon-gu Municipal Government of Seoul,City,South East Asia & Oceania,Korea (The Republic of),Public,Q1.2,Provide details of your jurisdiction in the table below.,1,Response,City/Municipality,State / regional,Sub-municipal district,35.55,51-60%,486173,2025,460900,2030,KRW South Korean Won,CRF Complete level
2025 Disclosure Cycle,779465,CDP,840192,Kandy Municipal Council,City,India,Sri Lanka,Public,Q1.2,Provide details of your jurisdiction in the table below.,1,Response,City/Municipality,Other: Provincial Council,Other: Pradeshiya Sabha,28,,130000,2024,,,LKR Sri Lanka Rupee,CRF Simplified level
2025 Disclosure Cycle,779465,CDP,840194,Tepebaşi Municipality,City,UKWW,Türkiye,Public,Q1.2,Provide details of your jurisdiction in the table below.,1,Response,County / Province,City/Municipality,Sub-municipal district,1373.4,41-50%,394737,2024,499000,2030,TRY New Turkish Lira,CRF Complete level
2025 Disclosure Cycle,779465,CDP,840195,Laholm Municipality,City,Europe,Sweden,Public,Q1.2,Provide details of your jurisdiction in the table below.,1,Response,City/Municipality,County / Province,No lower level of government,963.4,I do not have this data,26575.0,2022,32000.0,2050,SEK Swedish Krona,
2025 Disclosure Cycle,779465,CDP,840228,"Town of Davie, FL",City,North America,United States of America,Public,Q1.2,Provide details of your jurisdiction in the table below.,1,Response,City/Municipality,State / regional,City / Municipality,96.471,11-20%,106513.0,2021,110000.0,,USD US Dollar,
2025 Disclosure Cycle,779465,CDP,840269,"Town of Whitby, ON",City,North America,Canada,Public,Q1.2,Provide details of your jurisdiction in the table below.,1,Response,City/Municipality,State / regional,No lower level of government,146.66,31-40%,138501.0,2021,167950.0,2027,CAD Canadian Dollar,CRF Simplified level
2025 Disclosure Cycle,779465,CDP,840313,Municipalidad de Cerro Navia,City,Latin America,Chile,Public,Q1.2,Provide details of your jurisdiction in the table below.,1,Response,City/Municipality,City/Municipality,No lower level of government,11.04,5-10%,139632,2024,128732.0,2035,CLP Chilean Peso,CRF Simplified level
2025 Disclosure Cycle,779465,CDP,840427,Hat Yai City Municipality,City,South East Asia & Oceania,Thailand,Public,Q1.2,Provide details of your jurisdiction in the table below.,1,Response,City/Municipality,County / Province,No lower level of government,21,11-20%,140851,2025,139672,2030,THB Baht,
2025 Disclosure Cycle,779465,CDP,840428,Hua-Hin Municipality,City,South East Asia & Oceania,Thailand,Public,Q1.2,Provide details of your jurisdiction in the table below.,1,Response,City/Municipality,County / Province,No lower level of government,86.36,11-20%,61251,2025,69550,2027,THB Baht,CRF Complete level
2025 Disclosure Cycle,779465,CDP,840492,City of Malolos,City,South East Asia & Oceania,Philippines,Public,Q1.2,Provide details of your jurisdiction in the table below.,1,Response,City/Municipality,County / Province,Town,71.06,31-40%,269809,2024,308211,2030,PHP Philippine Peso,
2025 Disclosure Cycle,779465,CDP,840515,Tangerang Selatan City,City,South East Asia & Oceania,Indonesia,Public,Q1.2,Provide details of your jurisdiction in the table below.,1,Response,City/Municipality,County / Province,Federal district,147.2,11-20%,1429529,2024,5,2029,IDR Rupiah,
2025 Disclosure Cycle,779465,CDP,840521,City of Denizli,City,UKWW,Türkiye,Public,Q1.2,Provide details of your jurisdiction in the table below.,1,Response,Local government area within a greater metropolitan area,Metropolitan area,Metropolitan area,11868.0,31-40%,1059082,2023,1200000.0,2030,TRY New Turkish Lira,CRF Simplified level
2025 Disclosure Cycle,779465,CDP,840914,Prefeitura de Cáceres (Brasil),City,Latin America,Brazil,Public,Q1.2,Provide details of your jurisdiction in the table below.,1,Response,City/Municipality,State / regional,County / Province,24398.0,31-40%,89478.0,2022,101055.0,2030,BRL Brazilian Real,CRF Simplified level
2025 Disclosure Cycle,779465,CDP,840924,Prefeitura de Alexânia,City,Latin America,Brazil,Public,Q1.2,Provide details of your jurisdiction in the table below.,1,Response,,City/Municipality,,,,35,2024,,,BRL Brazilian Real,CRF Simplified level
2025 Disclosure Cycle,779465,CDP,840925,Prefeitura de Indiaroba,City,Latin America,Brazil,Public,Q1.2,Provide details of your jurisdiction in the table below.,1,Response,City/Municipality,State / regional,Town,316.316,41-50%,16549.0,2022,18000.0,2028,BRL Brazilian Real,CRF Simplified level
2025 Disclosure Cycle,779465,CDP,840926,Prefeitura de Serra Talhada,City,Latin America,Brazil,Public,Q1.2,Provide details of your jurisdiction in the table below.,1,Response,City/Municipality,State / regional,Sub-municipal district,2.98,11-20%,92228,2022,94000,2026,BRL Brazilian Real,CRF Simplified level
2025 Disclosure Cycle,779465,CDP,840927,Prefeitura de São Cristóvão,City,Latin America,Brazil,Public,Q1.2,Provide details of your jurisdiction in the table below.,1,Response,City/Municipality,State / regional,Independent city / municipality,438.0,61-70%,95612,2022,115077,2030,BRL Brazilian Real,CRF Simplified level
2025 Disclosure Cycle,779465,CDP,840931,Prefeitura de Cordeirópolis,City,Latin America,Brazil,Public,Q1.2,Provide details of your jurisdiction in the table below.,1,Response,City/Municipality,State / regional,County / Province,137.58,5-10%,25130,2025,28568,2050,BRL Brazilian Real,CRF Simplified level
2025 Disclosure Cycle,779465,CDP,840936,Prefeitura de Guanhães,City,Latin America,Brazil,Public,Q1.2,Provide details of your jurisdiction in the table below.,1,Response,City/Municipality,Federal district,City / Municipality,1075124,,34818.0,2021,,,BRL Brazilian Real,
2025 Disclosure Cycle,779465,CDP,841491,Muar Municipal Council,City,South East Asia & Oceania,Malaysia,Public,Q1.2,Provide details of your jurisdiction in the table below.,1,Response,City/Municipality,State / regional,City / Municipality,1354.0,21-30%,281500.0,2010,450700.0,2030,MYR Malaysian Ringgit,CRF Simplified level
2025 Disclosure Cycle,779465,CDP,841525,Blackburn with Darwen Borough Council,City,UKWW,United Kingdom,Public,Q1.2,Provide details of your jurisdiction in the table below.,1,Response,City/Municipality,National,No lower level of government,137.0,61-70%,157503,2023,160000,2043,GBP Pound Sterling,
2025 Disclosure Cycle,779465,CDP,841955,Hammersmith and Fulham London Borough Council,City,UKWW,United Kingdom,Public,Q1.2,Provide details of your jurisdiction in the table below.,1,Response,Local government area within a greater metropolitan area,City/Municipality,No lower level of government,16.39,21-30%,183200,2021,199627,2030,GBP Pound Sterling,
2025 Disclosure Cycle,779465,CDP,841965,"City of Lansing, MI",City,North America,United States of America,Public,Q1.2,Provide details of your jurisdiction in the table below.,1,Response,City/Municipality,County / Province,Intercommunality / Intermunicipality,93.37,71-80%,112644.0,2020,129002.0,2030,USD US Dollar,CRF Complete level
2025 Disclosure Cycle,779465,CDP,841970,"City of West Lafayette, IN",City,North America,United States of America,Public,Q1.2,Provide details of your jurisdiction in the table below.,1,Response,City/Municipality,County / Province,No lower level of government,19.76,21-30%,44591.0,2020,61913.0,2050,USD US Dollar,
2025 Disclosure Cycle,779465,CDP,841976,Dhulikhel Municipality,City,India,Nepal,Public,Q1.2,Provide details of your jurisdiction in the table below.,1,Response,City/Municipality,County / Province,Other: Ward office,54.62,I do not have this data,33726,2021,40560,2031,NPR Nepalese Rupee,CRF Simplified level
2025 Disclosure Cycle,779465,CDP,842012,"City of Burlington, ON",City,North America,Canada,Public,Q1.2,Provide details of your jurisdiction in the table below.,1,Response,City/Municipality,State / regional,No lower level of government,186.0,31-40%,186948.0,2021,240500.0,2041,CAD Canadian Dollar,CRF Complete level
2025 Disclosure Cycle,779465,CDP,842044,"Ville de Longueuil, QC",City,North America,Canada,Public,Q1.2,Provide details of your jurisdiction in the table below.,1,Response,City/Municipality,County / Province,Sub-municipal district,122.9,5-10%,246855.0,2017,373683.0,2050,CAD Canadian Dollar,CRF Complete level
2025 Disclosure Cycle,779465,CDP,842167,Sakarya,City,UKWW,Türkiye,Public,Q1.2,Provide details of your jurisdiction in the table below.,1,Response,City/Municipality,National,Sub-municipal district,4823,81-90%,1098115,2023,1181121,2030,TRY New Turkish Lira,
2025 Disclosure Cycle,779465,CDP,843537,Shropshire Council,City,UKWW,United Kingdom,Public,Q1.2,Provide details of your jurisdiction in the table below.,1,Response,County / Province,National,Town,3197,<5%,329300,2023,337732,2026,GBP Pound Sterling,
2025 Disclosure Cycle,779465,CDP,847922,Junta Municipal de Medio Ambiente Lagunas (JIMAL),City,Latin America,Mexico,Public,Q1.2,Provide details of your jurisdiction in the table below.,1,Response,Intercommunality / Intermunicipality,State / regional,Sub-municipal district,2179,41-50%,141814,2020,0,,MXN Mexican Peso,
2025 Disclosure Cycle,779465,CDP,848122,Alajuela,City,Latin America,Costa Rica,Public,Q1.2,Provide details of your jurisdiction in the table below.,1,Response,,City/Municipality,City / Municipality,391.6,61-70%,332676,2025,332676,2026,CRC Costa Rican Colon,CRF Simplified level
2025 Disclosure Cycle,779465,CDP,848125,Oreamuno,City,Latin America,Costa Rica,Public,Q1.2,Provide details of your jurisdiction in the table below.,1,Response,City/Municipality,City/Municipality,City / Municipality,252,41-50%,50000,2022,55000.0,,CRC Costa Rican Colon,CRF Simplified level
2025 Disclosure Cycle,779465,CDP,848126,La Democracia,City,Latin America,Guatemala,Public,Q1.2,Provide details of your jurisdiction in the table below.,1,Response,City/Municipality,State / regional,"Other: Aldea, caserillo",320.0,41-50%,28218.0,2022,32541.0,2030,GTQ Quetzal,CRF Simplified level
2025 Disclosure Cycle,779465,CDP,848135,San Pedro de la Paz,City,Latin America,Chile,Public,Q1.2,Provide details of your jurisdiction in the table below.,1,Response,City/Municipality,National,City / Municipality,112.5,21-30%,150992,2024,175000,2050,CLP Chilean Peso,CRF Simplified level
2025 Disclosure Cycle,779465,CDP,848476,Municipalidad de Cañas,City,Latin America,Costa Rica,Public,Q1.2,Provide details of your jurisdiction in the table below.,1,Response,City/Municipality,Independent city / municipality,City / Municipality,687.05,<5%,31738,2022,34400,2050,CRC Costa Rican Colon,CRF Simplified level
2025 Disclosure Cycle,779465,CDP,848564,City of Zadar,City,Europe,Croatia,Public,Q1.2,Provide details of your jurisdiction in the table below.,1,Response,City/Municipality,County / Province,City / Municipality,194.02,51-60%,70779,2021,72716,,EUR Euro,CRF Simplified level
2025 Disclosure Cycle,779465,CDP,848567,Mid-America Regional Council,City,North America,United States of America,Public,Q1.2,Provide details of your jurisdiction in the table below.,1,Response,Metropolitan area,State / regional,County / Province,7874.52,I do not have this data,2137829,2015,2968436,2050,USD US Dollar,CRF Simplified level
2025 Disclosure Cycle,779465,CDP,848568,"Metropolitan Council, Twin Cities",City,North America,United States of America,Public,Q1.2,Provide details of your jurisdiction in the table below.,1,Response,Metropolitan area,State / regional,County / Province,7694,31-40%,3186349,2021,3653000,2040,USD US Dollar,CRF Complete level
2025 Disclosure Cycle,779465,CDP,848950,Ushuaia,City,Latin America,Argentina,Public,Q1.2,Provide details of your jurisdiction in the table below.,1,Response,City/Municipality,County / Province,No lower level of government,108,I do not have this data,58956,2010,1034445,2030,ARS Argentine Peso,CRF Complete level
2025 Disclosure Cycle,779465,CDP,848981,City of Ormoc,City,South East Asia & Oceania,Philippines,Public,Q1.2,Provide details of your jurisdiction in the table below.,1,Response,Independent city / municipality,State / regional,Sub-municipal district,464.3,61-70%,238545,2024,268611,2030,PHP Philippine Peso,CRF Simplified level
2025 Disclosure Cycle,779465,CDP,848998,Villa de Merlo,City,Latin America,Argentina,Public,Q1.2,Provide details of your jurisdiction in the table below.,1,Response,City/Municipality,County / Province,No lower level of government,177,I do not have this data,24861,2022,32621,2030,ARS Argentine Peso,CRF Complete level
2025 Disclosure Cycle,779465,CDP,849039,Ceres (Argentina),City,Latin America,Argentina,Public,Q1.2,Provide details of your jurisdiction in the table below.,1,Response,City/Municipality,County / Province,No lower level of government,594,I do not have this data,16357,2022,17415,2030,ARS Argentine Peso,CRF Complete level
2025 Disclosure Cycle,779465,CDP,849051,Udaipur Municipal Corporation,City,India,India,Public,Q1.2,Provide details of your jurisdiction in the table below.,1,Response,City/Municipality,State / regional,No lower level of government,64.0,21-30%,451100.0,2011,758663,2050,INR Indian Rupee,CRF Simplified level
2025 Disclosure Cycle,779465,CDP,850305,Prefeitura de Joaçaba,City,Latin America,Brazil,Public,Q1.2,Provide details of your jurisdiction in the table below.,1,Response,City/Municipality,Federal district,No lower level of government,242,61-70%,30000,2023,100000,2050,BRL Brazilian Real,
2025 Disclosure Cycle,779465,CDP,850413,Prefeitura de Itá,City,Latin America,Brazil,Public,Q1.2,Provide details of your jurisdiction in the table below.,1,Response,City/Municipality,State / regional,Intercommunality / Intermunicipality,2.61,61-70%,7310,2024,8417.0,2030,BRL Brazilian Real,
2025 Disclosure Cycle,779465,CDP,850566,Prefeitura de Piraquara,City,Latin America,Brazil,Public,Q1.2,Provide details of your jurisdiction in the table below.,1,Response,City/Municipality,State / regional,Town,227.042,31-40%,118730.0,2022,130,2026,BRL Brazilian Real,CRF Simplified level
2025 Disclosure Cycle,779465,CDP,850585,Municipality of Ambato,City,Latin America,Ecuador,Public,Q1.2,Provide details of your jurisdiction in the table below.,1,Response,City/Municipality,County / Province,Other: Parroquia,3369,41-50%,370664,2022,401091,2030,USD US Dollar,CRF Simplified level
2025 Disclosure Cycle,779465,CDP,852443,"Ferndale, MI",City,North America,United States of America,Public,Q1.2,Provide details of your jurisdiction in the table below.,1,Response,City/Municipality,County / Province,No lower level of government,3.88,5-10%,19000.0,2020,21070.0,2045,USD US Dollar,CRF Simplified level
2025 Disclosure Cycle,779465,CDP,852445,"Gainesville, FL",City,North America,United States of America,Public,Q1.2,Provide details of your jurisdiction in the table below.,1,Response,City/Municipality,County / Province,No lower level of government,168.0,21-30%,148716,2024,200000,2050,USD US Dollar,
2025 Disclosure Cycle,779465,CDP,852466,South Gloucestershire Council,City,UKWW,United Kingdom,Public,Q1.2,Provide details of your jurisdiction in the table below.,1,Response,Local government area within a greater metropolitan area,State / regional,Sub-municipal district,497.0,31-40%,299439,2023,349239,2041,GBP Pound Sterling,
2025 Disclosure Cycle,779465,CDP,852473,Sandwell Metropolitan Borough Council,City,UKWW,United Kingdom,Public,Q1.2,Provide details of your jurisdiction in the table below.,1,Response,Metropolitan area,State / regional,No lower level of government,86.0,21-30%,353860,2024,365676.0,2041,GBP Pound Sterling,
2025 Disclosure Cycle,779465,CDP,852524,Westminster City Council,City,UKWW,United Kingdom,Public,Q1.2,Provide details of your jurisdiction in the table below.,1,Response,Local government area within a greater metropolitan area,City/Municipality,No lower level of government,21.47,31-40%,204300.0,2021,284300.0,2040,GBP Pound Sterling,
2025 Disclosure Cycle,779465,CDP,854042,Metropolitan Municipality of Milan,City,Europe,Italy,Public,Q1.2,Provide details of your jurisdiction in the table below.,1,Response,Metropolitan area,State / regional,City / Municipality,1575.0,31-40%,3228096,2023,3280000.0,2040,EUR Euro,
2025 Disclosure Cycle,779465,CDP,854050,"City of Nanaimo, BC",City,North America,Canada,Public,Q1.2,Provide details of your jurisdiction in the table below.,1,Response,City/Municipality,State / regional,City / Municipality,91.3,71-80%,99863.0,2021,141300.0,2046,CAD Canadian Dollar,CRF Complete level
2025 Disclosure Cycle,779465,CDP,856655,Cardiff Capital Region,City,UKWW,United Kingdom,Public,Q1.2,Provide details of your jurisdiction in the table below.,1,Response,Consolidated city-county,National,Local government area within a greater metropolitan area,2809.7,81-90%,1560195,2023,1643508,2043,GBP Pound Sterling,
2025 Disclosure Cycle,779465,CDP,859095,Mizuho Town,City,Japan,Japan,Public,Q1.2,Provide details of your jurisdiction in the table below.,1,Response,Town,State / regional,Town,16.85,I do not have this data,31939,2025,32825,2030,JPY Japanese yen,
2025 Disclosure Cycle,779465,CDP,859096,Kamakura City,City,Japan,Japan,Public,Q1.2,Provide details of your jurisdiction in the table below.,1,Response,City/Municipality,State / regional,No lower level of government,39.66,31-40%,170034,2025,143613,2050,JPY Japanese yen,CRF Complete level
2025 Disclosure Cycle,779465,CDP,859097,Yamato City,City,Japan,Japan,Public,Q1.2,Provide details of your jurisdiction in the table below.,1,Response,Special city / municipality,State / regional,No lower level of government,27.09,21-30%,245967,2025,214402.0,2050,JPY Japanese yen,
2025 Disclosure Cycle,779465,CDP,859128,Makinohara City,City,Japan,Japan,Public,Q1.2,Provide details of your jurisdiction in the table below.,1,Response,City/Municipality,State / regional,No lower level of government,111.69,31-40%,41970,2025,26154.0,2045,JPY Japanese yen,
2025 Disclosure Cycle,779465,CDP,859135,Higashiura Town,City,Japan,Japan,Public,Q1.2,Provide details of your jurisdiction in the table below.,1,Response,Town,State / regional,Sub-municipal district,31.14,41-50%,49818,2025,43460.0,2050,JPY Japanese yen,CRF Simplified level
2025 Disclosure Cycle,779465,CDP,859167,Imabari City,City,Japan,Japan,Public,Q1.2,Provide details of your jurisdiction in the table below.,1,Response,City/Municipality,State / regional,No lower level of government,419.14,51-60%,150596.0,2023,96883.0,2050,JPY Japanese yen,
2025 Disclosure Cycle,779465,CDP,859168,Saijo City,City,Japan,Japan,Public,Q1.2,Provide details of your jurisdiction in the table below.,1,Response,City/Municipality,State / regional,No lower level of government,510.01,I do not have this data,102616,2025,76692,2050,JPY Japanese yen,
2025 Disclosure Cycle,779465,CDP,860640,Junta Intermunicipal de Medio Ambiente Altos Norte (JIAN),City,Latin America,Mexico,Public,Q1.2,Provide details of your jurisdiction in the table below.,1,Response,Intercommunality / Intermunicipality,State / regional,City / Municipality,8554.0,5-10%,417865.0,2020,,2030,MXN Mexican Peso,
2025 Disclosure Cycle,779465,CDP,861779,Järfälla Municipality,City,Europe,Sweden,Public,Q1.2,Provide details of your jurisdiction in the table below.,1,Response,City/Municipality,State / regional,No lower level of government,63,61-70%,88950,2024,107138,2039,SEK Swedish Krona,
2025 Disclosure Cycle,779465,CDP,861790,Wokingham Borough Council,City,UKWW,United Kingdom,Public,Q1.2,Provide details of your jurisdiction in the table below.,1,Response,Local government area within a greater metropolitan area,County / Province,Town,178.98,21-30%,177500,2021,189925,2030,GBP Pound Sterling,
2025 Disclosure Cycle,779465,CDP,862419,Sumbawa Regency,City,South East Asia & Oceania,Indonesia,Public,Q1.2,Provide details of your jurisdiction in the table below.,1,Response,City/Municipality,County / Province,Federal district,6655.917,61-70%,536597,2024,571175,2029,IDR Rupiah,
2025 Disclosure Cycle,779465,CDP,862480,Ibarra,City,Latin America,Ecuador,Public,Q1.2,Provide details of your jurisdiction in the table below.,1,Response,City/Municipality,County / Province,No lower level of government,1162.22,91-100%,217469,2022,200676,2030,USD US Dollar,
2025 Disclosure Cycle,779465,CDP,862504,Posadas,City,Latin America,Argentina,Public,Q1.2,Provide details of your jurisdiction in the table below.,1,Response,City/Municipality,County / Province,No lower level of government,324,I do not have this data,310517,2022,334962,2030,ARS Argentine Peso,CRF Complete level
2025 Disclosure Cycle,779465,CDP,862505,Cheltenham Borough Council,City,UKWW,United Kingdom,Public,Q1.2,Provide details of your jurisdiction in the table below.,1,Response,Local government area within a greater metropolitan area,County / Province,No lower level of government,46.61,11-20%,120000,2024,135300.0,2030,GBP Pound Sterling,
2025 Disclosure Cycle,779465,CDP,862520,Surrey County Council,City,UKWW,United Kingdom,Public,Q1.2,Provide details of your jurisdiction in the table below.,1,Response,County / Province,National,City / Municipality,1663.0,61-70%,1203108.0,2021,1227467.0,2043,GBP Pound Sterling,
2025 Disclosure Cycle,779465,CDP,862673,"City of Selkirk, MB",City,North America,Canada,Public,Q1.2,Provide details of your jurisdiction in the table below.,1,Response,City/Municipality,County / Province,No lower level of government,24.87,61-70%,10504.0,2021,13860.0,2050,CAD Canadian Dollar,
2025 Disclosure Cycle,779465,CDP,862760,"City of Oxford, OH",City,North America,United States of America,Public,Q1.2,Provide details of your jurisdiction in the table below.,1,Response,City/Municipality,State / regional,No lower level of government,17.3,61-70%,23000.0,2020,25000.0,2030,USD US Dollar,CRF Simplified level
2025 Disclosure Cycle,779465,CDP,862814,"South-East Region of Ireland (Kilkenny, Carlow, Wexford, and Waterford Counties)",City,Europe,Ireland,Public,Q1.2,Provide details of your jurisdiction in the table below.,1,Response,City/Municipality,National,County / Province,7194.0,61-70%,456228,2022,569828.0,2050,EUR Euro,
2025 Disclosure Cycle,779465,CDP,862909,"Blaine County, ID",City,North America,United States of America,Public,Q1.2,Provide details of your jurisdiction in the table below.,1,Response,County / Province,State / regional,City / Municipality,6891.96,81-90%,24866,2022,25881,2029,USD US Dollar,
2025 Disclosure Cycle,779465,CDP,862932,"Superior, CO",City,North America,United States of America,Public,Q1.2,Provide details of your jurisdiction in the table below.,1,Response,Town,County / Province,No lower level of government,10.3,31-40%,13292.0,2020,18601.0,2030,USD US Dollar,
2025 Disclosure Cycle,779465,CDP,862946,Manta,City,Latin America,Ecuador,Public,Q1.2,Provide details of your jurisdiction in the table below.,1,Response,City/Municipality,County / Province,Other: Gobierno Parroquial,290.5,61-70%,271078,2022,312609,2033,USD US Dollar,CRF Simplified level
2025 Disclosure Cycle,779465,CDP,862948,Municipalidad de Sucre,City,Latin America,Ecuador,Public,Q1.2,Provide details of your jurisdiction in the table below.,1,Response,City/Municipality,State / regional,City / Municipality,2.85,41-50%,61000,2024,62000,2026,USD US Dollar,CRF Complete level
2025 Disclosure Cycle,779465,CDP,862949,Latacunga,City,Latin America,Ecuador,Public,Q1.2,Provide details of your jurisdiction in the table below.,1,Response,City/Municipality,County / Province,Other: GAD Parroquial,2649,21-30%,217261,2022,255668,2030,USD US Dollar,CRF Simplified level
2025 Disclosure Cycle,779465,CDP,862953,"District of North Vancouver, BC",City,North America,Canada,Public,Q1.2,Provide details of your jurisdiction in the table below.,1,Response,City/Municipality,Other: Regional District,No lower level of government,160.66,61-70%,88168,2021,122260,2050,CAD Canadian Dollar,
2025 Disclosure Cycle,779465,CDP,862999,Prefeitura de Ouro Preto,City,Latin America,Brazil,Public,Q1.2,Provide details of your jurisdiction in the table below.,1,Response,City/Municipality,State / regional,Sub-municipal district,1245.86,61-70%,74821,2022,77601,2026,BRL Brazilian Real,
2025 Disclosure Cycle,779465,CDP,863000,Lo Barnechea,City,Latin America,Chile,Public,Q1.2,Provide details of your jurisdiction in the table below.,1,Response,City/Municipality,County / Province,No lower level of government,104439.0,91-100%,129790.0,2023,137425.0,2030,CLP Chilean Peso,CRF Simplified level
2025 Disclosure Cycle,779465,CDP,863190,Renca,City,Latin America,Chile,Public,Q1.2,Provide details of your jurisdiction in the table below.,1,Response,City/Municipality,State / regional,No lower level of government,24.2,51-60%,163102,2024,163722.0,2035,CLP Chilean Peso,CRF Simplified level
2025 Disclosure Cycle,779465,CDP,863201,Sanggau Regency,City,South East Asia & Oceania,Indonesia,Public,Q1.2,Provide details of your jurisdiction in the table below.,1,Response,City/Municipality,County / Province,Other: regency,12452554,61-70%,510410,2024,520000,2026,IDR Rupiah,
2025 Disclosure Cycle,779465,CDP,863202,Trenggalek Regency,City,South East Asia & Oceania,Indonesia,Public,Q1.2,Provide details of your jurisdiction in the table below.,1,Response,City/Municipality,State / regional,Federal district,1261.4,5-10%,758000,2024,758000,2026,IDR Rupiah,CRF Simplified level
2025 Disclosure Cycle,779465,CDP,863205,Gorontalo Regency,City,South East Asia & Oceania,Indonesia,Public,Q1.2,Provide details of your jurisdiction in the table below.,1,Response,City/Municipality,State / regional,Sub-municipal district,1751.0,<5%,423981,2024,448330.0,2035,IDR Rupiah,
2025 Disclosure Cycle,779465,CDP,863206,Langsa City,City,South East Asia & Oceania,Indonesia,Public,Q1.2,Provide details of your jurisdiction in the table below.,1,Response,City/Municipality,City/Municipality,Town,238.38,5-10%,182620,2024,2025,2026,IDR Rupiah,
2025 Disclosure Cycle,779465,CDP,863224,East Central Florida Regional Planning Council,City,North America,United States of America,Public,Q1.2,Provide details of your jurisdiction in the table below.,1,Response,"Other: The East Central Florida Regional Planning Council is a council of governments that represents 8 counties and 78 cities including Brevard, Lake, Marion, Orange, Osceola, Seminole, Sumter, and Volusia Counties.",Other: State. The ECFRPC is a state-statute created regional planning council that developed a regional GHG inventory on behalf of our member governments and aggregated to the regional total.,County / Province,24000,31-40%,4714011,2024,6063800,2050,USD US Dollar,CRF Simplified level
2025 Disclosure Cycle,779465,CDP,863405,"City of Boca Raton, FL",City,North America,United States of America,Public,Q1.2,Provide details of your jurisdiction in the table below.,1,Response,City/Municipality,County / Province,No lower level of government,81.81,21-30%,102238,2024,105387.0,2040,USD US Dollar,
2025 Disclosure Cycle,779465,CDP,863407,"Town of Durham, NH",City,North America,United States of America,Public,Q1.2,Provide details of your jurisdiction in the table below.,1,Response,City/Municipality,County / Province,No lower level of government,58.01,61-70%,15539.0,2021,17685.0,2050,USD US Dollar,CRF Simplified level
2025 Disclosure Cycle,779465,CDP,863412,"City of Tumwater, WA",City,North America,United States of America,Public,Q1.2,Provide details of your jurisdiction in the table below.,1,Response,City/Municipality,County / Province,Sub-municipal district,37.5289,21-30%,25350.0,2020,36900.0,2045,USD US Dollar,CRF Simplified level
2025 Disclosure Cycle,779465,CDP,863419,"Town of New Glasgow, NS",City,North America,Canada,Public,Q1.2,Provide details of your jurisdiction in the table below.,1,Response,City/Municipality,State / regional,No lower level of government,10,21-30%,9471,2021,9815,2027,CAD Canadian Dollar,CRF Simplified level
2025 Disclosure Cycle,779465,CDP,863469,San Bernardo,City,Latin America,Chile,Public,Q1.2,Provide details of your jurisdiction in the table below.,1,Response,City/Municipality,State / regional,No lower level of government,154.8,41-50%,306371,2024,348640,2026,CLP Chilean Peso,CRF Complete level
2025 Disclosure Cycle,779465,CDP,863470,Lago Agrio (Nueva Loja),City,Latin America,Ecuador,Public,Q1.2,Provide details of your jurisdiction in the table below.,1,Response,City/Municipality,County / Province,,3151.26,41-50%,105044,2022,130300,2030,USD US Dollar,CRF Simplified level
2025 Disclosure Cycle,779465,CDP,863533,San Antonio,City,Latin America,Chile,Public,Q1.2,Provide details of your jurisdiction in the table below.,1,Response,City/Municipality,County / Province,No lower level of government,405,I do not have this data,96770,2024,98992,2026,CLP Chilean Peso,CRF Complete level
2025 Disclosure Cycle,779465,CDP,866887,"City of Bexley, OH",City,North America,United States of America,Public,Q1.2,Provide details of your jurisdiction in the table below.,1,Response,City/Municipality,State / regional,No lower level of government,3.9267,I do not have this data,13928.0,2020,14000.0,2030,USD US Dollar,
2025 Disclosure Cycle,779465,CDP,866890,"City of Prairie Village, KS",City,North America,United States of America,Public,Q1.2,Provide details of your jurisdiction in the table below.,1,Response,City/Municipality,County / Province,No lower level of government,10.0101,<5%,22937,2023,22343,2030,USD US Dollar,
2025 Disclosure Cycle,779465,CDP,866900,Delicias,City,Latin America,Mexico,Public,Q1.2,Provide details of your jurisdiction in the table below.,1,Response,City/Municipality,State / regional,No lower level of government,534900,41-50%,150506,2020,153064,2030,MXN Mexican Peso,CRF Complete level
2025 Disclosure Cycle,779465,CDP,866901,Prefeitura de São Sepé,City,Latin America,Brazil,Public,Q1.2,Provide details of your jurisdiction in the table below.,1,Response,City/Municipality,State / regional,No lower level of government,2204.779,I do not have this data,21219,2022,,,BRL Brazilian Real,CRF Simplified level
2025 Disclosure Cycle,779465,CDP,867322,Prefeitura de Itabirito,City,Latin America,Brazil,Public,Q1.2,Provide details of your jurisdiction in the table below.,1,Response,City/Municipality,Sovereign city-state,No lower level of government,544.027,61-70%,53365,2022,55887,,BRL Brazilian Real,CRF Complete level
2025 Disclosure Cycle,779465,CDP,867355,Junagadh,City,India,India,Public,Q1.2,Provide details of your jurisdiction in the table below.,1,Response,City/Municipality,State / regional,No lower level of government,57.16,11-20%,319462,2011,,2050,INR Indian Rupee,CRF Simplified level
2025 Disclosure Cycle,779465,CDP,884005,Dhaka South City,City,India,Bangladesh,Public,Q1.2,Provide details of your jurisdiction in the table below.,1,Response,City/Municipality,National,No lower level of government,109.251,11-20%,4299345.0,2022,7492439.0,2050,BDT Bangladeshi Taka,
2025 Disclosure Cycle,779465,CDP,891125,Prefeitura de Aracruz,City,Latin America,Brazil,Public,Q1.2,Provide details of your jurisdiction in the table below.,1,Response,City/Municipality,State / regional,County / Province,1420285,21-30%,94765,2022,112519,2036,BRL Brazilian Real,CRF Complete level
2025 Disclosure Cycle,779465,CDP,891180,Prefeitura de Serra,City,Latin America,Brazil,Public,Q1.2,Provide details of your jurisdiction in the table below.,1,Response,City/Municipality,Independent city / municipality,Metropolitan area,547.6,31-40%,520,2022,580,2026,BRL Brazilian Real,
2025 Disclosure Cycle,779465,CDP,894049,San José de la Esquina,City,Latin America,Argentina,Public,Q1.2,Provide details of your jurisdiction in the table below.,1,Response,City/Municipality,State / regional,County / Province,220,<5%,8500,2022,10000,2030,ARS Argentine Peso,CRF Complete level
2025 Disclosure Cycle,779465,CDP,895257,Prefeitura de Barcarena,City,Latin America,Brazil,Public,Q1.2,Provide details of your jurisdiction in the table below.,1,Response,City/Municipality,State / regional,No lower level of government,1310.338,71-80%,139076,2025,150000,2030,BRL Brazilian Real,CRF Simplified level
2025 Disclosure Cycle,779465,CDP,895653,North Minahasa,City,South East Asia & Oceania,Indonesia,Public,Q1.2,Provide details of your jurisdiction in the table below.,1,Response,City/Municipality,County / Province,No lower level of government,995549,11-20%,226915.0,2021,261082.0,2030,IDR Rupiah,CRF Simplified level
2025 Disclosure Cycle,779465,CDP,895654,Segamat,City,South East Asia & Oceania,Malaysia,Public,Q1.2,Provide details of your jurisdiction in the table below.,1,Response,City/Municipality,State / regional,No lower level of government,1416,61-70%,155352.0,2020,159871.0,2030,MYR Malaysian Ringgit,CRF Simplified level
2025 Disclosure Cycle,779465,CDP,895655,Dhankuta,City,India,Nepal,Public,Q1.2,Provide details of your jurisdiction in the table below.,1,Response,City/Municipality,Special city / municipality,,110,<5%,36619,2021,45500,2030,NPR Nepalese Rupee,CRF Simplified level
2025 Disclosure Cycle,779465,CDP,895681,Majlis Bandaraya Iskandar Puteri,City,South East Asia & Oceania,Malaysia,Public,Q1.2,Provide details of your jurisdiction in the table below.,1,Response,City/Municipality,National,City / Municipality,402.0,5-10%,580944.0,2020,771100.0,2030,MYR Malaysian Ringgit,CRF Simplified level
2025 Disclosure Cycle,779465,CDP,895694,Municipalidad de Quilicura,City,Latin America,Chile,Public,Q1.2,Provide details of your jurisdiction in the table below.,1,Response,City/Municipality,State / regional,No lower level of government,58,21-30%,210410,2017,276000,2026,CLP Chilean Peso,
2025 Disclosure Cycle,779465,CDP,895969,Prefeitura de Balneário Pinhal,City,Latin America,Brazil,Public,Q1.2,Provide details of your jurisdiction in the table below.,1,Response,City/Municipality,State / regional,No lower level of government,102386,I do not have this data,14955,2022,15413,2026,BRL Brazilian Real,
2025 Disclosure Cycle,779465,CDP,896058,Prefeitura de Cruzeiro do Sul - RS,City,Latin America,Brazil,Public,Q1.2,Provide details of your jurisdiction in the table below.,1,Response,City/Municipality,National,City / Municipality,157.955,,,,,,,
2025 Disclosure Cycle,779465,CDP,900978,Manzanillo,City,Latin America,Cuba,Public,Q1.2,Provide details of your jurisdiction in the table below.,1,Response,City/Municipality,National,County / Province,500,<5%,131533,,,,,
2025 Disclosure Cycle,779465,CDP,917883,Brecon Beacons National Park Authority,City,UKWW,United Kingdom,Public,Q1.2,Provide details of your jurisdiction in the table below.,1,Response,Other: National Park Authority,County / Province,Town,1345,61-70%,33605,2022,35535,2035,GBP Pound Sterling,
2025 Disclosure Cycle,779465,CDP,917886,Broxtowe Borough Council,City,UKWW,United Kingdom,Public,Q1.2,Provide details of your jurisdiction in the table below.,1,Response,Local government area within a greater metropolitan area,County / Province,Town,81.08,41-50%,110940,2021,126513,2043,GBP Pound Sterling,
2025 Disclosure Cycle,779465,CDP,917927,North Yorkshire Council,City,UKWW,United Kingdom,Public,Q1.2,Provide details of your jurisdiction in the table below.,1,Response,County / Province,National,Town,8654,21-30%,618586,2020,648108,2040,GBP Pound Sterling,
2025 Disclosure Cycle,779465,CDP,917931,Region of Powys,City,UKWW,United Kingdom,Public,Q1.2,Provide details of your jurisdiction in the table below.,1,Response,County / Province,National,City / Municipality,5195.5,31-40%,133200,2021,133927,2043,GBP Pound Sterling,
2025 Disclosure Cycle,779465,CDP,918239,City of Reșița,City,Europe,Romania,Public,Q1.2,Provide details of your jurisdiction in the table below.,1,Response,City/Municipality,National,No lower level of government,197.65,11-20%,58393,2021,84000,2028,EUR Euro,
2025 Disclosure Cycle,779465,CDP,918254,Skellefteå Municipality,City,Europe,Sweden,Public,Q1.2,Provide details of your jurisdiction in the table below.,1,Response,City/Municipality,State / regional,No lower level of government,10021,,76406,2025,90000,2030,SEK Swedish Krona,
2025 Disclosure Cycle,779465,CDP,918264,Municipality of Ilion,City,Europe,Greece,Public,Q1.2,Provide details of your jurisdiction in the table below.,1,Response,City/Municipality,State / regional,Sub-municipal district,8.25,11-20%,84004,2021,81649,2030,EUR Euro,
2025 Disclosure Cycle,779465,CDP,918283,Municipality of Katerini,City,Europe,Greece,Public,Q1.2,Provide details of your jurisdiction in the table below.,1,Response,City/Municipality,State / regional,County / Province,682.4,81-90%,82892,2021,90000,2030,EUR Euro,
2025 Disclosure Cycle,779465,CDP,918366,City of Gradiška,City,Europe,Bosnia and Herzegovina,Public,Q1.2,Provide details of your jurisdiction in the table below.,1,Response,City/Municipality,City/Municipality,City / Municipality,762.27,71-80%,49196,2013,51000,2040,BAM Convertible Marks,CRF Simplified level
2025 Disclosure Cycle,779465,CDP,918430,Municipality of Athienou,City,Europe,Cyprus,Public,Q1.2,Provide details of your jurisdiction in the table below.,1,Response,City/Municipality,National,Sub-municipal district,85,<5%,5202,2021,5200,2030,EUR Euro,
2025 Disclosure Cycle,779465,CDP,918783,City of Békéscsaba,City,Europe,Hungary,Public,Q1.2,Provide details of your jurisdiction in the table below.,1,Response,City/Municipality,County / Province,Sub-municipal district,193.9,71-80%,55455,2022,50800,2030,HUF Forint,CRF Simplified level
2025 Disclosure Cycle,779465,CDP,918804,City of Budaörs,City,Europe,Hungary,Public,Q1.2,Provide details of your jurisdiction in the table below.,1,Response,City/Municipality,State / regional,City / Municipality,23.6,31-40%,29200,2024,32000,2030,HUF Forint,CRF Simplified level
2025 Disclosure Cycle,779465,CDP,918805,City of Ajka,City,Europe,Hungary,Public,Q1.2,Provide details of your jurisdiction in the table below.,1,Response,City/Municipality,County / Province,No lower level of government,95.03,71-80%,26408,2024,25000,2030,HUF Forint,CRF Simplified level
2025 Disclosure Cycle,779465,CDP,919095,City of London (City),City,UKWW,United Kingdom,Public,Q1.2,Provide details of your jurisdiction in the table below.,1,Response,Independent city / municipality,City/Municipality,No lower level of government,3.1527,21-30%,8600,2021,9500,2040,GBP Pound Sterling,
2025 Disclosure Cycle,779465,CDP,919723,Alvesta Municipality,City,Europe,Sweden,Public,Q1.2,Provide details of your jurisdiction in the table below.,1,Response,City/Municipality,State / regional,No lower level of government,1075,61-70%,19816,2025,19903,2034,SEK Swedish Krona,
2025 Disclosure Cycle,779465,CDP,919724,Gällivare Municipality,City,Europe,Sweden,Public,Q1.2,Provide details of your jurisdiction in the table below.,1,Response,City/Municipality,County / Province,No lower level of government,16819.0,91-100%,17233,2024,20000.0,2030,SEK Swedish Krona,
2025 Disclosure Cycle,779465,CDP,919730,Lambeth Council,City,UKWW,United Kingdom,Public,Q1.2,Provide details of your jurisdiction in the table below.,1,Response,Local government area within a greater metropolitan area,National,No lower level of government,26.82,31-40%,317700,2021,,,GBP Pound Sterling,
2025 Disclosure Cycle,779465,CDP,923490,Frutillar,City,Latin America,Chile,Public,Q1.2,Provide details of your jurisdiction in the table below.,1,Response,City/Municipality,State / regional,City / Municipality,848,91-100%,19963,2017,22700,2026,CLP Chilean Peso,
2025 Disclosure Cycle,779465,CDP,924780,City of Butuan,City,South East Asia & Oceania,Philippines,Public,Q1.2,Provide details of your jurisdiction in the table below.,1,Response,City/Municipality,State / regional,City / Municipality,826.86,I do not have this data,385530,2024,404410,2030,PHP Philippine Peso,
2025 Disclosure Cycle,779465,CDP,924872,"Colón, Entre Rios",City,Latin America,Argentina,Public,Q1.2,Provide details of your jurisdiction in the table below.,1,Response,City/Municipality,County / Province,No lower level of government,138,I do not have this data,31521,2022,406089,2030,ARS Argentine Peso,CRF Complete level
2025 Disclosure Cycle,779465,CDP,929491,Municipalidad de San Lucas Sacatepéquez,City,Latin America,Guatemala,Public,Q1.2,Provide details of your jurisdiction in the table below.,1,Response,City/Municipality,City/Municipality,Special city / municipality,24.5,71-80%,28819.0,2021,31000.0,2026,GTQ Quetzal,CRF Complete level
2025 Disclosure Cycle,779465,CDP,929501,Algarrobo,City,Latin America,Chile,Public,Q1.2,Provide details of your jurisdiction in the table below.,1,Response,City/Municipality,City/Municipality,City / Municipality,176,51-60%,16076,2024,16076,2026,CLP Chilean Peso,CRF Simplified level
2025 Disclosure Cycle,779465,CDP,929627,Lima Puluh Kota Regency,City,South East Asia & Oceania,Indonesia,Public,Q1.2,Provide details of your jurisdiction in the table below.,1,Response,City/Municipality,County / Province,Sub-municipal district,3354.3,21-30%,385634.0,2020,783277,2030,IDR Rupiah,
2025 Disclosure Cycle,779465,CDP,929630,Pasaman Regency,City,South East Asia & Oceania,Indonesia,Public,Q1.2,Provide details of your jurisdiction in the table below.,1,Response,City/Municipality,County / Province,Sub-municipal district,3947.63,<5%,318080,2024,327770,2026,IDR Rupiah,
2025 Disclosure Cycle,779465,CDP,929965,Çorlu Belediyesi,City,UKWW,Türkiye,Public,Q1.2,Provide details of your jurisdiction in the table below.,1,Response,County / Province,County / Province,County / Province,531,11-20%,300296,2024,314000,2026,TRY New Turkish Lira,
2025 Disclosure Cycle,779465,CDP,929994,Uskudar Municipality,City,UKWW,Türkiye,Public,Q1.2,Provide details of your jurisdiction in the table below.,1,Response,County / Province,City/Municipality,Sub-municipal district,35.7,21-30%,512981,2024,537000,2050,TRY New Turkish Lira,CRF Complete level
2025 Disclosure Cycle,779465,CDP,930073,Quang Binh Province,City,South East Asia & Oceania,Viet Nam,Public,Q1.2,Provide details of your jurisdiction in the table below.,1,Response,County / Province,National,Other: Rural districts and towns,7998.76,81-90%,924757,2024,960000,2030,VND Vietnamese đồng,
2025 Disclosure Cycle,779465,CDP,930236,Municipio Manuel Plácido Maneiro,City,Latin America,Venezuela (Bolivarian Republic of),Public,Q1.2,Provide details of your jurisdiction in the table below.,1,Response,City/Municipality,State / regional,Local government area within a greater metropolitan area,38.0,71-80%,70102.0,2023,90618.0,2050,USD US Dollar,CRF Simplified level
2025 Disclosure Cycle,779465,CDP,930247,Prefeitura de Carinhanha,City,Latin America,Brazil,Public,Q1.2,Provide details of your jurisdiction in the table below.,1,Response,City/Municipality,State / regional,No lower level of government,2525.906,31-40%,28869.0,2020,29000.0,2026,BRL Brazilian Real,CRF Simplified level
2025 Disclosure Cycle,779465,CDP,930248,Prefeitura de Jandaíra,City,Latin America,Brazil,Public,Q1.2,Provide details of your jurisdiction in the table below.,1,Response,City/Municipality,State / regional,County / Province,442.754,61-70%,6562,2022,6748,,BRL Brazilian Real,CRF Simplified level
2025 Disclosure Cycle,779465,CDP,930254,Thua Thien Hue Province,City,South East Asia & Oceania,Viet Nam,Public,Q1.2,Provide details of your jurisdiction in the table below.,1,Response,Special city / municipality,National,Other: Ward/commune,4947,61-70%,1236393,2024,1342870,2030,VND Vietnamese đồng,
2025 Disclosure Cycle,779465,CDP,930257,Municipalidad de Puyo,City,Latin America,Ecuador,Public,Q1.2,Provide details of your jurisdiction in the table below.,1,Response,City/Municipality,County / Province,Other: Gobierno Autónomo Descentralizado PARROQUIAL,19727,91-100%,82754,2022,110427,2032,USD US Dollar,
2025 Disclosure Cycle,779465,CDP,930270,Ilustre Municipalidad de Ancud,City,Latin America,Chile,Public,Q1.2,Provide details of your jurisdiction in the table below.,1,Response,City/Municipality,County / Province,Sub-municipal district,1752.0,61-70%,38991.0,2017,38059,2032,CLP Chilean Peso,CRF Complete level
2025 Disclosure Cycle,779465,CDP,930332,"City of Orillia, ON",City,North America,Canada,Public,Q1.2,Provide details of your jurisdiction in the table below.,1,Response,City/Municipality,County / Province,No lower level of government,28.53,5-10%,36000,2024,50000.0,2050,CAD Canadian Dollar,
2025 Disclosure Cycle,779465,CDP,930367,Municipio de Montecristi,City,Latin America,Ecuador,Public,Q1.2,Provide details of your jurisdiction in the table below.,1,Response,City/Municipality,County / Province,Other: Parroquia,705.03,<5%,99937,2022,250989,2050,USD US Dollar,CRF Simplified level
2025 Disclosure Cycle,779465,CDP,930413,Municipio de Santa Elena,City,Latin America,Ecuador,Public,Q1.2,Provide details of your jurisdiction in the table below.,1,Response,City/Municipality,County / Province,Other: Gobierno Autonomo Desentralizado Parroquial,3597.02,21-30%,186687,2022,222675,2030,USD US Dollar,
2025 Disclosure Cycle,779465,CDP,930502,San Francisco del Rincón,City,Latin America,Mexico,Public,Q1.2,Provide details of your jurisdiction in the table below.,1,Response,City/Municipality,State / regional,No lower level of government,426.0,61-70%,130871,2020,239025,2050,MXN Mexican Peso,CRF Simplified level
2025 Disclosure Cycle,779465,CDP,930753,Yeoncheon County,City,South East Asia & Oceania,Korea (The Republic of),Public,Q1.2,Provide details of your jurisdiction in the table below.,1,Response,City/Municipality,State / regional,Sub-municipal district,676.31,81-90%,41017,2025,40000,,KRW South Korean Won,CRF Simplified level
2025 Disclosure Cycle,779465,CDP,930758,City of Srebrenik,City,Europe,Bosnia and Herzegovina,Public,Q1.2,Provide details of your jurisdiction in the table below.,1,Response,City/Municipality,Federal district,Sub-municipal district,249,41-50%,39678,2013,12800,2026,BAM Convertible Marks,
2025 Disclosure Cycle,779465,CDP,931095,Lake District National Park Authority,City,UKWW,United Kingdom,Public,Q1.2,Provide details of your jurisdiction in the table below.,1,Response,Other: National Park,County / Province,Town,2362.58,61-70%,41310.0,2022,36006,,GBP Pound Sterling,
2025 Disclosure Cycle,779465,CDP,931104,City of Leh,City,India,India,Public,Q1.2,Provide details of your jurisdiction in the table below.,1,Response,Town,State / regional,No lower level of government,17.43,21-30%,30870.0,2011,64217.0,2047,INR Indian Rupee,CRF Simplified level
2025 Disclosure Cycle,779465,CDP,931111,South Downs National Park Authority,City,UKWW,United Kingdom,Public,Q1.2,Provide details of your jurisdiction in the table below.,1,Response,City/Municipality,County / Province,Federal district,1648,71-80%,135824,2023,135824,2026,GBP Pound Sterling,
2025 Disclosure Cycle,779465,CDP,2011429,Municipality of Belsh,City,Europe,Albania,Public,Q1.2,Provide details of your jurisdiction in the table below.,1,Response,City/Municipality,City/Municipality,City / Municipality,196.442,21-30%,34609,2024,34700,,ALL Lek,
2025 Disclosure Cycle,779465,CDP,2012299,Warwick District Council,City,UKWW,United Kingdom,Public,Q1.2,Provide details of your jurisdiction in the table below.,1,Response,Local government area within a greater metropolitan area,County / Province,Town,284.89,I do not have this data,148500,2021,156970,2031,GBP Pound Sterling,
2025 Disclosure Cycle,779465,CDP,2012301,Broads National Park Authority,City,UKWW,United Kingdom,Public,Q1.2,Provide details of your jurisdiction in the table below.,1,Response,Other: Statutory Body with equivalent status to a National Park Authority,County / Province,Town,303,5-10%,6275,2021,,,GBP Pound Sterling,
2025 Disclosure Cycle,779465,CDP,2012303,Dartmoor National Park Authority,City,UKWW,United Kingdom,Public,Q1.2,Provide details of your jurisdiction in the table below.,1,Response,Other: National Park Authority,County / Province,Town,954,91-100%,37252,2021,,,GBP Pound Sterling,
2025 Disclosure Cycle,779465,CDP,2012305,Exmoor National Park Authority,City,UKWW,United Kingdom,Public,Q1.2,Provide details of your jurisdiction in the table below.,1,Response,Other: National Park Authority,Other: ,Other: ,693,91-100%,9868,2022,9800,2026,GBP Pound Sterling,
2025 Disclosure Cycle,779465,CDP,2012306,Loch Lomond and the Trossachs National Park Authority,City,UKWW,United Kingdom,Public,Q1.2,Provide details of your jurisdiction in the table below.,1,Response,Other: National Park Authority,National,Town,1865,91-100%,14782,2022,14344,2028,GBP Pound Sterling,
2025 Disclosure Cycle,779465,CDP,2012307,New Forest National Park Authority,City,UKWW,United Kingdom,Public,Q1.2,Provide details of your jurisdiction in the table below.,1,Response,State / regional,National,Town,571,61-70%,34400,2022,34400,2026,GBP Pound Sterling,
2025 Disclosure Cycle,779465,CDP,2012308,North York Moors National Park Authority,City,UKWW,United Kingdom,Public,Q1.2,Provide details of your jurisdiction in the table below.,1,Response,Other: National Park Authority,Metropolitan area,Other: Parish Council,144.11,91-100%,23035,2021,22935,2031,GBP Pound Sterling,
2025 Disclosure Cycle,779465,CDP,2012309,Northumberland National Park Authority,City,UKWW,United Kingdom,Public,Q1.2,Provide details of your jurisdiction in the table below.,1,Response,Other: National Park Authority,County / Province,Town,1050,91-100%,1857,2023,1837,2026,GBP Pound Sterling,
2025 Disclosure Cycle,779465,CDP,2012310,Peak District National Park Authority,City,UKWW,United Kingdom,Public,Q1.2,Provide details of your jurisdiction in the table below.,1,Response,Other: National Park Authority,County / Province,Other: Parish Council,1444,61-70%,40936,2021,32097,2026,GBP Pound Sterling,
2025 Disclosure Cycle,779465,CDP,2012312,Yorkshire Dales National Park Authority,City,UKWW,United Kingdom,Public,Q1.2,Provide details of your jurisdiction in the table below.,1,Response,Other: National Park,Metropolitan area,Other: Parish Council,2184.83,91-100%,23205,2023,,,GBP Pound Sterling,
2025 Disclosure Cycle,779465,CDP,2023043,Nasushiobara City,City,Japan,Japan,Public,Q1.2,Provide details of your jurisdiction in the table below.,1,Response,City/Municipality,State / regional,No lower level of government,592.8,<5%,113381,2025,98343,2040,JPY Japanese yen,
2025 Disclosure Cycle,779465,CDP,2024876,Town of Lügde,City,Europe,Germany,Public,Q1.2,Provide details of your jurisdiction in the table below.,1,Response,Town,County / Province,County / Province,90,<5%,,,,,,
2025 Disclosure Cycle,779465,CDP,2027109,Ilustre Municipalidad De El Quisco,City,Latin America,Chile,Public,Q1.2,Provide details of your jurisdiction in the table below.,1,Response,City/Municipality,National,City / Municipality,51,41-50%,15955,2017,18840,,CLP Chilean Peso,CRF Complete level
2025 Disclosure Cycle,779465,CDP,2027804,Kalasin Town Municipality,City,South East Asia & Oceania,Thailand,Public,Q1.2,Provide details of your jurisdiction in the table below.,1,Response,City/Municipality,County / Province,No lower level of government,16.96,31-40%,31534,2024,30667,2027,THB Baht,
2025 Disclosure Cycle,779465,CDP,2027823,Saen Suk Town Municipality,City,South East Asia & Oceania,Thailand,Public,Q1.2,Provide details of your jurisdiction in the table below.,1,Response,City/Municipality,County / Province,No lower level of government,20.268,11-20%,46140,2023,46463,2050,THB Baht,
2025 Disclosure Cycle,779465,CDP,2027827,Su-ngai Kolok Town Municipality,City,South East Asia & Oceania,Thailand,Public,Q1.2,Provide details of your jurisdiction in the table below.,1,Response,City/Municipality,County / Province,No lower level of government,22.5,41-50%,39551,2025,34754,2034,THB Baht,
2025 Disclosure Cycle,779465,CDP,2027830,Pak Poon Town Municipality,City,South East Asia & Oceania,Thailand,Public,Q1.2,Provide details of your jurisdiction in the table below.,1,Response,City/Municipality,County / Province,No lower level of government,93.782,51-60%,34619,2024,35000,2028,THB Baht,
2025 Disclosure Cycle,779465,CDP,2027854,"City of Lafayette, IN",City,North America,United States of America,Public,Q1.2,Provide details of your jurisdiction in the table below.,1,Response,City/Municipality,County / Province,No lower level of government,68,21-30%,70783,2020,73000,,USD US Dollar,
2025 Disclosure Cycle,779465,CDP,2027856,Cañada Rosquín,City,Latin America,Argentina,Public,Q1.2,Provide details of your jurisdiction in the table below.,1,Response,City/Municipality,County / Province,No lower level of government,309,I do not have this data,5649,2022,6018,2030,ARS Argentine Peso,CRF Complete level
2025 Disclosure Cycle,779465,CDP,2027864,El Trebol,City,Latin America,Argentina,Public,Q1.2,Provide details of your jurisdiction in the table below.,1,Response,City/Municipality,County / Province,No lower level of government,345,I do not have this data,11493,2010,13539,2030,ARS Argentine Peso,CRF Complete level
2025 Disclosure Cycle,779465,CDP,2027869,San Salvador de Jujuy,City,Latin America,Argentina,Public,Q1.2,Provide details of your jurisdiction in the table below.,1,Response,City/Municipality,County / Province,No lower level of government,770,I do not have this data,315292,2022,352577,2030,ARS Argentine Peso,CRF Complete level
2025 Disclosure Cycle,779465,CDP,2027876,Tual City,City,South East Asia & Oceania,Indonesia,Public,Q1.2,Provide details of your jurisdiction in the table below.,1,Response,City/Municipality,County / Province,Sub-municipal district,254.39,71-80%,90007,2024,115797,2045,IDR Rupiah,CRF Complete level
2025 Disclosure Cycle,779465,CDP,2027923,Barva,City,Latin America,Costa Rica,Public,Q1.2,Provide details of your jurisdiction in the table below.,1,Response,City/Municipality,National,City / Municipality,53.8,91-100%,48449,2022,47699,,CRC Costa Rican Colon,CRF Simplified level
2025 Disclosure Cycle,779465,CDP,2027926,Salinas,City,Latin America,Ecuador,Public,Q1.2,Provide details of your jurisdiction in the table below.,1,Response,City/Municipality,County / Province,Other: Gad Parroquiales,73.57,11-20%,86801,2022,102106,2030,USD US Dollar,CRF Simplified level
2025 Disclosure Cycle,779465,CDP,2027928,La Joya de los Sachas,City,Latin America,Ecuador,Public,Q1.2,Provide details of your jurisdiction in the table below.,1,Response,City/Municipality,County / Province,Other: Gobierno Autónomo Descentralizado Parroquial,1205.6,11-20%,52000,2024,57000,2030,USD US Dollar,CRF Simplified level
2025 Disclosure Cycle,779465,CDP,2027930,Ahome,City,Latin America,Mexico,Public,Q1.2,Provide details of your jurisdiction in the table below.,1,Response,City/Municipality,State / regional,Sub-municipal district,3003.79,21-30%,459310,2020,511504,2030,MXN Mexican Peso,CRF Simplified level
2025 Disclosure Cycle,779465,CDP,2033711,Prefeitura de Arapiraca,City,Latin America,Brazil,Public,Q1.2,Provide details of your jurisdiction in the table below.,1,Response,City/Municipality,State / regional,No lower level of government,345.65,5-10%,234000,2022,240000,2026,BRL Brazilian Real,
2025 Disclosure Cycle,779465,CDP,2033737,Prefeitura de Crato,City,Latin America,Brazil,Public,Q1.2,Provide details of your jurisdiction in the table below.,1,Response,City/Municipality,State / regional,No lower level of government,1138.15,61-70%,131050,2022,,,BRL Brazilian Real,
2025 Disclosure Cycle,779465,CDP,2033759,Prefeitura de Ji-Paraná,City,Latin America,Brazil,Public,Q1.2,Provide details of your jurisdiction in the table below.,1,Response,City/Municipality,State / regional,Sub-municipal district,6.8967,,,,,,,
2025 Disclosure Cycle,779465,CDP,2033760,Prefeitura de Maranguape,City,Latin America,Brazil,Public,Q1.2,Provide details of your jurisdiction in the table below.,1,Response,City/Municipality,State / regional,Sub-municipal district,583505,71-80%,105093,2022,,,BRL Brazilian Real,
2025 Disclosure Cycle,779465,CDP,2033762,Prefeitura de Palmeira Dos Índios,City,Latin America,Brazil,Public,Q1.2,Provide details of your jurisdiction in the table below.,1,Response,City/Municipality,State / regional,City / Municipality,461,I do not have this data,71574,2022,,,BRL Brazilian Real,
2025 Disclosure Cycle,779465,CDP,2033763,Prefeitura de Parintins,City,Latin America,Brazil,Public,Q1.2,Provide details of your jurisdiction in the table below.,1,Response,City/Municipality,City/Municipality,City / Municipality,5956,31-40%,96372,2022,101855,2026,BRL Brazilian Real,
2025 Disclosure Cycle,779465,CDP,2033764,Prefeitura de São João De Meriti,City,Latin America,Brazil,Public,Q1.2,Provide details of your jurisdiction in the table below.,1,Response,,State / regional,Sub-municipal district,35,<5%,440962,2022,466503,2026,BRL Brazilian Real,
2025 Disclosure Cycle,779465,CDP,2033765,Prefeitura de Sinop,City,Latin America,Brazil,Public,Q1.2,Provide details of your jurisdiction in the table below.,1,Response,City/Municipality,Federal district,City / Municipality,3956,41-50%,,,,,,
2025 Disclosure Cycle,779465,CDP,2033767,Prefeitura de Vitória De Santo Antão,City,Latin America,Brazil,Public,Q1.2,Provide details of your jurisdiction in the table below.,1,Response,City/Municipality,State / regional,County / Province,373300,11-20%,144000,2024,145000,2026,BRL Brazilian Real,CRF Simplified level
2025 Disclosure Cycle,779465,CDP,2044300,Laoag City,City,South East Asia & Oceania,Philippines,Public,Q1.2,Provide details of your jurisdiction in the table below.,1,Response,City/Municipality,National,County / Province,119.769,31-40%,112117,2024,115000,2029,PHP Philippine Peso,
2025 Disclosure Cycle,779465,CDP,2044301,Tayabas City,City,South East Asia & Oceania,Philippines,Public,Q1.2,Provide details of your jurisdiction in the table below.,1,Response,City/Municipality,City/Municipality,No lower level of government,232.2469,<5%,112658,2020,,,,
2025 Disclosure Cycle,779465,CDP,2044302,Oroquieta City,City,South East Asia & Oceania,Philippines,Public,Q1.2,Provide details of your jurisdiction in the table below.,1,Response,City/Municipality,County / Province,Sub-municipal district,263.9346,41-50%,78368,2024,79865,2030,PHP Philippine Peso,
2025 Disclosure Cycle,779465,CDP,2044700,Municipality of Escobar,City,Latin America,Argentina,Public,Q1.2,Provide details of your jurisdiction in the table below.,1,Response,City/Municipality,County / Province,No lower level of government,277,31-40%,256268,2022,289333,2030,USD US Dollar,CRF Complete level
2025 Disclosure Cycle,779465,CDP,2044708,Municipality of Otavalo,City,Latin America,Ecuador,Public,Q1.2,Provide details of your jurisdiction in the table below.,1,Response,City/Municipality,County / Province,Other: Parroquia,531.2,31-40%,114303,2022,126998,2035,USD US Dollar,CRF Simplified level
2025 Disclosure Cycle,779465,CDP,2044709,Municipality of Pasaje,City,Latin America,Ecuador,Public,Q1.2,Provide details of your jurisdiction in the table below.,1,Response,City/Municipality,County / Province,Other: GAD Parroquiales,456.13,31-40%,83597,2022,91952,2030,USD US Dollar,
2025 Disclosure Cycle,779465,CDP,2044711,Municipality of Riobamba,City,Latin America,Ecuador,Public,Q1.2,Provide details of your jurisdiction in the table below.,1,Response,City/Municipality,National,Independent intercommunality,998.78,5-10%,260882,2022,275000,2030,USD US Dollar,CRF Complete level
2025 Disclosure Cycle,779465,CDP,2044723,Municipality of Gualán,City,Latin America,Guatemala,Public,Q1.2,Provide details of your jurisdiction in the table below.,1,Response,City/Municipality,State / regional,City / Municipality,696,I do not have this data,45000,2018,69999,2030,GTQ Quetzal,
2025 Disclosure Cycle,779465,CDP,2044725,Municipality of Choloma,City,Latin America,Honduras,Public,Q1.2,Provide details of your jurisdiction in the table below.,1,Response,City/Municipality,State / regional,Independent province,466.7,5-10%,297000,2025,310000,2030,HNL Lempira,CRF Simplified level
2025 Disclosure Cycle,779465,CDP,2044730,Katingan Regency,City,South East Asia & Oceania,Indonesia,Public,Q1.2,Provide details of your jurisdiction in the table below.,1,Response,City/Municipality,County / Province,Sub-municipal district,20393.86,81-90%,170000,2024,200000,2030,IDR Rupiah,CRF Simplified level
2025 Disclosure Cycle,779465,CDP,2044732,Merauke Regency,City,South East Asia & Oceania,Indonesia,Public,Q1.2,Provide details of your jurisdiction in the table below.,1,Response,City/Municipality,County / Province,,45013.35,,,2024,,,,
2025 Disclosure Cycle,779465,CDP,2044738,City of Balanga,City,South East Asia & Oceania,Philippines,Public,Q1.2,Provide details of your jurisdiction in the table below.,1,Response,City/Municipality,County / Province,Other: Barangay,114.6009,81-90%,104173,2020,113447,2026,PHP Philippine Peso,
2025 Disclosure Cycle,779465,CDP,2044739,City of Carmona,City,South East Asia & Oceania,Philippines,Public,Q1.2,Provide details of your jurisdiction in the table below.,1,Response,City/Municipality,County / Province,Other: Barangay,31.36,51-60%,108207,2022,125350,2026,PHP Philippine Peso,
2025 Disclosure Cycle,779465,CDP,2044740,City of Samal,City,South East Asia & Oceania,Philippines,Public,Q1.2,Provide details of your jurisdiction in the table below.,1,Response,City/Municipality,County / Province,Town,301.3,11-20%,116771,2020,134944,2026,PHP Philippine Peso,
2025 Disclosure Cycle,779465,CDP,2044749,Kalix Municipality,City,Europe,Sweden,Public,Q1.2,Provide details of your jurisdiction in the table below.,1,Response,City/Municipality,State / regional,No lower level of government,1820,81-90%,15391,2024,13900,2040,SEK Swedish Krona,
2025 Disclosure Cycle,779465,CDP,2044752,Ystad Municipality,City,Europe,Sweden,Public,Q1.2,Provide details of your jurisdiction in the table below.,1,Response,City/Municipality,County / Province,No lower level of government,1184,91-100%,32106,2024,32450,2030,SEK Swedish Krona,
2025 Disclosure Cycle,779465,CDP,2044754,Karatay Municipality,City,UKWW,Türkiye,Public,Q1.2,Provide details of your jurisdiction in the table below.,1,Response,Sub-municipal district,City/Municipality,Town,2746,11-20%,385432,2024,621400,2050,TRY New Turkish Lira,CRF Simplified level
2025 Disclosure Cycle,779465,CDP,2044758,Cà Mau City,City,South East Asia & Oceania,Viet Nam,Public,Q1.2,Provide details of your jurisdiction in the table below.,1,Response,County / Province,National,"Other: Districts, towns and communes/wards",5211,81-90%,1212000,2024,1240500,2030,VND Vietnamese đồng,
2025 Disclosure Cycle,779465,CDP,2044810,Municipalidad de Cerrillos,City,Latin America,Chile,Public,Q1.2,Provide details of your jurisdiction in the table below.,1,Response,City/Municipality,State / regional,No lower level of government,21,I do not have this data,80832,2017,,,CLP Chilean Peso,
2025 Disclosure Cycle,779465,CDP,2044811,Municipalidad de Cochrane,City,Latin America,Chile,Public,Q1.2,Provide details of your jurisdiction in the table below.,1,Response,City/Municipality,State / regional,No lower level of government,8500,41-50%,3458,2024,3751,2026,CLP Chilean Peso,
2025 Disclosure Cycle,779465,CDP,2044814,Municipalidad de Curanilahue,City,Latin America,Chile,Public,Q1.2,Provide details of your jurisdiction in the table below.,1,Response,City/Municipality,State / regional,City / Municipality,994,<5%,32288,2017,33902,2035,CLP Chilean Peso,
2025 Disclosure Cycle,779465,CDP,2044815,Municipalidad de Rapa Nui (Isla de Pascua),City,Latin America,Chile,Public,Q1.2,Provide details of your jurisdiction in the table below.,1,Response,City/Municipality,State / regional,City / Municipality,168,21-30%,10000,2025,,,CLP Chilean Peso,
2025 Disclosure Cycle,779465,CDP,2044818,Municipalidad de Melipilla,City,Latin America,Chile,Public,Q1.2,Provide details of your jurisdiction in the table below.,1,Response,City/Municipality,National,County / Province,1.345,91-100%,136325,2024,0,2034,CLP Chilean Peso,
2025 Disclosure Cycle,779465,CDP,2044840,Municipalidad de Quillota,City,Latin America,Chile,Public,Q1.2,Provide details of your jurisdiction in the table below.,1,Response,City/Municipality,County / Province,Sub-municipal district,302,<5%,98000,2025,100000,2026,CLP Chilean Peso,
2025 Disclosure Cycle,779465,CDP,2044841,Municipalidad de Quinchao,City,Latin America,Chile,Public,Q1.2,Provide details of your jurisdiction in the table below.,1,Response,City/Municipality,County / Province,Town,158,91-100%,8088,2017,8186,2026,CLP Chilean Peso,
2025 Disclosure Cycle,779465,CDP,2044842,Municipalidad de Saavedra,City,Latin America,Chile,Public,Q1.2,Provide details of your jurisdiction in the table below.,1,Response,City/Municipality,State / regional,Sub-municipal district,401.9,21-30%,12877,2024,14281,2035,CLP Chilean Peso,
2025 Disclosure Cycle,779465,CDP,2045054,Gunung Kidul Regency,City,South East Asia & Oceania,Indonesia,Public,Q1.2,Provide details of your jurisdiction in the table below.,1,Response,City/Municipality,County / Province,Sub-municipal district,1475.147,91-100%,750000,2024,800000,2035,IDR Rupiah,
2025 Disclosure Cycle,779465,CDP,2045055,Jayapura Regency,City,South East Asia & Oceania,Indonesia,Public,Q1.2,Provide details of your jurisdiction in the table below.,1,Response,City/Municipality,National,Federal district,14300,5-10%,200000,2024,220000,2030,IDR Rupiah,
2025 Disclosure Cycle,779465,CDP,2045062,Pemalang Regency,City,South East Asia & Oceania,Indonesia,Public,Q1.2,Provide details of your jurisdiction in the table below.,1,Response,City/Municipality,County / Province,Federal district,1115.3,81-90%,1541685,2024,1576420,2026,IDR Rupiah,
2025 Disclosure Cycle,779465,CDP,2045064,Magelang City,City,South East Asia & Oceania,Indonesia,Public,Q1.2,Provide details of your jurisdiction in the table below.,1,Response,City/Municipality,City/Municipality,City / Municipality,18.56,71-80%,129,2025,123,2035,IDR Rupiah,
2025 Disclosure Cycle,779465,CDP,2045081,Municipalidad de Humberto Primo,City,Latin America,Argentina,Public,Q1.2,Provide details of your jurisdiction in the table below.,1,Response,City/Municipality,State / regional,No lower level of government,314,I do not have this data,5184,2022,5337,2030,ARS Argentine Peso,CRF Complete level
2025 Disclosure Cycle,779465,CDP,2045150,Khohong Town Municipality,City,South East Asia & Oceania,Thailand,Public,Q1.2,Provide details of your jurisdiction in the table below.,1,Response,City/Municipality,County / Province,No lower level of government,34.75,51-60%,46354,2025,48000,2030,THB Baht,
2025 Disclosure Cycle,779465,CDP,2045151,Satun Town Municipality,City,South East Asia & Oceania,Thailand,Public,Q1.2,Provide details of your jurisdiction in the table below.,1,Response,City/Municipality,County / Province,No lower level of government,6.8,21-30%,20975,2025,21000,2030,THB Baht,
2025 Disclosure Cycle,779465,CDP,2045159,Khaoroopchang Town Municipality,City,South East Asia & Oceania,Thailand,Public,Q1.2,Provide details of your jurisdiction in the table below.,1,Response,City/Municipality,County / Province,No lower level of government,27.49,51-60%,43238,2023,50000,2030,THB Baht,
2025 Disclosure Cycle,779465,CDP,2045345,Municipality of Terézváros,City,Europe,Hungary,Public,Q1.2,Provide details of your jurisdiction in the table below.,1,Response,City/Municipality,State / regional,No lower level of government,2.38,<5%,35355,2025,30000,2050,HUF Forint,
2025 Disclosure Cycle,779465,CDP,2045446,Phu Yen City,City,South East Asia & Oceania,Viet Nam,Public,Q1.2,Provide details of your jurisdiction in the table below.,1,Response,County / Province,National,City / Municipality,5023.4,51-60%,885161,2024,889940,2030,VND Vietnamese đồng,
2025 Disclosure Cycle,779465,CDP,2045884,São Lourenço do Sul,City,Latin America,Brazil,Public,Q1.2,Provide details of your jurisdiction in the table below.,1,Response,City/Municipality,State / regional,No lower level of government,2036124,51-60%,44573,2022,43900,2026,BRL Brazilian Real,
2025 Disclosure Cycle,779465,CDP,2045903,Zugló District XIV of Budapest,City,Europe,Hungary,Public,Q1.2,Provide details of your jurisdiction in the table below.,1,Response,City/Municipality,City/Municipality,No lower level of government,18.13,,118909,2025,118000,2030,HUF Forint,CRF Simplified level
2025 Disclosure Cycle,779465,CDP,2045991,Rosario de la Frontera,City,Latin America,Argentina,Public,Q1.2,Provide details of your jurisdiction in the table below.,1,Response,City/Municipality,County / Province,No lower level of government,5402,I do not have this data,33000,2022,35974,2030,ARS Argentine Peso,CRF Complete level
2025 Disclosure Cycle,779465,CDP,2045992,Pergamino,City,Latin America,Argentina,Public,Q1.2,Provide details of your jurisdiction in the table below.,1,Response,City/Municipality,County / Province,No lower level of government,3005,I do not have this data,104590,2010,117658,2030,ARS Argentine Peso,CRF Complete level
2025 Disclosure Cycle,779465,CDP,2046070,Municipalidad de Esperanza,City,Latin America,Argentina,Public,Q1.2,Provide details of your jurisdiction in the table below.,1,Response,City/Municipality,State / regional,No lower level of government,287,I do not have this data,46753,2022,54580,2030,ARS Argentine Peso,CRF Complete level
2025 Disclosure Cycle,779465,CDP,35913,City of Nairobi,City,UKWW,Kenya,Public,Q1.2,Provide details of your jurisdiction in the table below.,1,Response,City/Municipality,National,Sub-municipal district,696,5-10%,4500000.0,2019,5525160.0,2029,KES Kenyan Shilling,CRF Simplified level
2025 Disclosure Cycle,779465,CDP,44210,Yeosu City,City,South East Asia & Oceania,Korea (The Republic of),Public,Q1.2,Provide details of your jurisdiction in the table below.,1,Response,City/Municipality,State / regional,Sub-municipal district,512.3,61-70%,264724,2025,250000,2050,KRW South Korean Won,CRF Complete level
2025 Disclosure Cycle,779465,CDP,50387,Prefeitura de Guarulhos,City,Latin America,Brazil,Public,Q1.2,Provide details of your jurisdiction in the table below.,1,Response,City/Municipality,State / regional,No lower level of government,318.675,31-40%,1291771,2022,1346510,2030,BRL Brazilian Real,CRF Complete level
2025 Disclosure Cycle,779465,CDP,50543,"Halifax Regional Municipality, NS",City,North America,Canada,Public,Q1.2,Provide details of your jurisdiction in the table below.,1,Response,City/Municipality,County / Province,No lower level of government,5476.0,61-70%,517981,2024,572600.0,2050,CAD Canadian Dollar,CRF Complete level
2025 Disclosure Cycle,779465,CDP,55371,Municipalidad de Vicente López,City,Latin America,Argentina,Public,Q1.2,Provide details of your jurisdiction in the table below.,1,Response,City/Municipality,County / Province,No lower level of government,33,I do not have this data,267655,2020,263529,2030,ARS Argentine Peso,CRF Complete level
2025 Disclosure Cycle,779465,CDP,58485,"Abington Township, PA",City,North America,United States of America,Public,Q1.2,Provide details of your jurisdiction in the table below.,1,Response,City/Municipality,County / Province,Sub-municipal district,40.45,<5%,58502.0,2020,63000.0,2035,USD US Dollar,CRF Complete level
2025 Disclosure Cycle,779465,CDP,60391,Municipalidad de San Borja,City,Latin America,Peru,Public,Q1.2,Provide details of your jurisdiction in the table below.,1,Response,City/Municipality,City/Municipality,City / Municipality,9.9599,51-60%,114,2025,130,2026,PEN Nuevo Sol,CRF Simplified level
2025 Disclosure Cycle,779465,CDP,60393,Municipalidad de Santiago,City,Latin America,Chile,Public,Q1.2,Provide details of your jurisdiction in the table below.,1,Response,City/Municipality,State / regional,No lower level of government,22.4,5-10%,404495.0,2017,582000.0,2030,CLP Chilean Peso,CRF Simplified level
2025 Disclosure Cycle,779465,CDP,68375,Prefeitura de Abaetetuba,City,Latin America,Brazil,Public,Q1.2,Provide details of your jurisdiction in the table below.,1,Response,City/Municipality,City/Municipality,City / Municipality,1610.654,,158188,2022,170999,,BRL Brazilian Real,CRF Simplified level
2025 Disclosure Cycle,779465,CDP,73533,Intendencia de Canelones,City,Latin America,Uruguay,Public,Q1.2,Provide details of your jurisdiction in the table below.,1,Response,"Other: Gobierno subnacional, Departamento de Canelones",National,City / Municipality,4534.0,71-80%,608958,2023,679273,2045,UYU Peso Uruguayo,CRF Simplified level
2025 Disclosure Cycle,779465,CDP,73734,Envigado,City,Latin America,Colombia,Public,Q1.2,Provide details of your jurisdiction in the table below.,1,Response,City/Municipality,State / regional,Intercommunality / Intermunicipality,7985,31-40%,248000,2024,306056.0,2030,COP Colombian Peso,CRF Simplified level
2025 Disclosure Cycle,779465,CDP,73793,La Estrella,City,Latin America,Colombia,Public,Q1.2,Provide details of your jurisdiction in the table below.,1,Response,City/Municipality,State / regional,Sub-municipal district,35.0,51-60%,77611,2024,86000.0,2050,COP Colombian Peso,CRF Simplified level
2025 Disclosure Cycle,779465,CDP,74309,Nakhon Sawan City Municipality,City,South East Asia & Oceania,Thailand,Public,Q1.2,Provide details of your jurisdiction in the table below.,1,Response,City/Municipality,County / Province,Sub-municipal district,27.87,11-20%,76482,2024,76253,2027,THB Baht,
2025 Disclosure Cycle,779465,CDP,826201,Ayuntamiento de Zapopan,City,Latin America,Mexico,Public,Q1.2,Provide details of your jurisdiction in the table below.,1,Response,City/Municipality,Metropolitan area,Sub-municipal district,1017.0,51-60%,1476491.0,2020,1566374.0,2030,MXN Mexican Peso,CRF Simplified level
2025 Disclosure Cycle,779465,CDP,834373,"Town of York, ME",City,North America,United States of America,Public,Q1.2,Provide details of your jurisdiction in the table below.,1,Response,Town,County / Province,No lower level of government,341.36,61-70%,13161.0,2010,19340.0,,USD US Dollar,CRF Complete level
2025 Disclosure Cycle,779465,CDP,834374,Tagum City,City,South East Asia & Oceania,Philippines,Public,Q1.2,Provide details of your jurisdiction in the table below.,1,Response,City/Municipality,County / Province,Other: Barangay,195.8,51-60%,300042,2024,324559,2026,PHP Philippine Peso,
2025 Disclosure Cycle,779465,CDP,840915,Prefeitura de Curvelo,City,Latin America,Brazil,Public,Q1.2,Provide details of your jurisdiction in the table below.,1,Response,City/Municipality,State / regional,Sub-municipal district,3296.2,I do not have this data,80665,2022,84297,2026,BRL Brazilian Real,CRF Complete level
2025 Disclosure Cycle,779465,CDP,845128,Prefeitura de Campo Largo,City,Latin America,Brazil,Public,Q1.2,Provide details of your jurisdiction in the table below.,1,Response,City/Municipality,City/Municipality,County / Province,1243787,11-20%,136327,2022,149507,2026,BRL Brazilian Real,
2025 Disclosure Cycle,779465,CDP,866903,Prefeitura de Itapipoca,City,Latin America,Brazil,Public,Q1.2,Provide details of your jurisdiction in the table below.,1,Response,City/Municipality,City/Municipality,Consolidated city-county,16320,91-100%,116065,2010,13396,2026,BRL Brazilian Real,CRF Complete level
2025 Disclosure Cycle,779465,CDP,867329,Prefeitura de Cametá,City,Latin America,Brazil,Public,Q1.2,Provide details of your jurisdiction in the table below.,1,Response,City/Municipality,State / regional,Federal district,3081,I do not have this data,144859,2025,156017,2030,BRL Brazilian Real,CRF Complete level
2025 Disclosure Cycle,779465,CDP,2033709,Prefeitura de Altamira,City,Latin America,Brazil,Public,Q1.2,Provide details of your jurisdiction in the table below.,1,Response,City/Municipality,State / regional,Consolidated city-county,159.6959,71-80%,126,2022,142,2026,BRL Brazilian Real,CRF Complete level
