disclosure_cycle,cdp_requesting_org_number,requesting_organization,cdp_disclosing_org_number,disclosing_organization,disclosing_org_type,cdp_region,discloser_country_or_area,public_status,question_number,question_text,row_order,row_name,col1_Opportunity,col2_Describe how the region is maximizing this opportunity
2025 Disclosure Cycle,779465,CDP,72902,Scotland,States & Regions,UKWW,United Kingdom,Public,Q10.12.1,Please indicate the opportunities associated with sustainable forest management and describe how your region is positioning itself to take advantage of them.,1,Row 1,Climate change mitigation,"There is a UK Woodland Carbon Code in the UK, administered (and largely delivered) in Scotland. The Woodland Carbon Code is a government scheme administered by Scottish Forestry but available UK wide. The Code allows the owners of new woodland planting schemes to calculate the total carbon sequestration their woodland will achieve over the lifetime of the trees. The planting scheme must then be validated by a third party but once this is done Pending Issuance Units (PIUs) are generated. PIUs have a value and may be sold but may not be used in an offsetting calculation until the trees have grown and the carbon sequestration verified. Verification allows the PIUs to be converted to Woodland Carbon Units which may be used to offset UK based emissions. Woodland Carbon Code schemes may last between 35 and 100 years.\n\nhttps://woodlandcarboncode.org.uk/"
2025 Disclosure Cycle,779465,CDP,72902,Scotland,States & Regions,UKWW,United Kingdom,Public,Q10.12.1,Please indicate the opportunities associated with sustainable forest management and describe how your region is positioning itself to take advantage of them.,2,Row 2,Sustain livelihoods dependent on forests,"Forestry makes a substantial contribution to the economy at both a local and national level through the production of timber and other wood fibre, and the provision of recreation and tourism assets. The forestry sector is particularly important for rural communities, where the majority of economic activities associated with woodland creation, management, harvesting and transportation take place.\nhttps://forestry.gov.scot/forestry-business/economic-contribution-of-forestry"
2025 Disclosure Cycle,779465,CDP,72902,Scotland,States & Regions,UKWW,United Kingdom,Public,Q10.12.1,Please indicate the opportunities associated with sustainable forest management and describe how your region is positioning itself to take advantage of them.,3,Row 3,Increasing resilience to climate change impacts and other disasters,"The UK Forestry Standard has a requirement on resilience, which all forest planners and managers are expected to follow. Climate change is already making itself felt in Scotland, and scientific projections suggest that the speed and impacts of change will increase. For forests, the unpredictability and intensity of weather patterns and the increase in forest pathogens will be especially problematic. They'll challenge our established forestry practices, so it's vital that the forestry sector acts now to start developing more resilient forests. Scottish Forestry, working with Forest Research have published an information note on adaption and resilience.\nhttps://forestry.gov.scot/forests-environment/resilient-forests"
2025 Disclosure Cycle,779465,CDP,72902,Scotland,States & Regions,UKWW,United Kingdom,Public,Q10.12.1,Please indicate the opportunities associated with sustainable forest management and describe how your region is positioning itself to take advantage of them.,4,Row 4,"Other ecosystem services from forests realized (e.g. improved well-being, soil erosion management)","The previous Scottish Forestry Strategy, published in 2006, sets a vision for Scottish forestry in the second half of the 21st century. It lays out the range of economic, social and environmental benefits forestry can deliver within the context of sustainable forest management. The Strategy identifies a number of woodland creation priorities for Scotland: • Helping to tackle greenhouse gas emissions. Carbon sequestration, timber and fuel production. • Restoring lost habitats and adapting to climate change. Forest habitat networks and new native woodlands. • Helping to manage ecosystem services. Sustainable flood management, and protection of soil and water resources. • Underpinning a sustainable forest products industry. Consistent and reliable timber supply for timber processing and wood fuel investments. • Supporting rural development. Supporting local businesses and farm diversification. • Providing community benefits. Provision of welcoming and well-managed woodlands in and around communities and where health and community need is greatest. • Enhancing urban areas and improving landscapes. Improving derelict, underused and neglected land, improving degraded or unsightly environments and diversifying farmed landscapes.https://forestry.gov.scot/images/corporate/pdf/ForestExpansion.pdf"
2025 Disclosure Cycle,779465,CDP,72902,Scotland,States & Regions,UKWW,United Kingdom,Public,Q10.12.1,Please indicate the opportunities associated with sustainable forest management and describe how your region is positioning itself to take advantage of them.,5,Row 5,Increase opportunities for partnerships and establish joint forest management principles,"Scotland's Biodiversity Strategy 2045 is a plan to become \'Nature Positive\' by 2030 and achieve widespread restoration and regeneration of biodiversity by 2045, replacing the previous 2004 strategy.\n\nThe Scottish Biodiversity Strategy to 2045 presents several key opportunities for partnerships and landscape-scale management, particularly aimed at addressing the nature emergency and achieving a \'Nature Positive\' Scotland by 2030: Opportunities for Partnerships include: \nCross-sector Collaboration. The strategy explicitly calls for deep collaboration across government, land managers, marine industries, conservation groups, and communities. It recognises that no single entity can tackle biodiversity loss alone; International and UK-wide Partnerships. Scotland is committed to working with partners across the UK, EU, and globally, aligning with the Global Biodiversity Framework agreed at COP15. This includes support for the Edinburgh Declaration, which promotes sub-national government roles in biodiversity delivery; Community and Stakeholder Engagement. The strategy emphasises public engagement and stewardship, encouraging local communities to play an active role in nature restoration. This opens doors for NGOs, local authorities, and citizen science initiatives to contribute meaningfully.\n\nThe Scottish Biodiversity Strategy to 2045 will facilitate Landscape-Scale Management Opportunities: Catchment and Ecosystem Restoration Case studies like the Glen Muick catchment restoration illustrate how landscape-scale approaches are already being piloted. These projects integrate hydrology, habitat restoration, and species recovery across large areas, including forest habitats; Nature Networks and Connectivity. The strategy promotes the development of ecological networks that connect protected areas and other habitats, enabling species movement and ecosystem resilience at scale, including forest connectivity; Nature-Positive Land Use. There is a strong focus on embedding nature-positive practices in farming, forestry, and fisheries. This includes incentives and support for land managers to adopt regenerative methods that benefit biodiversity across entire landscapes; Delivery Plans and Statutory Targets. The strategy is supported by six-year delivery plans and forthcoming statutory targets under a Natural Environment Bill. These mechanisms are designed to ensure coordinated, long-term action across sectors (including forestry) and regions.\n"
2025 Disclosure Cycle,779465,CDP,72902,Scotland,States & Regions,UKWW,United Kingdom,Public,Q10.12.1,Please indicate the opportunities associated with sustainable forest management and describe how your region is positioning itself to take advantage of them.,6,Row 6,Climate change mitigation,"There is a UK Woodland Carbon Code in the UK, administered (and largely delivered) in Scotland. The Woodland Carbon Code is a government scheme administered by Scottish Forestry but available UK wide. The Code allows the owners of new woodland planting schemes to calculate the total carbon sequestration their woodland will achieve over the lifetime of the trees. The planting scheme must then be validated by a third party but once this is done Pending Issuance Units (PIUs) are generated. PIUs have a value and may be sold but may not be used in an offsetting calculation until the trees have grown and the carbon sequestration verified. Verification allows the PIUs to be converted to Woodland Carbon Units which may be used to offset UK based emissions. Woodland Carbon Code schemes may last between 35 and 100 years.https://woodlandcarboncode.org.uk/"
2025 Disclosure Cycle,779465,CDP,72902,Scotland,States & Regions,UKWW,United Kingdom,Public,Q10.12.1,Please indicate the opportunities associated with sustainable forest management and describe how your region is positioning itself to take advantage of them.,7,Row 7,Continued access to forest products,"In line with our Forestry Strategy, we're committed to supporting timber haulage best practice and taking part in projects which minimise the environmental and social impact of timber miles.\nhttps://forestry.gov.scot/forestry-business/timber-transport\n- We work with the Association of Scottish Hardwood Sawmillers and Scottish Furniture Makers Association to promote the range, quality and use of Scottish grown hardwoods and niche softwoods as well as provide guidance and resources to help develop this sector.\nhttps://forestry.gov.scot/forestry-business/small-scale-wood-processing\n- The woodfuel industry needs a robust supply chain. Forestry and Land Scotland supply large biomass volumes to industry, but offer extra volumes on the open market.\nhttps://forestry.gov.scot/forestry-business/woodfuel-and-bio-energy"
2025 Disclosure Cycle,779465,CDP,72902,Scotland,States & Regions,UKWW,United Kingdom,Public,Q10.12.1,Please indicate the opportunities associated with sustainable forest management and describe how your region is positioning itself to take advantage of them.,8,Row 8,Ensuring clean water supply,"In Scotland there's legislation to secure good water management. These legal requirements are reflected in the UK Forestry Standard. Forest managers must follow this to receive approval and grant aid from us. \nhttps://forestry.gov.scot/forests-environment/protecting-and-managing-water-in-forests\n- The UK Forestry Standard chapter on water offers explanation and guidance on good practice water management. More resources, including videos, to help forest owners, managers and practitioners follow good forestry practice to improve water management are available through the Forestry and Water Scotland initiative. Forest managers may also wish to read about research on good water management by Forest Research. We work closely with partners such as Scottish Environment Protection Agency (SEPA) and NatureScot to improve the water environment by, for example, encouraging the removal of non-native conifer stands that are planted too close to a watercourse, supporting the removal of fish barriers in salmon rivers, and advising on how to protect Groundwater Dependent Terrestrial Ecosystems."
2025 Disclosure Cycle,779465,CDP,72902,Scotland,States & Regions,UKWW,United Kingdom,Public,Q10.12.1,Please indicate the opportunities associated with sustainable forest management and describe how your region is positioning itself to take advantage of them.,9,Row 9,Development of recreation and tourism industry,"Forests and woodlands provide opportunities for people to engage in healthy activities, to take more exercise and improve their physical health. Access to green space, forests and woodlands for children, through outdoor play and learning, is positively associated with: improved self-esteem, physical health, development of language skills, disposition to learning attainment levels. We empower communities across Scotland by supporting community use, management and ownership of woodlands: We work with others like the Community Woodlands Association to make sure suitable advice and guidance is available. We provide funding, through the Community Fund, for community groups to use and enjoy woods including projects supporting The Queen's Green Canopy initiative. We encourage engagement with local communities, and for woodland owners and managers to involve them more directly in the use and management of woods, when they can."
2025 Disclosure Cycle,779465,CDP,72923,Autonomous Community of Andalusia,States & Regions,Europe,Spain,Public,Q10.12.1,Please indicate the opportunities associated with sustainable forest management and describe how your region is positioning itself to take advantage of them.,1,Row 1,Climate change mitigation,"1. Para el secuestro de carbono en bosques y suelos tenemos como oportunidad identificada el aumento de la captura de carbono mediante el manejo sostenible de bosques para ello Andalucía dispone de actuaciones concretas como los Planes de ordenación de montes, la proyectos de reforestaciones o el Catálogo Andaluz de Proyectos de Absorción. \n2. Reducción del riesgo de incendios que permitan como oportunidad identificada el evitar emisiones de CO₂ derivadas de incendios mediante prevención y manejo forestal para lo cual Andalucía actúa a través de la limpieza de matorrales y desbroces controlados, los cortafuegos y franjas de seguridad o la creación de Planes de prevención de incendios forestales.\n3. Producción sostenible de biomasa para energía, que nos brinda la oportunidad de usar restos forestales como fuente de energía renovable en lugar de combustibles fósiles.\n4. Restauración de ecosistemas degradados que permitan mejorar la capacidad de secuestro de carbono"
2025 Disclosure Cycle,779465,CDP,72923,Autonomous Community of Andalusia,States & Regions,Europe,Spain,Public,Q10.12.1,Please indicate the opportunities associated with sustainable forest management and describe how your region is positioning itself to take advantage of them.,2,Row 2,Increasing resilience to climate change impacts and other disasters,"Andalucía maximiza su resiliencia al cambio climático mediante el Plan Andaluz de Acción por el Clima (PAAC) 2021-2030, que busca reducir el riesgo de impactos climáticos en sectores clave como los recursos hídricos, la agricultura y el turismo. "
2025 Disclosure Cycle,779465,CDP,72923,Autonomous Community of Andalusia,States & Regions,Europe,Spain,Public,Q10.12.1,Please indicate the opportunities associated with sustainable forest management and describe how your region is positioning itself to take advantage of them.,3,Row 3,Continued access to forest products,"Andalucía está maximizando la oportunidad de garantizar el acceso continuo a los productos forestales mediante una gestión forestal sostenible que combina planificación, certificación y uso eficiente de los recursos. Destacan:\n- Planes de ordenación forestal, que regulan la tala, reforestación y regeneración natural, asegurando que la extracción de madera y otros productos forestales sea sostenible a largo plazo.\n- Certificación forestal (FSC y PEFC), que asegura que los productos forestales, como madera y corcho, provienen de montes gestionados responsablemente.\n- Uso eficiente de los recursos forestales a través de la valorización de residuos forestales y el fomento de la economía circular.\n- Apoyo a la propiedad forestal privada, que permita a propietarios privados para implementar prácticas sostenibles, garantizando que los montes privados también contribuyan al suministro continuo de productos forestales."
2025 Disclosure Cycle,779465,CDP,73171,Goias,States & Regions,Latin America,Brazil,Public,Q10.12.1,Please indicate the opportunities associated with sustainable forest management and describe how your region is positioning itself to take advantage of them.,1,Row 1,Additional funding and investment opportunities (e.g. access to REDD+),"O estado tem buscado atender os requisitos para a elegibilidade ao acesso e captação de pagamento por resultados de REDD+ reconhecidos entre 2011 e 2020 e estuda registrar, verificar e emitir créditos de carbono em escala jurisdicional junto a padrão com reconhecida integridade ambiental e social."
2025 Disclosure Cycle,779465,CDP,73171,Goias,States & Regions,Latin America,Brazil,Public,Q10.12.1,Please indicate the opportunities associated with sustainable forest management and describe how your region is positioning itself to take advantage of them.,2,Row 2,Development of recreation and tourism industry,"O Estado faz o manejo florestal não madeireiro de áreas protegidas de modo a fomentar o desenvolvimento da indústria de lazer e turismo, em especial dos Parques Estaduais. Assim, as áreas florestais são preservadas em benefício da paisagem, da biodiversidade e da proteção de atrativos turísticos. Implementa-se para este fim outros instrumentos de gestão, como a elaboração de planos e a estruturação de concessões dos serviços de uso público. De tal modo, os Parques contarão com melhores serviços de apoio ao visitante, o que incrementa a experiência de educação e interpretação ambiental. "
2025 Disclosure Cycle,779465,CDP,73171,Goias,States & Regions,Latin America,Brazil,Public,Q10.12.1,Please indicate the opportunities associated with sustainable forest management and describe how your region is positioning itself to take advantage of them.,3,Row 3,Ensuring clean water supply,"O Estado faz o manejo florestal não madeireiro de áreas protegidas de modo a fomentar a proteção de áreas de mananciais e o abastecimento de recursos hídricos. Implementa-se no Parque Estadual do João Leite, Goiânia, um projeto piloto de Pagamento por Serviços Ambientais, produtor de água. Também, a implementação do Programa Juntos pelo Araguaia ocorre na área e região da Floresta e Parque Estadual do Araguaia, visando ao aumento da produção e à disponibilidade de água com qualidade para apoio e fortalecimento dos serviços ecossistêmicos, garantia de segurança hídrica para o abastecimento humano e apoio à indústria do agronegócio"
2025 Disclosure Cycle,779465,CDP,73179,Rondonia,States & Regions,Latin America,Brazil,Public,Q10.12.1,Please indicate the opportunities associated with sustainable forest management and describe how your region is positioning itself to take advantage of them.,1,Row 1,Continued access to forest products,
2025 Disclosure Cycle,779465,CDP,74215,Misiones,States & Regions,Latin America,Argentina,Public,Q10.12.1,Please indicate the opportunities associated with sustainable forest management and describe how your region is positioning itself to take advantage of them.,1,Row 1,Development of recreation and tourism industry,Somos una provincia turística que usamos los servicios ecosistémicos del bosque nativo para el turismo\n
2025 Disclosure Cycle,779465,CDP,74215,Misiones,States & Regions,Latin America,Argentina,Public,Q10.12.1,Please indicate the opportunities associated with sustainable forest management and describe how your region is positioning itself to take advantage of them.,2,Row 2,Continued access to forest products,Producción de chips de madera a partir del aserrín\n
2025 Disclosure Cycle,779465,CDP,74215,Misiones,States & Regions,Latin America,Argentina,Public,Q10.12.1,Please indicate the opportunities associated with sustainable forest management and describe how your region is positioning itself to take advantage of them.,3,Row 3,Additional funding and investment opportunities (e.g. access to REDD+),Programa ECO2\n
2025 Disclosure Cycle,779465,CDP,74215,Misiones,States & Regions,Latin America,Argentina,Public,Q10.12.1,Please indicate the opportunities associated with sustainable forest management and describe how your region is positioning itself to take advantage of them.,4,Row 4,Other: Aprovechamiento de residuos de la industria forestal,Producción de energía eléctrica a través de la biomasa.
2025 Disclosure Cycle,779465,CDP,74745,Nyandarua County,States & Regions,UKWW,Kenya,Public,Q10.12.1,Please indicate the opportunities associated with sustainable forest management and describe how your region is positioning itself to take advantage of them.,1,Row 1,Increasing resilience to climate change impacts and other disasters,Enhancing community engagement on more sustainable actions.
2025 Disclosure Cycle,779465,CDP,74745,Nyandarua County,States & Regions,UKWW,Kenya,Public,Q10.12.1,Please indicate the opportunities associated with sustainable forest management and describe how your region is positioning itself to take advantage of them.,2,Row 2,Sustain livelihoods dependent on forests,Enhancement of policies as well as increased climate smart agricultures practices
2025 Disclosure Cycle,779465,CDP,74745,Nyandarua County,States & Regions,UKWW,Kenya,Public,Q10.12.1,Please indicate the opportunities associated with sustainable forest management and describe how your region is positioning itself to take advantage of them.,3,Row 3,Climate change mitigation,Through forest management there is increased carbon sink thus enhanced climate change mitigation
2025 Disclosure Cycle,779465,CDP,74745,Nyandarua County,States & Regions,UKWW,Kenya,Public,Q10.12.1,Please indicate the opportunities associated with sustainable forest management and describe how your region is positioning itself to take advantage of them.,4,Row 4,Additional funding and investment opportunities (e.g. access to REDD+),"Through the adoption of policies, there is an opportunity for enhanced "
2025 Disclosure Cycle,779465,CDP,833237,Santa Catarina,States & Regions,Latin America,Brazil,Public,Q10.12.1,Please indicate the opportunities associated with sustainable forest management and describe how your region is positioning itself to take advantage of them.,1,Row 1,Gain access to export markets with higher sustainability standards,"Indicação Geográfica (IG) do Mel de Melato da Bracatinga na categoria Denominação de Origem do Planalto Sul Brasileiro. A IG do mel de Melato da Bracatinga abrange uma área de 134 municípios, sendo 107 de Santa Catarina, 12 do Paraná e 15 do Rio Grande do Sul. Por sua prevalência no território catarinense, o processo de certificação teve participação da Epagri nas ações de pesquisa e extensão, em parceria com o Serviço de Apoio às Micro e Pequenas Empresas (Sebrae), a Universidade Federal de Santa Catarina (UFSC), o Ministério da Agricultura, Pecuária e Abastecimento (Mapa) e as associações de apicultores da região. \n"
2025 Disclosure Cycle,779465,CDP,833237,Santa Catarina,States & Regions,Latin America,Brazil,Public,Q10.12.1,Please indicate the opportunities associated with sustainable forest management and describe how your region is positioning itself to take advantage of them.,2,Row 2,Increase employment opportunities,"As características de clima, solo e da cultura dessa região tornaram a erva-mate do Planalto Norte Catarinense um produto único. Em 2022, ela foi reconhecida por essa singularidade e conquistou a Indicação Geográfica (IG) na categoria Denominação de Origem (DO), em um processo que teve apoio da Epagri.\nO registro, concedido pelo Instituto Nacional de Propriedade Industrial (INPI), abrange 12 cidades e, parcialmente, outros oito municípios. A certificação tem potencial para impactar positivamente toda a economia do Planalto Norte, porque traz valor agregado aos produtos, aumentando a renda dos produtores rurais e impulsionando setores como o turismo."
2025 Disclosure Cycle,779465,CDP,833237,Santa Catarina,States & Regions,Latin America,Brazil,Public,Q10.12.1,Please indicate the opportunities associated with sustainable forest management and describe how your region is positioning itself to take advantage of them.,3,Row 3,Increase opportunities for partnerships and establish joint forest management principles,Nas unidades de conservação estão sendo fortalecidas as parcerias com organizações da sociedade civil e o setor privado para a gestão dos programas de manejo dessas áreas através da parceria público-privada.
2025 Disclosure Cycle,779465,CDP,833237,Santa Catarina,States & Regions,Latin America,Brazil,Public,Q10.12.1,Please indicate the opportunities associated with sustainable forest management and describe how your region is positioning itself to take advantage of them.,6,Row 6,Continued access to forest products,"No âmbito do PAT Planalto Sul e com objetivo de promover o fortalecimento da cadeia produtiva do pinhão como referência para as demais cadeias produtivas, considerando a conservação pelo uso de Araucaria angustifolia, da Floresta Ombrófila Mista e dos campos de altitude, foi elaborado de forma participativa com os atores envolvidos um Plano de Ação da Cadeia Produtiva. A partir das atividades desenvolvidas foi elaborado um livro virtual com as principais informações obtidas no diagnóstico, no seminário e na oficina que subsidiaram a elaboração do Plano, que pode ser acessado no seguinte link: \nhttps://proespecies.eco.br/wp-content/uploads/2025/04/Pub_CadeiasProdutivas_Pinhao_Miolo_v3_22Jan24_compressed.pdf"
2025 Disclosure Cycle,779465,CDP,833237,Santa Catarina,States & Regions,Latin America,Brazil,Public,Q10.12.1,Please indicate the opportunities associated with sustainable forest management and describe how your region is positioning itself to take advantage of them.,7,Row 7,Development of recreation and tourism industry,"O projeto “Roteiro da Sociobiodiversidade do Pinhão na Serra Catarinense” tem como objetivo promover a qualidade de vida dos agricultores familiares e extrativistas do pinhão que vivem no Planalto Serrano do estado Santa Catarina e conservar a biodiversidade e os saberes das populações locais. O projeto está organizado em quatro metas que pretendem promover a criação de um sistema produtivo sustentável a partir da valorização do pinheiro brasileiro (araucária), árvore nativa da região, que produz o pinhão, semente comestível da araucária muito apreciada pela população local e por turistas, sendo utilizada em diferentes preparações culinárias, como a paçoca e o famoso entrevero de pinhão.\n\nDe iniciativa do Consórcio Intermunicipal Serra Catarinense (CISAMA), e com investimento do Ministério do Desenvolvimento Agrário e Agricultura Familiar (MDA), o projeto é desenvolvido por pesquisadores da Universidade Federal de Santa Catarina (UFSC) e da Universidade do Estado de Santa Catarina (UDESC)."
2025 Disclosure Cycle,779465,CDP,833237,Santa Catarina,States & Regions,Latin America,Brazil,Public,Q10.12.1,Please indicate the opportunities associated with sustainable forest management and describe how your region is positioning itself to take advantage of them.,8,Row 8,Increased attention to other environmental concerns,"O manejo da palmeira juçara (Euterpe edulis) em Santa Catarina foca na produção sustentável da polpa para gerar renda e na restauração da Mata Atlântica, utilizando sistemas agroflorestais e o aproveitamento de frutos e sementes para rebrota. A exploração da palmeira juçara para produção de palmito levou a espécie para a lista de ameaçadas de extinção. A extração de polpa da fruta para produção de açaí tornou-se uma alternativa viável para manter a planta em pé, gerando renda para o produtor rural. Estima-se que Santa Catarina produza atualmente cerca de 320 toneladas de frutos destinados à extração de polpa. "
2025 Disclosure Cycle,779465,CDP,833237,Santa Catarina,States & Regions,Latin America,Brazil,Public,Q10.12.1,Please indicate the opportunities associated with sustainable forest management and describe how your region is positioning itself to take advantage of them.,9,Row 9,Increase opportunities for partnerships and establish joint forest management principles,"As Florestas Nacionais (Flonas) de Irati (PR), Chapecó (SC) e Três Barras (SC) foram incluídas no Programa de Parcerias de Investimentos (PPI) do Governo Federal, que tem a finalidade de ampliar e fortalecer a interação com a iniciativa privada por meio de contratos de parceria e de outras medidas de desestatização, ampliando as oportunidades de investimento em diferentes setores. Esta concessão florestal faz parte de uma parceria entre o Banco Nacional de Desenvolvimento e Social (BNDES) e o Ministério da Agricultura, Pecuária e Abastecimento (MAPA), por meio do Serviço Florestal Brasileiro (SFB).\nEssas Flonas da Região Sul para concessão florestal estão localizadas nos municípios de Chapecó, Guatambú e Três Barras, em Santa Catarina, e Fernandes Pinheiro, Irati, Imbituva e Teixeira Soares, no Paraná. A proposta é o desenvolvimento de um novo modelo de concessão florestal que permita o uso comercial de florestas plantadas e a recuperação das mesmas através de silvicultura de espécies nativas ou recomposição florestal com a vegetação nativa original da Mata Atlântica. As diretrizes técnicas das concessões das Flonas do Sul são de substituição de porções de plantios atualmente com espécies exóticas por espécies nativas.\nEste projeto visa assegurar a restauração e a conservação das florestas públicas por meio de parcerias público-privadas, promovendo a conservação e geração de benefícios sociais, ambientais e econômicos"
2025 Disclosure Cycle,779465,CDP,833237,Santa Catarina,States & Regions,Latin America,Brazil,Public,Q10.12.1,Please indicate the opportunities associated with sustainable forest management and describe how your region is positioning itself to take advantage of them.,10,Row 10,"Other ecosystem services from forests realized (e.g. improved well-being, soil erosion management)","Programa de Parcerias de Investimentos (PPI) do Governo Federal - Flonas de Irati (PR), Chapecó (SC) e Três Barras (SC).\nCom área de 3,8 mil hectares (Irati), 1,6 mil hectares (Chapecó) e 4,3 mil hectares (Três Barras), estas serão as primeiras concessões florestais da Região Sul. O modelo adotado na gestão será do manejo florestal sustentável e de silvicultura de espécies nativas (via plantio de espécies nativas), que adotará técnicas que possibilitem a extração de produtos florestais madeireiros e não madeireiros com o menor impacto ambiental possível. Adicionalmente, em áreas específicas haverá a recomposição florestal de vegetação nativa.\n Além dos benefícios ambientais, as concessões florestais, na escala municipal e nas comunidades vizinhas às áreas, têm o potencial de contribuir com a melhoria das condições socioeconômicas por meio da geração de empregos formais (diretos, indiretos e de efeito-renda), investimentos em serviços e infraestrutura, repasses financeiros através do pagamento pelos produtos explorados, além da arrecadação de tributos e movimentação da cadeia produtiva, de produtos madeireiros e não madeireiros.\n"
2025 Disclosure Cycle,779465,CDP,31196,State of Maryland,States & Regions,North America,United States of America,Public,Q10.12.1,Please indicate the opportunities associated with sustainable forest management and describe how your region is positioning itself to take advantage of them.,1,Row 1,"Other ecosystem services from forests realized (e.g. improved well-being, soil erosion management)",Maryland Forest Watershed Management Program: https://dnr.maryland.gov/forests/Pages/programapps/cbcon.aspx
2025 Disclosure Cycle,779465,CDP,31196,State of Maryland,States & Regions,North America,United States of America,Public,Q10.12.1,Please indicate the opportunities associated with sustainable forest management and describe how your region is positioning itself to take advantage of them.,2,Row 2,Climate change mitigation,"Climate Pollution Reduction Grant for Implementation Atlantic Conservation Coalition, duke.is/accdash"
2025 Disclosure Cycle,779465,CDP,31196,State of Maryland,States & Regions,North America,United States of America,Public,Q10.12.1,Please indicate the opportunities associated with sustainable forest management and describe how your region is positioning itself to take advantage of them.,3,Row 3,Increasing resilience to climate change impacts and other disasters,"Climate Pollution Reduction Grant for Implementation Atlantic Conservation Coalition, duke.is/accdash"
2025 Disclosure Cycle,779465,CDP,31196,State of Maryland,States & Regions,North America,United States of America,Public,Q10.12.1,Please indicate the opportunities associated with sustainable forest management and describe how your region is positioning itself to take advantage of them.,4,Row 4,Additional funding and investment opportunities (e.g. access to REDD+),Maryland Clean Energy Center Wood Energy Initiative: https://www.mdcleanenergy.org/programs/wood-energy-initiative/
2025 Disclosure Cycle,779465,CDP,31221,State of Virginia,States & Regions,North America,United States of America,Public,Q10.12.1,Please indicate the opportunities associated with sustainable forest management and describe how your region is positioning itself to take advantage of them.,1,Row 1,Increasing resilience to climate change impacts and other disasters,
2025 Disclosure Cycle,779465,CDP,31221,State of Virginia,States & Regions,North America,United States of America,Public,Q10.12.1,Please indicate the opportunities associated with sustainable forest management and describe how your region is positioning itself to take advantage of them.,2,Row 2,Continued access to forest products,
2025 Disclosure Cycle,779465,CDP,72887,State of Connecticut,States & Regions,North America,United States of America,Public,Q10.12.1,Please indicate the opportunities associated with sustainable forest management and describe how your region is positioning itself to take advantage of them.,1,Row 1,Increased attention to other environmental concerns,Increasing urban forest addresses environmental justice concerns in unequal distribution of tree canopy across the state
2025 Disclosure Cycle,779465,CDP,72887,State of Connecticut,States & Regions,North America,United States of America,Public,Q10.12.1,Please indicate the opportunities associated with sustainable forest management and describe how your region is positioning itself to take advantage of them.,2,Row 2,Sustain livelihoods dependent on forests,DEEP: CT Grown Forest Products. Second-party-verified sustainability certification program administered by DEEP Forestry. In cooperation with CT Dept of Agriculture locally grown farm products. CT Grown forest products provides consumer assurance that purchased forest products are sourced within Connecticut from sustainable forest harvests. 
2025 Disclosure Cycle,779465,CDP,72888,State of Washington,States & Regions,North America,United States of America,Public,Q10.12.1,Please indicate the opportunities associated with sustainable forest management and describe how your region is positioning itself to take advantage of them.,1,Row 1,Climate change mitigation,"Washington's ambitious cap and invest, offsets program is working to develop climate change motivated incentives for carbon sequestration. Ongoing efforts to develop natural and working lands section of greenhouse gas emissions inventory."
2025 Disclosure Cycle,779465,CDP,72888,State of Washington,States & Regions,North America,United States of America,Public,Q10.12.1,Please indicate the opportunities associated with sustainable forest management and describe how your region is positioning itself to take advantage of them.,2,Row 2,Increasing resilience to climate change impacts and other disasters,Investment in coastal resilience and community resilience in LIDAC communities through CCA and cap and invest
2025 Disclosure Cycle,779465,CDP,72888,State of Washington,States & Regions,North America,United States of America,Public,Q10.12.1,Please indicate the opportunities associated with sustainable forest management and describe how your region is positioning itself to take advantage of them.,3,Row 3,Continued access to forest products,"Research and incentives to transition to energy efficient and restoration-oriented products (biofuel, biochar etc)"
2025 Disclosure Cycle,779465,CDP,72888,State of Washington,States & Regions,North America,United States of America,Public,Q10.12.1,Please indicate the opportunities associated with sustainable forest management and describe how your region is positioning itself to take advantage of them.,4,Row 4,Development of recreation and tourism industry,Governmental investment and support
2025 Disclosure Cycle,779465,CDP,72888,State of Washington,States & Regions,North America,United States of America,Public,Q10.12.1,Please indicate the opportunities associated with sustainable forest management and describe how your region is positioning itself to take advantage of them.,5,Row 5,Ensuring clean water supply,"Governmental regulation, investment, and support"
2025 Disclosure Cycle,779465,CDP,72888,State of Washington,States & Regions,North America,United States of America,Public,Q10.12.1,Please indicate the opportunities associated with sustainable forest management and describe how your region is positioning itself to take advantage of them.,6,Row 6,Sustain livelihoods dependent on forests,"Workforce development planning by state, and recent climate initiatives"
2025 Disclosure Cycle,779465,CDP,72888,State of Washington,States & Regions,North America,United States of America,Public,Q10.12.1,Please indicate the opportunities associated with sustainable forest management and describe how your region is positioning itself to take advantage of them.,7,Row 7,"Other ecosystem services from forests realized (e.g. improved well-being, soil erosion management)","Very strong research, governance, stakeholder communities with deep environmental interest"
2025 Disclosure Cycle,779465,CDP,72888,State of Washington,States & Regions,North America,United States of America,Public,Q10.12.1,Please indicate the opportunities associated with sustainable forest management and describe how your region is positioning itself to take advantage of them.,8,Row 8,Compliance to policies and regulations,Cap and Invest programs include compliance monitoring. Increasing availability of data to monitor forests.
2025 Disclosure Cycle,779465,CDP,72888,State of Washington,States & Regions,North America,United States of America,Public,Q10.12.1,Please indicate the opportunities associated with sustainable forest management and describe how your region is positioning itself to take advantage of them.,9,Row 9,Develop jurisdictional approaches,Community wildfire reduction planning
2025 Disclosure Cycle,779465,CDP,72888,State of Washington,States & Regions,North America,United States of America,Public,Q10.12.1,Please indicate the opportunities associated with sustainable forest management and describe how your region is positioning itself to take advantage of them.,10,Row 10,Preferential sourcing by companies,Strong regulatory environment and data collection capacity to ensure compliance and offer alternatives\n
2025 Disclosure Cycle,779465,CDP,72888,State of Washington,States & Regions,North America,United States of America,Public,Q10.12.1,Please indicate the opportunities associated with sustainable forest management and describe how your region is positioning itself to take advantage of them.,11,Row 11,Increase employment opportunities,Research and investment to transition forest resource industry to meet climate-conscious goals
2025 Disclosure Cycle,779465,CDP,72888,State of Washington,States & Regions,North America,United States of America,Public,Q10.12.1,Please indicate the opportunities associated with sustainable forest management and describe how your region is positioning itself to take advantage of them.,12,Row 12,Increase opportunities for partnerships and establish joint forest management principles,"Active work to increase energy efficiency within the natural and working lands sector, and develop markets for biochar and other new products"
2025 Disclosure Cycle,779465,CDP,72888,State of Washington,States & Regions,North America,United States of America,Public,Q10.12.1,Please indicate the opportunities associated with sustainable forest management and describe how your region is positioning itself to take advantage of them.,13,Row 13,Increased attention to other environmental concerns,CCA Cap and Invest and offsets programs promote environmental justice and community resilience which can include bolstering health and durability of other environmental and social attributes
2025 Disclosure Cycle,779465,CDP,72888,State of Washington,States & Regions,North America,United States of America,Public,Q10.12.1,Please indicate the opportunities associated with sustainable forest management and describe how your region is positioning itself to take advantage of them.,14,Row 14,Additional funding and investment opportunities (e.g. access to REDD+),Additional funding and investment from federal and state government and private investment. DNR is currently developing a strategy to address reforestation to be finished in 2025 and given out 900k for post-fire reforestation in the first year. DNR has awarded $8 million in state and federal funding for urban forestry. USDA Forest Service federal funding opportunities through forest landowner support program.
2025 Disclosure Cycle,779465,CDP,72890,State of Minnesota,States & Regions,North America,United States of America,Public,Q10.12.1,Please indicate the opportunities associated with sustainable forest management and describe how your region is positioning itself to take advantage of them.,1,Row 1,Climate change mitigation,"Aware of and communicating about relationships between forests, forest products, and the atmospheres. We have identifies strategies to support the current carbon sink over the long term."
2025 Disclosure Cycle,779465,CDP,72890,State of Minnesota,States & Regions,North America,United States of America,Public,Q10.12.1,Please indicate the opportunities associated with sustainable forest management and describe how your region is positioning itself to take advantage of them.,2,Row 2,Increasing resilience to climate change impacts and other disasters,"Understand the vulnerabilities related to climate change and our long term management approach integrates practices of resistance, resilience, and transition."
2025 Disclosure Cycle,779465,CDP,72890,State of Minnesota,States & Regions,North America,United States of America,Public,Q10.12.1,Please indicate the opportunities associated with sustainable forest management and describe how your region is positioning itself to take advantage of them.,3,Row 3,"Other ecosystem services from forests realized (e.g. improved well-being, soil erosion management)",The state has a healthy wood products sector that uses fiber from sustainably managed forests to produce products important to our society. These in turn sustain livelihoods and support economic develop in the state.
2025 Disclosure Cycle,779465,CDP,72890,State of Minnesota,States & Regions,North America,United States of America,Public,Q10.12.1,Please indicate the opportunities associated with sustainable forest management and describe how your region is positioning itself to take advantage of them.,4,Row 4,Development of recreation and tourism industry,Minnesota's forests are a key recreational asset for Minnesotans and visitors. These uses depend on ongoing forest health.
2025 Disclosure Cycle,779465,CDP,72890,State of Minnesota,States & Regions,North America,United States of America,Public,Q10.12.1,Please indicate the opportunities associated with sustainable forest management and describe how your region is positioning itself to take advantage of them.,5,Row 5,Ensuring clean water supply,Forests cover 1/3 of the state's area and are critical to water quality. The vast majority of Minnesotans receive drinking water from forested parts of the state. Our work protecting and managing forests greatly reduces the need to chemically treat water while regulating stream and river flows.
2025 Disclosure Cycle,779465,CDP,72891,State of Hawaii,States & Regions,North America,United States of America,Public,Q10.12.1,Please indicate the opportunities associated with sustainable forest management and describe how your region is positioning itself to take advantage of them.,2,Row 2,Increase employment opportunities,Developing forest economic models for land managers interested in diversifying land use options with forest products and/or agroforestry systems. 
2025 Disclosure Cycle,779465,CDP,72891,State of Hawaii,States & Regions,North America,United States of America,Public,Q10.12.1,Please indicate the opportunities associated with sustainable forest management and describe how your region is positioning itself to take advantage of them.,3,Row 3,Development of recreation and tourism industry,Hawaii's primary industry is tourism; we are now looking into ways to better manage people in our natural and forest lands to reduce impacts to the natural resources and surrounding communities.
2025 Disclosure Cycle,779465,CDP,72891,State of Hawaii,States & Regions,North America,United States of America,Public,Q10.12.1,Please indicate the opportunities associated with sustainable forest management and describe how your region is positioning itself to take advantage of them.,4,Row 4,"Other ecosystem services from forests realized (e.g. improved well-being, soil erosion management)",Developing reforestation and improved forest management carbon projects to be certified under a carbon sequestration standard. 
2025 Disclosure Cycle,779465,CDP,72891,State of Hawaii,States & Regions,North America,United States of America,Public,Q10.12.1,Please indicate the opportunities associated with sustainable forest management and describe how your region is positioning itself to take advantage of them.,5,Row 5,Climate change mitigation,
2025 Disclosure Cycle,779465,CDP,72891,State of Hawaii,States & Regions,North America,United States of America,Public,Q10.12.1,Please indicate the opportunities associated with sustainable forest management and describe how your region is positioning itself to take advantage of them.,6,Row 6,Ensuring clean water supply,See Sustainable Hawaii 30x30 Watershed Initiative
2025 Disclosure Cycle,779465,CDP,72891,State of Hawaii,States & Regions,North America,United States of America,Public,Q10.12.1,Please indicate the opportunities associated with sustainable forest management and describe how your region is positioning itself to take advantage of them.,7,Row 7,Compliance to policies and regulations,Proposal to update timber theft laws and violations. 
2025 Disclosure Cycle,779465,CDP,72891,State of Hawaii,States & Regions,North America,United States of America,Public,Q10.12.1,Please indicate the opportunities associated with sustainable forest management and describe how your region is positioning itself to take advantage of them.,8,Row 8,Continued access to forest products,Updating our permitting laws and policies to allow greater access and use of publicly managed forest products. Also reviewing opportunities to provide for community stewardship of natural areas. 
2025 Disclosure Cycle,779465,CDP,72895,Wales,States & Regions,UKWW,United Kingdom,Public,Q10.12.1,Please indicate the opportunities associated with sustainable forest management and describe how your region is positioning itself to take advantage of them.,2,Row 2,Development of recreation and tourism industry,Many of the opportunities and benefits arising from the sustainable management of forests and woodlands are recognised in the Welsh Government forestry policy document Woodlands for Wales which sets out forestry policy in Wales for the next 50yrs. This is also reflected in the application of the principle of Sustainable Management of Natural Resources as set out in the Environment (Wales) Act 2016 and in our Natural Resources Policy and ecosystems approach. 
2025 Disclosure Cycle,779465,CDP,72895,Wales,States & Regions,UKWW,United Kingdom,Public,Q10.12.1,Please indicate the opportunities associated with sustainable forest management and describe how your region is positioning itself to take advantage of them.,3,Row 3,Ensuring clean water supply,Many of the opportunities and benefits arising from the sustainable management of forests and woodlands are recognised in the Welsh Government forestry policy document Woodlands for Wales which sets out forestry policy in Wales for the next 50yrs. This is also reflected in the application of the principle of Sustainable Management of Natural Resources as set out in the Environment (Wales) Act 2016 and in our Natural Resources Policy and ecosystems approach. 
2025 Disclosure Cycle,779465,CDP,72895,Wales,States & Regions,UKWW,United Kingdom,Public,Q10.12.1,Please indicate the opportunities associated with sustainable forest management and describe how your region is positioning itself to take advantage of them.,4,Row 4,Gain access to export markets with higher sustainability standards,Many of the opportunities and benefits arising from the sustainable management of forests and woodlands are recognised in the Welsh Government forestry policy document Woodlands for Wales which sets out forestry policy in Wales for the next 50yrs. This is also reflected in the application of the principle of Sustainable Management of Natural Resources as set out in the Environment (Wales) Act 2016 and in our Natural Resources Policy and ecosystems approach. 
2025 Disclosure Cycle,779465,CDP,72895,Wales,States & Regions,UKWW,United Kingdom,Public,Q10.12.1,Please indicate the opportunities associated with sustainable forest management and describe how your region is positioning itself to take advantage of them.,5,Row 5,Increasing resilience to climate change impacts and other disasters,Many of the opportunities and benefits arising from the sustainable management of forests and woodlands are recognised in the Welsh Government forestry policy document Woodlands for Wales which sets out forestry policy in Wales for the next 50yrs. This is also reflected in the application of the principle of Sustainable Management of Natural Resources as set out in the Environment (Wales) Act 2016 and in our Natural Resources Policy and ecosystems approach. 
2025 Disclosure Cycle,779465,CDP,72895,Wales,States & Regions,UKWW,United Kingdom,Public,Q10.12.1,Please indicate the opportunities associated with sustainable forest management and describe how your region is positioning itself to take advantage of them.,6,Row 6,Sustain livelihoods dependent on forests,Many of the opportunities and benefits arising from the sustainable management of forests and woodlands are recognised in the Welsh Government forestry policy document Woodlands for Wales which sets out forestry policy in Wales for the next 50yrs. This is also reflected in the application of the principle of Sustainable Management of Natural Resources as set out in the Environment (Wales) Act 2016 and in our Natural Resources Policy and ecosystems approach. 
2025 Disclosure Cycle,779465,CDP,72895,Wales,States & Regions,UKWW,United Kingdom,Public,Q10.12.1,Please indicate the opportunities associated with sustainable forest management and describe how your region is positioning itself to take advantage of them.,7,Row 7,Climate change mitigation,Many of the opportunities and benefits arising from the sustainable management of forests and woodlands are recognised in the Welsh Government forestry policy document Woodlands for Wales which sets out forestry policy in Wales for the next 50yrs. This is also reflected in the application of the principle of Sustainable Management of Natural Resources as set out in the Environment (Wales) Act 2016 and in our Natural Resources Policy and ecosystems approach. 
2025 Disclosure Cycle,779465,CDP,72895,Wales,States & Regions,UKWW,United Kingdom,Public,Q10.12.1,Please indicate the opportunities associated with sustainable forest management and describe how your region is positioning itself to take advantage of them.,8,Row 8,"Other ecosystem services from forests realized (e.g. improved well-being, soil erosion management)",Many of the opportunities and benefits arising from the sustainable management of forests and woodlands are recognised in the Welsh Government forestry policy document Woodlands for Wales which sets out forestry policy in Wales for the next 50yrs. This is also reflected in the application of the principle of Sustainable Management of Natural Resources as set out in the Environment (Wales) Act 2016 and in our Natural Resources Policy and ecosystems approach. 
2025 Disclosure Cycle,779465,CDP,72901,State of California,States & Regions,North America,United States of America,Public,Q10.12.1,Please indicate the opportunities associated with sustainable forest management and describe how your region is positioning itself to take advantage of them.,1,Row 1,Development of recreation and tourism industry,"The California Department of Parks and Recreation implements restoration and prescribed fire projects in forested state parks to restore the natural burning cycle, decrease fuel loads, improve habitat for native species that evolved with periodic fires, and control exotic plant species. These projects help ensure that state parks will be available for Californians and visitors into perpetuity. Additionally, the Sierra Nevada Conservancy, California Tahoe Conservancy, Santa Monica Mountains Conservancy, and other regional conservancies with forested lands help protect important ecosystems and create and enhance local tourism and recreation opportunities for communities across the state. "
2025 Disclosure Cycle,779465,CDP,72901,State of California,States & Regions,North America,United States of America,Public,Q10.12.1,Please indicate the opportunities associated with sustainable forest management and describe how your region is positioning itself to take advantage of them.,2,Row 2,Ensuring clean water supply,"Signed into law in 2016, Assembly Bill 2480 identified watersheds as part of California's water infrastructure, presenting an opportunity to grow constituencies around the multiple ecosystem services forested watershed investments deliver. Additionally, grant programs such as the California Department of Forestry and Fire Protection's Forest Health Program and the Department of Conservation's Watershed Coordinator Program support planning and implementation of integrated projects that restore upper forested watersheds to increase forest health, enhance water quality and supply, reduce greenhouse gases, and secure other benefits. Assembly Bill 2551 also authorizes the Natural Resources Agency and the California Environmental Protection Agency to jointly develop and submit to the Legislature a specified plan for forest and watershed restoration investments in five major watersheds of the state. Finally, the Department of Water Resources' Integrated Regional Water Management Program encourages holistic local water management that helps ensure environmental stewardship of ecosystems such as forests. "
2025 Disclosure Cycle,779465,CDP,72901,State of California,States & Regions,North America,United States of America,Public,Q10.12.1,Please indicate the opportunities associated with sustainable forest management and describe how your region is positioning itself to take advantage of them.,3,Row 3,"Other ecosystem services from forests realized (e.g. improved well-being, soil erosion management)",Urban Forestry programs in California help create public green spaces in communities and urban areas that improve well-being. 
2025 Disclosure Cycle,779465,CDP,72901,State of California,States & Regions,North America,United States of America,Public,Q10.12.1,Please indicate the opportunities associated with sustainable forest management and describe how your region is positioning itself to take advantage of them.,4,Row 4,Climate change mitigation,"The California Department of Forestry and Fire Protection (CAL FIRE)'s Forest Health Grant Program awards Cap-and-Trade Program auction proceeds allocated by the legislature for California Climate Investments to implement projects that seek to proactively restore forest health to reduce greenhouse gases, promote long-term storage of carbon in forests, minimize loss of forest carbon from large, intense wildfires, and further the goals of the California Global Warming Solutions Act of 2006 (Assembly Bill 32). Additionally, through the California Climate Investments Fire Prevention Grant Program, CAL FIRE aims to reduce the risk of wildland fires to habitable structures and communities, while maximizing carbon sequestration in healthy wildland habitat and minimizing the uncontrolled release of emissions emitted by wildfires. Other grant programs, such as CAL FIRE's Urban and Community Forestry Grant Program and the Natural Resources Agency's Urban Greening Program strive to sequester carbon and reduce greenhouse gases by planting trees in communities."
2025 Disclosure Cycle,779465,CDP,72901,State of California,States & Regions,North America,United States of America,Public,Q10.12.1,Please indicate the opportunities associated with sustainable forest management and describe how your region is positioning itself to take advantage of them.,5,Row 5,Sustain livelihoods dependent on forests,"The Wood Utilization Working Group of the Governor's Forest Management Task Force is working towards the goal of increasing rural economic development around wood product manufacturing by incentivizing innovative wood product manufacturing and developing pilot training programs in forest thinning and biomass processing in areas where there is inadequate labour capacity to support such activities. Additionally, the California Forest Improvement Program provides cost-sharing assistance to private and public ownerships containing 20 to 5,000 acres of forest land for activities that ensure adequate high-quality timber supplies, related employment and other economic benefits, and the protection, maintenance, and enhancement of a productive and stable forest resource system for the benefit of present and future generations. The Forest Health grant program has also sponsored a project with American Forest Foundation to increase access to the market for nonindustrial timberland owners."
2025 Disclosure Cycle,779465,CDP,72901,State of California,States & Regions,North America,United States of America,Public,Q10.12.1,Please indicate the opportunities associated with sustainable forest management and describe how your region is positioning itself to take advantage of them.,6,Row 6,Compliance to policies and regulations,"The California Board of Forestry and Fire Protection is responsible for determining, establishing, and maintaining an adequate forest policy for the state. It continuously reviews and revises forest practice rules and oversees compliance with the Forest Practice Act in coordination with the Department of Forestry and Fire Protection. The Governor's Forest Management Task Force Regulations Working Group is charged with facilitating permitting in all of California's forest land ecosystems, creating an online timber harvest permitting system, and synchronizing and expediting the regulatory review of permits under the Forest Practice Act and related timber harvest permitting processes to make it easier for forest landowners to comply with policies and regulations. The California Department of Forestry and Fire protection ensures that all funds spent through grant programs funded from the Greenhouse Gas Reduction Fund complete emissions benefits calculations according to the quantification methodology approved by the California Air Resources Board."
2025 Disclosure Cycle,779465,CDP,72901,State of California,States & Regions,North America,United States of America,Public,Q10.12.1,Please indicate the opportunities associated with sustainable forest management and describe how your region is positioning itself to take advantage of them.,7,Row 7,Increase employment opportunities,"The California Conservation Corps operates several conservation programs across the state that employ young people in Watershed Stewards, Backcountry Trails, Natural Resource Conservation, and other programs. This program helps young people gain skills and experience for future conservation-related careers while enhancing ecosystem health and recreation opportunities in forests. For more information please see: https://ccc.ca.gov/life-in-the-corps/training-and-career-pathways/. Additionally, one goal of the Wood Utilization Working Group of the Governor's Forest Management Task Force is to work with the relevant state agencies and local workforce development boards to develop programs in forest thinning and biomass processing in areas where there is inadequate labor capacity to support such activities. The California Department of Forestry and Fire Protection's Forest Health program is working with California Community Colleges to create a certificate for machinery operators that will work to complete forest health treatments."
2025 Disclosure Cycle,779465,CDP,72901,State of California,States & Regions,North America,United States of America,Public,Q10.12.1,Please indicate the opportunities associated with sustainable forest management and describe how your region is positioning itself to take advantage of them.,8,Row 8,Continued access to forest products,"The Wood Utilization Working Group of the Governor's Forest Management Task Force is strategizing ways to increase rural economic development around wood product manufacturing by incentivizing innovative wood product manufacturing. Additionally, California is establishing a Joint Institute for Wood Products Innovation through the California Board of Forestry to perform wood products research, development, and testing, and to accelerate research, development and adoption of advanced forest management and wood products manufacturing. The California Government Operations Agency is also awarding $500,000 in grants as part of the statewide California Mass Timber Building Competition to selected proponent teams presenting viable and repeatable mass timber solutions for commercial and multi-family projects in California. The Forest Management Task Force is completing a report to the legislature on siting for a Cross Laminated Timber manufacturing facility."
2025 Disclosure Cycle,779465,CDP,72901,State of California,States & Regions,North America,United States of America,Public,Q10.12.1,Please indicate the opportunities associated with sustainable forest management and describe how your region is positioning itself to take advantage of them.,9,Row 9,Increased attention to other environmental concerns,"The California Department of Fish and Wildlife's Timberland Conservation Program helps conserve biodiversity on timberlands. Program staff review Timber Harvest Plans and assess the likelihood that these plans will result in the take (hunting, pursuing, catching, capturing, killing, or attempting any of those activities) of an endangered, threatened, candidate, or a rare plant listed species, as defined in the California Endangered Species Act, and recommend measures to avoid take. "
2025 Disclosure Cycle,779465,CDP,72901,State of California,States & Regions,North America,United States of America,Public,Q10.12.1,Please indicate the opportunities associated with sustainable forest management and describe how your region is positioning itself to take advantage of them.,10,Row 10,Develop jurisdictional approaches,"The Governor's Forest Management Task Force Regional Prioritization Groups are working to identify specific regional issues and propose and prioritize solutions to these issues for consideration by the Task Force. The California Natural Resources Agency's Regional Forest and Fire Capacity Program seeks to increase regional capacity to prioritize, develop, and implement projects that improve forest health and fire resilience, facilitate greenhouse gas emissions reductions, and increase carbon sequestration in forests throughout California. The Watershed Coordinator Grant Program provided grants to support local watershed coordinators that facilitate collaborative efforts to improve and sustain the health of California's watersheds."
2025 Disclosure Cycle,779465,CDP,72901,State of California,States & Regions,North America,United States of America,Public,Q10.12.1,Please indicate the opportunities associated with sustainable forest management and describe how your region is positioning itself to take advantage of them.,11,Row 11,Increasing resilience to climate change impacts and other disasters,"Various grant programs, including the California Department of Forestry and Fire Protection (CAL FIRE)'s Forest Health Program and the Wildlife Conservation Board Forest Conservation Program, incentivize activities that increase resilience to climate change. For example, both programs provide funding to implement prescribed fire, which helps reduce the risk of high-severity wildfire, and to protect forests, which can help ensure habitat connectivity and safeguard migration corridors for species impacted by climate change. "
2025 Disclosure Cycle,779465,CDP,72920,Autonomous Community of Galicia,States & Regions,Europe,Spain,Public,Q10.12.1,Please indicate the opportunities associated with sustainable forest management and describe how your region is positioning itself to take advantage of them.,1,Row 1,Climate change mitigation,La gestión forestal sostenible es una de las herramientas empleadas por la región para aumentar la capacidad de absorción de CO2 de los sumideros naturales y así contribuir al objetivo de alcanzar la neutralidad climática establecido en la Estrategia Gallega de Cambio Climático y Energía 2050. Entre las medidas que se están poniendo en marcha se encuentra la creación de un sistema de créditos de carbono propios para promover compensaciones de cercanía.
2025 Disclosure Cycle,779465,CDP,72920,Autonomous Community of Galicia,States & Regions,Europe,Spain,Public,Q10.12.1,Please indicate the opportunities associated with sustainable forest management and describe how your region is positioning itself to take advantage of them.,2,Row 2,Continued access to forest products,"La certificación forestal sirve, así, como medida de concienciación medioambiental, puesto que informa al consumidor de qué productos provienen de montes gestionados de forma sostenible, como la madera, la carne, la castaña o las setas. Por lo tanto, se trata de una herramienta de mercado que favorece la exportación de los productos forestales, al contener un valor añadido que beneficia su demanda. "
2025 Disclosure Cycle,779465,CDP,72920,Autonomous Community of Galicia,States & Regions,Europe,Spain,Public,Q10.12.1,Please indicate the opportunities associated with sustainable forest management and describe how your region is positioning itself to take advantage of them.,3,Row 3,Sustain livelihoods dependent on forests,"La gestión forestal sostenible contribuye a dinamizar las zonas rurales mediante la generación de nuevos empleos, además promueve cohesión territorial y servicios ambientales en todas las comunidades donde está presente y en Galicia, territorio con una fuerte vinculación al medio rural, la gestión forestal sostenible es una oportunidad para fijar población y tener posibilidades de trabajo\nLa gestión forestal socialmente beneficiosa ayuda a que las poblaciones locales, así como la sociedad en su conjunto, disfruten de los beneficios del monte a largo plazo y proporciona, además, incentivos para que las comunidades conserven los recursos forestales y se involucren en los planes de gestión."
2025 Disclosure Cycle,779465,CDP,72920,Autonomous Community of Galicia,States & Regions,Europe,Spain,Public,Q10.12.1,Please indicate the opportunities associated with sustainable forest management and describe how your region is positioning itself to take advantage of them.,4,Row 4,Gain access to export markets with higher sustainability standards,"La cadena forestal-madera está ampliamente reconocida como uno de los sectores estratégicos de la economía en Galicia. De acuerdo con los datos que proporciona el clúster de la madera, Galicia es la novena potencia forestal europea, liderando además el sector a nivel nacional. Las cifras de producción y empleo asociadas al sector de la madera y derivados lo configuran como un pilar fundamental de la economía gallega.\nGalicia es la principal potencia exportadora en el subsector de la madera y sus manufacturas a nivel de España. En 2023 representa el 26,5% del total de las exportaciones españolas en este sector"
2025 Disclosure Cycle,779465,CDP,72924,Autonomous Community of Navarre,States & Regions,Europe,Spain,Public,Q10.12.1,Please indicate the opportunities associated with sustainable forest management and describe how your region is positioning itself to take advantage of them.,2,Row 2,Other: Comercialización mejorada para los productos forestales navarros,La información estadística sobre los aprovechamientos forestales en Navarra está disponible en https://www.navarra.es/es/medio-ambiente/gestion-forestal/aprovechamiento-de-la-madera
2025 Disclosure Cycle,779465,CDP,72926,Autonomous Community of the Basque Country,States & Regions,Europe,Spain,Public,Q10.12.1,Please indicate the opportunities associated with sustainable forest management and describe how your region is positioning itself to take advantage of them.,1,Row 1,Compliance to policies and regulations,"Cumplimiento primordial del Artículo 35 Actividades agrícolas, ganaderas, forestales y pesqueras, y del Artículo 47 Sector agroforestal, ganadero y pesquero, de la Ley 1/2024, de 8 de febrero, de Transición Energética y Cambio Climático, donde se estipula la utilización de prácticas que eviten la degradación del suelo, en particular, la erosión, contribuyendo a la vez a la conservación de la materia orgánica del suelo; potenciación del secuestro de carbono mediante una mejora de la gestión de la materia orgánica, las cubiertas vegetales y las repoblaciones forestales; fomento de una gestión forestal que permita reducir el riesgo de incendios forestales, aprovechar la biomasa forestal y recuperar los mosaicos agroforestales; entre otras acciones estipuladas en los artículos enunciados y de manera transversal en otros artículos de la Ley 1/2024."
2025 Disclosure Cycle,779465,CDP,72926,Autonomous Community of the Basque Country,States & Regions,Europe,Spain,Public,Q10.12.1,Please indicate the opportunities associated with sustainable forest management and describe how your region is positioning itself to take advantage of them.,2,Row 2,Increasing resilience to climate change impacts and other disasters,"La estrategia de Protección del Suelo de Euskadi 2030 promueve la importancia de la gestión sostenible del suelo en general, pero con énfasis en el agroforestal, con el objeto no solo de proteger, conservar y recuperar sus funciones naturales, sino de que a través de esta preservación y cuidado, se puedan seguir aprovechando de manera sostenible los servicios ecosistémicos que presta. Así mismo, esta estrategia cuenta con una sección completa dedicada a mitigación y adaptación al cambio climático, en la que se identifica al suelo natural, del que el territorio forestal forma parte, como un punto clave en adaptación a varios efectos del cambio climático relacionados con las precipitaciones como son las inundaciones y los desplazamientos de terreno, por su capacidad de absorción y de regulación del ciclo hídrico, así como la amortiguación de los efectos climatológicos extremos, sobre todo los relacionados con las altas temperaturas."
2025 Disclosure Cycle,779465,CDP,72926,Autonomous Community of the Basque Country,States & Regions,Europe,Spain,Public,Q10.12.1,Please indicate the opportunities associated with sustainable forest management and describe how your region is positioning itself to take advantage of them.,3,Row 3,Climate change mitigation,"La estrategia de Protección del Suelo de Euskadi 2030 promueve la importancia de la gestión sostenible del suelo en general pero con énfasis en el agroforestal, con el objeto no solo de proteger, conservar y recuperar sus funciones naturales, sino de que a través de esta preservación y cuidado, se puedan seguir aprovechando de manera sostenible los servicios ecosistémicos que presta. Así mismo, esta estrategia cuenta con una sección completa dedicada a mitigación y adaptación al cambio climático, en la que se identifica al suelo natural, del que el territorio forestal forma parte, como un punto clave en mitigación del cambio climático por su capacidad de almacenamiento de carbono. "
2025 Disclosure Cycle,779465,CDP,72927,Autonomous Community of Catalonia,States & Regions,Europe,Spain,Public,Q10.12.1,Please indicate the opportunities associated with sustainable forest management and describe how your region is positioning itself to take advantage of them.,2,Row 2,Increase employment opportunities,"En Cataluña, los bosques son el sistema territorial con mayor reserva de carbono por hectárea, 149,5 toneladas por hectárea. Le siguen los pastos, con 121,4 toneladas por hectárea. Les siguen los cultivos de matorral (112,1 toneladas por hectárea) y leñosos (104,0 toneladas por hectárea) y, por último, los cultivos herbáceos, con 100,8 toneladas por hectárea. La mayor parte de este carbono se almacena en el suelo en forma de humus. En términos absolutos, teniendo en cuenta la superficie total de cada ecosistema, los bosques ocupan el primer lugar, con un total de 173 Tg (millones de toneladas) de carbono almacenado. Los bosques ya no se explotan tan extensivamente como antes, cuando nos daban muchos productos con un alto valor económico, y la disminución del interés económico ha llevado en muchos casos a un abandono en su gestión. Dado que la mayoría de nuestros bosques ya están sufriendo los efectos del cambio climático, es necesaria una gestión forestal flexible y adaptada a cada especie y región geográfica. es fundamental. También son valiosos como ecosistemas: regulan los ciclos del agua, los nutrientes y el carbono, mantienen la biodiversidad, ayudan a controlar los incendios forestales, protegen el suelo y evitan que sufra erosión. Por tanto, son necesarias medidas para impedir el éxodo rural y, más concretamente, el éxodo agrícola. Estas medidas, combinadas con otras de protección de pastos y praderas, mantendrían la capacidad de sumidero de todos estos sistemas naturales. (Esta explicación es válida para todas las Oportunidades)"
2025 Disclosure Cycle,779465,CDP,72927,Autonomous Community of Catalonia,States & Regions,Europe,Spain,Public,Q10.12.1,Please indicate the opportunities associated with sustainable forest management and describe how your region is positioning itself to take advantage of them.,3,Row 3,Increasing resilience to climate change impacts and other disasters,"En Cataluña, los bosques son el sistema territorial con mayor reserva de carbono por hectárea, 149,5 toneladas por hectárea. Le siguen los pastos, con 121,4 toneladas por hectárea. Les siguen los cultivos de matorral (112,1 toneladas por hectárea) y leñosos (104,0 toneladas por hectárea) y, por último, los cultivos herbáceos, con 100,8 toneladas por hectárea. La mayor parte de este carbono se almacena en el suelo en forma de humus. En términos absolutos, teniendo en cuenta la superficie total de cada ecosistema, los bosques ocupan el primer lugar, con un total de 173 Tg (millones de toneladas) de carbono almacenado. Los bosques ya no se explotan tan extensivamente como antes, cuando nos daban muchos productos con un alto valor económico, y la disminución del interés económico ha llevado en muchos casos a un abandono en su gestión. Dado que la mayoría de nuestros bosques ya están sufriendo los efectos del cambio climático, es necesaria una gestión forestal flexible y adaptada a cada especie y región geográfica. es fundamental. También son valiosos como ecosistemas: regulan los ciclos del agua, los nutrientes y el carbono, mantienen la biodiversidad, ayudan a controlar los incendios forestales, protegen el suelo y evitan que sufra erosión. Por tanto, son necesarias medidas para impedir el éxodo rural y, más concretamente, el éxodo agrícola. Estas medidas, combinadas con otras de protección de pastos y praderas, mantendrían la capacidad de sumidero de todos estos sistemas naturales. (Esta explicación es válida para todas las Oportunidades)"
2025 Disclosure Cycle,779465,CDP,72927,Autonomous Community of Catalonia,States & Regions,Europe,Spain,Public,Q10.12.1,Please indicate the opportunities associated with sustainable forest management and describe how your region is positioning itself to take advantage of them.,4,Row 4,Climate change mitigation,"En Cataluña, los bosques son el sistema territorial con mayor reserva de carbono por hectárea, 149,5 toneladas por hectárea. Le siguen los pastos, con 121,4 toneladas por hectárea. Les siguen los cultivos de matorral (112,1 toneladas por hectárea) y leñosos (104,0 toneladas por hectárea) y, por último, los cultivos herbáceos, con 100,8 toneladas por hectárea. La mayor parte de este carbono se almacena en el suelo en forma de humus. En términos absolutos, teniendo en cuenta la superficie total de cada ecosistema, los bosques ocupan el primer lugar, con un total de 173 Tg (millones de toneladas) de carbono almacenado. Los bosques ya no se explotan tan extensivamente como antes, cuando nos daban muchos productos con un alto valor económico, y la disminución del interés económico ha llevado en muchos casos a un abandono en su gestión. Dado que la mayoría de nuestros bosques ya están sufriendo los efectos del cambio climático, es necesaria una gestión forestal flexible y adaptada a cada especie y región geográfica. es fundamental. También son valiosos como ecosistemas: regulan los ciclos del agua, los nutrientes y el carbono, mantienen la biodiversidad, ayudan a controlar los incendios forestales, protegen el suelo y evitan que sufra erosión. Por tanto, son necesarias medidas para impedir el éxodo rural y, más concretamente, el éxodo agrícola. Estas medidas, combinadas con otras de protección de pastos y praderas, mantendrían la capacidad de sumidero de todos estos sistemas naturales. (Esta explicación es válida para todas las Oportunidades)"
2025 Disclosure Cycle,779465,CDP,72927,Autonomous Community of Catalonia,States & Regions,Europe,Spain,Public,Q10.12.1,Please indicate the opportunities associated with sustainable forest management and describe how your region is positioning itself to take advantage of them.,5,Row 5,Continued access to forest products,"En Cataluña, los bosques son el sistema territorial con mayor reserva de carbono por hectárea, 149,5 toneladas por hectárea. Le siguen los pastos, con 121,4 toneladas por hectárea. Les siguen los cultivos de matorral (112,1 toneladas por hectárea) y leñosos (104,0 toneladas por hectárea) y, por último, los cultivos herbáceos, con 100,8 toneladas por hectárea. La mayor parte de este carbono se almacena en el suelo en forma de humus. En términos absolutos, teniendo en cuenta la superficie total de cada ecosistema, los bosques ocupan el primer lugar, con un total de 173 Tg (millones de toneladas) de carbono almacenado. Los bosques ya no se explotan tan extensivamente como antes, cuando nos daban muchos productos con un alto valor económico, y la disminución del interés económico ha llevado en muchos casos a un abandono en su gestión. Dado que la mayoría de nuestros bosques ya están sufriendo los efectos del cambio climático, es necesaria una gestión forestal flexible y adaptada a cada especie y región geográfica. es fundamental. También son valiosos como ecosistemas: regulan los ciclos del agua, los nutrientes y el carbono, mantienen la biodiversidad, ayudan a controlar los incendios forestales, protegen el suelo y evitan que sufra erosión. Por tanto, son necesarias medidas para impedir el éxodo rural y, más concretamente, el éxodo agrícola. Estas medidas, combinadas con otras de protección de pastos y praderas, mantendrían la capacidad de sumidero de todos estos sistemas naturales. (Esta explicación es válida para todas las Oportunidades)"
2025 Disclosure Cycle,779465,CDP,72927,Autonomous Community of Catalonia,States & Regions,Europe,Spain,Public,Q10.12.1,Please indicate the opportunities associated with sustainable forest management and describe how your region is positioning itself to take advantage of them.,6,Row 6,Additional funding and investment opportunities (e.g. access to REDD+),"LIFE Climark es un proyecto de la UE emprendido por cinco socios, cuatro de Cataluña (CTFC, UdL, OCCC y CPF) y uno de la región italiana del Véneto. Los principales objetivos del proyecto CLIMARK son contribuir a la mitigación del cambio climático y aumentar la capacidad de sumidero de carbono de los bosques mediterráneos fomentando los efectos mitigantes de la gestión forestal multifuncional mediante la creación de un mercado de crédito climático.\n\nhttps://lifeclimark.eu/en/"
2025 Disclosure Cycle,779465,CDP,72927,Autonomous Community of Catalonia,States & Regions,Europe,Spain,Public,Q10.12.1,Please indicate the opportunities associated with sustainable forest management and describe how your region is positioning itself to take advantage of them.,7,Row 7,"Other ecosystem services from forests realized (e.g. improved well-being, soil erosion management)","En Cataluña, los bosques son el sistema territorial con mayor reserva de carbono por hectárea, 149,5 toneladas por hectárea. Le siguen los pastos, con 121,4 toneladas por hectárea. Les siguen los cultivos de matorral (112,1 toneladas por hectárea) y leñosos (104,0 toneladas por hectárea) y, por último, los cultivos herbáceos, con 100,8 toneladas por hectárea. La mayor parte de este carbono se almacena en el suelo en forma de humus. En términos absolutos, teniendo en cuenta la superficie total de cada ecosistema, los bosques ocupan el primer lugar, con un total de 173 Tg (millones de toneladas) de carbono almacenado. Los bosques ya no se explotan tan extensivamente como antes, cuando nos daban muchos productos con un alto valor económico, y la disminución del interés económico ha llevado en muchos casos a un abandono en su gestión. Dado que la mayoría de nuestros bosques ya están sufriendo los efectos del cambio climático, es necesaria una gestión forestal flexible y adaptada a cada especie y región geográfica. es fundamental. También son valiosos como ecosistemas: regulan los ciclos del agua, los nutrientes y el carbono, mantienen la biodiversidad, ayudan a controlar los incendios forestales, protegen el suelo y evitan que sufra erosión. Por tanto, son necesarias medidas para impedir el éxodo rural y, más concretamente, el éxodo agrícola. Estas medidas, combinadas con otras de protección de pastos y praderas, mantendrían la capacidad de sumidero de todos estos sistemas naturales. (Esta explicación es válida para todas las Oportunidades)"
2025 Disclosure Cycle,779465,CDP,72928,Autonomous Community of Cantabria,States & Regions,Europe,Spain,Public,Q10.12.1,Please indicate the opportunities associated with sustainable forest management and describe how your region is positioning itself to take advantage of them.,1,Row 1,Gain access to export markets with higher sustainability standards,"El Gobierno de Cantabria, forma parte de la Sociedad para la Certificación Forestal de Cantabria, órgano que promueve el aprovechamiento y gestión forestal sostenible. En la actualidad hay más de 53.000 ha de monte certificadas."
2025 Disclosure Cycle,779465,CDP,72928,Autonomous Community of Cantabria,States & Regions,Europe,Spain,Public,Q10.12.1,Please indicate the opportunities associated with sustainable forest management and describe how your region is positioning itself to take advantage of them.,3,Row 3,Climate change mitigation,
2025 Disclosure Cycle,779465,CDP,72928,Autonomous Community of Cantabria,States & Regions,Europe,Spain,Public,Q10.12.1,Please indicate the opportunities associated with sustainable forest management and describe how your region is positioning itself to take advantage of them.,4,Row 4,Increased attention to other environmental concerns,
2025 Disclosure Cycle,779465,CDP,72928,Autonomous Community of Cantabria,States & Regions,Europe,Spain,Public,Q10.12.1,Please indicate the opportunities associated with sustainable forest management and describe how your region is positioning itself to take advantage of them.,5,Row 5,Sustain livelihoods dependent on forests,
2025 Disclosure Cycle,779465,CDP,72930,KwaZulu-Natal,States & Regions,UKWW,South Africa,Public,Q10.12.1,Please indicate the opportunities associated with sustainable forest management and describe how your region is positioning itself to take advantage of them.,1,Row 1,Climate change mitigation,KZN supports protection of natural forests and restoration of those that have been degraded for carbon sequestration. Re-forestation of degraded forests create co-benefits in the form of community participation and job creation.
2025 Disclosure Cycle,779465,CDP,72953,Autonomous Region of the Azores,States & Regions,Europe,Portugal,Public,Q10.12.1,Please indicate the opportunities associated with sustainable forest management and describe how your region is positioning itself to take advantage of them.,1,Row 1,Continued access to forest products,"The Regional Government Program of the Autonomous Region of the Azores lists the valorization of the territory as one of the strategic options, proposing the creation of stable bases for sustainable development. Bearing in mind that the forest constitutes a striking and structuring element of the Azorean landscape, occupying around a third of the Region's territory, as well as the economic importance of the local forestry sector and its potential for expansion, the forestry strategy defined for the Autonomous Region of Azores is based on the promotion, dynamization and modernization of the sector and the responsible management of forestry assets.\nThrough the implementation of a management system for Forest Perimeters and Regional Forests, based on the certification standards of the main global initiatives, the Government of the Azores intends to establish lasting commitments between the exploration and preservation of resources, with decisive impacts on territorial planning.\nForest management certification represents a message of credibility that can be passed on to the market and consumers, garnering sympathy and preference of choice, creating opportunities for access to markets that better value products of forest origin, especially wood. It is also important to consider the value of so-called “forest services”, such as the protective, conservative and stabilizing functions of soils, waters, pastures and biodiversity, the resulting landscape composition and recreational and educational uses. These services have a direct influence on quality of life, tourist activity and economic results, and can have an even greater value if associated with certified forest management."
2025 Disclosure Cycle,779465,CDP,72953,Autonomous Region of the Azores,States & Regions,Europe,Portugal,Public,Q10.12.1,Please indicate the opportunities associated with sustainable forest management and describe how your region is positioning itself to take advantage of them.,2,Row 2,"Other ecosystem services from forests realized (e.g. improved well-being, soil erosion management)","The Regional Government Program of the Autonomous Region of the Azores lists the valorization of the territory as one of the strategic options, proposing the creation of stable bases for sustainable development. Bearing in mind that the forest constitutes a striking and structuring element of the Azorean landscape, occupying around a third of the Region's territory, as well as the economic importance of the local forestry sector and its potential for expansion, the forestry strategy defined for the Autonomous Region of Azores is based on the promotion, dynamization and modernization of the sector and the responsible management of forestry assets.\nThrough the implementation of a management system for Forest Perimeters and Regional Forests, based on the certification standards of the main global initiatives, the Government of the Azores intends to establish lasting commitments between the exploration and preservation of resources, with decisive impacts on territorial planning.\nForest management certification represents a message of credibility that can be passed on to the market and consumers, garnering sympathy and preference of choice, creating opportunities for access to markets that better value products of forest origin, especially wood. It is also important to consider the value of so-called “forest services”, such as the protective, conservative and stabilizing functions of soils, waters, pastures and biodiversity, the resulting landscape composition and recreational and educational uses. These services have a direct influence on quality of life, tourist activity and economic results, and can have an even greater value if associated with certified forest management."
2025 Disclosure Cycle,779465,CDP,72953,Autonomous Region of the Azores,States & Regions,Europe,Portugal,Public,Q10.12.1,Please indicate the opportunities associated with sustainable forest management and describe how your region is positioning itself to take advantage of them.,3,Row 3,Compliance to policies and regulations,"The Regional Government Program of the Autonomous Region of the Azores lists the valorization of the territory as one of the strategic options, proposing the creation of stable bases for sustainable development. Bearing in mind that the forest constitutes a striking and structuring element of the Azorean landscape, occupying around a third of the Region's territory, as well as the economic importance of the local forestry sector and its potential for expansion, the forestry strategy defined for the Autonomous Region of Azores is based on the promotion, dynamization and modernization of the sector and the responsible management of forestry assets.\nThrough the implementation of a management system for Forest Perimeters and Regional Forests, based on the certification standards of the main global initiatives, the Government of the Azores intends to establish lasting commitments between the exploration and preservation of resources, with decisive impacts on territorial planning.\nForest management certification represents a message of credibility that can be passed on to the market and consumers, garnering sympathy and preference of choice, creating opportunities for access to markets that better value products of forest origin, especially wood. It is also important to consider the value of so-called “forest services”, such as the protective, conservative and stabilizing functions of soils, waters, pastures and biodiversity, the resulting landscape composition and recreational and educational uses. These services have a direct influence on quality of life, tourist activity and economic results, and can have an even greater value if associated with certified forest management."
2025 Disclosure Cycle,779465,CDP,72953,Autonomous Region of the Azores,States & Regions,Europe,Portugal,Public,Q10.12.1,Please indicate the opportunities associated with sustainable forest management and describe how your region is positioning itself to take advantage of them.,4,Row 4,Ensuring clean water supply,"The Regional Government Program of the Autonomous Region of the Azores lists the valorization of the territory as one of the strategic options, proposing the creation of stable bases for sustainable development. Bearing in mind that the forest constitutes a striking and structuring element of the Azorean landscape, occupying around a third of the Region's territory, as well as the economic importance of the local forestry sector and its potential for expansion, the forestry strategy defined for the Autonomous Region of Azores is based on the promotion, dynamization and modernization of the sector and the responsible management of forestry assets.\nThrough the implementation of a management system for Forest Perimeters and Regional Forests, based on the certification standards of the main global initiatives, the Government of the Azores intends to establish lasting commitments between the exploration and preservation of resources, with decisive impacts on territorial planning.\nForest management certification represents a message of credibility that can be passed on to the market and consumers, garnering sympathy and preference of choice, creating opportunities for access to markets that better value products of forest origin, especially wood. It is also important to consider the value of so-called “forest services”, such as the protective, conservative and stabilizing functions of soils, waters, pastures and biodiversity, the resulting landscape composition and recreational and educational uses. These services have a direct influence on quality of life, tourist activity and economic results, and can have an even greater value if associated with certified forest management."
2025 Disclosure Cycle,779465,CDP,72953,Autonomous Region of the Azores,States & Regions,Europe,Portugal,Public,Q10.12.1,Please indicate the opportunities associated with sustainable forest management and describe how your region is positioning itself to take advantage of them.,5,Row 5,Additional funding and investment opportunities (e.g. access to REDD+),"Opportunity to access European funds (e.g. LIFE, INTERREG, FEDER)"
2025 Disclosure Cycle,779465,CDP,72958,Autonomous Region of Madeira,States & Regions,Europe,Portugal,Public,Q10.12.1,Please indicate the opportunities associated with sustainable forest management and describe how your region is positioning itself to take advantage of them.,1,Row 1,Climate change mitigation,A Região tem implementado projetos de reflorestação e conservação de áreas naturais. 
2025 Disclosure Cycle,779465,CDP,72958,Autonomous Region of Madeira,States & Regions,Europe,Portugal,Public,Q10.12.1,Please indicate the opportunities associated with sustainable forest management and describe how your region is positioning itself to take advantage of them.,2,Row 2,Increasing resilience to climate change impacts and other disasters,A (re)florestação e conservação de área florestais. A gestão sustentável das áreas florestais.
2025 Disclosure Cycle,779465,CDP,72958,Autonomous Region of Madeira,States & Regions,Europe,Portugal,Public,Q10.12.1,Please indicate the opportunities associated with sustainable forest management and describe how your region is positioning itself to take advantage of them.,3,Row 3,Development of recreation and tourism industry,"Implementando várias estratégias, maximizando as oportunidades oferecidas por este sector que é o turismo, no que se refere à promoção de um destino turístico sustentável, destacando a floresta."
2025 Disclosure Cycle,779465,CDP,72958,Autonomous Region of Madeira,States & Regions,Europe,Portugal,Public,Q10.12.1,Please indicate the opportunities associated with sustainable forest management and describe how your region is positioning itself to take advantage of them.,4,Row 4,Ensuring clean water supply,"Gestão de recursos hídricos de modo a garantir o abastecimento de água potável. Associado sempre às florestas, que desempenham um papel fundamental na regulação dos recursos hídricos, e na prevenção doa erosão do solo."
2025 Disclosure Cycle,779465,CDP,72958,Autonomous Region of Madeira,States & Regions,Europe,Portugal,Public,Q10.12.1,Please indicate the opportunities associated with sustainable forest management and describe how your region is positioning itself to take advantage of them.,5,Row 5,"Other ecosystem services from forests realized (e.g. improved well-being, soil erosion management)","Promover a floresta como um espaço de lazer e recreação, com percursos, áreas de lazer e áreas para atividades desportivas. Implementação de projetos de (re)florestação e conservação do solo de forma a prevenir a erosão do solo."
2025 Disclosure Cycle,779465,CDP,72958,Autonomous Region of Madeira,States & Regions,Europe,Portugal,Public,Q10.12.1,Please indicate the opportunities associated with sustainable forest management and describe how your region is positioning itself to take advantage of them.,6,Row 6,Increase opportunities for partnerships and establish joint forest management principles,"Colaboração com organizações internacionais para implementar práticas de gestão florestal sustentável, e com outras entidades que permite desenvolver novas tecnologias e métodos de gestão florestal. Parcerias que ajudam a melhorar a eficiência e a sustentabilidade das práticas florestais."
2025 Disclosure Cycle,779465,CDP,72994,Cross River State,States & Regions,UKWW,Nigeria,Public,Q10.12.1,Please indicate the opportunities associated with sustainable forest management and describe how your region is positioning itself to take advantage of them.,1,Row 1,Climate change mitigation,"expanding the forest cover by planting more trees, restoring degraded forest"
2025 Disclosure Cycle,779465,CDP,72994,Cross River State,States & Regions,UKWW,Nigeria,Public,Q10.12.1,Please indicate the opportunities associated with sustainable forest management and describe how your region is positioning itself to take advantage of them.,2,Row 2,"Other ecosystem services from forests realized (e.g. improved well-being, soil erosion management)",enhance the bridging of the agriculture-forestry drive through the practice of agroforestry. Hence encourage the formation of partnership from the agric and other land-use sector with forestry for an integrated landscape management for multiple benefits generation 
2025 Disclosure Cycle,779465,CDP,72994,Cross River State,States & Regions,UKWW,Nigeria,Public,Q10.12.1,Please indicate the opportunities associated with sustainable forest management and describe how your region is positioning itself to take advantage of them.,3,Row 3,Increasing resilience to climate change impacts and other disasters,enhance watershed protection
2025 Disclosure Cycle,779465,CDP,72994,Cross River State,States & Regions,UKWW,Nigeria,Public,Q10.12.1,Please indicate the opportunities associated with sustainable forest management and describe how your region is positioning itself to take advantage of them.,4,Row 4,Gain access to export markets with higher sustainability standards,
2025 Disclosure Cycle,779465,CDP,72994,Cross River State,States & Regions,UKWW,Nigeria,Public,Q10.12.1,Please indicate the opportunities associated with sustainable forest management and describe how your region is positioning itself to take advantage of them.,5,Row 5,Sustain livelihoods dependent on forests,
2025 Disclosure Cycle,779465,CDP,72994,Cross River State,States & Regions,UKWW,Nigeria,Public,Q10.12.1,Please indicate the opportunities associated with sustainable forest management and describe how your region is positioning itself to take advantage of them.,6,Row 6,Development of recreation and tourism industry,"safeguard habitat of the great apes, which boost our ecotourism drive "
2025 Disclosure Cycle,779465,CDP,72994,Cross River State,States & Regions,UKWW,Nigeria,Public,Q10.12.1,Please indicate the opportunities associated with sustainable forest management and describe how your region is positioning itself to take advantage of them.,7,Row 7,Gain access to export markets with higher sustainability standards,value addition to our forest products and certification value
2025 Disclosure Cycle,779465,CDP,72994,Cross River State,States & Regions,UKWW,Nigeria,Public,Q10.12.1,Please indicate the opportunities associated with sustainable forest management and describe how your region is positioning itself to take advantage of them.,8,Row 8,Compliance to policies and regulations,our jurisdiction complies with acceptable best practices and standards
2025 Disclosure Cycle,779465,CDP,72994,Cross River State,States & Regions,UKWW,Nigeria,Public,Q10.12.1,Please indicate the opportunities associated with sustainable forest management and describe how your region is positioning itself to take advantage of them.,9,Row 9,Increase opportunities for partnerships and establish joint forest management principles,offers comfort and serves as incentive to partners to invest in the forest sector
2025 Disclosure Cycle,779465,CDP,73013,Campeche,States & Regions,Latin America,Mexico,Public,Q10.12.1,Please indicate the opportunities associated with sustainable forest management and describe how your region is positioning itself to take advantage of them.,1,Row 1,Increasing resilience to climate change impacts and other disasters,"Incentivo al desarrollo de tecnologías de cultivo compatibles con el manejo sustentable de los ecosistemas.\nIncentivo a la conservación de flora regional melífera y favorecer la producción de miel orgánica o ecológica.\nMantenimiento de estrategias económicas eficientes que permitan asegurar la pérdida de cultivos ante eventos climáticos extremos, principalmente en el maíz.\nProvisión de infraestructura para la implementación de sistemas de riego tecnificado en las zonas con mayor vulnerabilidad al cambio climático."
2025 Disclosure Cycle,779465,CDP,73013,Campeche,States & Regions,Latin America,Mexico,Public,Q10.12.1,Please indicate the opportunities associated with sustainable forest management and describe how your region is positioning itself to take advantage of them.,2,Row 2,Development of recreation and tourism industry,"A traves de las Unidades de Manejo para la Conservación y Aprovechamiento sustentable de la Vida Silvestre, se promueve una forma de conservación sustentable que a la vez impacta en el desarrollo de la industria de turismo y recreación desde el ecoturismo."
2025 Disclosure Cycle,779465,CDP,73013,Campeche,States & Regions,Latin America,Mexico,Public,Q10.12.1,Please indicate the opportunities associated with sustainable forest management and describe how your region is positioning itself to take advantage of them.,3,Row 3,Climate change mitigation,Fortalecimiento de los programas de las áreas naturales protegidas.\nDefinición y mitigación de las principales fuentes de contaminación y las actividades entrópicas que atentan de una manera más agresiva a la biodiversidad en el estado.\nReforestación y restauración de áreas importadas.
2025 Disclosure Cycle,779465,CDP,73013,Campeche,States & Regions,Latin America,Mexico,Public,Q10.12.1,Please indicate the opportunities associated with sustainable forest management and describe how your region is positioning itself to take advantage of them.,4,Row 4,"Other ecosystem services from forests realized (e.g. improved well-being, soil erosion management)","- Fomentar la capacitación técnica en los esquemas de PSA a integrantes de las localidades de las áreas de influencia REDD+.\n- Promover e incentivar la normatividad sobre ecoturismo. -Establecer incentivos estatales permanentes.\n-Evaluar el impacto de los PSA locales y regionales.\n- Realizar campañas de difusión sobre conservación, restauración y manejo, dirigido a los objetivos REDD+. -Ofrecer alternativas para las comunidades que no cumplen con los requisitos del PSA.\n-Implementar programas de inspección, vigilancia y monitoreo."
2025 Disclosure Cycle,779465,CDP,73013,Campeche,States & Regions,Latin America,Mexico,Public,Q10.12.1,Please indicate the opportunities associated with sustainable forest management and describe how your region is positioning itself to take advantage of them.,5,Row 5,Additional funding and investment opportunities (e.g. access to REDD+),"En 2020 implementamos proyectos en materia de combate a incendios forestales, de Ordenamientos Territoriales Ecológicos y de Gobernanza con recursos de Noruega ."
2025 Disclosure Cycle,779465,CDP,73013,Campeche,States & Regions,Latin America,Mexico,Public,Q10.12.1,Please indicate the opportunities associated with sustainable forest management and describe how your region is positioning itself to take advantage of them.,6,Row 6,Gain access to export markets with higher sustainability standards,"Al llevar a cabo una gestión forestal sustentable, estas acciones garantizan obtener acceso a los mercados de exportación con estandares de sostenibilidad más estrictos"
2025 Disclosure Cycle,779465,CDP,73013,Campeche,States & Regions,Latin America,Mexico,Public,Q10.12.1,Please indicate the opportunities associated with sustainable forest management and describe how your region is positioning itself to take advantage of them.,7,Row 7,Sustain livelihoods dependent on forests,
2025 Disclosure Cycle,779465,CDP,73014,Quintana Roo,States & Regions,Latin America,Mexico,Public,Q10.12.1,Please indicate the opportunities associated with sustainable forest management and describe how your region is positioning itself to take advantage of them.,1,Row 1,Continued access to forest products,"Conservación de bosques naturales, mediante programas de manejo forestal, permite los beneficios para las comunidades dueñas de los bosques y mejorar la resiliencia ante el cambio climático."
2025 Disclosure Cycle,779465,CDP,73018,Aguascalientes,States & Regions,Latin America,Mexico,Public,Q10.12.1,Please indicate the opportunities associated with sustainable forest management and describe how your region is positioning itself to take advantage of them.,1,Row 1,Climate change mitigation,"Los bonos de carbono representan una herramienta clave para la gestión forestal sostenible y la mitigación del cambio climático. Al permitir que las empresas y gobiernos compensen sus emisiones de gases de efecto invernadero invirtiendo en proyectos de reforestación y conservación, estos bonos no solo generan ingresos, sino que también fomentan prácticas que protegen los ecosistemas."
2025 Disclosure Cycle,779465,CDP,73019,Yucatan,States & Regions,Latin America,Mexico,Public,Q10.12.1,Please indicate the opportunities associated with sustainable forest management and describe how your region is positioning itself to take advantage of them.,1,Row 1,Compliance to policies and regulations,"En el año 2022, estuvieron en operación dos proyectos asociados a la gestión forestal:\n\nEstrategia Arborizando Yucatán\nSe implementó esta estrategia con el objetivo de disminuir la degradación de los recursos forestales en el Estado, mediante la participación de la sociedad con acciones de arborización y reforestación de las áreas urbanas y rurales que requieren cobertura\nforestal. En el periodo que se informa, se plantaron 300,720 plantas nativas para una cobertura de 903.06 hectáreas reforestadas. Se entregaron 30 opiniones técnicas sobre el componente forestal; se realizaron 15\nsesiones de comité de cambio de uso de suelo en terrenos forestales y 255 seguimientos de la sobrevivencia en las superficies autorizadas\ncon plantas nativas.\n\nProducción de Plantas Nativas con Fines de\nReforestación Social y Productiva\nEsta actividad tiene el objetivo de disminuir la degradación de los recursos forestales en el Estado mediante la producción de plantas nativas con lo cual se contribuye al aumento de la arborización, reforestación y la mitigación de efectos ambientales atribuidos al cambio climático y calentamiento global.\nEn el periodo que se informa, se han donado 104,349 plantas nativas en 37 municipios y se produjeron 120,000 plantas nativas.\nDurante la presente Administración se han producido 590,000 plantas nativas y se han donado 498,843 plantas nativas con la participación de cinco grupos sociales en igual número de viveros ubicados en los municipios de Dzilam de Bravo, Mocochá, Ticul, Tixcacalcupul y Yobaín con la participación de 36 personas, en donde el 61% son mujeres. Se contribuye a la Conclusión 8 del Informe del\nGrupo de Trabajo Conformado para atender la solicitud de alerta de violencia de Género contra las mujeres para el Estado de Yucatán que\nestablece “Destinar recursos suficientes a los programas y acciones encaminadas a lograr la igualdad entre mujeres y hombres por parte\nde los Ayuntamientos y el Ejecutivo Estatal”.\nAsí mismo, durante la actual Administración se incrementaron las especies de plantas nativas que se producen, el cual pasó de 14 especies a una paleta vegetal de 70 especies frutales,\nnectopoliniferas, forestales y palmas, entre las que se encuentran el Akits, Balché, Ceiba, Chakah, Chukum, Icaco, Kanisté, Kitinché,\nRoble, Tauch, Uspibil, entre otras."
2025 Disclosure Cycle,779465,CDP,73019,Yucatan,States & Regions,Latin America,Mexico,Public,Q10.12.1,Please indicate the opportunities associated with sustainable forest management and describe how your region is positioning itself to take advantage of them.,2,Row 2,Sustain livelihoods dependent on forests,"Se aprovecha el PEECC como oportunidad para establecer estrategias, líneas de acción y políticas que mantengan los medios de vida que dependen de los bosques. El PEECC define como estrategia de mitigación y adaptación para mantener las superficies naturales y forestales mediante líneas de acción que fomentan el aprovechamiento económico sustentable de los recursos forestales a través de comunidades. De igual manera, plantea la política de impulsar estrategias de mitigación y adaptación en diversos sectores. \n\nLas Áreas Destinadas Voluntariamente a la Conservación (ADVC) son un mecanismo de conservación en el cual la sociedad civil, comunidades y/o ejidos; suscriben de forma voluntaria sus territorios. Yucatán aprovecha las ADVCs para brindar apoyo económico a territorios que representen un recurso forestal significativo y para promover en ellos actividades forestales sustentables, entre ellas, agricultura tradicional, sistemas agrosilvopastoriales, silvicultura, entre otras.\n\nEl Estado también ha aprovechado las Áreas Naturales Protegidas (ANP) como mecanismo para promover y mantener, de manera sustentable, los medios de vida que dependen de los bosques. Esto por medio del desarrollo de estrategias de conservación, protección y regulación; al igual que mediante el desarrollo e implementación de Programas de Manejo específicamente diseñados para atender las necesidades y características del ANP. Seis de las ANP estatales ya cuentan con Programa de Manejo en el cual se determinan acciones de aprovechamiento sustentable, así como mecanismos de protección y regulación de los ecosistemas."
2025 Disclosure Cycle,779465,CDP,73019,Yucatan,States & Regions,Latin America,Mexico,Public,Q10.12.1,Please indicate the opportunities associated with sustainable forest management and describe how your region is positioning itself to take advantage of them.,3,Row 3,Increasing resilience to climate change impacts and other disasters,"El cumplimiento de las metas del PEECC permitirá que nuestro Estado transite hacia una economía competitiva de bajas emisiones de carbono, fortaleciendo las capacidades adaptativas en incremento de la resiliencia, en beneficio del medio ambiente y de los ciudadanos."
2025 Disclosure Cycle,779465,CDP,73019,Yucatan,States & Regions,Latin America,Mexico,Public,Q10.12.1,Please indicate the opportunities associated with sustainable forest management and describe how your region is positioning itself to take advantage of them.,4,Row 4,Ensuring clean water supply,"Acuerdo SDS 10/2022 por el que se emite el proyecto de Norma Técnica Ambiental\nNTA-001-SDS-22 que establece los procedimientos, criterios y lineamientos técnico-jurídicos, que deberán observarse en el diseño, construcción, operación, mantenimiento y abandono de los centros de producción pecuarios porcícolas\nen el estado de Yucatán."
2025 Disclosure Cycle,779465,CDP,73023,Jalisco,States & Regions,Latin America,Mexico,Public,Q10.12.1,Please indicate the opportunities associated with sustainable forest management and describe how your region is positioning itself to take advantage of them.,2,Row 2,Climate change mitigation,"INICIATIVA “TEQUILA LIBRE DE DEFORESTACIÓN” es un esquema de colaboración incluye acciones estratégicas orientadas a disminuir el impacto ambiental, tanto del cultivo como de la producción del tequila. La primera acción refiere al diseño e implementación del Protocolo y Certificado Agave-tequila Cero Deforestación, a través de criterios medioambientales emitidos por la Semadet para la planificación, zonificación y verificación de las nuevas plantaciones, asegurando que éstas serán libres de problemas de deforestaciónJalisco cuenta con más de 100 mil hectáreas y un total de 399 millones de plantas de agave(CGGTCC)fuente: https://jalisco.gob.mx/es/prensa/noticias/98840"
2025 Disclosure Cycle,779465,CDP,73023,Jalisco,States & Regions,Latin America,Mexico,Public,Q10.12.1,Please indicate the opportunities associated with sustainable forest management and describe how your region is positioning itself to take advantage of them.,4,Row 4,Preferential sourcing by companies,"Se esta generando una colaboración con todos los actores involucrados en la cadena de suministro de la actividad forestal, intentando que los consumidores conozcan el origen de la materia prima (RN-SEMADET)."
2025 Disclosure Cycle,779465,CDP,73023,Jalisco,States & Regions,Latin America,Mexico,Public,Q10.12.1,Please indicate the opportunities associated with sustainable forest management and describe how your region is positioning itself to take advantage of them.,5,Row 5,Continued access to forest products,"Apoyar a los productores forestales maderables y no maderables, en los procesos de planeación, transformación, comercialización (RN-SEMADET)."
2025 Disclosure Cycle,779465,CDP,73023,Jalisco,States & Regions,Latin America,Mexico,Public,Q10.12.1,Please indicate the opportunities associated with sustainable forest management and describe how your region is positioning itself to take advantage of them.,6,Row 6,Additional funding and investment opportunities (e.g. access to REDD+),"Se están buscando alternativas de financiamiento, crédito o pago por resultados (RN-SEMADET)."
2025 Disclosure Cycle,779465,CDP,73023,Jalisco,States & Regions,Latin America,Mexico,Public,Q10.12.1,Please indicate the opportunities associated with sustainable forest management and describe how your region is positioning itself to take advantage of them.,7,Row 7,Compliance to policies and regulations,"Apego y difusión del marco legal para su cumplimiento, así como desarrollar propuestas de mejora (RN-SEMADET)."
2025 Disclosure Cycle,779465,CDP,73023,Jalisco,States & Regions,Latin America,Mexico,Public,Q10.12.1,Please indicate the opportunities associated with sustainable forest management and describe how your region is positioning itself to take advantage of them.,8,Row 8,Gain access to export markets with higher sustainability standards,Se está impulsando los procesos de certificación internacional (RN-SEMADET).
2025 Disclosure Cycle,779465,CDP,73025,Tabasco,States & Regions,Latin America,Mexico,Public,Q10.12.1,Please indicate the opportunities associated with sustainable forest management and describe how your region is positioning itself to take advantage of them.,1,Row 1,Climate change mitigation,"Mediante la reforestación de áreas naturales protegidas, zonas de manglares y ecosistemas en buen estado de conservación."
2025 Disclosure Cycle,779465,CDP,73025,Tabasco,States & Regions,Latin America,Mexico,Public,Q10.12.1,Please indicate the opportunities associated with sustainable forest management and describe how your region is positioning itself to take advantage of them.,2,Row 2,"Other ecosystem services from forests realized (e.g. improved well-being, soil erosion management)","A través de la planeación de programas de educacion, cultura ambiental y capacitación en areas rurales."
2025 Disclosure Cycle,779465,CDP,73027,Chiapas,States & Regions,Latin America,Mexico,Public,Q10.12.1,Please indicate the opportunities associated with sustainable forest management and describe how your region is positioning itself to take advantage of them.,2,Row 2,Sustain livelihoods dependent on forests,"Se busca incrementar el manejo de bosques mediante la creación de empresas forestales comunitarias, en el cual el bloque sea el detonante para el incremento de la calidad de vida y el mantenimiento de los servicios ambientales "
2025 Disclosure Cycle,779465,CDP,73027,Chiapas,States & Regions,Latin America,Mexico,Public,Q10.12.1,Please indicate the opportunities associated with sustainable forest management and describe how your region is positioning itself to take advantage of them.,3,Row 3,Climate change mitigation,Se están implementando acciones que están encaminadas a reducir y limitar las emisiones de gases de efecto invernadero y también para reducir la vulnerabilidad
2025 Disclosure Cycle,779465,CDP,73027,Chiapas,States & Regions,Latin America,Mexico,Public,Q10.12.1,Please indicate the opportunities associated with sustainable forest management and describe how your region is positioning itself to take advantage of them.,4,Row 4,Compliance to policies and regulations,"Se cuenta con Normatividad que permite regular todas aquellas actividades que fomenten el cuidado del medio ambiente. Se cuenta con una Ley de Cambio Climático, también se cuenta con reglamentos específicos para reducir los impactos negativos por la contaminación al aire ambiente."
2025 Disclosure Cycle,779465,CDP,73027,Chiapas,States & Regions,Latin America,Mexico,Public,Q10.12.1,Please indicate the opportunities associated with sustainable forest management and describe how your region is positioning itself to take advantage of them.,5,Row 5,Development of recreation and tourism industry,"Se están implementando acciones para la desarrollo del ecoturismo en el estado, con una visión sostenible y de aumento de la cobertura forestal "
2025 Disclosure Cycle,779465,CDP,73051,East Kalimantan,States & Regions,South East Asia & Oceania,Indonesia,Public,Q10.12.1,Please indicate the opportunities associated with sustainable forest management and describe how your region is positioning itself to take advantage of them.,1,Row 1,Increased attention to other environmental concerns,"Developing the Green Growth Compact program, which is a multi-stakeholder collaborative program to implement green development (for example: rehabilitation of mangrove forests in the Mahakam delta, community development that cares about forest and land fire, development of climate villages program to prevent deforestation and to promote alternative sustainable livelihood for local people, etc.) "
2025 Disclosure Cycle,779465,CDP,73051,East Kalimantan,States & Regions,South East Asia & Oceania,Indonesia,Public,Q10.12.1,Please indicate the opportunities associated with sustainable forest management and describe how your region is positioning itself to take advantage of them.,2,Row 2,Climate change mitigation,"(a). Prepare and publish the East Kalimantan Climate Change Master Plan document in 2015 (b). Issued local regulation number 07/2019 concerning Adaptation and Mitigation of Climate Change; (c). integrating climate change issues into regional development plan documents; (d), Implementing climate change mitigation programs through the jurisdictional scaleFCPF-Carbon Fund program, 2020-2024. "
2025 Disclosure Cycle,779465,CDP,73051,East Kalimantan,States & Regions,South East Asia & Oceania,Indonesia,Public,Q10.12.1,Please indicate the opportunities associated with sustainable forest management and describe how your region is positioning itself to take advantage of them.,3,Row 3,Additional funding and investment opportunities (e.g. access to REDD+),"Environmental Management Fund managed by BPDLHEcology-Based Provincial Budget Transfer (TAPE) Scheme, and Ecology-Based Regency Budget Transfer (TAKE)"
2025 Disclosure Cycle,779465,CDP,73051,East Kalimantan,States & Regions,South East Asia & Oceania,Indonesia,Public,Q10.12.1,Please indicate the opportunities associated with sustainable forest management and describe how your region is positioning itself to take advantage of them.,4,Row 4,Develop jurisdictional approaches,Implementing a jurisdictional-based avoided deforestation and forest degradation program in 2020-2024 in East Kalimantan
2025 Disclosure Cycle,779465,CDP,73051,East Kalimantan,States & Regions,South East Asia & Oceania,Indonesia,Public,Q10.12.1,Please indicate the opportunities associated with sustainable forest management and describe how your region is positioning itself to take advantage of them.,5,Row 5,Compliance to policies and regulations,"(a). Implementing a moratorium policy for new licenses for exploitation of natural resources (mining, plantation, forestry); (b). Implementing Clear and Clean policy for coal mining operations (about 400 out of 1300 coal companies had their licenses revoked for not complying with administrative regulations and provisions)."
2025 Disclosure Cycle,779465,CDP,73051,East Kalimantan,States & Regions,South East Asia & Oceania,Indonesia,Public,Q10.12.1,Please indicate the opportunities associated with sustainable forest management and describe how your region is positioning itself to take advantage of them.,6,Row 6,Gain access to export markets with higher sustainability standards,"Developing sustainable plantations with the Indonesia Sustainable Palm Oil and Roundtable Sustainable Palm Oil (RSPO) approaches, including the protection and management of forested areas within the permit area."
2025 Disclosure Cycle,779465,CDP,73064,West Kalimantan,States & Regions,South East Asia & Oceania,Indonesia,Public,Q10.12.1,Please indicate the opportunities associated with sustainable forest management and describe how your region is positioning itself to take advantage of them.,1,Row 1,Climate change mitigation,"West Kalimantan currently participated in the mitigation action to climate changes through international forums, contributed in the Nationally Determined Contribution (NDC) and supporting the National GHG Inventory through the RAD-GRK."
2025 Disclosure Cycle,779465,CDP,73088,State of Hesse,States & Regions,Europe,Germany,Public,Q10.12.1,Please indicate the opportunities associated with sustainable forest management and describe how your region is positioning itself to take advantage of them.,1,Row 1,Climate change mitigation,"Climate Change Mitigation (Hessen):\nHessen contributes to climate change mitigation by strengthening forests as carbon sinks through large-scale forest conversion programs (Waldumbau), replacing vulnerable monocultures with climate-resilient mixed forests. Additional measures include sustainable forest management (PEFC/FSC certification), protection of UNESCO World Heritage beech forests and Natura 2000 sites, as well as integration of forest adaptation and carbon storage into the Climate Plan Hessen (LN-07: Development of climate-resilient forests)."
2025 Disclosure Cycle,779465,CDP,73088,State of Hesse,States & Regions,Europe,Germany,Public,Q10.12.1,Please indicate the opportunities associated with sustainable forest management and describe how your region is positioning itself to take advantage of them.,2,Row 2,Increasing resilience to climate change impacts and other disasters,"Increasing resilience to climate change (Hessen):\nHessen increases forest resilience to climate change through the conversion of vulnerable monocultures into climate-resilient mixed forests (Waldumbau, LN-07 of the Climate Plan Hessen). Additional actions include promoting drought- and pest-tolerant species, enhancing biodiversity through Natura 2000 and UNESCO World Heritage sites, and sustainable forest management (PEFC/FSC certification) to secure long-term ecological, social, and economic functions."
2025 Disclosure Cycle,779465,CDP,73088,State of Hesse,States & Regions,Europe,Germany,Public,Q10.12.1,Please indicate the opportunities associated with sustainable forest management and describe how your region is positioning itself to take advantage of them.,3,Row 3,Continued access to forest products,"Continued access to forest products (Hessen):\nHessen ensures continued access to forest products through sustainable forest management certified under PEFC and FSC, which balances timber production with ecological and social functions. The forest conversion program (Waldumbau, LN-07 of the Climate Plan Hessen) secures long-term timber supply by establishing climate-resilient mixed forests, while also safeguarding biodiversity and carbon storage."
2025 Disclosure Cycle,779465,CDP,73088,State of Hesse,States & Regions,Europe,Germany,Public,Q10.12.1,Please indicate the opportunities associated with sustainable forest management and describe how your region is positioning itself to take advantage of them.,4,Row 4,Development of recreation and tourism industry,"Hessen promotes forests as important spaces for recreation and sustainable tourism, for example through the National Park Kellerwald-Edersee (UNESCO World Heritage Beech Forests) and numerous nature parks. Sustainable forest management (PEFC/FSC) and the Climate Plan Hessen (LN-07: Development of climate-resilient forests) ensure that tourism development is combined with biodiversity protection and climate adaptation."
2025 Disclosure Cycle,779465,CDP,73088,State of Hesse,States & Regions,Europe,Germany,Public,Q10.12.1,Please indicate the opportunities associated with sustainable forest management and describe how your region is positioning itself to take advantage of them.,5,Row 5,Increased attention to other environmental concerns,"Sustainable forest management in the region also addresses biodiversity, soil and water protection, and climate adaptation, ensuring that forests contribute to multiple environmental goals beyond timber and carbon storage.”"
2025 Disclosure Cycle,779465,CDP,73112,Region of Uusimaa,States & Regions,Europe,Finland,Public,Q10.12.1,Please indicate the opportunities associated with sustainable forest management and describe how your region is positioning itself to take advantage of them.,1,Row 1,Other: Sustainable use of forests is seen as a key principle for the whole forestry sector.,
2025 Disclosure Cycle,779465,CDP,73119,Pastaza,States & Regions,Latin America,Ecuador,Public,Q10.12.1,Please indicate the opportunities associated with sustainable forest management and describe how your region is positioning itself to take advantage of them.,2,Row 2,Climate change mitigation,"Captura de carbono a traves de los bosques, permitir el desarrollo local mediante el proceso de sistemas de plantas de ciclo corto"
2025 Disclosure Cycle,779465,CDP,73149,Quebec,States & Regions,North America,Canada,Public,Q10.12.1,Please indicate the opportunities associated with sustainable forest management and describe how your region is positioning itself to take advantage of them.,1,Row 1,"Other ecosystem services from forests realized (e.g. improved well-being, soil erosion management)","Quebec has a forestry regime aimed at ensuring sustainable forest management and, consequently, the sustainability of the forest heritage. Forest certification is a complement to the Quebec forestry regime, as it constitutes an additional recognition of the quality of sustainable forest management for industrials. It also contributes to the improvement of forestry practices (see: https://mffp.gouv.qc.ca/les-forets/amenagement-durable-forets/certification-forestiere/). \nThe application of sustainable forest management in Quebec is an important and innovative evolution in forest management because it aims to ensure the sustainability of the forest heritage by promoting an ecosystem-based management as well as an integrated and regionalized management of forest resources and territory. Therefore, Quebec's forestry regime supports the regional forest economy by creating sustainable jobs."
2025 Disclosure Cycle,779465,CDP,73172,Acre,States & Regions,Latin America,Brazil,Public,Q10.12.1,Please indicate the opportunities associated with sustainable forest management and describe how your region is positioning itself to take advantage of them.,1,Row 1,Climate change mitigation,
2025 Disclosure Cycle,779465,CDP,73172,Acre,States & Regions,Latin America,Brazil,Public,Q10.12.1,Please indicate the opportunities associated with sustainable forest management and describe how your region is positioning itself to take advantage of them.,2,Row 2,Increasing resilience to climate change impacts and other disasters,Diversificação e desenvolvimento de cadeias produtivas sustentáveis (florestais e agrícolas)
2025 Disclosure Cycle,779465,CDP,73177,Mato Grosso,States & Regions,Latin America,Brazil,Public,Q10.12.1,Please indicate the opportunities associated with sustainable forest management and describe how your region is positioning itself to take advantage of them.,2,Row 2,Climate change mitigation,"A conservação dos recursos florestais remanescentes no estado são de fundamental importância para a manutenção da biodiversidade e potencial para construir soluções baseadas nos ecossistemas, principalmente aquelas relacionadas à conservação de solo e água e manutenção dos processos hidrológicos, como a evapotranspiração florestal e sua importância na produção agropecuária e florestal, e geração de energia elétrica. "
2025 Disclosure Cycle,779465,CDP,73177,Mato Grosso,States & Regions,Latin America,Brazil,Public,Q10.12.1,Please indicate the opportunities associated with sustainable forest management and describe how your region is positioning itself to take advantage of them.,3,Row 3,Additional funding and investment opportunities (e.g. access to REDD+),"Em decorrência das políticas e esforços de redução de desmatamento, o estado de Mato Grosso foi selecionado para receber um Programa de Pagamento por Resultado, o Programa REM-MT, que aportou, até o momento, investimentos na ordem de cerca de 200 milhões de reais, os quais serão investido em quatro subprogramas diferentes: agricultura familiar e povos e comunidades tradicionais; produção sustentável, inovação e mercados; territórios indígenas; e fortalecimento institucional."
2025 Disclosure Cycle,779465,CDP,73177,Mato Grosso,States & Regions,Latin America,Brazil,Public,Q10.12.1,Please indicate the opportunities associated with sustainable forest management and describe how your region is positioning itself to take advantage of them.,4,Row 4,Increasing resilience to climate change impacts and other disasters,"Com as mudanças climáticas em curso, eventos meteorológicos extremos serão mais frequentes e intensos. Desta forma, a manutenção dos remanescentes florestais é de fundamental importância para reduzir impactos das chuvas intensas e com grande potencial erosivo nas bacias hidrográficas do estado."
2025 Disclosure Cycle,779465,CDP,73180,Pernambuco,States & Regions,Latin America,Brazil,Public,Q10.12.1,Please indicate the opportunities associated with sustainable forest management and describe how your region is positioning itself to take advantage of them.,1,Row 1,Other: Proteção de recursos hídricos,"Diversos estudos comprovam que florestas naturais protegem e estabilizam os recursos hídricos. A proteção do ecossistema ripário, ou seja, o bioma que é característico pela interação entre vegetação, solo e cursos d'água, é um fator chave para a manutenção das funções hidrológicas das bacias hidrográficas, bem como de sua resiliência.Nesse cenário, algumas ações de preservação e gestão dos recursos florestais podem ser aliadas ao planejamento de gestão dos recursos hídricos do Estado. Algumas já conhecidas são a identificação dos limites das zonas ripárias e a regeneração da vegetação ripária."
2025 Disclosure Cycle,779465,CDP,73180,Pernambuco,States & Regions,Latin America,Brazil,Public,Q10.12.1,Please indicate the opportunities associated with sustainable forest management and describe how your region is positioning itself to take advantage of them.,2,Row 2,Other: Manejo sustentável da Caatinga,"O programa Mata Nativa do Ibama de Pernambuco foi responsável pela solução encontrada para o antigo problema ambiental do pólo gesseiro que colocava empresários e órgãos ambientais em conflito constante. No momento, 15% da lenha utilizada no aquecimento dos fornos são de origem ambientalmente correta do próprio pólo. A lenha sustentável reduz o impacto ambiental sobre a caatinga e também o número de autuações e multas ambientais na região. Cerca de 400 empresas dos municípios de Araripina, Ipubi, Trindade, Bodocó e Ouricuri integram o Arranjo Produtivo Local (APL) do Gesso da região do Araripe Pernambucano. Juntas, elas geram 12 mil empregos diretos e aproximadamente 60 mil indiretos, produzindo 2,8 milhões de toneladas de gesso por ano. O pólo é responsável por 95% da produção de gipsita do Brasil."
2025 Disclosure Cycle,779465,CDP,73180,Pernambuco,States & Regions,Latin America,Brazil,Public,Q10.12.1,Please indicate the opportunities associated with sustainable forest management and describe how your region is positioning itself to take advantage of them.,3,Row 3,Development of recreation and tourism industry,"O Estado de Pernambuco, mais especificamente em seu interior, já possui uma extensa programação de turismo ecológico em prática. Os roteiros do Estado oferecem várias opções, que incluem a prática de trilhas e esportes radicais, como rapel, asa delta, paraquedismo, mergulho e expedições off-road.Contudo, alguns entraves no crescimento dessa atividade ainda são enfrentados por falta de estrutura e divulgação de seus atrativos.A gestão da sustentabilidade florestal é um caminho que estimularia e proporcionaria o aumento de práticas sustentáveis e de turismo ecológico através da melhor utilização dos recursos florestais existentes no Estado."
2025 Disclosure Cycle,779465,CDP,73182,Sao Paulo State,States & Regions,Latin America,Brazil,Public,Q10.12.1,Please indicate the opportunities associated with sustainable forest management and describe how your region is positioning itself to take advantage of them.,1,Row 1,Development of recreation and tourism industry,Unidades de conservação e florestas estaduais proporcionam atividades na área de lazer e turismo.
2025 Disclosure Cycle,779465,CDP,73182,Sao Paulo State,States & Regions,Latin America,Brazil,Public,Q10.12.1,Please indicate the opportunities associated with sustainable forest management and describe how your region is positioning itself to take advantage of them.,2,Row 2,"Other ecosystem services from forests realized (e.g. improved well-being, soil erosion management)",Programa Estadual de Restauração e Conservação Ecológica\n\nLink https://semil.sp.gov.br/2025/09/programa-estadual-de-restauracao-e-conservacao-ecologica/\n
2025 Disclosure Cycle,779465,CDP,73183,Tocantins,States & Regions,Latin America,Brazil,Public,Q10.12.1,Please indicate the opportunities associated with sustainable forest management and describe how your region is positioning itself to take advantage of them.,1,Row 1,Additional funding and investment opportunities (e.g. access to REDD+),"O Governo do Estado do Tocantins está elaborando o seu Programa Jurisdicional de REDD+, conforme descrito anteriormente."
2025 Disclosure Cycle,779465,CDP,73184,Parana,States & Regions,Latin America,Brazil,Public,Q10.12.1,Please indicate the opportunities associated with sustainable forest management and describe how your region is positioning itself to take advantage of them.,1,Row 1,"Other ecosystem services from forests realized (e.g. improved well-being, soil erosion management)","Na área de drenagem para Controle de Cheias, o Instituto Água e Terra é executor de programas, projetos, obras e demais ações cujo objetivo é prestar apoio técnico e financeiro às Prefeituras Municipais para a Prevenção e Controle de Cheias e Inundações nas diversas regiões do Estado do Paraná. O Instituto Água e Terra executa diretamente grandes obras de interesse regional, de forma a integrar as ações das prefeituras às diretrizes da bacia hidrográfica ou do Plano de Bacia. Além das ações estruturais, caracterizadas como obras ou intervenções físicas, o Instituto Água e Terra desenvolve os Planos Diretores de Drenagem, com o objetivo de dotar as Prefeituras Municipais de um instrumento moderno de Gestão de Drenagem. Esses planos propõem uma forma institucional integrada de atuar; uma nova legislação que trata das ações não estruturais para controle de cheias; fornecem planos de ação para situações de emergência e instrumentalizam tecnicamente o corpo técnico das prefeituras municipais. Na área da drenagem para Controle de Erosão, o Instituto Água e Terra executa, direta ou indiretamente, obras de prevenção e/ou controle da erosão urbana, principalmente nas regiões de solos mais suscetíveis à formação das erosões ou voçorocas, que comprometam a integridade física de edificações e da infraestrutura existente nas cidades.https://www.iat.pr.gov.br/Pagina/Drenagem-Controle-de-Cheias-e-de-Erosao"
2025 Disclosure Cycle,779465,CDP,73184,Parana,States & Regions,Latin America,Brazil,Public,Q10.12.1,Please indicate the opportunities associated with sustainable forest management and describe how your region is positioning itself to take advantage of them.,2,Row 2,Climate change mitigation,"O Estado apresenta 337 unidades de conservação na modalidade Reserva Particular do Patrimônio Natural (RPPN), que pela legislação estadual é considerado de proteção integral.https://www.iat.pr.gov.br/Pagina/Reserva-Particular-do-Patrimonio-Natural-RPPN"
2025 Disclosure Cycle,779465,CDP,73184,Parana,States & Regions,Latin America,Brazil,Public,Q10.12.1,Please indicate the opportunities associated with sustainable forest management and describe how your region is positioning itself to take advantage of them.,3,Row 3,Ensuring clean water supply,"Proteção de áreas de mananciais, principalmente de interesse para o abastecimento público. Criação do ICMS ecológico para áreas de mananciais.https://www.iat.pr.gov.br/Pagina/ICMS-Ecologico-Mananciais-de-Abastecimento-Publico"
2025 Disclosure Cycle,779465,CDP,73184,Parana,States & Regions,Latin America,Brazil,Public,Q10.12.1,Please indicate the opportunities associated with sustainable forest management and describe how your region is positioning itself to take advantage of them.,4,Row 4,Gain access to export markets with higher sustainability standards,"Selo CLIMA PARANÁ, o que possibilitará o reconhecimento das organizações paranaenses comprometidas com o desenvolvimento sustentável e a mitigação dos efeitos das mudanças climáticas, de modo a reafirmar, promover e divulgar os valores e compromissos firmados pelo Estado do Paraná em prol da sustentabilidade. Para isso, os candidatos devem escolher para concorrência dentro do Selo CLIMA PARANÁ entre as duas modalidades: “Mercado Interno” e “Mercado Externo”. O Mercado Externo visa fomentar o acesso aos mercados internacionais mais exigentes."
2025 Disclosure Cycle,779465,CDP,73184,Parana,States & Regions,Latin America,Brazil,Public,Q10.12.1,Please indicate the opportunities associated with sustainable forest management and describe how your region is positioning itself to take advantage of them.,5,Row 5,Continued access to forest products,"O Vocações Regionais Sustentáveis do Paraná é um programa de desenvolvimento e promoção de cadeias de valor, que busca destacar as Vocações das diversas regiões do estado do Paraná. Desde os produtos tradicionais do povo paranaense até sua história e costumes, o estado possui uma riqueza muitas vezes pouco evidente - e com grande potencial de geração de renda e desenvolvimento.O programa visa fortalecer cadeias de valor que buscam manter a floresta e utilizar de subprodutos não florestais, como o açaí da Juçara e o pinhão da Araucária."
2025 Disclosure Cycle,779465,CDP,73184,Parana,States & Regions,Latin America,Brazil,Public,Q10.12.1,Please indicate the opportunities associated with sustainable forest management and describe how your region is positioning itself to take advantage of them.,6,Row 6,Development of recreation and tourism industry,Concessões das Unidades de Conservação para o uso sustentável do turismo.https://www.sedest.pr.gov.br/Pagina/Processo-de-Concessao-do-Parque-de-Vila-Velha
2025 Disclosure Cycle,779465,CDP,73185,Rio de Janeiro State,States & Regions,Latin America,Brazil,Public,Q10.12.1,Please indicate the opportunities associated with sustainable forest management and describe how your region is positioning itself to take advantage of them.,1,Row 1,Increasing resilience to climate change impacts and other disasters,Promoção da Bioeconomia da Restauração Florestal com fomento à Transição Agroecológica na produção rural
2025 Disclosure Cycle,779465,CDP,73186,Minas Gerais,States & Regions,Latin America,Brazil,Public,Q10.12.1,Please indicate the opportunities associated with sustainable forest management and describe how your region is positioning itself to take advantage of them.,1,Row 1,Continued access to forest products,"Através do Código Florestal Brasileiro, Lei Federal 12.651/2012, foram criados o Cadastro Ambiental Rural (CAR), que em Minas Gerais conta com quase 900 mil imóveis rurais inscritos, e o Programa de Regularização Ambiental (PRA) que é um instrumento de regularização ambiental de imóveis rurais no Brasil. O PRA compreende, de acordo com o Decreto Federal 7.830/2012, o conjunto de ações ou iniciativas, a serem desenvolvidas por proprietários e possuidores rurais, que vão no sentido o de adequar e promover a regularização ambiental. Lembrando que para a adesão ao PRA e consequentemente realizar a regularização do imóvel se faz necessária a inscrição do imóvel rural no CAR obrigatoriamente. Assim, os proprietários ou possuidores que dispuserem de passivo ambiental, em áreas rurais consolidadas ou não, relativo à supressão irregular de remanescentes da vegetação nativa, em APP, Reserva Legal e de uso restrito, que tiverem inscrição no CAR poderão solicitar adesão ao PRA do estado, para que seja continuada a regularização ambiental do seu imóvel. As áreas rurais consolidadas são áreas de imóvel rural com ocupação antrópica preexistentes a 22 de julho de 2008, com edificações, benfeitorias ou atividades agrossilvipastoris, admitida, neste último caso, a adoção do regime de pousio. Para que se dê efetivamente a regularização ambiental o proprietário ou possuidor precisa também aderir e cumprir as obrigações firmadas com o órgão ambiental no Termo de Compromisso, que será feita de forma particular e independente para cada imóvel. Fonte: https://ief.mg.gov.br/programa-de-regulariza%C3%A7%C3%A3o-ambiental-pra"
2025 Disclosure Cycle,779465,CDP,73198,South Australia,States & Regions,South East Asia & Oceania,Australia,Public,Q10.12.1,Please indicate the opportunities associated with sustainable forest management and describe how your region is positioning itself to take advantage of them.,1,Row 1,Increasing resilience to climate change impacts and other disasters,"The Green Adelaide Landscape Board continues to work on a range of projects that contribute towards its vision of a cooler, greener, wilder and more climate resilient metropolitan South Australia, for example: A state government initiative led by Green Adelaide has been the development of the first Urban Greening Strategy for metropolitan Adelaide. The Strategy, released in March 2025, is focussed on increasing tree canopy, cooling the city and boosting biodiversity. It contains 6 priority areas for action and recognises that all sectors, along with public and private landowners, across metropolitan Adelaide have an important role to play in greening our city. An implementation plan to deliver the actions within the Strategy is currently being prepared with relevant government and non-government partners. The 2022-2024 Green Adelaide led project to recapture LiDAR data and thermal imagery to map tree canopy and urban heat across metropolitan Adelaide will again be undertaken in early 2026. This mapping is being used to track urban green cover and identify priority areas to increase it. Green Adelaide runs an annual Cooler, Greener, Wilder Grant program which funds projects for metropolitan councils that deliver urban greening and water-sensitive and biodiversity-sensitive urban design. Green Adelaide also runs an annual Grassroots Grants program to help individuals and community groups transform their local environments through activities such as weed removal and revegetation for biodiversity improvements and other community benefits."
2025 Disclosure Cycle,779465,CDP,73198,South Australia,States & Regions,South East Asia & Oceania,Australia,Public,Q10.12.1,Please indicate the opportunities associated with sustainable forest management and describe how your region is positioning itself to take advantage of them.,2,Row 2,"Other ecosystem services from forests realized (e.g. improved well-being, soil erosion management)","Healthy Parks Healthy People SA 2021-2026 - the South Australian Government is working to open up its parks and promote the positive health values of quality green spaces and green infrastructure. This initiative resulted from a Public Health Partner Authority Agreement between the Department for Health and Wellbeing, Wellbeing SA and the Department for Environment and Water. It recognises the fundamental connections between human health and environmental health and aims to ensure all South Australians experience the health and wellbeing benefits of nature."
2025 Disclosure Cycle,779465,CDP,73198,South Australia,States & Regions,South East Asia & Oceania,Australia,Public,Q10.12.1,Please indicate the opportunities associated with sustainable forest management and describe how your region is positioning itself to take advantage of them.,3,Row 3,Development of recreation and tourism industry,"The government-owned forests in South Australia, as well as its parks and reserves, are central to the lives of its people and the experience of our visitors. Protecting natural places helps conserve ecosystems and wildlife now and into the future and provides improved landscape resilience in the face of a changing climate. These special places are not only spectacular destinations, but are the cornerstone of conserving our state's biodiversity, they bolster regional economies and help to make South Australia great. A recent report quantifies how South Australia's National Parks and Reserves contribute to the economy. The pre-COVID-19 benchmark year of 2018-19 identifies in excess of 374 million to the state economy, including in excess of 358 million in flow-on economic benefits and 1211 private sector jobs to regional communities. However, this is a conservative estimate, as many visitors stay in other regional accommodation not included in this study. In December 2021, the Parliament of South Australia passed the Aquaculture (Tourism Development) Amendment Bill 2021 to amend the Aquaculture Act 2001. This will streamline the assessment and approval process for proponents of marine-based tourism developments."
2025 Disclosure Cycle,779465,CDP,73198,South Australia,States & Regions,South East Asia & Oceania,Australia,Public,Q10.12.1,Please indicate the opportunities associated with sustainable forest management and describe how your region is positioning itself to take advantage of them.,4,Row 4,Climate change mitigation,Contributing to carbon sequestration. There is also an opportunity to increase carbon sequestration in building materials. Policies to expand the plantation estate and manufacture building products that substitute for energy intensive building materials approved for low-medium level construction aim to both increase carbon sequestration and reduce carbon dioxide emissions.
2025 Disclosure Cycle,779465,CDP,73198,South Australia,States & Regions,South East Asia & Oceania,Australia,Public,Q10.12.1,Please indicate the opportunities associated with sustainable forest management and describe how your region is positioning itself to take advantage of them.,5,Row 5,Continued access to forest products,"As there is no commercial harvesting of natural forests in South Australia, the forest product industry relies on plantation forests. Most of these are internationally accredited as environmentally sustainable through forest certification. This means South Australia has continued access to carbon friendly building and landscaping materials. The South Australian Government is committed to establishing and supporting a Forestry Centre of Excellence that is anticipated to be acknowledged as an international leader in forest industries for research, education, product and market development. A South Australian Wood Fibre and Timber Industry Master Plan has also been published by the SA Government which provides a vision to grow and develop South Australia's 1.57 billion forest and timber industry under 3 goals highlighting priority projects that will strengthen the state forest and timber industries, domestic manufacturing and infrastructure capability. $2 million has been allocated to fund projects that align with three priorities, including 'A Clean Green Circular Economy'."
2025 Disclosure Cycle,779465,CDP,831388,Colima,States & Regions,Latin America,Mexico,Public,Q10.12.1,Please indicate the opportunities associated with sustainable forest management and describe how your region is positioning itself to take advantage of them.,1,Row 1,Continued access to forest products,Se esta realizando un proyecto para ver las oportunidades que tienen algunas comunidades para el desarrollo de productos agroforestales y reducir los impactos a las zonas boscosas.
2025 Disclosure Cycle,779465,CDP,831388,Colima,States & Regions,Latin America,Mexico,Public,Q10.12.1,Please indicate the opportunities associated with sustainable forest management and describe how your region is positioning itself to take advantage of them.,2,Row 2,Development of recreation and tourism industry,"Las zonas altas con más vegetación en el estado son frecuentemente visitadas por turismo, lo que fomenta la economía local."
2025 Disclosure Cycle,779465,CDP,831388,Colima,States & Regions,Latin America,Mexico,Public,Q10.12.1,Please indicate the opportunities associated with sustainable forest management and describe how your region is positioning itself to take advantage of them.,3,Row 3,Ensuring clean water supply,Protegiendo las zonas con nacimiento de agua.
2025 Disclosure Cycle,779465,CDP,831391,Queretaro,States & Regions,Latin America,Mexico,Public,Q10.12.1,Please indicate the opportunities associated with sustainable forest management and describe how your region is positioning itself to take advantage of them.,1,Row 1,Climate change mitigation,"En estado de Querétaro estableció el EL SELLO ESTATAL DE BAJAS EMISIONES DE CARBONO, este instrumento tiene por objeto crear el Sello con la finalidad de establecer una guía metodológica para las organizaciones, a fin de reducir, y/o compensar las emisiones de CyGEI generadas en sus instalaciones, así como identificar aquellos proyectos de reducción y/o absorción de bióxido de carbono elegibles para ejecutar la compensación correspondiente.\n \nA continuación se proporciona el enlace en onde se podrá consultar los lineamientos del sello y de los proyectos de compensación, en donde las industrias puede mitigar el 20% de sus emisiones con este sello año con año : \nhttps://portal.queretaro.gob.mx/sedesu/contenido.aspx?q=pvp1bOtJyj2IMBAINBJ6SLU6f79IJ50q\n\nFinalmente el Sello Querétaro significan una trascedente innovación de acción climática que genera un financiamiento fresco para conseguir rescatar los bosques del Estado y sus suelos. Y más allá de nuestras fronteras replicará las acciones regenerativas en otras áreas rurales del país."
2025 Disclosure Cycle,779465,CDP,831391,Queretaro,States & Regions,Latin America,Mexico,Public,Q10.12.1,Please indicate the opportunities associated with sustainable forest management and describe how your region is positioning itself to take advantage of them.,2,Row 2,Additional funding and investment opportunities (e.g. access to REDD+),"Se cuenta con un programa de pago por servicios ambientales, promueve acciones integrales para la conservación de los ecosistemas forestales, el fortalecimiento del capital social y el desarrollo económico sustentable, mediante la ejecución de actividades productivas amigables con el medio ambiente, como el ecoturismo, la apicultura, las ecotecnias y los viveros comunitarios, entre otras actividades, las cuales procuran en el mediano y largo plazo la generación de los servicios ambientales necesarios para el bienestar de la sociedad y favorecen la adaptación y mitigación de los efectos del cambio climático.\n\n"
2025 Disclosure Cycle,779465,CDP,831391,Queretaro,States & Regions,Latin America,Mexico,Public,Q10.12.1,Please indicate the opportunities associated with sustainable forest management and describe how your region is positioning itself to take advantage of them.,3,Row 3,Increase opportunities for partnerships and establish joint forest management principles,"Con el Fondo para la protección ambiental y el desarrollo sustentable en Querétaro, también se entregaron apoyos a proyectos dirigios a la conservación de bosques de nuestro estado y evitar la deforestación de nuestro bosques.\n"
2025 Disclosure Cycle,779465,CDP,831391,Queretaro,States & Regions,Latin America,Mexico,Public,Q10.12.1,Please indicate the opportunities associated with sustainable forest management and describe how your region is positioning itself to take advantage of them.,4,Row 4,Increasing resilience to climate change impacts and other disasters,"El estado cuenta en el Programa de Ordenamiento Ecológico Regional del Estado de Querétaro (POEREQ), que es un instrumento que establece los lineamientos para un desarrollo sustentable del territorio estatal, de forma integral, equitativa y eficiente, concentrado en las personas, manteniendo una estrecha relación entre los recursos naturales, áreas verdad y centros de población, se incluyen medidas de adaptación y acción ante el cambio climático.\n\nEste programa tiene cinco primicias: 1) proteger, conservar, restaurar y aprovechar de manera sustentable los recursos naturales fuera de los centros de población; 2) salvaguardar el patrimonio natural del estado a través de Áreas Naturales Protegidas; 3) recuperación de ecosistemas perturbados y degradados; 4) conservación de zonas productivas; 5) establecer los criterios de regulación ecológica. "
2025 Disclosure Cycle,779465,CDP,833240,Sergipe,States & Regions,Latin America,Brazil,Public,Q10.12.1,Please indicate the opportunities associated with sustainable forest management and describe how your region is positioning itself to take advantage of them.,1,Row 1,Increased attention to other environmental concerns,Maior preocupação na área de projetos e criação de unidades de conservação.
2025 Disclosure Cycle,779465,CDP,833240,Sergipe,States & Regions,Latin America,Brazil,Public,Q10.12.1,Please indicate the opportunities associated with sustainable forest management and describe how your region is positioning itself to take advantage of them.,2,Row 2,Sustain livelihoods dependent on forests,"No ano de 2021 foram elaborados planos de manejo florestal sustentável para o bioma Caatinga, em dois assentamentos de reforma agrária do município de Canindé de São Francisco - SE. Este projeto objetiva implementar o plano de manejo florestal sustentável que foram entregues ao assentamento Florestan Fernandes, visando a obtenção de produtos florestais sustentáveis e a geração de renda na comunidade. Com os objetivos específicos, têm-se: Manejar anualmente 1 UPA; Obter uma produtividade de aproximadamente 58% do estoque total, mediante corte se letivo; Ocasionalmente, outros produtos podem ser obtidos, tais como estacas e mourões, principalmente para atender a demanda da comunidade."
2025 Disclosure Cycle,779465,CDP,833241,Rio Grande do Norte,States & Regions,Latin America,Brazil,Public,Q10.12.1,Please indicate the opportunities associated with sustainable forest management and describe how your region is positioning itself to take advantage of them.,2,Row 2,Development of recreation and tourism industry,"Turismo de Natureza: o complexo serrano de Martins-Portalegre, municípios situados na porção oeste do estado do Rio Grande do Norte, dispõe de um contexto florestal e geomorfológico diferente da região circundante. Devido à altura, o microclima da região conta com temperaturas amenas e pluviometria anual mais abundante e distribuída ao longo dos meses, condição esta diversa aos municípios vizinhos. Esse aspecto repercute diretamente na presença de um enclave florestal com espécies da Mata Atlântica (encontrada sobretudo nas faixas litorâneas) numa área onde domina a vegetação do tipo Caatinga. O complexo serrano contém a Unidade de Conservação Estadual Monumento Natural Cavernas de Martins e conta com boa infraestrutura e possibilita acesso fácil às suas belezas cênicas e diferentes ambientes, que propiciam vivência e contato com a natureza por meio da realização de trilhas, visita às cavernas e passeios turísticos. O estado do RN possui uma infraestrutura preparada e experiente para o desenvolvimento de atividades turísticas dessa natureza, sendo o turismo uma das principais atividades econômicas do estado, em que o ecossistema do setor é responsável por 11,4% do PIB estadual. O complexo serrano de Martins-Portalegre pode ser acessado via BR-304 e está a 2h hora do Aeroporto Regional de Mossoró (137 km) e a 5 horas do Aeroporto Internacional de Natal (360 km), capital do RN.Para mais informações: - https://www.portalegre.rn.gov.br/pontosturisticos.php- https://www.rnatural.com.br/2018/11/conheca-nossa-princesa-serrana-martins.html- http://idema.rn.gov.br/Conteudo.asp?TRAN=ITEM&TARG=294259&ACT=&PAGE=0&PARM=&LBL=MONA+Martins"
2025 Disclosure Cycle,779465,CDP,833241,Rio Grande do Norte,States & Regions,Latin America,Brazil,Public,Q10.12.1,Please indicate the opportunities associated with sustainable forest management and describe how your region is positioning itself to take advantage of them.,3,Row 3,Development of recreation and tourism industry,"Turismo de Natureza: A Floresta Nacional de Açu (Flona Açu) é uma unidade de uso sustentável com 225,02 hectares e com amplo potencial para atividades turísticas e educativas com foco central no componente vegetal. O local preserva espécies nativas da caatinga, bioma original do Brasil, mais precisamente da região Nordeste deste país. Por se tratar de uma UC periurbana, a Flona Açu possui boa infraestrutura e possibilita acesso fácil às suas belezas cênicas e diferentes ambientes, que propiciam vivência e contato com a natureza por meio da realização de trilhas. O RN possui uma infraestrutura preparada e experiente para o desenvolvimento de atividades turísticas dessa natureza, sendo o turismo uma das principais atividades econômicas do estado, em que o ecossistema do setor é responsável por 11,4% do PIB estadual. A Flona Açu pode ser acessada via BR-304 nas imediações do município de Assu e está a 1 hora do Aeroporto Regional de Mossoró (68,3 km) e a 3 horas do Aeroporto Internacional de Natal (213 km), capital do RN.Para mais informações: https://www.gov.br/icmbio/pt-br/assuntos/biodiversidade/unidade-de-conservacao/unidades-de-biomas/caatinga/lista-de-ucs/flona-de-acu "
2025 Disclosure Cycle,779465,CDP,833241,Rio Grande do Norte,States & Regions,Latin America,Brazil,Public,Q10.12.1,Please indicate the opportunities associated with sustainable forest management and describe how your region is positioning itself to take advantage of them.,4,Row 4,Additional funding and investment opportunities (e.g. access to REDD+),"Mercado de Carbono: O RN possui atualmente 253 mil hectares em Unidades de Conservação (UC) Estaduais. Estas unidades protegem 2,14% da área continental e 14,53% da área marinha do estado.As Unidades de Conservação Estaduais são: Área de Proteção Ambiental Bonfim-Guaraíra; Área de Proteção Ambiental Dunas do Rosado; Área de Proteção Ambiental Jenipabu; Área de Proteção Ambiental Piquiri-Una; Área de Proteção Ambiental dos Recifes de Corais; Parque Ecológico do Cabugy; Parque Estadual Dunas do Natal “Jornalista Luiz Maria Alves”; Parque Estadual Florêncio Luciano; Parque Estadual Mata da Pipa; Reserva de Desenvolvimento Sustentável Estadual Ponta do Tubarão e Monumento Natural Caverna de Martins. As UCs são áreas de manejo florestal estruturadas no estado, uma vez que são geridas pelo Núcleo de Unidades de Conservação (NUC) do Instituto de Desenvolvimento Sustentável e Meio Ambiente do Rio Grande do Norte. O NUC conta com equipe técnica para planejar, definir, propor a criação, implantar e gerir as Unidades Estaduais de Conservação e dispõe de sete ecopostos que possibilitam o gerenciamento in loco dessas áreas."
2025 Disclosure Cycle,779465,CDP,833241,Rio Grande do Norte,States & Regions,Latin America,Brazil,Public,Q10.12.1,Please indicate the opportunities associated with sustainable forest management and describe how your region is positioning itself to take advantage of them.,5,Row 5,Development of recreation and tourism industry,"Turismo de Natureza: O Cajueiro de Pirangi, localizado em Parnamirim, cobre uma área de aproximadamente 9.000m², com perímetro de aproximadamente 500 metros. Em virtude da sua extensão, a árvore gigante entrou para o Guinness Book “O Livro dos Recordes”, em 1994, como o Maior Cajueiro do Mundo. O Cajueiro de Pirangi é uma unidade de conservação e faz parte da vida da comunidade e do roteiro turístico dos visitantes do RN, tanto é que por ano o Cajueiro recebe mais de 300 mil visitantes. O RN possui uma infraestrutura preparada e experiente para o desenvolvimento de atividades turísticas dessa natureza, sendo o turismo uma das principais atividades econômicas do estado, em que o ecossistema do setor é responsável por 11,4% do PIB estadual. O Cajueiro de Pirangi é aberto todos os dias da semana, das 7h30 às 17h, e a entrada custa R$8,00. O Cajueiro se localiza em área periurbana de Parnamirim, podendo ser acessado facilmente por vias locais. O aeroporto mais próximo é o de Natal, capital do RN, que está a 1 hora do local (56,7 km).Para mais informações: http://www.idema.rn.gov.br/Conteudo.asp?TRAN=ITEM&TARG=240662&ACT=&PAGE=0&PARM=&LBL=Cajueiro+de+Pirangi "
2025 Disclosure Cycle,779465,CDP,833241,Rio Grande do Norte,States & Regions,Latin America,Brazil,Public,Q10.12.1,Please indicate the opportunities associated with sustainable forest management and describe how your region is positioning itself to take advantage of them.,6,Row 6,Additional funding and investment opportunities (e.g. access to REDD+),"Mercado de carbono: O estado do Rio Grande do Norte dispõe de 50,57% de sua área com cobertura vegetal. Como o Brasil não possui mercado regulado de crédito de carbono, dessa forma, a cobertura vegetal do estado está passível de ser certificada e utilizada pelo Mercado Internacional de Carbono. O estado tem interesse em incentivar a descarbonização e o mercado de carbono e já conta com Política Estadual de Combate e Prevenção à Desertificação e Política Estadual de Convivência com o Semiárido. Para o futuro próximo, o RN está preparando a Política Estadual de Baixo Carbono e Política Estadual de Mudança do Clima."
2025 Disclosure Cycle,779465,CDP,833241,Rio Grande do Norte,States & Regions,Latin America,Brazil,Public,Q10.12.1,Please indicate the opportunities associated with sustainable forest management and describe how your region is positioning itself to take advantage of them.,7,Row 7,Development of recreation and tourism industry,"Turismo de Natureza (Geoparque Seridó): Geoparques são áreas geográficas únicas e unificadas, onde os locais e paisagens de significado geológico internacional são gerenciados com um conceito holístico de proteção, educação e desenvolvimento sustentável. No Brasil, existem apenas 5 Geoparques reconhecidos mundialmente pela UNESCO, e um deles se situa no Rio Grande do Norte, o Geoparque Seridó, chancelado em 2022. Apesar do seu foco central ser a geodiversidade (aspectos abióticos), a biodiversidade (aspectos bióticos) também são abordados, afinal a Natureza é indissociável. Em síntese, o Geoparque Seridó é composto por 21 Geossítios em 6 cidades do RN que além de conservarem objetos de valor geológico-geomorfológico, também preservam a fauna e flora. Salienta-se que o local possui um turismo sustentável bem desenvolvido e articulado com os municípios envolvidos e o Governo do RN vem empenhando esforços/incentivos à promoção dessa atividade através da Secretaria de Turismo (SETUR). Assim, afirmamos que o RN possui uma infraestrutura preparada e experiente para o desenvolvimento de atividades turísticas dessa natureza, sendo o turismo uma das principais atividades econômicas do estado, em que o ecossistema do setor é responsável por 11,4% do PIB estadual. O Geoparque pode ser acessado via BR-226 e está a 2h30min do Aeroporto Internacional de Natal (174 km), capital do RN.Para mais informações: https://geoparqueserido.com.br/ "
2025 Disclosure Cycle,779465,CDP,833241,Rio Grande do Norte,States & Regions,Latin America,Brazil,Public,Q10.12.1,Please indicate the opportunities associated with sustainable forest management and describe how your region is positioning itself to take advantage of them.,8,Row 8,Development of recreation and tourism industry,"Turismo de Natureza (Ponta do Tubarão): A Reserva de Desenvolvimento Sustentável Estadual (RDS) Ponta do Tubarão foi criada através da Lei Estadual n° 8.349 de 18 de julho de 2003, nos municípios de Macau e Guamaré (ver mapa), litoral setentrional do RN. Com quase 13 mil hectares de extensão, a RDS Ponta do Tubarão tem como objetivos resguardar o modo de vida tradicional, assegurar atividades baseadas em sistema sustentável de exploração de recursos naturais, estas desenvolvidas tradicionalmente ao longo de gerações e adaptadas às condições ecológicas locais e que desempenham papel fundamental na proteção da natureza e na manutenção da diversidade biológica. Em termos de infraestrutura, esta Unidade de Conservação dispõe de uma sede, o Ecoposto, cujo mesmo é de uso público e aberto à visitação. O ecoposto recepciona os turistas e visitantes de escolas e instituições de ensino superior. Além disso, no Ecoposto são realizadas as reuniões do Conselho Gestor e oficinas de educação ambiental. A RDS Ponta do Tubarão, portanto, é uma oportunidade de turismo ecológico e científico. O RN possui uma infraestrutura preparada e experiente para o desenvolvimento de atividades turísticas dessa natureza, sendo o turismo uma das principais atividades econômicas em que o ecossistema do setor é responsável por 11,4% do PIB estadual. Em termos de localização a RDS Ponta do Tubarão pode ser acessada via BR-406 e RN-403. Está a uma distância de 02h27min do Aeroporto Regional de Mossoró (138 km) e a 02h38min do Aeroporto Internacional de Natal (183 km), capital do RN. Para mais informações: http://www.idema.rn.gov.br/Conteudo.asp?TRAN=ITEM&TARG=948&ACT "
2025 Disclosure Cycle,779465,CDP,833242,Guanajuato,States & Regions,Latin America,Mexico,Public,Q10.12.1,Please indicate the opportunities associated with sustainable forest management and describe how your region is positioning itself to take advantage of them.,1,Row 1,Continued access to forest products,Mantenimiento de servicio ambientales
2025 Disclosure Cycle,779465,CDP,833242,Guanajuato,States & Regions,Latin America,Mexico,Public,Q10.12.1,Please indicate the opportunities associated with sustainable forest management and describe how your region is positioning itself to take advantage of them.,2,Row 2,Ensuring clean water supply,Conservación de áreas de infiltración y servicios ambientales hídricos
2025 Disclosure Cycle,779465,CDP,833242,Guanajuato,States & Regions,Latin America,Mexico,Public,Q10.12.1,Please indicate the opportunities associated with sustainable forest management and describe how your region is positioning itself to take advantage of them.,3,Row 3,Climate change mitigation,Conservación de sumideros de carbono
2025 Disclosure Cycle,779465,CDP,833242,Guanajuato,States & Regions,Latin America,Mexico,Public,Q10.12.1,Please indicate the opportunities associated with sustainable forest management and describe how your region is positioning itself to take advantage of them.,4,Row 4,Increasing resilience to climate change impacts and other disasters,Se pretende que la adaptación al Cambio Climático se haga en enfoque basado en ecosistemas.
2025 Disclosure Cycle,779465,CDP,833242,Guanajuato,States & Regions,Latin America,Mexico,Public,Q10.12.1,Please indicate the opportunities associated with sustainable forest management and describe how your region is positioning itself to take advantage of them.,5,Row 5,Sustain livelihoods dependent on forests,"Alternativas económica para pobladores como sistemas agroforestales, para reducir su vulnerabilidad al cambio climático y además mantener las áreas naturales de manera óptima. Así mismo, se mantienen los servicios ecosistémicos sobre conservación genética, polinizadores y otros servicios. Conservación de la biodiversidad. "
2025 Disclosure Cycle,779465,CDP,833242,Guanajuato,States & Regions,Latin America,Mexico,Public,Q10.12.1,Please indicate the opportunities associated with sustainable forest management and describe how your region is positioning itself to take advantage of them.,6,Row 6,Development of recreation and tourism industry,Cooperación estrecha entre actividades de conservación y de turismo de bajo impacto
2025 Disclosure Cycle,779465,CDP,833242,Guanajuato,States & Regions,Latin America,Mexico,Public,Q10.12.1,Please indicate the opportunities associated with sustainable forest management and describe how your region is positioning itself to take advantage of them.,7,Row 7,"Other ecosystem services from forests realized (e.g. improved well-being, soil erosion management)","Reducción de la erosión de suelo, recuperación de suelo, combate a la desertificación, mejoramiento de servicios ambientales hídricos"
2025 Disclosure Cycle,779465,CDP,833243,Nuevo León,States & Regions,Latin America,Mexico,Public,Q10.12.1,Please indicate the opportunities associated with sustainable forest management and describe how your region is positioning itself to take advantage of them.,1,Row 1,Development of recreation and tourism industry,A través de la Estrategia de Acción Climática en Turismo del Estado
2025 Disclosure Cycle,779465,CDP,833243,Nuevo León,States & Regions,Latin America,Mexico,Public,Q10.12.1,Please indicate the opportunities associated with sustainable forest management and describe how your region is positioning itself to take advantage of them.,2,Row 2,Sustain livelihoods dependent on forests,"Sombrear la ciudad, para reducir la carga de climas o aire acondicionado. "
2025 Disclosure Cycle,779465,CDP,833243,Nuevo León,States & Regions,Latin America,Mexico,Public,Q10.12.1,Please indicate the opportunities associated with sustainable forest management and describe how your region is positioning itself to take advantage of them.,3,Row 3,Development of recreation and tourism industry,"Turismo sustentable definitivamente, es un buen ingreso para la poblacion de las zonas reforestadas."
2025 Disclosure Cycle,779465,CDP,833243,Nuevo León,States & Regions,Latin America,Mexico,Public,Q10.12.1,Please indicate the opportunities associated with sustainable forest management and describe how your region is positioning itself to take advantage of them.,4,Row 4,Climate change mitigation,Publicación del Programa Estatal de Cambio Climático 
2025 Disclosure Cycle,779465,CDP,833243,Nuevo León,States & Regions,Latin America,Mexico,Public,Q10.12.1,Please indicate the opportunities associated with sustainable forest management and describe how your region is positioning itself to take advantage of them.,5,Row 5,Ensuring clean water supply,"Construcción de acueducto el cuchillo 2, construcción de la presa libertad "
2025 Disclosure Cycle,779465,CDP,833243,Nuevo León,States & Regions,Latin America,Mexico,Public,Q10.12.1,Please indicate the opportunities associated with sustainable forest management and describe how your region is positioning itself to take advantage of them.,6,Row 6,Ensuring clean water supply,"Restaruracion del ecosistema, los acufieros que surten agua a la ciudad estan la cuencas altas y areas naturales protegidas"
2025 Disclosure Cycle,779465,CDP,833263,North Kalimantan,States & Regions,South East Asia & Oceania,Indonesia,Public,Q10.12.1,Please indicate the opportunities associated with sustainable forest management and describe how your region is positioning itself to take advantage of them.,1,Row 1,Climate change mitigation,"Mitigation of climate change will be beneficial in several sectors. One of the benefits in the Agricultural, Forestry and other Landuse (AFOLU) sector is reducing the area of degraded critical lands, increasing the fertility of agricultural land."
2025 Disclosure Cycle,779465,CDP,833265,Papua,States & Regions,South East Asia & Oceania,Indonesia,Public,Q10.12.1,Please indicate the opportunities associated with sustainable forest management and describe how your region is positioning itself to take advantage of them.,1,Row 1,Climate change mitigation,"Reducing Concession Area: The forest moratorium policy has successfully reduced the extent of concession areas in Papua Province. For instance, the extent of IUPHHK-HA (Utilization of Timber Forest Products in Natural Forests) decreased by half during the enactment of the policy, from 5,847,072 ha in 2011-2012 to 2,964,551 ha in 2016-2017\n\nhttps://journal.ummat.ac.id/index.php/JPE/article/view/3425"
2025 Disclosure Cycle,779465,CDP,835965,West Papua Province,States & Regions,South East Asia & Oceania,Indonesia,Public,Q10.12.1,Please indicate the opportunities associated with sustainable forest management and describe how your region is positioning itself to take advantage of them.,1,Row 1,"Other ecosystem services from forests realized (e.g. improved well-being, soil erosion management)","Sustainable forest management will optimize the use of forest areas so as to maintain the benefits of forest areas for environmental services, NTFPs and timber."
2025 Disclosure Cycle,779465,CDP,848149,Mato Grosso do Sul,States & Regions,Latin America,Brazil,Public,Q10.12.1,Please indicate the opportunities associated with sustainable forest management and describe how your region is positioning itself to take advantage of them.,1,Row 1,Climate change mitigation,Sumidouro de Carbono - Oportunidade de remoção
2025 Disclosure Cycle,779465,CDP,848300,Aceh,States & Regions,South East Asia & Oceania,Indonesia,Public,Q10.12.1,Please indicate the opportunities associated with sustainable forest management and describe how your region is positioning itself to take advantage of them.,1,Row 1,Sustain livelihoods dependent on forests,In order to solve tenurial conflicts such as forest encroachment for coffee plantations. The Government of Aceh tried to change the coffee plantation activity to coffee agroforestry and how to manage this agroforestry to be more sustainable. This activity only targeted coffee plantations that has been encroached on before this regulation was gazetted. By sustainably managing the coffee agroforestry it is hoped that the farmers could stop the encroachment and could access a wider market by gaining eco-labeling.
2025 Disclosure Cycle,779465,CDP,848301,Central Kalimantan,States & Regions,South East Asia & Oceania,Indonesia,Public,Q10.12.1,Please indicate the opportunities associated with sustainable forest management and describe how your region is positioning itself to take advantage of them.,1,Row 1,Climate change mitigation,"Climate change mitigation through sustainable forest management can be developed through activity programs to prevent encroachment, which in turn will degrade the forest. Through the SFM, the forest management implementing units at the site level (IUPHHK-HA, FMU (KPH)) can increase cooperation with local communities or communities around the forest to jointly prevent forest degradation through participatory programs, such as developing agroforestry systems, utilizing other forest services (natural tourism, recreational facilities, etc.), utilization of the non-timber products (such as rattan, rubber, honey, etc.) and others."
2025 Disclosure Cycle,779465,CDP,848301,Central Kalimantan,States & Regions,South East Asia & Oceania,Indonesia,Public,Q10.12.1,Please indicate the opportunities associated with sustainable forest management and describe how your region is positioning itself to take advantage of them.,2,Row 2,Development of recreation and tourism industry,"One of the medium-term development goals that local government want to achieve over the next five years is to improve the community's economy through the development of the tourism sector. The development of the tourism industry in the province of Central Kalimantan can be carried out by addressing the potential of nature and its biodiversity, diversity of customs, and culture.Several areas as tourist destinations that can be developed through the use of environmental services and biodiversity diversity included (i) Tanjung Puting National Park in Kotawaringin Barat and Seruyan Districts. The area is a place for protection for flora and fauna, especially for orangutans; (ii) Sebangau National Park in Palangkaraya; (iii) Pararawen Nature Reserve in North Barito Regency; and so forth."
2025 Disclosure Cycle,779465,CDP,848527,Sinaloa,States & Regions,Latin America,Mexico,Public,Q10.12.1,Please indicate the opportunities associated with sustainable forest management and describe how your region is positioning itself to take advantage of them.,1,Row 1,Climate change mitigation,"Establecimiento de áreas naturales protegidas, conformación y acciones de brigadas contra incendios"
2025 Disclosure Cycle,779465,CDP,884371,Nayarit,States & Regions,Latin America,Mexico,Public,Q10.12.1,Please indicate the opportunities associated with sustainable forest management and describe how your region is positioning itself to take advantage of them.,1,Row 1,Increasing resilience to climate change impacts and other disasters,Se está trabajando en fortalecer la legislación de cambio climático en el Estado.
2025 Disclosure Cycle,779465,CDP,884372,Tlaxcala,States & Regions,Latin America,Mexico,Public,Q10.12.1,Please indicate the opportunities associated with sustainable forest management and describe how your region is positioning itself to take advantage of them.,1,Row 1,"Other: Otros servicios ecosistémicos de los bosques (por ejemplo, mayor bienestar, gestión de la erosión del suelo)",Dentro de los programas de reforestación se apoyan a la ciudadanía mediante empelo temporal y se busca conservar los servicios ecosistémicos que aportan los bosques en la región.\n
2025 Disclosure Cycle,779465,CDP,906800,Federal District,States & Regions,Latin America,Mexico,Public,Q10.12.1,Please indicate the opportunities associated with sustainable forest management and describe how your region is positioning itself to take advantage of them.,1,Row 1,Increasing resilience to climate change impacts and other disasters,"La gestión del ecosistema urbano de la ciudad, a través de la implementación de una red de infraestructura verde, permite que la Ciudad esté conectada, equilibrada, diversa, resiliente, integrada y visible para el uso, disfrute y bienestar ciudadano; lo cual además coadyuva con la adaptación al cambio climático, y con la mitigación de riesgos, para el incremento de la resiliencia."
2025 Disclosure Cycle,779465,CDP,906800,Federal District,States & Regions,Latin America,Mexico,Public,Q10.12.1,Please indicate the opportunities associated with sustainable forest management and describe how your region is positioning itself to take advantage of them.,2,Row 2,"Other ecosystem services from forests realized (e.g. improved well-being, soil erosion management)","La Ciudad busca un equilibrio ecológico en su entorno, ya que, si bien, la urbanización es generadora de impactos sobre el ecosistema que se rodea, a su vez sus habitantes son víctimas potenciales de los mismos. Ante dicho escenario, se habla de seguridad ecológica cuando los espacios verdesy azules son multifuncionales, ya que además de brindar servicios ecosistémicos, favorecen la resiliencia de la ciudad ante el cambio climático y forman parte de la regeneracióndel tejido social."
2025 Disclosure Cycle,779465,CDP,908451,Klaipėda County,States & Regions,Europe,Lithuania,Public,Q10.12.1,Please indicate the opportunities associated with sustainable forest management and describe how your region is positioning itself to take advantage of them.,1,Row 1,Increasing resilience to climate change impacts and other disasters,"The sustainable use of forests is critical for enhancing the resilience of the Klaipeda region against various environmental challenges, including climate change, biodiversity loss, and economic pressures. Here are several ways in which sustainable forest management can protect and benefit the Klaipeda region:\n\n1. Enhanced Biodiversity Protection\nHabitat Conservation: Sustainable forest practices help maintain diverse ecosystems, providing habitats for a wide range of species, which are essential for ecological balance.\nInvasive Species Management: By managing forests sustainably, the spread of invasive species can be mitigated, thereby protecting native flora and fauna.\n\n2. Climate Change Mitigation\nCarbon Sequestration: Forests act as carbon sinks, absorbing carbon dioxide from the atmosphere. Sustainable management practices enhance this function, helping to mitigate climate change.\nMicroclimate Regulation: Healthy forests regulate local climates, moderating temperatures and maintaining humidity levels, which can help communities adapt to changing weather patterns."
2025 Disclosure Cycle,779465,CDP,908451,Klaipėda County,States & Regions,Europe,Lithuania,Public,Q10.12.1,Please indicate the opportunities associated with sustainable forest management and describe how your region is positioning itself to take advantage of them.,2,Row 2,Development of recreation and tourism industry,"Klaipeda region - the only region in Lithuania having access to the sea. It has an important role in recreation and tourism (especially in warm season). Fresh air, forests are extremely important to the region - its people and tourists."
2025 Disclosure Cycle,779465,CDP,908451,Klaipėda County,States & Regions,Europe,Lithuania,Public,Q10.12.1,Please indicate the opportunities associated with sustainable forest management and describe how your region is positioning itself to take advantage of them.,3,Row 3,Climate change mitigation,"Forests contribute to mitigation because of their capacity of remove carbon from the atmosphere and to store it. Forests, fresh air can contribute to the tourist flows and better environment, quality of life for the locals."
2025 Disclosure Cycle,779465,CDP,2045619,Nonthaburi Province,States & Regions,South East Asia & Oceania,Thailand,Public,Q10.12.1,Please indicate the opportunities associated with sustainable forest management and describe how your region is positioning itself to take advantage of them.,1,Row 1,Climate change mitigation,Carbon sequestration from trees
2025 Disclosure Cycle,779465,CDP,2045619,Nonthaburi Province,States & Regions,South East Asia & Oceania,Thailand,Public,Q10.12.1,Please indicate the opportunities associated with sustainable forest management and describe how your region is positioning itself to take advantage of them.,2,Row 2,Increasing resilience to climate change impacts and other disasters,Water absorption by trees in upstream provinces has reduced the impact of flooding on the riverside in Nonthaburi Province.
2025 Disclosure Cycle,779465,CDP,2045832,Yasothon Province,States & Regions,South East Asia & Oceania,Thailand,Public,Q10.12.1,Please indicate the opportunities associated with sustainable forest management and describe how your region is positioning itself to take advantage of them.,1,Row 1,Increasing resilience to climate change impacts and other disasters,Increase forest cover to increase greenhouse gas absorption area
