disclosure_cycle,cdp_requesting_org_number,requesting_organization,cdp_disclosing_org_number,disclosing_organization,disclosing_org_type,cdp_region,discloser_country_or_area,public_status,question_number,question_text,row_order,row_name,col1_Name of the initiative,col2_Name of jurisdiction or/and landscape area,col3_Describe the aim of the initiative including any focus commodities and your state/region's role,col4_Implementation stage of initiative,col5_Current sources of finance for the initiative,col6_Types of partners engaged in the initiative design and implementation,col7_Describe governance structures and policies in place to support the initiative,col8_Five primary actions from private sector companies that would drive positive impact in the initiative,col9_Is a collective monitoring framework used to measure progress towards landscape goals and actions?,"col10_State the achievements of your engagement so far, and how progress is monitored"
2025 Disclosure Cycle,779465,CDP,72902,Scotland,States & Regions,UKWW,United Kingdom,Public,Q10.8.1,Provide details of your state/region's implementation of landscape/jurisdictional approaches during the reporting year.,2,Row 2,Riverwoods ,Scotland ,"Riverwoods is a partnership initiative led by the Scottish Wildlife Trust and includes partners from government agencies (incl. Scottish Forestry, Forestry and Land Scotland, SEPA, Marine Scotland, and NatureScot), alongside charities (Woodland Trust Scotland, Buglife, Green Action Trust, Scotland the Big Picture, Tweed Forum, and Fisheries Management Scotland) and research centres (James Hutton Institute, Centre for Sustainable Forests and Landscapes) as well as industries (Scottish Water, Confor). Riparian - or riverbank - ecosystems have the potential to deliver enormous benefits not only to biodiversity but also to local communities and businesses. Riverwoods seeks to bring together a broad coalition of like-minded organisations and individuals to help realise these benefits, and to accelerate the pace of change.Riverwoods is a complement to other landscape-scale approaches to the restoration of ecosystems. Innovation, collaboration and action are at the heart of what we aim to achieve, as we make our own collective contribution to the global effort.",Pre-Implementation and design stage: Initiative plans are under development but not yet implemented,"Private financial institutions|Private sector, companies|NGO|Governmental fund/subsidies",Financial institution(s),"Riverwoods is a 'Spotlight Project' initiative within The £1 Billion Challenge that is being used to help develop this model in Scotland.The Riverwoods partnership identified the outcomes and activities that would help achieve the vision and captured this in a Theory of Change or Logic Model, this guides the work of the partnership. There is a Strategic Advisory Board which provides strategic advice to the Delivery, Finance and Science groups. In addition, the Board helps guide the Riverwoods Initiative.A Science Group To provide expert synthesis across academic and practitioner evidence for the multiple functions of riparian woodland, specifically for Scottish landscapes, identifying gaps in knowledge and ability to translate across Scotland's implementation needs.The Finance Group brings together a range of organisations and individuals to advise on the finance aspects of Riverwoods. This includes discussing approaches to finance, developing proposals and overseeing delivery of the finance mechanisms deployed in the project. Secretariat support is provided by the Scottish Wildlife Trust.And the Delivery Group brings together organisations which are practically delivering river restoration projects, this group is a forum for sharing good practice and identifying barriers to delivery.","Collaborate on integrated watershed management and remediation activities|Support communities and smallholders in gaining access to incentives (e.g. support achieving certification, group formation, getting land title, packaging access to loans, preferential sourcing etc.)|Engage partners on importance of conservation, restoration and/or rehabilitation|Help establish a transparent governance platform responsible for managing the initiative and its activities with clear roles, responsibilities, and balanced decision-making|Co-design and develop goals, strategies and an action plan with timebound targets and milestones for the initiative","Yes, progress is monitored using an internally defined framework","RIVERWOODS INVESTMENT READINESS PIONEERS - Led by the Scottish Wildlife Trust in partnership with Democratic Society and the Esmée Fairbairn Foundation, this project stream provides an opportunity for communities, landowners and other stakeholders to work together to identify Riverwoods projects that have the potential to be financed using new mechanisms beyond traditional grants. The Panel has met and reviewed the results of the public votes alongside its initial evaluation and selected the following projects. Each of the following projects will be offered 4000 each out of our total pool of 20000 to further develop their Riverwoods Pioneers proposals: • Annan Riparian Restoration Network • Upper Tay Catchment Communities • Glen Falloch Nature Restoration • Don't let Balloch Castle Country Part Sink • The River Ericht Catchment Regeneration Initiative"
2025 Disclosure Cycle,779465,CDP,72902,Scotland,States & Regions,UKWW,United Kingdom,Public,Q10.8.1,Provide details of your state/region's implementation of landscape/jurisdictional approaches during the reporting year.,3,Row 3,Rainforest Restoration (Alliance for Scotland's Rainforest - ASR is the partnership working towards 'Saving Scotland's Rainforest' - SSR),"Rainforest zone, found in the west of Scotland","The ASR is a voluntary partnership of more than 20 organisations (including four government agencies/bodies) that are all committed to collaborative action for the benefit of the rainforest in Scotland. Scotland's rainforest can only be restored at scale. The Alliance has identified a set of projects across the rainforest zone which can begin as soon as we can source the funding. The current areas of focus:Establish landscape-scale projects to restore and expand rainforest sites: - Identify how the Scottish Government could give greater priority to restoring Scotland's rainforest- Encourage and enable landowners and managers to restore and expand the rainforest in core areas- Work together to share ideas, information, knowledge and expertise to continually improve our understanding of how to best manage the rainforest.- We need to work at a large scale, across landscapes, collaborating with land managers and other stakeholders.Alliance for Scotland's Rainforest (savingscotlandsrainforest.org.uk) In summer 2024, Cabinet Secretary launched the new strategic plan that aims to accelerate delivery in tackling the challenges facing these iconic native woodlands and identify the practical steps the Scottish Government and its partners can take to help the rejuvenation of Scotland's rainforest. Recognising funding constraints, it sets out how this will be implemented over the next three years and sustained over the longer term. There will be nine initial priority areas for landscape scale action. The initial priority landscape scale areas listed in the plan are those either already in delivery phase or are expected to go into delivery phase in the next three years. Development and engagement work has already been done or is well underway and there is a strong local willingness to deliver at a population or landscape scale. They include those identified as landscape scale projects by ASR, which have adopted the ASR best practice guidance. The priority areas also reflect the Deer Management Strategic Board regional priorities and public and ENGO land clusters.",Implementation stage: Implementation plans are completed and currently underway/operational,"Governmental fund/subsidies|Private sector, companies|Private financial institutions|NGO",NGO and/or civil society,"Governance structure is not set for the overall partnership. Leadership for each project will be determined by lead landowner/manager, which can include government agency on public land, or private landowner, or eNGO-owned estates. Woodland creation and restoration policies and strategies mentioned above support the work. Scottish Government Ministers have expressed support for the partnership and targets being incorporated into the new Scottish Biodiversity Strategy will acknowledge the aspirations of this partnership.","Engage partners on importance of conservation, restoration and/or rehabilitation|Share spatial data and land management plans with other partners in the landscape/jurisdiction|Communicate externally the business case for investing in landscapes/jurisdiction|Collaborate on management/ land use planning in the landscape/jurisdiction|Co-design and develop goals, strategies and an action plan with timebound targets and milestones for the initiative","Yes, progress is monitored using a shared external framework: Yes, progress is monitored using a shared external framework, please specify","Currently, three project areas have been identified with objectives decided and local partners pulled in. They are not fully funded yet,but are able to begin. A fourth project has been scoped and is awaiting funding to enable the development stage. The partnership establishes its strategy on a three-year cycle. During the most recent three-year strategy phase the partnership was relaunched, and combined efforts from all partners resulted in the following significant areas of progress:•The profile of Scotland's rainforest rose considerably, capturing attention of key audiences •The ASR became known as a credible and effective partnership of organisations, working actively and collaboratively •Of the four “ASR adopted” landscape-scale focus projects, two were able to go into delivery stage and two were scoped so they became ready to go into delivery.•The Scottish Government made the commitment: “Scotland's rainforest will be restored and expanded as a natural solution to the climate emergency”.•It was estimated that it will cost around £500m to restore all of Scotland's rainforest, leading to a new workstream to raise those kinds of funds. For the ASR, governance structure is not set for the overall partnership. Leadership for each project will be determined by lead landowner/manager, which can include government agency on public land, or private landowner, or eNGO-owned estates. Woodland creation and restoration policies and strategies mentioned above support the work. Scottish Government Ministers have expressed support for the partnership and targets being incorporated into the new Scottish Biodiversity Strategy will acknowledge the aspirations of this partnership. Within the new government strategic plan, Scottish Forestry will continue to provide a policy lead on rainforest. Officials from Scottish Government, Scottish Forestry, Forestry and Land Scotland, and NatureScot will need to work together to provide oversight and coordinate delivery across Government. The progress on delivery of the actions contained in this strategic approach will be monitored by Scottish Forestry and partners, particularly ASR, with annual Scottish Government funding and outputs summarised for Ministers. Monitoring of progress by 2026 will include: • number of landscape scale projects where delivery is underway • area covered by these projects • grant funding from Scottish Government (NRF and FGS, FLS) for rainforest work • area of planting, regeneration and PAWS (FLS)"
2025 Disclosure Cycle,779465,CDP,73171,Goias,States & Regions,Latin America,Brazil,Public,Q10.8.1,Provide details of your state/region's implementation of landscape/jurisdictional approaches during the reporting year.,1,Row 1,Estratégia Goiás Carbono Neutro 2050,Goiás,"Redução e remoção de emissões de GEE, qualidade e regularidade ambiental, viabilização de um mercado de serviços ambientais e promoção de Sistemas, Práticas, Produtos e Processos de Produção Sustentáveis (SPSabc) na gestão do território agropecuário, em atenção ao due diligence e às exigências de mercados consumidores e de sistemas financeiros para cadeias e produtos livres de desmatamento, em particular ao Regulamento sobre Desmatamento da União Europeia (EUDR), às regras sobre desmatamento definidas pelos traders de commodities agrícolas (ADM, Amaggi, Bunge, Cargill, Cofco, Dreyfuss), FEBRABAN, dos Frigoríficos, e resoluções do Conselho Monetário Nacional, entre outros, de modo complementar às iniciativas setoriais e voluntárias identificadas.",Pre-Implementation and design stage: Initiative plans are under development but not yet implemented,Regional budget|Governmental fund/subsidies,Financial institution(s)|NGO and/or civil society|Indigenous peoples|Private sector|Local communities|Government,"Abordagem Jurisdicional em desenvolvimento contará com arranjo interinstitucional e estrutura de governança participativa. Será instituído um Comitê Gestor para a representação dos setores participantes. O monitoramento e avaliação da Abordagem Jurisdicional se dará no âmbito do Fórum Goiano de Mudanças Climáticas e Desenvolvimento Sustentável (FGMCDS), com participação da sociedade civil, povos indígenas e comunidades locais. ","Collaborate to maintain representation from all relevant stakeholders within governance structure of initiative|Promote and implement climate change adaptation and mitigation activities|Co-design and develop goals, strategies and an action plan with timebound targets and milestones for the initiative|Implement REDD+ actions in the landscape/jurisdiction|Help establish a transparent governance platform responsible for managing the initiative and its activities with clear roles, responsibilities, and balanced decision-making","No, but we are planning to monitor and report on progress in the next two years",
2025 Disclosure Cycle,779465,CDP,74215,Misiones,States & Regions,Latin America,Argentina,Public,Q10.8.1,Provide details of your state/region's implementation of landscape/jurisdictional approaches during the reporting year.,1,Row 1,"Misiones aplica un ordenamiento territorial con enfoque jurisdiccional en el marco de la Ley Nacional 26.331 y la Ley Provincial XVI-105 (2017).\nCada municipio integra en su planificación territorial los usos permitidos (categorías rojo, amarillo y verde) según su valor de conservación.\nEsto permite coordinar:\n\nControl del uso del suelo,\n\nFiscalización de desmontes,\n\nRestauración y conectividad ecológica.",Todo el territorio provincial,,,,,,,,
2025 Disclosure Cycle,779465,CDP,74215,Misiones,States & Regions,Latin America,Argentina,Public,Q10.8.1,Provide details of your state/region's implementation of landscape/jurisdictional approaches during the reporting year.,2,Row 2,Estrategia Provincial REDD+,Misiones fue la primera provincia argentina en elaborar una Estrategia REDD+ a escala jurisdiccional.Su implementación articula:\n\nMonitoreo de deforestación y degradación con imágenes satelitales (Landsat y Sentinel).\nPlanes de restauración de corredores biológicos y áreas degradadas.\nVinculación con el Fondo Verde del Clima para financiar acciones de conservación.\nEl enfoque de paisaje busca mantener la conectividad ecológica entre las áreas protegidas provinciales y los corredores.,"1. Enfoque Jurisdiccional: Programa REDD+ JNR\nLa implementación de este programa se formalizó y detalló significativamente en octubre de 2024 a través del Decreto 2179/2024.\n\nEste decreto aprueba formalmente el \'Programa de Reducción de Emisiones por Deforestación y Degradación Evitada Jurisdiccional Misiones (REDD+)\' y establece su marco de acción.\n\nDetalles clave de la implementación (según el Decreto 2179/2024):\n\nEstándar Utilizado: El programa opera oficialmente bajo el estándar internacional VERRA, utilizando el marco JNR (Jurisdictional and Nested REDD+). Esto permite que las reducciones de emisiones de toda la provincia sean verificadas y convertidas en créditos de carbono.\n\nProyecciones (a partir de 2025): Se estima que las 1.5 millones de hectáreas de Selva Paranaense bajo este programa absorberán 10.5 millones de toneladas de carbono, lo que podría generar ingresos superiores a los 60 millones de dólares para la provincia.\n\nLíneas Estratégicas (Acciones de Implementación): Los fondos y esfuerzos del programa se dirigen a:\n\nIncrementar la conservación y el valor de los bosques: Esto incluye medir la masa boscosa, desarrollar planes de reforestación, manejo forestal sostenible y prevención de incendios.\n\nPromover la puesta en valor de los servicios ambientales: Implica cuantificar el \'capital natural\' (en conjunto con el IPEC) y promover el turismo ecológico.\n\nPromover la transición energética: Apoyar a PYMES que adopten energías renovables y soluciones de economía circular.\n\nPromover la educación y las finanzas climáticas: Financiar a emprendedores y startups (por ejemplo, en Silicon Misiones) que desarrollen proyectos vinculados al cambio climático.\n\nParticipación: El programa invita activamente al sector privado (propietarios de tierras) a unirse al programa para evitar la deforestación y participar en los beneficios.\n\n2. Enfoque Jurisdiccional: ODS y Economía Circular\nLa implementación de los ODS es transversal, pero un ejemplo concreto de reporte jurisdiccional es el \'Primer informe de economía circular de la provincia de Misiones\', que detalla las acciones implementadas durante el año 2023.\n\nEste enfoque está directamente vinculado al ODS 13 (Acción por el Clima) y al ODS 15 (Vida de ecosistemas terrestres), y el programa REDD+ es considerado una herramienta clave para cumplir estas metas.",Implementation stage: Implementation plans are completed and currently underway/operational,"REDD+ finance|Private sector, companies",Indigenous peoples|Local communities|NGO and/or civil society|Financial institution(s)|Government|Private sector,"Estructuras de Gobernanza de REDD+\nLa gobernanza del programa REDD+ en Misiones es interministerial, reconociendo que la gestión del carbono involucra tanto la política ambiental como la financiera.\n\nComité del Proyecto del Programa Provincial REDD+: Este es el órgano de gobernanza central y específico. Está integrado por representantes de tres ministerios clave que toman las decisiones estratégicas:\n\nMinisterio de Cambio Climático (MCC): Actúa como el diseñador de la política climática. Es el organismo líder en la estrategia de mitigación, la medición de carbono y la articulación internacional del programa.\n\nMinisterio de Ecología y Recursos Naturales Renovables: Es la autoridad de aplicación histórica en materia de bosques. Se encarga del control, la fiscalización, la prevención de la deforestación y el manejo de las áreas protegidas. Es el brazo ejecutor \'en el terreno\'.\n\nMinisterio de Hacienda, Finanzas, Obras y Servicios Públicos: Dado que REDD+ es un mecanismo financiero, este ministerio gestiona la estructura económica, el fideicomiso (trust) donde se reciben los fondos de la venta de créditos y los contratos comerciales (como el acuerdo con Verra).\n\nolíticas Implementadas para REDD+\nEl programa se sustenta en un marco legal y estratégico específico que lo hace operativo.\n\nDecreto 2179/2024: Esta es la política fundamental y más reciente. Aprueba formalmente el \'Programa de Reducción de Emisiones por Deforestación y Degradación Evitada Jurisdiccional Misiones (REDD+)\'. Este decreto da entidad legal al programa y autoriza su implementación bajo los estándares internacionales.\n\nAdopción del Estándar VERRA (JNR): Una política clave fue la decisión (ratificada por resoluciones ministeriales, como la Res. 776/23 de Hacienda) de adoptar el estándar JNR (Jurisdictional and Nested REDD+) de Verra. Esto significa que Misiones no inventó sus propias reglas, sino que se alinea con el estándar internacional más reconocido para certificar y vender créditos de carbono a nivel jurisdiccional.\n\nEstrategia Provincial REDD+ (EPREDD+): Es el documento estratégico (aprobado por Res. 241/23 del Ministerio de Ecología) que define los lineamientos, las causas de la deforestación a atacar y las líneas de acción del programa. El Decreto 2179/24 luego ratifica esta estrategia.\n\nLeyes de Base (Fundacionales):\n\nLey XVII - N° 130 (Creación del MCC): La política de crear un ministerio específico para el Cambio Climático fue el primer paso de gobernanza, dándole al tema el rango político más alto.\n\nLey XVI N° 105 (Ordenamiento Territorial de Bosques Nativos): Esta es la ley de base que el programa REDD+ viene a fortalecer. Define qué áreas deben ser conservadas (Categoría Roja y Amarilla), y REDD+ provee el mecanismo financiero para hacer cumplir esa protección.",Collaborate on integrated watershed management and remediation activities|Support enforcement of land-use and/or zoning plans|Implement REDD+ actions in the landscape/jurisdiction,"Yes, progress is monitored using a shared external framework: Salvaguardas de Cancún","Los logros de REDD+ en Misiones se centran en haber frenado la deforestación de manera medible y haber conseguido la aprobación formal de su programa jurisdiccional bajo un riguroso estándar internacional.\n\nLogros Principales:\nFreno a la Deforestación: El logro fáctico clave es haber frenado casi por completo la deforestación neta, a diferencia de las jurisdicciones vecinas. Misiones conserva más del 52% de su bosque nativo (Selva Paranaense).\n\nAprobación Verra JNR: El logro técnico-administrativo central es el registro exitoso del \'Programa Jurisdiccional REDD+ ECO2\' bajo el estándar internacional Verra JNR (ratificado por Decreto 2179/24).\n\nAcceso al Mercado: Esta validación permite convertir las reducciones de emisiones (toneladas de CO2 evitadas) en créditos de carbono verificados (VCUs), listos para ser vendidos en el mercado voluntario.\n\nGobernanza: Se estableció una arquitectura institucional robusta, liderada por el Ministerio de Cambio Climático (MCC) en coordinación con el Ministerio de Ecología (fiscalización) y el de Hacienda (gestión financiera).\n\nMonitoreo del Progreso (Sistema MRV)\nEl progreso se mide rigurosamente usando un sistema de Monitoreo, Reporte y Verificación (MRV), que es un requisito obligatorio del estándar Verra.\n\n1. Monitoreo (M): Combina dos técnicas:\n\nTeledetección: Uso de imágenes satelitales para medir el área (hectáreas) deforestada o degradada.\n\nInventario Forestal: Mediciones in-situ (en el terreno) en parcelas permanentes para calcular el stock de carbono (cuántas toneladas de CO2 hay por hectárea).\n\n2. Reporte (R): La provincia establece un Nivel de Referencia de Emisiones Forestales (NREF). Esta es la línea de base que proyecta cuánta deforestación hubiera ocurrido sin el programa. Luego, reporta a Verra la diferencia entre ese NREF y las emisiones reales (medidas en el Monitoreo). Esa diferencia es la reducción lograda.\n\n3. Verificación (V): Un auditor externo independiente (VVB) debe verificar que los datos y cálculos del reporte sean reales, precisos y adicionales. Solo tras esta auditoría positiva, Verra emite los créditos de carbono.\n\nTambién se monitorea con un Sistema de Información de Salvaguardas, en consonancia con los Salvaguardas de Cancún. "
2025 Disclosure Cycle,779465,CDP,833237,Santa Catarina,States & Regions,Latin America,Brazil,Public,Q10.8.1,Provide details of your state/region's implementation of landscape/jurisdictional approaches during the reporting year.,1,Row 1,Tratado da Mata Atlântica,Estados do Sul e Sudeste,"Acordo do Consórcio de Integração Sul e Sudeste (COSUD) que visa a conservação e reflorestamento do bioma, com a meta inicial de plantar 100 milhões de mudas de espécies nativas até o fim de 2026. ",Pre-Implementation and design stage: Initiative plans are under development but not yet implemented,Governmental fund/subsidies,Government,"O COSUD (Consórcio de Integração Sul e Sudeste) é uma associação formada pelos governos dos estados das regiões Sul e Sudeste do Brasil, com o objetivo de fortalecer a cooperação intergovernamental e impulsionar ações socioeconômicas e ambientais conjuntas. Fundado em 2019, o consórcio discute soluções para problemas comuns entre os estados, abrangendo temas como segurança, meio ambiente, saúde, educação e economia, e buscando o desenvolvimento de políticas públicas integradas para a região.","Co-design and develop goals, strategies and an action plan with timebound targets and milestones for the initiative|Collaborate on management/ land use planning in the landscape/jurisdiction|Collaborate to maintain representation from all relevant stakeholders within governance structure of initiative|Engage partners on importance of conservation, restoration and/or rehabilitation|Communicate externally the business case for investing in landscapes/jurisdiction","No, we do not monitor progress and do not plan to in the next two years",
2025 Disclosure Cycle,779465,CDP,31196,State of Maryland,States & Regions,North America,United States of America,Public,Q10.8.1,Provide details of your state/region's implementation of landscape/jurisdictional approaches during the reporting year.,1,Row 1,Sustainable Growth,State of Maryland,"See Page 61 of Maryland's Climate Pollution Reduction Plan, 'Sustainable Growth.' The Maryland Department of Planning is the lead agency for reducing emissions through sustainable growth and land use/location. These efforts and programs are designed to minimize GHG emissions from future land development and foster transit use, walking and biking, and shorter travel distances for daily mobility needs.",Pre-Implementation and design stage: Initiative plans are under development but not yet implemented,No finance at present,Government|Private sector,"The Sustainable Growth Subcabinet (https://planning.maryland.gov/Pages/OurEngagement/SGSubcabinet/smart-growth-subcabinet.aspx) led by MDP, makes recommendations to the Governor regarding changes in state law, regulations, and procedures needed to create, enhance, support, and revitalize sustainable communities across Maryland; and\nfacilitates interagency coordination to ensure successful statewide community reinvestment and\ncompact development initiatives are integrated and balanced to achieve multiple benefits that\nadvance equity, economic growth and environmental regeneration.","Capacity building for farmers, smallholders and local communities to implement good agricultural practices (including improved efficiency, crop diversification and adoption of certification)|Engage partners on importance of conservation, restoration and/or rehabilitation|Support local governments (or equivalent) to enhance landscape governance structure, and provide them with resources to develop and implement sustainable landscape policies and/or management plan(s)|Collaborate on integrated watershed management and remediation activities|Promote and implement climate change adaptation and mitigation activities","No, but we are planning to monitor and report on progress in the next two years",
2025 Disclosure Cycle,779465,CDP,72888,State of Washington,States & Regions,North America,United States of America,Public,Q10.8.1,Provide details of your state/region's implementation of landscape/jurisdictional approaches during the reporting year.,1,Row 1,Growth Management Act,Comprehensive planning/regional government,Restricts sprawl by establishing urban growth boundaries; Protects forest and other rural landscapes,"Review, evaluation and adapt: Lessons learned from the initiative are being used to update original plans",Governmental fund/subsidies,Government|Indigenous peoples|Local communities,,,,
2025 Disclosure Cycle,779465,CDP,72891,State of Hawaii,States & Regions,North America,United States of America,Public,Q10.8.1,Provide details of your state/region's implementation of landscape/jurisdictional approaches during the reporting year.,1,Row 1,Hawaii Forest Action Plan,Hawai'i wide,"The Hawaii Forest Action Plan involves collaboration among multiple agencies, institutions, and landowners to steward Hawaii's natural resources",Implementation stage: Implementation plans are completed and currently underway/operational,Governmental fund/subsidies,Indigenous peoples|Local communities|NGO and/or civil society|Government|Private sector,,,,
2025 Disclosure Cycle,779465,CDP,72895,Wales,States & Regions,UKWW,United Kingdom,Public,Q10.8.1,Provide details of your state/region's implementation of landscape/jurisdictional approaches during the reporting year.,1,Row 1,We have a policy which supports Natural Resource management,,,,,,,,,
2025 Disclosure Cycle,779465,CDP,72901,State of California,States & Regions,North America,United States of America,Public,Q10.8.1,Provide details of your state/region's implementation of landscape/jurisdictional approaches during the reporting year.,1,Row 1,Regional Forest and Fire Capacity Program,California's Natural and Working Lands,"The Department of Conservation has awarded more than $72 million to partners across the state working to build fire-resilient communities. Fifteen grantees received awards this year, bringing the state's total investment to $140 million for regions working to create fire-adapted communities and landscapes by improving ecosystem health, community wildfire preparedness and fire resilience. See the Governor's Office press release and read DOC's announcement here: https://www.gov.ca.gov/2023/08/17/getting-local-protecting-people-from-wildfires-disasters/ https://www.conservation.ca.gov/index/Pages/News/State-Awards-72-Million-Building-Fire-Resilient-Communities-Landscapes.aspx. Program webpage: https://www.conservation.ca.gov/dlrp/grant-programs/Pages/Regional-Forest-and-Fire-Capacity-Program.aspx ",Implementation stage: Implementation plans are completed and currently underway/operational,Governmental fund/subsidies,Local communities|NGO and/or civil society|Private sector|Government|Indigenous peoples,"Implemented by and aligned with the Governor's Wildfire and Forest Resilience Task Force: In a response commensurate to the challenge, Governor Gavin Newsom created the California Wildfire & Forest Resilience Task Force, bringing together an unprecedented coalition of the best available resources for preventing catastrophic wildfires by creating healthier, more sustainable natural environments. The Governor's Task Force is a proactive effort that is already showing progress towards long term forest health and safe, sustainable coexistence with fire.",Promote and implement climate change adaptation and mitigation activities|Share spatial data and land management plans with other partners in the landscape/jurisdiction|Improve sustainability of waste management practices|Collaborate on commodity traceability|Communicate externally the business case for investing in landscapes/jurisdiction,"Yes, progress is monitored using a shared external framework: Under development, but will be made public",Regions within state of California are populating their plans for prioritization and statewide monitoring of all regional actions are being scoped. 
2025 Disclosure Cycle,779465,CDP,72901,State of California,States & Regions,North America,United States of America,Public,Q10.8.1,Provide details of your state/region's implementation of landscape/jurisdictional approaches during the reporting year.,2,Row 2,Wildfire and Forest Resilience Task Force Action Plan https://wildfiretaskforce.org/wp-content/uploads/2022/12/californiawildfireandforestresilienceactionplan.pdf,"California's forests, shrublands, and grasslands","In 2021, the California Natural Resources Agency released the Wildfire and Forest Resilience Task Force Action Plan which details pathways to achieve various state goals to combat climate change, build fire resilient forest and shrublands statewide, protect public safety and communities, while addressing biodiversity and water quality values. The Action Plan integrates recommendations from existing state and federal plans that tackle various aspects of the state's forest health and wildfire crisis. California's natural and working lands have also been analyzed by several commissions, task forces, legislative hearings and reports, scientific conferences, workshops, and papers. A common theme of these reports and recommendations is that the state needs “an unprecedented action plan” to effectively respond to the forest health and wildfire crisis. This Action Plan responds to that challenge by integrating key findings and recommendations from these various plans, studies, and assessments into a single coordinated and comprehensive strategy. The entities responsible for implementing this strategy and its actions are committed to doing so in a manner that advances California's goals to achieve carbon neutrality, build climate resilience, improve equity, and foster economic prosperity. Many of these actions will inform other upcoming state agency plans, including the Natural and Working Lands Climate Smart Strategy, State Adaptation Strategy, Final Pathways to 30x30 Strategy, and AB 32Climate Change Scoping Plan. Further, this Action Plan serves as a roadmap for implementing the Agreement for Shared Stewardship of California's Forest and Rangelands with the United States Forest Service, and for aligning the state's efforts with other federal, local, tribal, regional and private organizations. The California state legislature provided major funding for the Wildfire Resilience Program, protecting California's watersheds, wildlands, and communities. In 2021, California dramatically scaled wildfire resilience investments from 200 million to 1.5 billion and shifted state business practices to quickly put resources into projects. This funding launched more than 552 wildfire resilience projects in less than a year. By speeding up and increasing the scale of wildfire resilience activities from home-hardening to fuel breaks to reforestation, these investments are giving California a fighting chance to match the scale and frequency of the wildfire crisis.",Implementation stage: Implementation plans are completed and currently underway/operational,Governmental fund/subsidies,Local communities|Indigenous peoples|Financial institution(s),"The California Forest Management Task Force (Task Force) was established in 2018 to introduce a more holistic, integrated approach toward effective forest management. The Task Force convened more than two dozen interagency and stakeholder-led workgroups to develop the Wildfire and Forest Resilience Task Force Action Plan (Action Plan). The Task Force was slightly renamed and relaunched by Governor Newsom in April 2021 as the Wildfire and Forest Resilience Task Force. The Task Force is now charged to focus on oversight and coordinate implementation of this Action Plan. The Task Force's assignments include:* Providing regular reports on progress towards the goals and milestones of this Action Plan;* Coordinating and aligning state, federal, local, tribal, academic, and private forest management programs and projects;* Establishing and maintaining strong working relationships among the involved state agencies and key stakeholders;* Developing coordinated investment programs that leverage state, federal, and local funding programs; and* Establishing a strategic vision for protecting and maintaining the health and resilience of the state's forested landscapes and communities.","Share spatial data and land management plans with other partners in the landscape/jurisdiction|Co-design and develop goals, strategies and an action plan with timebound targets and milestones for the initiative|Help establish a transparent governance platform responsible for managing the initiative and its activities with clear roles, responsibilities, and balanced decision-making|Collaborate on management/ land use planning in the landscape/jurisdiction|Other: Identify opportunities for public private collaboration","Yes, progress is monitored using an internally defined framework",Progress of goals and actions can be found at: https://wildfiretaskforce.org/progress/
2025 Disclosure Cycle,779465,CDP,72901,State of California,States & Regions,North America,United States of America,Public,Q10.8.1,Provide details of your state/region's implementation of landscape/jurisdictional approaches during the reporting year.,3,Row 3,Pathways to 30x30: Accelerating Conservation of California's Nature https://www.californianature.ca.gov,California's natural and working lands,"California committed to the goal of conserving 30% of our lands and coastal waters by2030 (30x30). For the purposes of California's 30x30 goal, an area is considered a “30x30 Conservation Area” if it is land or coastal water area that is durably protected and managed to sustain functional ecosystems, both intact and restored, and the diversity of life that it supports. Approximately 24% of California's lands and 16% of its coastal waters are already conserved based on our definition of 30x30 Conservation Areas. California's strategy to conserve an additional six million acres of land and half a million acres of coastal waters is organized into ten Pathways: 1. Accelerate regionally led conservation 2. Execute strategic land acquisitions 3. Increase voluntary conservation easements 4. Enhance conservation of existing public lands and coastal waters 5. Institutionalize advance mitigation 6. Expand and accelerate environmental restoration and stewardship 7. Strengthen coordination among governments 8. Align investments to maximize conservation benefits 9. Advance and promote complementary conservation measures 10. Evaluate conservation outcomes and adaptively manage",Implementation stage: Implementation plans are completed and currently underway/operational,Governmental fund/subsidies,Local communities|Indigenous peoples,"In October 2020, Governor Newsom issued the Nature-Based Solutions Executive Order N-82-20 which established the California Biodiversity Collaborative to support the30x30 initiative through collaboration with the California Natural Resources Agency, the California Department of Food and Agriculture, the California Environmental Protection Agency, and other state agencies.","Use preferential sourcing to support landscape/jurisdictional initiatives that are demonstrating progress|Support communities and smallholders in gaining access to incentives (e.g. support achieving certification, group formation, getting land title, packaging access to loans, preferential sourcing etc.)|Capacity building for farmers, smallholders and local communities to implement good agricultural practices (including improved efficiency, crop diversification and adoption of certification)|Collaborate on landscape sustainability assessments through participatory mapping|Identify and map partners (including vulnerable and/or marginalized groups) and encourage their engagement in multi-partner processes|Improve sustainability of waste management practices","Yes, progress is monitored using an internally defined framework","Spatial analysis of natural and working lands conservation status is currently modeled and mapped, and the land mass needed to achieve 30 percent by 2030, are discussed at: https://www.californianature.ca.gov; Story maps, data, and modeling, showing where we are currently, and how much more& where we need to conserve, are assessed at: https://www.californianature.ca.gov/pages/ca-nature."
2025 Disclosure Cycle,779465,CDP,72901,State of California,States & Regions,North America,United States of America,Public,Q10.8.1,Provide details of your state/region's implementation of landscape/jurisdictional approaches during the reporting year.,4,Row 4,Natural and Working Lands Climate Smart Strategy https://resources.ca.gov/Initiatives/Expanding-Nature-Based-Solutions,California's natural and working lands,"The Natural and Working Lands Strategy:* defines California's eight natural and working landscapes.* describes how improved management of these landscapes can deliver on our climate change goals and advance broader environmental, economic, and social objectives.* highlights priority nature-based climate solutions to address the climate crisis.* outlines regional opportunities for climate smart land management.* identifies options to track nature-based climate action and measure progress.* packages recommendations to scale nature-based climate solutions in California identified through our public engagement process. Two of the state's eight landscapes are forests, and shrublands and chaparral. The Strategy lays out cross-cutting priorities for climate smart land management across all landscapes and specifically includes priority nature-based climate solutions for forests, and shrublands and chaparral. These priorities informed both of California's overarching climate plans: the California AB 32 Climate Change Scoping Plan and the California Climate Adaptation Strategy.",Pre-Implementation and design stage: Initiative plans are under development but not yet implemented,"Private sector, companies|Governmental fund/subsidies",Financial institution(s)|Local communities|Indigenous peoples,"Nature-Based Solutions Executive Order N-82-20 requires the California Natural Resources Agency, in consultation with the California Environmental Protection Agency, the California Department of Food and Agriculture, the California Air Resources Board, Governor's Office of Planning and Research, the California Strategic Growth Council and other state agencies, to develop a Natural and Working Lands (NWL) Climate Smart Strategy that serves as a framework to advance the state's carbon neutrality goal and builds climate resilience. The California Air Resources Board, in coordination with relevant state agencies, was directed to consider the NWL Climate Smart Strategy along with science-based data to update the target for the NWL sector in achieving the state's carbon neutrality goal as part of the AB 32 Climate Change Scoping Plan. Executive Order N-82-20, codified in AB 1757 (Garcia, Chapter 341, Statutes of 2022) requires the California Natural Resources Agency, in collaboration with the California Air Resources Board, the California Environmental Protection Agency, the California Department of Food and Agriculture, and an expert advisory committee, to set targets for natural carbon sequestration and nature-based climate solutions for 2030, 2038, and 2045 to support State goals to achieve carbon neutrality and foster climate adaptation and resilience. AB 1757 also requires the California Air Resources Board to develop standard methods for State agencies to track greenhouse gas emissions and reductions, carbon sequestration, and, where feasible, additional benefits from natural and working lands over time.","Support local governments (or equivalent) to enhance landscape governance structure, and provide them with resources to develop and implement sustainable landscape policies and/or management plan(s)|Support communities and smallholders in gaining access to incentives (e.g. support achieving certification, group formation, getting land title, packaging access to loans, preferential sourcing etc.)|Collaborate on management/ land use planning in the landscape/jurisdiction|Share spatial data and land management plans with other partners in the landscape/jurisdiction|Other: Investments in projects","Yes, progress is monitored using an internally defined framework",Implementation information will be publicly available. See: https://resources.ca.gov/Initiatives/Expanding-Nature-Based-Solutions
2025 Disclosure Cycle,779465,CDP,72901,State of California,States & Regions,North America,United States of America,Public,Q10.8.1,Provide details of your state/region's implementation of landscape/jurisdictional approaches during the reporting year.,5,Row 5,Nature-Based Solutions Climate Targets,California's natural and working lands," As called for in Assembly Bill 1757 (2022), the California Natural Resources Agency, the California Air Resources Board, the California Environmental Protection Agency, the California Department of Food and Agriculture, and more than 40 State agency partners collaborated to develop nature-based solutions (NBS) climate targets for 2030, 2038, and 2045 that contribute to California's goals of achieving carbon neutrality no later than 2045 and protecting Californians from the climate crisis. There are specific targets related to reducing wildfire risk, illegal forest conversion and degradation, forest restoration, and forest conservation.",Implementation stage: Implementation plans are completed and currently underway/operational,"Private sector, companies|Governmental fund/subsidies|Private financial institutions",Financial institution(s)|Local communities|Government|Indigenous peoples,"AB 1757 (2022, C. Garcia) requires the California Natural Resources Agency, in collaboration with the California Air Resources Board, the California Environmental Protection Agency, the California Department of Food and Agriculture, and an expert advisory committee, to set targets for natural carbon sequestration and nature-based climate solutions for 2030, 2038, and 2045 to support State goals to achieve carbon neutrality and foster climate adaptation and resilience. AB 1757 also requires the California Air Resources Board to develop standard methods for State agencies to track greenhouse gas emissions and reductions, carbon sequestration, and, where feasible, additional benefits from natural and working lands over time.","Support indigenous peoples and local communities to clarify and secure land tenure rights|Collaborate on management/ land use planning in the landscape/jurisdiction|Share spatial data and land management plans with other partners in the landscape/jurisdiction|Finance carbon credits|Support communities and smallholders in gaining access to incentives (e.g. support achieving certification, group formation, getting land title, packaging access to loans, preferential sourcing etc.)","No, but we are planning to monitor and report on progress in the next two years",
2025 Disclosure Cycle,779465,CDP,72920,Autonomous Community of Galicia,States & Regions,Europe,Spain,Public,Q10.8.1,Provide details of your state/region's implementation of landscape/jurisdictional approaches during the reporting year.,1,Row 1,Directrices de paisaje de Galicia,Galicia,"El Decreto 238/2020, de 29 de diciembre, por el que se aprueban las Directrices de paisaje de Galicia, Decreto 238/2020, de 29 de diciembre, por el que se aprueban las Directrices de paisaje de Galicia, como las determinaciones que, basadas en los catálogos del paisaje, definen y precisan para cada unidad de paisaje los objetivos de calidad paisajística que se pretenden alcanzar.\nLas Directrices de paisaje, a través de las normas y recomendaciones, se integrarán en los planes urbanísticos y sectoriales y en las estrategias regionales y locales encaminadas a un desarrollo sostenible del territorio, con el fin de integrar en ellos los objetivos de calidad paisajística.\nSe consideran instrumentos de planificación sectorial todos aquellos derivados de la legislación sectorial que tienen incidencia en el paisaje.",Implementation stage: Implementation plans are completed and currently underway/operational,Governmental fund/subsidies,Government,"Dentro de la Xunta de Galicia existe el Instituto de Estudios del Territorio que ejerce, entre otras, las siguientes funciones: a) Realizar trabajos de investigación, análisis, estudio y difusión sobre urbanismo, ordenación del territorio, en particular:- La realización de investigaciones metodológicas, bases de datos e indicadores para el seguimiento del desarrollo territorial de Galicia, con el objetivo de alcanzar la gestión dinámica de sus paisajes.- La realización de análisis y diagnósticos y el planteamiento de propuestas y alternativas para la ordenación y gestión del territorio desde una perspectiva global a cara descubierta al desarrollo sostenible y la cohesión territorial de Galicia.- La participación en foros especializados, redes y proyectos, de carácter nacional e internacional, en materia de urbanismo, ordenación del territorio, sostenibilidad y paisaje.- La promoción, diseño, ejecución y seguimiento de programas o acciones y actividades formativas de concienciación para la sostenibilidad dirigidas al conjunto de la sociedad de Galicia y en sus instituciones, públicas y personales, en especial mediante la educación y formación en las materias de urbanismo, ordenación del territorio y paisaje.- La puesta en marcha de instrumentos para la protección, gestión y ordenación de los paisajes de Galicia, tales como los catálogos y las directrices de paisaje, los estudios de impacto e integración paisajística, los planes de acción del paisaje en áreas protegidas, incluida la elaboración de los informes de ellos derivados, así como cualquier otro que se había entendido como necesario para el cumplimiento de los puntos anteriores, en tanto no se constituya el Observatorio Gallego del Paisaje.",Collaborate on management/ land use planning in the landscape/jurisdiction,"Yes, progress is monitored using an internally defined framework",-
2025 Disclosure Cycle,779465,CDP,72920,Autonomous Community of Galicia,States & Regions,Europe,Spain,Public,Q10.8.1,Provide details of your state/region's implementation of landscape/jurisdictional approaches during the reporting year.,2,Row 2,Catálogo de Paisajes de Galicia,Galicia,"La Ley 7/2008, de 7 de julio, de Protección del Paisaje de Galicia, reconoce jurídicamente el paisaje y establece un marco de referencia para todas las legislaciones sectoriales, planes y programas que puedan influir en el paisaje. En el capítulo III de esta ley se definen los instrumentos para la protección, gestión y ordenación del paisaje de Galicia. Los primeros instrumentos mencionados son los catálogos del paisaje de Galicia, a los que atribuye las funciones de delimitación de las grandes áreas paisajísticas de Galicia y de identificación de los tipos de paisajes existentes en cada una de ellas, así como de sus características diferenciales. En el año 2011 la Consellería de Medio Ambiente, Territorio e Infraestructuras puso en marcha una Estrategia del Paisaje Gallego para la puesta en valor, protección y recuperación del paisaje. Esta estrategia establece en una de sus líneas de actuación a elaboración del Atlas de los Paisajes de Galicia a partir de los Catálogos y Directrices del Paisaje, definiendo como su objetivo principal “identificar y caracterizar los valores y las potencialidades del paisaje de la Galicia hacia suya protección y gestión”. Este Atlas se concibe como referencia para la caracterización y valoración del paisaje gallego, constituyendo, en un primero lugar, el Catálogo de los Paisajes de Galicia, que comprende la realización conjunta de los catálogos de todas las grandes áreas paisajísticas. El Catálogo de los Paisajes de Galicia es un documento de carácter técnico que aborda la primera etapa del proceso de planificación del paisaje, consistente en su análisis y diagnosis, y que servirá de base para la posterior elaboración de las Directrices de Paisaje. El conjunto del Catálogo y las Directrices del Paisaje dará soporte a los diferentes instrumentos de ordenación territorial y urbanística, así como a los Estudios de Impacto e Integración Paisajística y a los informes sectoriales en materia de paisaje. Un objetivo adicional del Catálogo, contemplado en la Estrategia Gallega del Paisaje, es la concienciación y sensibilización de la sociedad, así como la puesta en valor del paisaje gallego, contribuyendo a una cultura y conocimiento de la población sobre el paisaje. Este catálogo pretende sentar las bases para la planificación, gestión y protección del paisaje de Galicia, estableciendo criterios comunes y metodologías de análisis para futuros trabajos, estudios y planes a mayor escala vinculados al paisaje.","Post implementation: Implementation is complete, measurement, monitoring and report of impacts is in progress",Governmental fund/subsidies,Government," Dentro de la Xunta de Galicia existe el Instituto de Estudios del Territorio que ejerce, entre otras, las siguientes funciones: a) Realizar trabajos de investigación, análisis, estudio y difusión sobre urbanismo, ordenación del territorio, en particular:- La realización de investigaciones metodológicas, bases de datos e indicadores para el seguimiento del desarrollo territorial de Galicia, con el objetivo de alcanzar la gestión dinámica de sus paisajes.- La realización de análisis y diagnósticos y el planteamiento de propuestas y alternativas para la ordenación y gestión del territorio desde una perspectiva global a cara descubierta al desarrollo sostenible y la cohesión territorial de Galicia.- La participación en foros especializados, redes y proyectos, de carácter nacional e internacional, en materia de urbanismo, ordenación del territorio, sostenibilidad y paisaje.- La promoción, diseño, ejecución y seguimiento de programas o acciones y actividades formativas de concienciación para la sostenibilidad dirigidas al conjunto de la sociedad de Galicia y en sus instituciones, públicas y personales, en especial mediante la educación y formación en las materias de urbanismo, ordenación del territorio y paisaje.- La puesta en marcha de instrumentos para la protección, gestión y ordenación de los paisajes de Galicia, tales como los catálogos y las directrices de paisaje, los estudios de impacto e integración paisajística, los planes de acción del paisaje en áreas protegidas, incluida la elaboración de los informes de ellos derivados, así como cualquier otro que se había entendido como necesario para el cumplimiento de los puntos anteriores, en tanto no se constituya el Observatorio Gallego del Paisaje.",Collaborate on management/ land use planning in the landscape/jurisdiction,"Yes, progress is monitored using an internally defined framework",-
2025 Disclosure Cycle,779465,CDP,72926,Autonomous Community of the Basque Country,States & Regions,Europe,Spain,Public,Q10.8.1,Provide details of your state/region's implementation of landscape/jurisdictional approaches during the reporting year.,1,Row 1,Planes de Accion del Paisaje,País Vasco,"Los Planes de Acción del Paisaje (PAP) son las herramientas de gestión que, basándose en los Catálogos del paisaje, que son los documentos de carácter descriptivo y prospectivo que abarcan la totalidad del paisaje de cada área funcional de la Comunidad Autónoma del País Vasco definidas en las Directrices de Ordenación Territorial. Y en las Determinaciones del paisaje, que son criterios extraídos de los Catálogos del paisaje, que desarrollan los objetivos de calidad paisajística e identifican las medidas para su consecución. De manera conjunta concretan las acciones a llevar a cabo en el marco de las actuaciones para la protección, la gestión y la ordenación del paisaje.",Implementation stage: Implementation plans are completed and currently underway/operational,Governmental fund/subsidies,Local communities|Government,"El Decreto 90/2014, de 3 de junio, sobre protección, gestión y ordenación del paisaje en la ordenación del territorio de la Comunidad Autónoma del País Vasco, tiene por objeto establecer, en el ámbito de la ordenación del territorio, los instrumentos para la protección, la gestión y la ordenación del paisaje, así como las medidas oportunas de promoción, sensibilización, formación e investigación sobre el paisaje. Se puede revisar de manera libre en el link: https://www.euskadi.eus/bopv2/datos/2014/06/1402623a.pdf","Collaborate to maintain representation from all relevant stakeholders within governance structure of initiative|Implement REDD+ actions in the landscape/jurisdiction|Share spatial data and land management plans with other partners in the landscape/jurisdiction|Engage partners on importance of conservation, restoration and/or rehabilitation|Collaborate on establishing and managing monitoring system(s) for deforestation, natural ecosystem conversion and/or degradation","Yes, progress is monitored using an internally defined framework","Desde el año 2014 se han convocado concesiones de subvenciones para la elaboración de Planes de Acción del Paisaje (PAP) a los Ayuntamientos de la Comunidad Autónoma del País Vasco. El objeto de esta línea de subvenciones es impulsar la redacción de los Planes de acción del paisaje, como instrumentos que permitan la concreción de las acciones para la protección, gestión y ordenación del paisaje, mediante diferentes Programas de actuación. Los municipios donde se han llevado a cabo dichos planes se pueden revisar de manera libre en el link: https://www.euskadi.eus/planes-accion-paisaje/web01-a3lurpai/es/"
2025 Disclosure Cycle,779465,CDP,72928,Autonomous Community of Cantabria,States & Regions,Europe,Spain,Public,Q10.8.1,Provide details of your state/region's implementation of landscape/jurisdictional approaches during the reporting year.,1,Row 1,"Existe un Plan Nacional de Paisaje Cultural, que busca proteger y poner en valor los paisajes con valor histórico y cultural a través de acciones de conservación, y la Estrategia Nacional de Infraestructura Verde y de la Conectividad y Restauración Ecológicas, impulsada por el Ministerio de Transición Ecológica, que se enfoca en una red de zonas naturales para la conservación de ecosistemas y servicios ambientales.",,,,,,,,,
2025 Disclosure Cycle,779465,CDP,72930,KwaZulu-Natal,States & Regions,UKWW,South Africa,Public,Q10.8.1,Provide details of your state/region's implementation of landscape/jurisdictional approaches during the reporting year.,1,Row 1,LandCare Programme (KZN Agriculture & Rural Development),KwaZulu Natal Province,"The initiative promotes community participation in sustainable land use, rehabilitation of degraded agricultural land. It has funding for community‑based projects that promote job creation under the principles of the Expanded Public Works Programme (EPWP) that seek to prioritize employment of women, youth and people living with disabilities.",Implementation stage: Implementation plans are completed and currently underway/operational,Governmental fund/subsidies,NGO and/or civil society|Indigenous peoples|Private sector|Government|Local communities,"The LandCare Programme is anchored in national legislation, in particular the Conservation of Agricultural Resources Act (Act 43 of 1983). This gives the legal mandate for maintaining production potential of land, controlling natural resource use, combating weeds and invasive plants, etc.There is a National LandCare Secretariat (under the Department of Agriculture / DALRRD) whose job is to coordinate the programme, ensure consistency between national and provincial implementation, set broad policy / objectives, support awareness, capacity building etc. At the national level, funding is allocated via grants, especially under the Division of Revenue Act (DORA). The national department transfers funds to provinces, based on business plans approved at provincial or national level.\n\nKZN Agriculture & Rural Development (KZN DARD) is the implementing authority in the province for the LandCare Programme. It manages community‑based projects, in‑school programmes (e.g. “JuniorCare”), EPWP job creation components, accredited training, awareness raising, etc. KZN DARD also has responsibility for coordinating with local communities and land users, ensuring capacity building/training, and monitoring implementation of projects funded.\n\nOther stakeholders and local governance level include Landcare groups / committees, Local government / municipalities, and Non-government organisations (NGOs).","Collaborate to maintain representation from all relevant stakeholders within governance structure of initiative|Collaborate on establishing and managing monitoring system(s) for livelihoods and human well-being|Share spatial data and land management plans with other partners in the landscape/jurisdiction|Collaborate on landscape sustainability assessments through participatory mapping|Co-design and develop goals, strategies and an action plan with timebound targets and milestones for the initiative","No, we do not monitor progress and do not plan to in the next two years",
2025 Disclosure Cycle,779465,CDP,72932,Western Cape,States & Regions,UKWW,South Africa,Public,Q10.8.1,Provide details of your state/region's implementation of landscape/jurisdictional approaches during the reporting year.,1,Row 1,SmartAgri Programme,Entire Western Cape Region,"The SmartAgri Plan was developed in response to current and future climate change threats facing the Western Cape. The objective is to provide a roadmap to ensure a low-carbon, climate-resilient agricultural sector in the Western Cape. The goal of SmartAgri is to: “To equip agriculture to respond to climate change risks and opportunities through innovation, leadership and united strategic action”. The SmartAgri Plan was\ndesigned following an elaborate review of climate change and agriculture in the Western Cape. The plan consists of a response framework with four strategic focus areas (SFAs), namely: promoting climate-resilient production systems; strengthening disaster risk reduction; strengthening monitoring, data and knowledge\nand research; and ensuring good cooperative governance and planning for effective climate change response implementation in agriculture. A detailed implementation plan was formulated, and implementation commenced in May 2016. ","Review, evaluation and adapt: Lessons learned from the initiative are being used to update original plans",Governmental fund/subsidies|Regional budget,Local communities|Government|Private sector|NGO and/or civil society,"The SmartAgri Plan is supported by a governance structure led by the Western Cape Department of Agriculture and the Department of Environmental Affairs and Development Planning, which are responsible for implementing the majority of its activities. The initiative is embedded within existing government programmes, relying on institutional uptake rather than a standalone operational unit. A SmartAgri Evaluation Steering Committee was established to oversee progress and guide improvements. The plan is aligned with the Western Cape's Climate Change Response Strategy and is structured around four strategic focus areas, including climate-resilient production and cooperative governance. While the plan is government-led, its success depends on cross-sector collaboration and integration into provincial and municipal planning processes.","Collaborate on management/ land use planning in the landscape/jurisdiction|Identify and map partners (including vulnerable and/or marginalized groups) and encourage their engagement in multi-partner processes|Co-design and develop goals, strategies and an action plan with timebound targets and milestones for the initiative|Collaborate to maintain representation from all relevant stakeholders within governance structure of initiative|Collaborate on landscape sustainability assessments through participatory mapping","No, but we are planning to monitor and report on progress in the next two years",
2025 Disclosure Cycle,779465,CDP,72932,Western Cape,States & Regions,UKWW,South Africa,Public,Q10.8.1,Provide details of your state/region's implementation of landscape/jurisdictional approaches during the reporting year.,2,Row 2,CapeNature Strategic Plan 2025-2030.,Entire Western Cape Region,The vision of this strategy is to create a sustainble future in which biodiversity flourishes and communities thrive.\n\nIts mission is to protect and enhance the natural environment of the Western Cape while fostering a deep connection between people and nature.,Implementation stage: Implementation plans are completed and currently underway/operational,"Regional budget|Private sector, companies|NGO|Governmental fund/subsidies",NGO and/or civil society|Indigenous peoples|Local communities|Government|Private sector,"The CapeNature Strategic Plan 2025-2030 is supported by a governance structure led by the Western Cape Nature Conservation Board, established under the Western Cape Biodiversity Act (2021). The Board is appointed by the Provincial Minister for Local Government, Environmental Affairs and Development Planning, who also serves as the Executive Authority. Operational leadership is provided by the CEO and management team, with oversight aligned to the Public Finance Management Act. CapeNature's work is guided by key policies and frameworks including the Western Cape Biodiversity Act, the Ecological Infrastructure Investment Framework, the Catchment to Coast Strategy, and alignment with the Provincial Strategic Plan and Sustainable Development Goals. These structures and policies collectively support CapeNature's mandate to conserve biodiversity, promote ecological resilience, and integrate environmental sustainability into provincial development.","Identify and map partners (including vulnerable and/or marginalized groups) and encourage their engagement in multi-partner processes|Support enforcement of land-use and/or zoning plans|Collaborate on establishing and managing monitoring system(s) for deforestation, natural ecosystem conversion and/or degradation|Co-design and develop goals, strategies and an action plan with timebound targets and milestones for the initiative|Collaborate on management/ land use planning in the landscape/jurisdiction","Yes, progress is monitored using a shared external framework: CapeNature integrates ecological monitoring, spatial analysis, and fieldwork across diverse ecosystems (e.g., river corridors, mountain fynbos, coastal habitats) to track biodiversity health and ecosystem resilience. The State of Conservation Report",
2025 Disclosure Cycle,779465,CDP,72932,Western Cape,States & Regions,UKWW,South Africa,Public,Q10.8.1,Provide details of your state/region's implementation of landscape/jurisdictional approaches during the reporting year.,3,Row 3,Ecological Infrastructure Investment Framework,Entire Western Cape Region,"The Ecological Infrastructure Investment Framework (EIIF) Implementation and Monitoring Plan aims to strategically guide investment in ecological infrastructure across the Western Cape to enhance ecosystem services, climate resilience, and socio-economic development. It focuses on restoring and maintaining natural systems such as wetlands, rivers, and indigenous vegetation that support water security, disaster risk reduction, and livelihoods. Key commodities include Honeybush, Fynbos, and water resources, which are prioritized for sustainable use and conservation. The Western Cape Government, through the Department of Environmental Affairs and Development Planning, plays a leading role in coordinating stakeholders, integrating ecological infrastructure into planning and budgeting, and ensuring alignment with provincial biodiversity strategies.",Implementation stage: Implementation plans are completed and currently underway/operational,No finance at present,Local communities|Government|Private sector|NGO and/or civil society|Financial institution(s)|Indigenous peoples,"The governance structures and policies supporting the Ecological Infrastructure Investment Framework (EIIF) are designed to ensure strategic coordination, financial accountability, and effective implementation across the Western Cape. Led by the Department of Environmental Affairs and Development Planning (DEA&DP), the initiative is governed through provincial planning instruments such as the Provincial Strategic Plan (PSP) and aligned with national frameworks like the Public Finance Management Act (PFMA). The Provincial Treasury plays a key role in enforcing financial governance, issuing treasury instructions, and overseeing compliance. Monitoring and evaluation mechanisms, including performance audits and ecological indicators, ensure transparency and continuous improvement, supporting the long-term sustainability of ecological infrastructure investments.","Support maintenance/ improvement of water availability and/or quality|Collaborate on management/ land use planning in the landscape/jurisdiction|Collaborate on landscape sustainability assessments through participatory mapping|Collaborate on integrated watershed management and remediation activities|Promote and implement climate change adaptation and mitigation activities|Support local governments (or equivalent) to enhance landscape governance structure, and provide them with resources to develop and implement sustainable landscape policies and/or management plan(s)",,
2025 Disclosure Cycle,779465,CDP,72932,Western Cape,States & Regions,UKWW,South Africa,Public,Q10.8.1,Provide details of your state/region's implementation of landscape/jurisdictional approaches during the reporting year.,4,Row 4,Protected Area Expansion Strategy,Entire Western Cape Region,"The 2025 Western Cape Protected Areas Expansion Strategy (WC PAES) aims to guide the strategic expansion of protected areas across the province to ensure the representation, conservation, and effective management of biodiversity and ecosystems. The initiative seeks to address historical imbalances in the protected area network, which has been biased toward mountainous regions, by prioritising underrepresented lowland ecosystems and other critical biodiversity areas. The strategy is informed by the 2023 Western Cape Biodiversity Spatial Plan, which identifies Biodiversity Priority Areas for focused landscape-scale conservation efforts.\n\nThe strategy promotes expansion through state and private land investment, partnerships with NGOs, and stewardship arrangements. It is underpinned by a Theory of Change and guided by principles that emphasise science-based decision-making, ecological integrity, and collaborative governance. The Western Cape Government, through CapeNature and the Department of Environmental Affairs and Development Planning (DEA&DP), plays a central role in implementing the strategy, coordinating stakeholders, and ensuring compliance with the National Environmental Management: Protected Areas Act (NEM:PAA).\n\nWhile the strategy does not focus on specific commodities, it supports the protection of ecological infrastructure that underpins sectors such as agriculture, tourism, and water security, thereby contributing to sustainable development across the province.",Implementation stage: Implementation plans are completed and currently underway/operational,"Governmental fund/subsidies|NGO|Regional budget|Private sector, companies|Private financial institutions|International organizations",Indigenous peoples|NGO and/or civil society|Government|Private sector|Local communities,"The governance structures and policies supporting the 2025 Western Cape Protected Areas Expansion Strategy (WC PAES) are rooted in a collaborative, legally mandated framework designed to ensure ecological integrity and biodiversity representation. The strategy is guided by the Western Cape Biodiversity Act (Act 6 of 2021) and the National Environmental Management: Protected Areas Act (NEM:PAA), which require formal declaration, management authority assignment, and approved management plans for protected areas. CapeNature leads implementation, supported by partnerships with provincial departments, municipalities, NGOs, and landowners. Governance is further structured through the Theory of Change and principles outlined in the Provincial Biodiversity Strategy and Action Plan (PBSAP), emphasizing science-based decision-making, alignment with Biodiversity Priority Areas from the Western Cape Biodiversity Spatial Plan (WC BSP), and mechanisms for both public and private land conservation. Administrative efficiency, stakeholder collaboration, and compliance monitoring are central to ensuring the strategy's success","Collaborate on establishing and managing monitoring system(s) for deforestation, natural ecosystem conversion and/or degradation|Co-design and develop goals, strategies and an action plan with timebound targets and milestones for the initiative|Collaborate on landscape sustainability assessments through participatory mapping|Identify and map partners (including vulnerable and/or marginalized groups) and encourage their engagement in multi-partner processes|Collaborate on management/ land use planning in the landscape/jurisdiction","Yes, progress is monitored using an internally defined framework",
2025 Disclosure Cycle,779465,CDP,72958,Autonomous Region of Madeira,States & Regions,Europe,Portugal,Public,Q10.8.1,Provide details of your state/region's implementation of landscape/jurisdictional approaches during the reporting year.,1,Row 1,Implementação de projetos estruturantes que visam a reconversão de povoamentos ocupados por Invasoras em áreas ocupadas por floresta natural. A exemplo possuímos o projeto de constituição da Faixa de Gestão de combustíveis ao Caminho dos Pretos.,"Criação de uma Faixa de Gestão de Combustíveis (Faixa Corta Fogo), ao longo do Caminho dos Pretos.","A Faixa de Gestão de Combustíveis tem como objetivo primordial a mitigação do risco de incêndios florestais. Para atingir esse objetivo, são implementadas ações que visam a redução da carga de combustíveis, o que inclui a remoção de espécies invasoras e sua substituição por variedades mais resistentes ao fogo. Essa estratégia não apenas facilita o combate a incêndios, mas também proporciona proteção ao património natural e às comunidades locais circunvizinhas.",Implementation stage: Implementation plans are completed and currently underway/operational,Governmental fund/subsidies,Government,PROF RAM\nPGF\nPlano de ação de defesa da floresta contra incêndios,"Collaborate on establishing and managing monitoring system(s) for biodiversity, habitat fragmentation and/or threats to IUCN Red List species in priority areas","No, but we are planning to monitor and report on progress in the next two years",
2025 Disclosure Cycle,779465,CDP,72994,Cross River State,States & Regions,UKWW,Nigeria,Public,Q10.8.1,Provide details of your state/region's implementation of landscape/jurisdictional approaches during the reporting year.,1,Row 1,Sustainable fuelwood management Project,Cross river State,"Methodology adapted: \n-\tThe establishment of fast growing trees in vastly degraded forest reserves and degraded arid lands in CRS via an agroforestry for fuelwood, economic tree for food and income generation and indigenous legiumious forest trees to build back the nutrient capacity of the degraded forest and enhance ecosystem resilience\n-\tThe cultivation of agricultural crops especially nitrogen fixing crop such as groundnuts, cowpea along with the planted trees thus contributing to food availability, soil enrichment, availability of fodder for livestock\n-\tThe fast growing trees are mostly exotic (Gmelina arborea and Tectonia grandis) are harvested by cutting in a manner that allows for coppicing to enhance regeneration.\n-\tThe annual food crops cultivation ceases when the trees close canopy. \n-\tTree planting is done in batches within a given land area to ensure rotation and sustain food crops cultivation \nResults: \nWoodlots have been established in nine communities in CRS since the inception of the SFM project in 2017. In 2018 a total of 12 hectares of woodlots were established across three communities, Ikot Ansa, Igwo and Bateriko. Between 2019 to 2021, woodlots were established in Ekinta, Ukutia, Bebi, Mbok, Ekiriba and Ochango. In 2019 due to extreme dry weather, some portions of woodlot in Northern CRS (Ukutia, Igwo, Mbok, Bebi and Ochango) were affected by fire outbreak while Ekinta woodlot was heavily vandalized by trespasser. In 2020, through support from the State government, individuals and affected communities, maintenance of woodlots with special focus on restoring areas affected by fire and vandalism was initiated and in June 26th 2021, the project supported on-going woodlot maintenance in five selected woodlots as shown in the table below. \nS/N\tName of woodlot\tDate Established\tType of forest\tLocation\tSize (Hectares)\n1\tOchango\t2019\tForest Reserve\tYala LGA\t11\n2. \tMbok\t2018\tCommunity Forest\tOgoja LGA\t9.5 \n3.\tEkinta\t2019\tForest Reserve \tAkpabuyo\t32 \n4. \tUkutia\t2019\tCommunity Forest\tObudu \t7.2\n5.\tBebi\t2019\tCommunity Forest\tObanliku\t4\nTOTAL\t\t\t\t\t63.7\n\nConclusion:\nThe initial funding for the project ended in 2021, however the woodlots are managed by State forest officers and communities SFM committees. The project's results call for a scaling up of the project to other communities in the state and project results addresses the food and energy supply in a sustainable manner, reduce the pressure of fuelwood extraction from primary thereby conserving",Other: scaling up stage,"Private sector, companies|Governmental fund/subsidies",Local communities|Government|Financial institution(s),the Forestry Commission working together with the Council on Climate Change and the Green Economy Commission with respective institutional laws/policies,"Identify and act on opportunities for pre-competitive collaboration with company's own sector|Share spatial data and land management plans with other partners in the landscape/jurisdiction|Co-design and develop goals, strategies and an action plan with timebound targets and milestones for the initiative|Collaborate on landscape sustainability assessments through participatory mapping|Collaborate on management/ land use planning in the landscape/jurisdiction|Collaborate on establishing and managing monitoring system(s) for deforestation, natural ecosystem conversion and/or degradation","Yes, progress is monitored using a shared external framework: review meeting and reporting shared to all stakeholders",
2025 Disclosure Cycle,779465,CDP,72994,Cross River State,States & Regions,UKWW,Nigeria,Public,Q10.8.1,Provide details of your state/region's implementation of landscape/jurisdictional approaches during the reporting year.,2,Row 2,Improved and Clean cooking solutions,Cross River State,"The aim of improved and clean cooking solutions is to address a wide range of social, environmental, and economic problems associated with traditional cooking methods, such as using open fires and inefficient stoves with polluting fuels like wood, charcoal, and other biomass. replacing the traditional cooking methods with clean and modern cooking solutions such as Liquefied Petroleum Gas (LPG), Electricity (including from renewable sources), Biogas (produced from organic waste), Natural Gas, Solar power (solar cookers) and Improved Cookstoves.",Other: scaling up stage,"Governmental fund/subsidies|Private sector, companies",,,,,
2025 Disclosure Cycle,779465,CDP,73014,Quintana Roo,States & Regions,Latin America,Mexico,Public,Q10.8.1,Provide details of your state/region's implementation of landscape/jurisdictional approaches during the reporting year.,1,Row 1,Programa Estatal de Inventario y Mapeo Arbolado Urbano de Quintana Roo,Todo el Estado de Quintana Roo,"Esta iniciativa es un esfuerzo para generar una base de datos geoespacial que contengan la información del arbolado existente en las superficies de áreas urbanas del estado de Quintana Roo. Con esta iniciativa generamos plataforma para el registro de las especies arbóreas de las áreas urbanas, con información respecto a la dasometría, riqueza y abundancia de especies, información que estima los servicios ecosistémicos que proveen y determina los factores de riesgo de especies asociadas a la infraestructura urbana. ",Implementation stage: Implementation plans are completed and currently underway/operational,Governmental fund/subsidies,Government,"La Ley de Conservación, Mantenimiento y Protección del Arbolado Urbano del Estado de Quintana Roo, es un ordenamiento que nos puede garantizar contar con espacios arbolados bajo un estricto cumplimiento de los demás ordenamientos de desarrollo o impacto ambiental, para diseñar y ejecutar políticas públicas que garanticen mejores condiciones de vida y medio ambiente para todos sus habitantes","Support local governments (or equivalent) to enhance landscape governance structure, and provide them with resources to develop and implement sustainable landscape policies and/or management plan(s)|Collaborate on management/ land use planning in the landscape/jurisdiction|Implement REDD+ actions in the landscape/jurisdiction|Promote and implement climate change adaptation and mitigation activities","Yes, progress is monitored using an internally defined framework",Los progresos se miden en una plataforma y una aplicación móvil para el desarrollo del inventario del arbolado urbano.\nHasta el 30 de septiembre de 2024 se tienen 8971 registros en la plataforma. 
2025 Disclosure Cycle,779465,CDP,73018,Aguascalientes,States & Regions,Latin America,Mexico,Public,Q10.8.1,Provide details of your state/region's implementation of landscape/jurisdictional approaches during the reporting year.,1,Row 1,Corredor Biocultural del Centro Occidente de México (COBIOCOM),Centro Occidente de México,"OBJETIVO:\nTiene como principal promover la conservación de la biodiversidad y el desarrollo sostenible en la región central del país. Este corredor busca integrar la protección de los ecosistemas con el desarrollo socioeconómico de las comunidades locales, enfatizando la importancia de la cultura y el patrimonio natural\n\nMATERIAS PRIMAS:\nRecursos Forestales: Madera, resinas y productos no maderables, promoviendo su uso sostenible.\nAgua: Gestión y conservación de recursos hídricos para asegurar su disponibilidad.\n\nPAPEL DE LA REGIÓN:\nAguascalientes, dentro del contexto del COBIOCOM, tiene un papel destacado por:\n\nUbicación Estratégica: Al estar en el centro de México, actúa como un nexo entre diferentes ecosistemas y culturas, facilitando la conectividad ecológica.\nEcosistemas Únicos: La diversidad de ecosistemas en Aguascalientes es vital para la conservación de especies endémicas y para la implementación de prácticas sostenibles.\nColaboración Comunitaria: Aguascalientes cuenta con iniciativas locales que promueven la participación de comunidades en la conservación, integrando saberes ancestrales con estrategias modernas de desarrollo.\nEducación y Sensibilización: Se desarrollan programas de educación ambiental que buscan fomentar la conciencia sobre la importancia de la biodiversidad y el patrimonio natural.\nAgricultura: Prácticas agrícolas sostenibles que promuevan cultivos nativos y orgánicos.\nBiodiversidad Silvestre: Especies de fauna y flora que tienen potencial económico y cultural.\n\n",Pre-Implementation and design stage: Initiative plans are under development but not yet implemented,International organizations,NGO and/or civil society|Government,"El Corredor Biocultural Centro Occidente de México se apoya en estructuras de gobernanza que incluyen la participación de gobiernos estatales y municipales, comunidades locales, y organizaciones civiles. A nivel federal, la Comisión Nacional de Áreas Naturales Protegidas (CONANP) es clave en su gestión, mientras que las políticas de conservación de la biodiversidad y el uso sostenible de los recursos naturales se implementan a través de planes regionales y estatales. Además, se promueve la participación comunitaria para la preservación de tradiciones culturales y prácticas agrícolas sostenibles, apoyando tanto la biodiversidad como la resiliencia climática.","Identify and act on opportunities for pre-competitive collaboration with company's own sector|Share information on supplier non-compliance, supply chain mapping and traceability with other partners in the landscape/jurisdiction|Help establish a transparent governance platform responsible for managing the initiative and its activities with clear roles, responsibilities, and balanced decision-making|Finance carbon credits|Help establish effective mechanisms for undertaking human rights due diligence, risk management, monitoring, verification, and grievance resolution","No, but we are planning to monitor and report on progress in the next two years",
2025 Disclosure Cycle,779465,CDP,73019,Yucatan,States & Regions,Latin America,Mexico,Public,Q10.8.1,Provide details of your state/region's implementation of landscape/jurisdictional approaches during the reporting year.,1,Row 1,Programa de Ordenamiento Ecológico Local (POEL).,"Los POEL abarcan la totalidad o parte del territorio de un municipio. Actualmente se encuentran en proceso de elaboración el POEL de los municipios de Oxkutzcab, Tekax, Tzucacab y Santa Elena.","Los POEL tienen como objetivo determinar el diagnóstico de las condiciones ambientales y tecnológicas, regular los usos del suelo fuera de los centros de población.",Implementation stage: Implementation plans are completed and currently underway/operational,Governmental fund/subsidies,Local communities|Indigenous peoples,"El POEL es una modalidad más focalizada del ordenamiento ecológico, por lo que, si bien se alinea de la misma manera que el POETY y el POETCY a la normativa nacional y estatal, tiene un análisis más preciso del territorio, sus recursos e incluye los criterios de regulación ecológica para los centros de población, para que éstos formen parte integral de los programas de desarrollo urbano formulados por las autoridades municipales de acuerdo con lo que establecen los artículos 20 bis 4 y bis 5 de la LGEEPA y los artículos 57 al 61 de su Reglamento. Los municipios formularán su Programa de Ordenamiento Ecológico con base en las leyes locales en la materia, y podrán invitar al gobierno federal a participar en el proceso de ordenamiento ecológico a través de la suscripción de un convenio de coordinación.Los POEL, en cuyas áreas se incluya un Área Natural Protegida federal, serán elaborados y aprobados conjuntamente por el gobierno estatal o municipal correspondiente y la SEMARNAT, conforme a lo determinado por los artículos 20 bis 2 y 20 bis 5 de la LGEEPA, respectivamente","Support enforcement of land-use and/or zoning plans|Share spatial data and land management plans with other partners in the landscape/jurisdiction|Collaborate on establishing and managing monitoring system(s) for deforestation, natural ecosystem conversion and/or degradation|Co-design and develop goals, strategies and an action plan with timebound targets and milestones for the initiative|Collaborate on management/ land use planning in the landscape/jurisdiction","No, we do not monitor progress and do not plan to in the next two years",
2025 Disclosure Cycle,779465,CDP,73019,Yucatan,States & Regions,Latin America,Mexico,Public,Q10.8.1,Provide details of your state/region's implementation of landscape/jurisdictional approaches during the reporting year.,2,Row 2,Programa de Ordenamiento Ecológico del Territorio Costero del Estado de Yucatán (POETCY).,Territorio Costero del Estado de Yucatán.,"El POETCY tiene por objeto llevar a cabo la regionalización ecológica del territorio costero del estado de Yucatán, identificando áreas de atención prioritaria y áreas de aptitud sectorial, conforme a las disposiciones contenidas en el Reglamento de la Ley General del Equilibrio Ecológico y la Protección al Ambiente en Materia de Ordenamiento Ecológico; y establecer los lineamientos y estrategias ecológicas necesarias para:I. Promover la preservación, protección, restauración y aprovechamiento sustentable de los recursos naturales, que aseguren la seguridad alimentaria de las poblaciones locales y la biodiversidad en todo el territorio.II. Orientar la ubicación de las actividades productivas y los asentamientos humanos, en concordancia con otras leyes y normas y programas vigentes en la materia.III. Fomentar el mantenimiento de los bienes y servicios ambientales.IV. Fortalecer el Sistema Estatal de Áreas Naturales Protegidas, la protección de los hábitats críticos para la preservación de la vida silvestre, las áreas de refugio para proteger especies acuáticas y otros instrumentos de preservación de los ecosistemas y la biodiversidad.V. Resolver los conflictos ambientales y promover el desarrollo sustentable.VI. Promover la incorporación de la variable ambiental en los programas, proyectos y acciones de particulares y de las dependencias y entidades de la Administración Pública federal, estatal y municipal en términos de lo dispuesto en la Ley de Planeación para el Desarrollo del Estado de Yucatán y otros ordenamientos aplicables.",Implementation stage: Implementation plans are completed and currently underway/operational,Governmental fund/subsidies,Local communities|Indigenous peoples,"De acuerdo al proceso establecido en el Reglamento de la Ley General de Equilibrio Ecológico y la Protección al Ambiente (LEGEEPA) en materia de Ordenamiento Ecológico, es a partir de la preparación de un modelo de ordenamiento ecológico y territorial (general, marino, regional o local) que se definen los límites de las Unidades de Gestión Ambiental (UGA). A cada una de las UGAs se les asignan políticas ambientales y criterios de regulación ecológica con el propósito de maximizar el consenso entre los actores sociales y minimizar los conflictos sobre el uso del suelo. En este proceso se han desarrollado capacidades de gestión y evaluación ambiental que han involucrado a los sectores público, social y privado en el ámbito federal, estatal y municipal. De esta forma, en el Estado de Yucatán se elaboró el POETCY. Este ordenamiento se vincula con instrumentos legales nacionales y estatales de las siguientes maneras:• La Constitución Política de los Estados Unidos Mexicanos reconoce el derecho de toda persona de gozar de un ambiente sano y establece la responsabilidad del Estado de ser rector del desarrollo nacional para garantizar que este sea integral y sustentable.• La Constitución Política del Estado de Yucatán reconoce que las personas en el estado tienen derecho a vivir en un ambiente saludable, a hacer uso racional de los recursos naturales, a tener acceso a la información actualizada acerca del estado del ambiente y a participar en las actividades destinadas a su conservación y mejoramiento. De igual manera, establece que el estado garantizará el respeto al derecho humano de toda persona de gozar de un ambiente ecológicamente equilibrado y la protección de los ecosistemas que conforman el patrimonio natural de Yucatán.• El Plan Estatal de Desarrollo 2012-2018, bajo el cual se publicó el POETCY, tenía el objetivo de mejorar el ordenamiento territorial de manera sustentable mediante la actualización y creación de instrumentos jurídicos de planeación y regulación del territorio que fortalezcan el desarrollo urbano, y mediante la implementación de acciones que reduzcan la vulnerabilidad y riesgo de los asentamientos humanos en la zona costera.• El POETCY se debe orientar en principios generales que han sido propuestos para conducir el manejo de las zonas costeras del mundo, como es el caso de los planteamientos establecidos por el Programa Ambiental de las Naciones Unidas (UNEP), la Unión Internacional para la Conservación (IUCN), la Convención sobre Diversidad Biológica (CBD), la Agenda 21, la Organización para la Cooperación y el Desarrollo Económico (OCDE), la Convención Relativa a los Humedales de Importancia Internacional especialmente como Hábitat de Aves Acuáticas (Ramsar); así como la experiencia de otros ordenamientos costeros nacionales.","Support enforcement of land-use and/or zoning plans|Share spatial data and land management plans with other partners in the landscape/jurisdiction|Collaborate on management/ land use planning in the landscape/jurisdiction|Co-design and develop goals, strategies and an action plan with timebound targets and milestones for the initiative","No, we do not monitor progress and do not plan to in the next two years",
2025 Disclosure Cycle,779465,CDP,73019,Yucatan,States & Regions,Latin America,Mexico,Public,Q10.8.1,Provide details of your state/region's implementation of landscape/jurisdictional approaches during the reporting year.,3,Row 3,Programa de Ordenamiento Ecológico del Territorio del Estado de Yucatán (POETY).,Territorio del Estado de Yucatán.,"El POETY tiene como objetivo regular los usos del suelo, el aprovechamiento de los recursos naturales, las actividades productivas y el desarrollo urbano, con el fin de hacer compatible la conservación de la biodiversidad, la protección al ambiente y el aprovechamiento sustentable de los recursos y elementos naturales con el desarrollo urbano y rural del Estado de Yucatán, así como con las actividades económicas que se realicen, sirviendo de base para la elaboración de los programas y proyectos de desarrollo que se pretendan ejecutar en el territorio estatal.",Implementation stage: Implementation plans are completed and currently underway/operational,Governmental fund/subsidies,Local communities|Indigenous peoples,"Yucatán elaboró el POETY bajo la misma normativa del Reglamento de la Ley General de Equilibrio Ecológico y la Protección al Ambiente anteriormente descrita para el POETCY.El POETY se vincula con instrumentos legales nacionales y estatales de las siguientes maneras:• La Constitución Política de los Estados Unidos Mexicanos establece que toda persona tiene derecho a un medio ambiente adecuado para el desarrollo y bienestar, aspiración que el Estado debe materializar y garantizar en beneficio de todos los mexicanos, circunstancia que correlativamente se establece en la Constitución Política del Estado de Yucatán, junto con la obligación de las autoridades estatales de ejecutar programas para conservar, proteger y mejorar los recursos naturales del Estado, evitar su deterioro y extinción y para prevenir y combatir la contaminación ambiental.• El Plan Nacional de Desarrollo 2007-2012 señala que con el ordenamiento ecológico general del territorio se pretende orientar las acciones, programas y proyectos mediante un esquema de planificación integral que identifique, bajo criterios de sustentabilidad, las áreas prioritarias para la protección, conservación, restauración y aprovechamiento sustentable de los recursos naturales.• La Ley General de Equilibrio Ecológico y la Protección al Ambiente tiene el objetivo de propiciar el desarrollo sustentable y sentar las bases para garantizar el derecho de toda persona a vivir en un medio ambiente adecuado, definir los principios de la política ambiental y los instrumentos para su aplicación, entre otros; y considera de utilidad pública el ordenamiento ecológico del territorio nacional. Esta ley, junto con la a Ley de Protección al Ambiente del Estado de Yucatán, definen al ordenamiento ecológico como el instrumento de política ambiental cuyo objeto es regular o inducir el uso del suelo y las actividades productivas, con el fin de lograr la protección del medio ambiente y la preservación y el aprovechamiento sustentable de los recursos naturales.• El Plan Estatal de Desarrollo 2001-2007, bajo el cual se publicó el POETY, establece entre sus objetivos la protección, recuperación y preservación de los sistemas naturales y la riqueza biológica del Estado, con la participación de la sociedad y las organizaciones científicas, además de crear un sistema de ordenamiento ecológico territorial que ubique y regule las actividades productivas, servicios e infraestructura, y siente las bases de un desarrollo sustentable y el mejoramiento en la calidad de vida. De ahí que en las políticas públicas y líneas de acción, se exponga la necesidad de formular el POETY, que establezca la zonificación y usos del suelo, con la participación de los sectores público, social y privado.• El Comité de Ordenamiento Ecológico del Territorio del Estado de Yucatán (COETY) se creó bajo el marco del Convenio de Coordinación que tiene por objeto conjuntar acciones para determinar las bases y procedimientos necesarios mediante los cuales se dio inicio y seguimiento a un proceso de ordenamiento ecológico que abarca la formulación, la expedición, la ejecución, la evaluación y la modificación del POETY. El comité de ordenamiento ecológico estará integrado por personas, organizaciones e instituciones del sector público, privado y social. El comité se dividirá en dos órganos, el órgano técnico y el órgano ejecutivo. El órgano ejecutivo será responsable de tomar las decisiones para la instrumentación del programa de ordenamiento ecológico. El órgano técnico será el responsable de realizar los estudios y los análisis que se le requieran. Una vez firmado el convenio de coordinación, la primera responsabilidad del comité de ordenamiento será establecer formalmente la agenda ambiental con la que se integrarán las políticas ambientales para la región. La Agenda Ambiental estará fundamentada en las bases de información técnica y científica compiladas por la SEMARNAT. Estas bases, deben incluir todos los estudios de ordenamiento ecológico que se haya realizado en la región y los resultados de la participación pública. A lo largo del proceso de ordenamiento ecológico, el comité decidirá cuándo, cómo y con qué información se establecerá el programa de ordenamiento ecológico.\nhttps://bitacoraordenamiento.yucatan.gob.mx/index.php","Collaborate on management/ land use planning in the landscape/jurisdiction|Co-design and develop goals, strategies and an action plan with timebound targets and milestones for the initiative|Support enforcement of land-use and/or zoning plans|Share spatial data and land management plans with other partners in the landscape/jurisdiction|Collaborate on establishing and managing monitoring system(s) for deforestation, natural ecosystem conversion and/or degradation","No, but we are planning to monitor and report on progress in the next two years",
2025 Disclosure Cycle,779465,CDP,73023,Jalisco,States & Regions,Latin America,Mexico,Public,Q10.8.1,Provide details of your state/region's implementation of landscape/jurisdictional approaches during the reporting year.,1,Row 1,Paisajes Bioculturales\n,Estado de Jalisco,"Un Paisaje Biocultural es un territorio que comparte un paisaje e identidad propia, manejado bajo un régimen unificado de gestión territorial que permite promover el desarrollo económico sustentable por medio de la protección y valoración de la naturaleza y la cultura local. El régimen de manejo territorial del paisaje biocultural, es definido y adoptado voluntariamente por los gobiernos municipales, la entidad federativa y los órganos representativos de grupos sociales involucrados. (Art.3, fracción XI del Reglamento de la LEEEPA, febrero 2022).",Implementation stage: Implementation plans are completed and currently underway/operational,Governmental fund/subsidies,Local communities|Financial institution(s)|Government|NGO and/or civil society|Private sector|Indigenous peoples,"Desde el año 2013, con el apoyo de la Agencia Francesa de Desarrollo, se llevó a cabo el pilotaje de un “Paisaje Biocultural de la Sierra Occidental de Jalisco”. El proyecto detonó una modificación a la LEEEPA en el año 2020, donde se incorporó la categoría de Paisaje Biocultural dentro de los Instrumentos de Participación Voluntaria para la Conservación, posteriormente el febrero del año 2022 se publicó el reglamento de esta Ley.\n\nLa iniciativa del Paisaje Biocultural de la Sierra Occidental de Jalisco comprende 350,000 has, dentro de los municipios de Mascota, Talpa de Allende, San Sebastián del Oeste y Atenguillo, donde las montañas dominan el entorno y la diversidad de bosques, valles y pastizales, así como sus pueblos y rancherías son la representación de los paisajes que se fueron formando como resultado de la relación que sus habitantes han desarrollado a través de los años con la naturaleza para vivir en armonía en este territorio.\n\nLa demanda local y voluntad institucional para conformar el Paisaje Biocultural en la Sierra Occidental de Jalisco como un modelo innovador de gestión territorial ha permitido avances como:\n•\tLa integración de un diagnóstico territorial participativo y una visión común de desarrollo para el territorio que se plasma en una Carta Territorial.\n•\tLa conformación del Grupo Promotor Local (Consejo de Gestión Territorial) y mesas de trabajo temáticas para garantizar la concertación del Acuerdo de Gestión Territorial, los compromisos y acciones para lograr el desarrollo sostenible del territorio.\n•\tEl fortalecimiento de capacidades en los sistemas productivos más representativos del territorio (agricultura y ganadería, silvicultura, cafeticultura, artesanía y productos regionales, recursos forestales no maderables y turismo) a través de acompañamiento para la incorporación de prácticas sustentables, intercambios de experiencias y espacios de participación de productores.\n•\tLa promoción y desarrollo de pequeños proyectos productivos.\n•\tLa promoción y uso del distintivo Paisaje Biocultural de la Sierra Occidental de Jalisco (a través de un sello).\n","Implement REDD+ actions in the landscape/jurisdiction|Collaborate on establishing and managing monitoring system(s) for deforestation, natural ecosystem conversion and/or degradation|Collaborate on establishing and managing monitoring system(s) for biodiversity, habitat fragmentation and/or threats to IUCN Red List species in priority areas|Support indigenous peoples and local communities to clarify and secure land tenure rights|Engage partners on importance of conservation, restoration and/or rehabilitation","Yes, progress is monitored using an internally defined framework","De la secretaria de Medio Ambiente y Desarrollo Territorial de Jalisco (SEMADET) CERTIFICO como PAISAJE BIOCULTURAL SIERRA OCCIDENTAL un territorio que comprende 350,000 has, dentro de los municipios de Mascota, Talpa de Allende, San Sebastián del Oeste y Atenguillo "
2025 Disclosure Cycle,779465,CDP,73025,Tabasco,States & Regions,Latin America,Mexico,Public,Q10.8.1,Provide details of your state/region's implementation of landscape/jurisdictional approaches during the reporting year.,1,Row 1,La Estrategia Estatal REDD+ Tabasco considera el enfoque de paisajes.,"Tabasco, uso de suelo y cambio de uso de suelo.","El objetivo es detener la deforestación, p´romoviendo prácticas sustentables, plantaciones comerciales, fomento de agroecosistemas de cacao, entre otros.",Pre-Implementation and design stage: Initiative plans are under development but not yet implemented,,,,,,
2025 Disclosure Cycle,779465,CDP,73027,Chiapas,States & Regions,Latin America,Mexico,Public,Q10.8.1,Provide details of your state/region's implementation of landscape/jurisdictional approaches during the reporting year.,1,Row 1,Programa de ordenamiento ecológico de la Región Sierra Madre de Chiapas,Región Sierra Madre y Costa de Chiapas,,,,,,,,
2025 Disclosure Cycle,779465,CDP,73051,East Kalimantan,States & Regions,South East Asia & Oceania,Indonesia,Public,Q10.8.1,Provide details of your state/region's implementation of landscape/jurisdictional approaches during the reporting year.,1,Row 1,Berau forest carbon program (PKHB),Berau district,"Accelerating social forestry in Berau, developing eco-friendly businesses based on village potential, education and environmental awareness campaigns, assisting people's economic communities and defending community rights on environmental, social and cultural issues.","Review, evaluation and adapt: Lessons learned from the initiative are being used to update original plans","Governmental fund/subsidies|REDD+ finance|International organizations|NGO|Private sector, companies",Indigenous peoples,Berau's forest carbon program strategic plan for the 2016-2025 is integrated into Berau's RPJMD for 2021-2026. SK Bupati number 114 of 2011 concerning the establishment of a PKHB steering committee.,"Collaborate on landscape sustainability assessments through participatory mapping|Collaborate on establishing and managing monitoring system(s) for biodiversity, habitat fragmentation and/or threats to IUCN Red List species in priority areas|Collaborate on management/ land use planning in the landscape/jurisdiction|Collaborate on establishing and managing monitoring system(s) for livelihoods and human well-being|Collaborate on establishing and managing monitoring system(s) for deforestation, natural ecosystem conversion and/or degradation","Yes, progress is monitored using an internally defined framework","The PKHB played a key role in enabling Indonesia to secure its first performance-based payment for emission reductions from the World Bank in 2022, signifying a significant achievement for both the initiative and the region. The program fosters collaboration between local communities, government bodies, and the private sector, with a particular focus on establishing sustainable partnerships with timber and palm oil industries.\n\nThe program is monitored by Integrates remote sensing technologies, on-the-ground data collection, and socioeconomic research to observe forest cover changes and evaluate community involvement. Its community engagement efforts, including initiatives like SIGAP REDD+, are designed to ensure local participation and support for sustainable forest management"
2025 Disclosure Cycle,779465,CDP,73064,West Kalimantan,States & Regions,South East Asia & Oceania,Indonesia,Public,Q10.8.1,Provide details of your state/region's implementation of landscape/jurisdictional approaches during the reporting year.,1,Row 1,GCF Task Force,West Kalimantan,"As a forum for coordination at the governor level, West Papua participates in discussions on deforestation and forest degradation issues with 6 provinces that are members of Indonesia's GCF Task Force. This initiative discusses every latest issue regarding commodities, policies, community development in achieving the target of the Manaus Action Plan (MAP).",Implementation stage: Implementation plans are completed and currently underway/operational,International organizations,Local communities|Indigenous peoples|Government,This initiative involves every stakeholder in the province. The involvement of many parties is a form of support for this initiative,"Help establish a transparent governance platform responsible for managing the initiative and its activities with clear roles, responsibilities, and balanced decision-making|Co-design and develop goals, strategies and an action plan with timebound targets and milestones for the initiative|Collaborate on management/ land use planning in the landscape/jurisdiction|Collaborate on commodity traceability","Yes, progress is monitored using an internally defined framework",Meetings are held every year between 7 provinces and currently they are still developing the 4 pillars of the MAP target
2025 Disclosure Cycle,779465,CDP,73064,West Kalimantan,States & Regions,South East Asia & Oceania,Indonesia,Public,Q10.8.1,Provide details of your state/region's implementation of landscape/jurisdictional approaches during the reporting year.,2,Row 2,Peat Impact ICRAF Indonesia di KHG,West Kalimantan\n,"The Peat Impact program by ICRAF Indonesia in the KHG (Kawasan Hidrologis Gambut) of West Kalimantan focuses on sustainable peatland management to mitigate climate change and protect vital ecosystems. The initiative aims to restore degraded peatlands, reduce carbon emissions, and prevent land subsidence through science-based interventions. This includes rewetting peatlands, promoting sustainable agricultural practices, and involving local communities in peatland conservation. By maintaining the hydrological balance of these areas, the program helps protect biodiversity, supports livelihoods, and contributes to Indonesia's broader climate and environmental goals.",Implementation stage: Implementation plans are completed and currently underway/operational,International organizations,Local communities,"The governance structures and policies supporting the Peat Impact ICRAF Indonesia initiative in KHG West Kalimantan are rooted in both national and regional frameworks. Nationally, Indonesia's Peatland Restoration Agency (BRG) and Ministry of Environment and Forestry set the policy direction for peatland conservation and restoration, mandating rewetting, revegetation, and community involvement. At the regional level, local governments in West Kalimantan implement regulations aligned with these national policies, facilitating collaboration with stakeholders like ICRAF. These efforts are bolstered by community-based land management practices, peatland protection laws, and cross-sector coordination to ensure sustainable outcomes in peat restoration and climate resilience.",Collaborate on management/ land use planning in the landscape/jurisdiction,"Yes, progress is monitored using an internally defined framework","This program successful rewetting of degraded peatlands, which helps restore the natural hydrological balance and reduces the risk of fires. The program has also promoted sustainable agricultural practices, empowering local communities to shift towards peat-friendly livelihoods. Through capacity-building and community engagement, the initiative has strengthened local governance and enhanced awareness about the importance of peatland ecosystems. Additionally, these efforts have contributed to significant reductions in carbon emissions, supporting Indonesia's broader climate goals."
2025 Disclosure Cycle,779465,CDP,73064,West Kalimantan,States & Regions,South East Asia & Oceania,Indonesia,Public,Q10.8.1,Provide details of your state/region's implementation of landscape/jurisdictional approaches during the reporting year.,3,Row 3,Green Growth Kubu Raya District,Kubu Raya District,"Green Growth in Kubu Raya District focuses on promoting sustainable development while preserving the district's rich natural resources. Key initiatives include protecting forests and peatlands, enhancing sustainable agricultural practices, and promoting renewable energy to reduce environmental impacts. The district aims to balance economic growth with environmental conservation by fostering low-carbon development, supporting eco-friendly industries, and engaging local communities in sustainable land use practices. This approach aligns with Indonesia's broader goals of reducing greenhouse gas emissions and achieving long-term environmental sustainability.",Implementation stage: Implementation plans are completed and currently underway/operational,NGO,Local communities,"The program focuses on balancing economic growth with environmental protection, particularly through sustainable land use, forest and peatland conservation, and promoting renewable energy. Key actions include implementing eco-friendly agricultural practices, reducing deforestation, and encouraging community participation in managing natural resources. The district also supports low-carbon development strategies and fosters green industries to ensure long-term environmental sustainability. These efforts align with national and international goals for reducing carbon emissions and promoting a green economy.","Support implementation of climate change vulnerability assessment|Engage partners on importance of conservation, restoration and/or rehabilitation|Promote and implement climate change adaptation and mitigation activities","No, but we are planning to monitor and report on progress in the next two years",
2025 Disclosure Cycle,779465,CDP,73088,State of Hesse,States & Regions,Europe,Germany,Public,Q10.8.1,Provide details of your state/region's implementation of landscape/jurisdictional approaches during the reporting year.,1,Row 1,Ecomodel regions: Establishment of bioregional value chains,All Hessian rural districts and independent cities are organised in a total of 13 eco-model regions. Thus the network covers the entire state Hessen.,"•\tto strengthen the ecological awareness in agriculture and among consumers, \n•\tto connect producers and processors of organic food more closely, but also with consumers and with actors from the gastronomy and tourism sectors\n•\tto sensitize consumers for regional cycles and local food",Implementation stage: Implementation plans are completed and currently underway/operational,Governmental fund/subsidies,Government,no info,,"Yes, progress is monitored using an internally defined framework",Projects and initiatives are listed on the website: https://www.oekomodellregionen-hessen.de/
2025 Disclosure Cycle,779465,CDP,73149,Quebec,States & Regions,North America,Canada,Public,Q10.8.1,Provide details of your state/region's implementation of landscape/jurisdictional approaches during the reporting year.,1,Row 1,Québec's 2030 Nature Plan and its 2024-2028 Action Plan \n\nhttps://cdn-contenu.quebec.ca/cdn-contenu/environnement/biodiversite/nature-plan-2030.pdf \n\nhttps://cdn-contenu.quebec.ca/cdn-contenu/environnement/biodiversite/plan-nature-2030-plan-action-en.pdf ,État québécois,"The 2030 Nature Plan is the framework policy for biodiversity conservation in Québec. It was developed by the Government of Québec following the adoption of the Kunming-Montreal Global Biodiversity Framework at the 15th Conference of the Parties to the UN Convention on Biological Diversity (COP15), held in Montréal in Dec.2022. It aims to encourage participation in meeting global targets, while taking into consideration Québec's territorial realities, competencies and priorities in this area.\n\nIt sets out a vision for 2030 supported by four key foundations for its deployment:\n› involve the First Nations and the Inuit;\n› mobilize society as a whole; \n› promote discussion and synergy among stakeholders concerned with biodiversity;\n› improve access to nature, in particular for its health benefits.\n\nThe 2030 Nature Plan is broken down into three areas of action (goals) and 14 targets that are aligned with the global targets of the Global Biodiversity Framework. Its implementation is supported by an Action Plan covering the period 2024-2028 that comprises 33 objectives. Structured monitoring of the action plan's progress will be carried out in partnership with the parties involved and made public in the financial year 2025-2026.",Implementation stage: Implementation plans are completed and currently underway/operational,"Private sector, companies|Governmental fund/subsidies",Local communities|Private sector|NGO and/or civil society|Government,"The Government of Québec is at the planning stage regarding landscape-scale approaches. Indeed this past year Quebec has been drafting its 2030 Nature Plan with a view to consider biodiversity conservation and resilience at the landscape scale, including with spatial planning regulations and approaches, with the identification of priorities for conservation of terrestrial and marine ecosystems throughout the territory, and with the early stages in drafting a research agreement to identify ecological corridors on a large scale south of the 49th parallel. Further information and details on these approaches should unfold in the coming year.","Collaborate on management/ land use planning in the landscape/jurisdiction|Promote and implement climate change adaptation and mitigation activities|Engage partners on importance of conservation, restoration and/or rehabilitation","Yes, progress is monitored using an internally defined framework",The Action Plan was published in October 2024. It is in the early implementation stage.
2025 Disclosure Cycle,779465,CDP,73172,Acre,States & Regions,Latin America,Brazil,Public,Q10.8.1,Provide details of your state/region's implementation of landscape/jurisdictional approaches during the reporting year.,1,Row 1,"PROGRAMA REM, ACRE\n",ACRE\n,"A finalidade do Programa REM é apoiar com “financiamento ponte” implementadores de programas jurisdicionais de REDD+ para fortalecer sua autonomia e sustentabilidade. Nomeado mundialmente como - REDD +, de acordo com as decisões sob o marco da Organização das Nações Unidas Mudança Climática (UNFCCC).","Review, evaluation and adapt: Lessons learned from the initiative are being used to update original plans",International development bank,Government|Indigenous peoples|Local communities|Financial institution(s)|NGO and/or civil society,"Lei nº 2.308 de 2010 que é o Sistema Estadual de Incentivos a Serviços Ambientais - SISA, o Programa de Incentivos por Serviços Ambientais - ISA Carbono e demais Programas de Serviços Ambientais e Produtos Ecossistêmicos do Estado do Acre.","Co-design and develop goals, strategies and an action plan with timebound targets and milestones for the initiative|Promote and implement climate change adaptation and mitigation activities|Help establish a transparent governance platform responsible for managing the initiative and its activities with clear roles, responsibilities, and balanced decision-making|Implement REDD+ actions in the landscape/jurisdiction|Support communities and smallholders in gaining access to incentives (e.g. support achieving certification, group formation, getting land title, packaging access to loans, preferential sourcing etc.)","No, but we are planning to monitor and report on progress in the next two years",
2025 Disclosure Cycle,779465,CDP,73177,Mato Grosso,States & Regions,Latin America,Brazil,Public,Q10.8.1,Provide details of your state/region's implementation of landscape/jurisdictional approaches during the reporting year.,2,Row 2,"Estratégia Produzir, Conservar e Incluir (PCI)",Mato Grosso," O estado do Mato Grosso, por meio da estratégia “Produzir, Conservar e Incluir” (PCI), constitui um dos exemplos de abordagem jurisdicional mais avançando do mundo. A PCI tem como objetivo captar recursos para o Estado de Mato Grosso para a expansão e aumento da eficiência da produção agropecuária e florestal, a conservação dos remanescentes de vegetação nativa, recomposição dos passivos ambientais e a inclusão socioeconômica da agricultura familiar e gerar a redução de emissões e sequestro de carbono até 2030 de 6 GTonCO2 , mediante o controle do desmatamento e o desenvolvimento de uma economia de baixo carbono. A estratégia PCI surgiu de uma construção coletiva e participativa envolvendo diferentes secretarias de estado, representantes de organizações não governamentais, empresas privadas e entidades representativas de setores da economia do estado. A PCI constitui um conjunto de metas para auxiliar no cumprimento de seus objetivos. Para a implementação da estratégia, foi criado o Comitê Estadual da Estratégia Produzir, Conservar e Incluir (CEEPCI) e sua estrutura organizacional, por meio do Decreto n° 468, de 31 de março de 2016. O Comitê tem como atribuição aprovar o planejamento das ações elaboradas pelas secretarias coordenadoras dos eixos temáticos, realizar o acompanhamento da implementação da estratégia e do cumprimento das metas, bem como a definição de sua estrutura de governança e mecanismos de captação de recursos. Mais informações em https://pcimt.org/index.php/pt/ e https://pcimt.org/wp-content/uploads/2024/06/CDPpolicybriefjurisdicionalapproachPT.pdf.",Implementation stage: Implementation plans are completed and currently underway/operational,"REDD+ finance|Private sector, companies",,"O Instituto PCI, criado em 2019, é uma associação de direito privado, sem fins econômicos e lucrativos. O Instituto possui um Conselho de Administração, Conselho Fiscal, Conselho Consultivo, Conselho de Doadores, Comitê de Monitoramento e Comitê de Investimento. O Conselho Geral Consultivo é uma unidade de aconselhamento que deve servir como instrumento de aconselhamento técnico e estratégico para o Conselho de Administração, sem que, contudo, tenha qualquer responsabilidade social em relação à associação.Os membros do Conselho Geral Consultivo serão indicados pelos membros e escolhidos pelo colegiado do Conselho de Administração, dentre pessoas com interesse e conhecimento nas áreas de atuação do PCI, portadoras de competências específicas e capazes de contribuir para que o PCI opere adequadamente, e que representem órgãos, poderes ou entidades públicas e privadas, nacionais e internacionais que possuam atividades correlatas aos fins do PCI. Com a criação do Instituto PCI, os membros do CEEPCI foram convidados a fazer parte do Conselho Consultivo do Instituto PCI. O Conselho de Administração é o órgão colegiado de deliberação superior do PCI, a quem compete a sua administração direta e deliberação quanto às atividades fins da Associação. Fazem parte desse Conselho instituições do governo estadual, entidades de classe, do setor privado e da sociedade civil. O Conselho de Doadores será composto pelos financiadores e doadores da PCI. Poderão fazer parte do Conselho potenciais doadores ou financiadores, na qualidade de observadores sem direito a voto, com o objetivo de acompanhamento e suporte na captação de recursos, além de análise de estratégias de investimento. O Comitê de Monitoramento deverá acompanhar os avanços em direção à visão estabelecidas pelas metas do PCI para Mato Grosso em 2030, subsidiando o aperfeiçoamento ou redirecionamento de ações e garantindo a credibilidade e transparência da estratégia. O Comitê de Investimentos é a instância responsável por analisar a viabilidade financeira dos programas, projetos e atividades do PCI face aos recursos financeiros captados, suas regras de aplicação e as diretivas publicadas e definidas pelo conselho de administração do PCI.","Engage partners on importance of conservation, restoration and/or rehabilitation|Implement REDD+ actions in the landscape/jurisdiction|Identify and map partners (including vulnerable and/or marginalized groups) and encourage their engagement in multi-partner processes|Collaborate on commodity traceability","Yes, progress is monitored using an internally defined framework",O monitoramento das metas da PCI pode ser encontrado acessando https://pcimt.org/index.php/pt/monitoramento-pt. Outros documentos relevantes podem ser encontrados em https://pcimt.org/index.php/pt/comunicacao-pt.
2025 Disclosure Cycle,779465,CDP,73180,Pernambuco,States & Regions,Latin America,Brazil,Public,Q10.8.1,Provide details of your state/region's implementation of landscape/jurisdictional approaches during the reporting year.,1,Row 1,Programa Plantar Juntos,Estado de Pernambuco,"O Programa Plantar Juntos, coordenado pelo Governo de Pernambuco (SEMAS-PE), tem como objetivo plantar 4 milhões de árvores até 2026, promovendo a recuperação da Mata Atlântica, da Caatinga e de ecossistemas costeiros como manguezais. A iniciativa busca regenerar cerca de 2,4 mil hectares do território pernambucano, ampliar Unidades de Conservação e fomentar a produção de mudas nativas por meio de viveiros municipais. O programa envolve municípios, empresas, escolas, assentamentos rurais, ONGs e cidadãos, com editais específicos para restauração florestal, reflorestamento comunitário, recuperação de APPs e Reservas Legais, além da criação de créditos de carbono. O Estado de Pernambuco, por meio da SEMAS, exerce papel central na implementação: 1) Definir metas de reflorestamento e restaurar áreas prioritárias; 2) Disponibilizar recursos públicos (aprox. R$ 150 milhões até 2026) e mobilizar parcerias privadas; 3) Lançar editais para seleção de projetos e monitoramento ambiental; 4) Articular universidades (ex.: UPE, com desenvolvimento de aplicativo de monitoramento), comunidades e escolas; 5) Promover educação ambiental e engajamento social, fortalecendo a resiliência climática e a geração de créditos de carbono. \nA transparência e o monitoramento serão garantidos pelo aplicativo Plantar Juntos, que georreferencia e acompanha as mudas, e pelos prazos de manutenção definidos nos editais. A governança inclui ainda ações de educação ambiental nas escolas e a priorização da participação de agricultores familiares, quilombolas, indígenas e comunidades tradicionais.",Implementation stage: Implementation plans are completed and currently underway/operational,"Private sector, companies|Governmental fund/subsidies",Private sector|NGO and/or civil society|Government|Local communities,"A iniciativa Plantar Juntos é coordenada pela Secretaria de Meio Ambiente e Sustentabilidade de Pernambuco (Semas-PE), com apoio da Agência Estadual de Meio Ambiente (CPRH), responsável pela gestão de recursos do Fundo de Compensação Ambiental. A governança conta ainda com editais públicos e termos de adesão para engajar organizações socioambientais, prefeituras, assentamentos rurais, empresas e cidadãos.\nAté dezembro de 2026, o programa de reflorestamento e proteção ambiental prevê o plantio de 1,514 milhão de árvores, além de assegurar mais 7,1 milhões de árvores para plantio por meio de editais. O programa também protegerá 24 milhões de árvores, regularizando uma Unidade de Conservação (UC) existente e criando sete novas UCs. Além disso, serão restauradas Áreas de Preservação Permanente (APPs) em bacias hidrográficas, totalizando 24,7 mil hectares de novas áreas protegidas. Para viabilizar essas ações, os investimentos previstos incluem R$ 95,4 milhões do Tesouro Nacional, R$ 34,3 milhões provenientes de compensação ambiental e um empréstimo internacional de USD 62 milhões.\nEntre os instrumentos de apoio estão a Política Florestal do Estado de Pernambuco (Lei nº 11.206/95), Sistema de Estadual de Unidades de Conservação da Natureza (Lei nº 13.787/2009), Política Estadual de Enfrentamento às Mudanças Climáticas (Lei nº 14090/2010), Política Estadual de Combate à Desertificação e Mitigação dos Efeitos da Seca (Lei nº 14091/2010), Política Estadual de Educação Ambiental (Lei nº 16.688/2019), Política Estadual de Pagamento por Serviços Ambientais (Lei nº 15.809/2016). \nAtualme\nA transparência e o monitoramento são garantidos pelo aplicativo Plantar Juntos, que georreferencia e acompanha as mudas, e pelos prazos de manutenção definidos nos editais. A governança inclui ainda ações de educação ambiental nas escolas e a priorização da participação de agricultores familiares, quilombolas, indígenas e comunidades tradicionais.\n","Identify and map partners (including vulnerable and/or marginalized groups) and encourage their engagement in multi-partner processes|Use preferential sourcing to support landscape/jurisdictional initiatives that are demonstrating progress|Engage partners on importance of conservation, restoration and/or rehabilitation|Collaborate to maintain representation from all relevant stakeholders within governance structure of initiative|Support local governments (or equivalent) to enhance landscape governance structure, and provide them with resources to develop and implement sustainable landscape policies and/or management plan(s)","Yes, progress is monitored using an internally defined framework","Até o presente momento, o programa alcançou o plantio de 248.748 mudas, considerando suas diferentes linhas de atuação (editais Caatinga, Manguezal, doações de mudas oriundas de municípios e empresas). Para dezembro de 2026, estão projetados os seguintes resultados: 1, 514 milhões de árvores plantadas; 7,1 milhões de árvores asseguradas para plantio via editais; 24 milhões de árvores protegidas, por meio de, 1 UC regularizada; 7 UCs criadas; APPs restauradas em bacias hidrográficas, totalizando 24,7 mil novos hectares de áreas protegidas.\nO monitoramento do progresso ocorre atualmente de forma interna pela equipe da SEMAS-PE. Contudo, está prevista a integração dessas informações à plataforma e ao aplicativo Plantar Juntos, desenvolvidos para disponibilizar os dados à sociedade civil, ampliando transparência e participação social."
2025 Disclosure Cycle,779465,CDP,73182,Sao Paulo State,States & Regions,Latin America,Brazil,Public,Q10.8.1,Provide details of your state/region's implementation of landscape/jurisdictional approaches during the reporting year.,1,Row 1,Programa Estadual de Restauração e Conservação Ecológica,"Na indicação das áreas, poderão ser conjugadas áreas pertencentes a mais de uma unidade de conservação, inclusive de localidades distintas, de modo a viabilizar o desenvolvimento futuro do projeto. Além disso, todos poderão contribuir com as minutas de edital, contrato de PSA e termos de referência para a restauração e para a conservação.",Link: https://semil.sp.gov.br/2025/09/programa-estadual-de-restauracao-e-conservacao-ecologica/,Pre-Implementation and design stage: Initiative plans are under development but not yet implemented,,,,,,
2025 Disclosure Cycle,779465,CDP,73184,Parana,States & Regions,Latin America,Brazil,Public,Q10.8.1,Provide details of your state/region's implementation of landscape/jurisdictional approaches during the reporting year.,1,Row 1,Vocações Regionais Sustentáveis,Litoral do Paraná,"O Programa de Apoio às Vocações Regionais Sustentáveis (VRS), desenvolvido pela Invest Paraná, é voltado à bioeconomia, unindo a geração de renda à preservação da paisagem. Ele busca fomentar as cadeias de valor e abrir mercados a produtos típicos paranaenses, produzidos de forma sustentável e de maneira tradicional.O programa foi iniciado pelos municípios de Antonina, Morretes e Guaraqueçaba, no Litoral, onde se encontram as áreas mais preservadas da Mata Atlântica paranaense. Na região, as VRSs trabalham os conceitos de turismo de natureza e de base comunitária, além do aproveitamento de produtos regionais, como a banana, mandioca e açaí de juçara.",Implementation stage: Implementation plans are completed and currently underway/operational,Governmental fund/subsidies,Financial institution(s)|Local communities,"A iniciativa visa a criação de governança regional por meio da criação de uma marca coletiva, estratégia de associativismo melhor identificada para localidade.","Engage partners on importance of conservation, restoration and/or rehabilitation|Improve sustainability of waste management practices|Support smallholders to clarify and secure land tenure rights|Collaborate on management/ land use planning in the landscape/jurisdiction|Communicate externally the business case for investing in landscapes/jurisdiction","Yes, progress is monitored using a shared external framework: O monitoramento da implementação está disponível no seguinte link: https://www.vrs.org.br/mata-atlantica","O processo de implementação está na estruturação da governança local e a relação dessa com os 25 parceiros definidos para implementação da ação. O progresso é medido tendo como base as etapas definidas pela metodologia Value links, que foi estruturada previamente à implementação."
2025 Disclosure Cycle,779465,CDP,73185,Rio de Janeiro State,States & Regions,Latin America,Brazil,Public,Q10.8.1,Provide details of your state/region's implementation of landscape/jurisdictional approaches during the reporting year.,1,Row 1,Planos Municipais da Mata Atlântica\n\n,"Todas as ações são realizadas com o recorte de regiões hidrográficas. Neste momento quatro regiões tem seus planos concluídos e em fase de implementação (Região dos lagos, Região Noroeste, Mosaico Central Fluminense e Guandu), outras três estão em fase de planejamento (Região Médio Paraíba, Região da Baía de Ilha Grande e Dois Rios) e por fim, uma região (Piabanha) está em execução. ","Instrumentos de planejamento territorial com foco na recuperação e conservação da mata atlântica.\nAtualmente 49 municípios já possuem, 13 têm recurso aprovado e 28 possuem Termo de Referência elaborados.","Other: quatro regiões tem seus planos concluídos e em fase de implementação, outras três estão em fase de planejamento e por fim, uma região está construção do plano.",Governmental fund/subsidies,NGO and/or civil society|Local communities|Private sector|Government,"A Superintendência de Gestão Ecossistêmica (SUPGECOS) e a Assessoria de Cidades Resilientes(ASSCID), vinculadas a Subsecretaria de Mudanças do Clima e Conservação da Biodiversidade (SUBCLIM), da Secretaria de Estado do Ambiente e Sustentabilidade, que coordenam a iniciativa\n","Collaborate on establishing and managing monitoring system(s) for livelihoods and human well-being|Collaborate on establishing and managing monitoring system(s) for biodiversity, habitat fragmentation and/or threats to IUCN Red List species in priority areas|Collaborate on landscape sustainability assessments through participatory mapping|Collaborate on management/ land use planning in the landscape/jurisdiction|Collaborate on establishing and managing monitoring system(s) for deforestation, natural ecosystem conversion and/or degradation","No, but we are planning to monitor and report on progress in the next two years",
2025 Disclosure Cycle,779465,CDP,73185,Rio de Janeiro State,States & Regions,Latin America,Brazil,Public,Q10.8.1,Provide details of your state/region's implementation of landscape/jurisdictional approaches during the reporting year.,2,Row 2,Programa Olho no Verde,Todo o Estado é monitorado,"O Programa Olho no Verde monitora sistematicamente os principais remanescentes florestais do Estado do Rio de Janeiro para combater o desmatamento ilegal. Os alertas de desmatamento, gerados semanalmente, são posteriormente analisados e encaminhados a gestores e fiscais capazes de verificar o alerta e proceder aos devidos encaminhamentos.\n","Post implementation: Implementation is complete, measurement, monitoring and report of impacts is in progress",Governmental fund/subsidies,Government,Secretaria do Estado do Ambiente Sustentabilidade e Instituto Estadual do Ambiente,"Help establish effective mechanisms for undertaking human rights due diligence, risk management, monitoring, verification, and grievance resolution|Support local governments (or equivalent) to enhance landscape governance structure, and provide them with resources to develop and implement sustainable landscape policies and/or management plan(s)|Collaborate on establishing and managing monitoring system(s) for deforestation, natural ecosystem conversion and/or degradation","No, but we are planning to monitor and report on progress in the next two years",
2025 Disclosure Cycle,779465,CDP,73186,Minas Gerais,States & Regions,Latin America,Brazil,Public,Q10.8.1,Provide details of your state/region's implementation of landscape/jurisdictional approaches during the reporting year.,1,Row 1,PRA (Programa de Regularização Ambiental) Produzir Sustentável,Minas Gerais,"O Programa PRA Produzir Sustentável tem como objetivo central articular esforços e forças institucionais - pública, privada e terceiro setor - para promover a regularização ambiental de imóveis rurais em Minas Gerais, aliando o cumprimento da legislação ambiental à produção sustentável e à valorização e proteção da vegetação nativa.","Other: A implementação está em fase inicial com o desenvolvimento de ações estruturantes, como a construção de sistema de monitoramento, a criação de material de de comunicação, melhoria no suporte legal (decretos, portarias e resoluções.)","Governmental fund/subsidies|Private sector, companies",NGO and/or civil society|Private sector|Government,"O Comitê de Gestão do Programa de Regularização Ambiental (PRA) em Minas Gerais é um colegiado responsável por acompanhar e orientar a implementação do PRA no estado. O Comitê é composto por representantes de diversos órgãos e entidades, como: Secretaria de Estado de Meio Ambiente e Desenvolvimento Sustentável (SEMAD); Secretaria de Estado de Agricultura, Pecuária e Abastecimento (Seapa); outros órgãos e entidades.","Other: Financiar projetos de regularização ambiental, com foco em pequenos agricultores, agricultura familiar, povos e comunidades tradicionais, mulheres e jovens.|Collaborate on management/ land use planning in the landscape/jurisdiction","Yes, progress is monitored using an internally defined framework","O monitoramento da implementação do CAR e do PRA é realizado de forma organizacional pela Secretaria de Estado de Meio Ambiente e Desenvolvimento Sustentável (SEMAD), por meio de sua Assessoria Estratégica, em conjunto com o IEF. Destaca-se ainda, o monitoramento da Política Pública feita por meio da Assembleia Legislativa, em sua competência fiscalizatória, por meio do “Assembleia Fiscaliza”.\n\nO monitoramento pode ser conferido no Painel de Indicadores do Sisema (https://app.powerbi.com/view?r=eyJrIjoiOThhNzgyMTQtNGU5Ny00Mzk0LWIzODItNDg3Nzk2MDlmYmEyIiwidCI6IjkyNGY5ODQ3LTI0MmUtNGE5YS04OTEzLTllNDM2NDliOWVhYSJ9).\n\nComo conquistas de engajamento, pode-se citar, principalmente o número de inscrição no CAR. Atualmente, tem-se mais de 1.1 milhão de propriedade/posses cadastradas, mais de 28.000 mil análises realizadas pelo IEF, e 200 Termos de Compromisso de Adesão ao PRA foram assinados."
2025 Disclosure Cycle,779465,CDP,73186,Minas Gerais,States & Regions,Latin America,Brazil,Public,Q10.8.1,Provide details of your state/region's implementation of landscape/jurisdictional approaches during the reporting year.,2,Row 2,"Fomento à construção de implementação dos Planos Municipais de Conservação e Recuperação da Mata Atlântica, Cerrado e Caatinga (PMMA, PMCC) pelos municípios",Minas Gerais,"Os Planos Municipais de Conservação e Recuperação da Mata Atlântica, do Cerrado e Caatinga (PMMA, PMCC) têm como principal objetivo orientar o planejamento e a implementação de ações voltadas à proteção, recuperação e uso sustentável dos remanescentes dos biomas nos territórios municipais. Os PMMAS foram estabelecidos a partir da Lei da Mata Atlântica (Lei Federal nº 11.428/2006), e foram, a partir da iniciativa do Estado de Minas Gerais, estendidos para os biomas Cerrado e Caatinga. Constituem um instrumento estratégico de gestão ambiental que permite aos municípios identificar suas áreas prioritárias para conservação, promover a restauração ecológica de áreas degradadas, fortalecer políticas públicas locais e integrar iniciativas de desenvolvimento sustentável. Além disso, os planos buscam ampliar a participação social, valorizar a biodiversidade local, promover serviços ecossistêmicos e subsidiar o licenciamento ambiental com base em informações técnicas e diagnósticos territoriais qualificados.\n\nCabe destacar ainda que em Minas Gerais, o programa de municipalização do licenciamento ambiental é condicionado à construção do PMMA (Planos Municipais de Conservação e Recuperação da Mata Atlântica) que é visto como um instrumento de controle e referência territorial que orienta o licenciamento local, destacando áreas prioritárias de conservação e recuperação.",Other: O projeto de fomento à construção e implementação dos Planos está em andamento desde o ano de 2014.,International development bank|Governmental fund/subsidies,Government|Local communities|NGO and/or civil society,"A ação vem sendo desenvolvida, de forma institucional pelo IEF e consta como meta da sua Diretoria de Conservação e Recuperação de Ecossistemas (DCRE).",Other: A iniciativa privada pode atuar com apoio financeiro aos municípios para a construção dos planos.,"No, we do not monitor progress and do not plan to in the next two years",
2025 Disclosure Cycle,779465,CDP,73186,Minas Gerais,States & Regions,Latin America,Brazil,Public,Q10.8.1,Provide details of your state/region's implementation of landscape/jurisdictional approaches during the reporting year.,3,Row 3,Bosque Modelo,Minas Gerais,"Os Bosques Modelo são uma iniciativa territorial inovadora que buscam promover o desenvolvimento sustentável integrado, reunindo múltiplos atores para conservar recursos florestais ao mesmo tempo em que gera benefícios sociais e econômicos. Objetiva: uma gestão participativa e representativa; a conservação e recuperação de ecossistemas; o desenvolvimento socioeconômico sustentável; a educação, capacitação e intercâmbio de conhecimentos; a articulação e fortalecimento institucional. Em 2004, houve a criação do Bosque Modelo Mata Atlântica em Minas Gerais (primeiro do estado). Em 2005, o reconhecimento do Bosque Modelo Pandeiros, posteriormente ampliado para o Mosaico Sertão Veredas Peruaçu.",Implementation stage: Implementation plans are completed and currently underway/operational,International development bank|Governmental fund/subsidies,Local communities|Government,O Bosque Modelo é coordenado pelo núcleo do Bosque Modelo da Mata Atlântica. O IEF lidera o processo de coordenação e há o envolvimento ativo de comunidades quilombolas e agricultores familiares.,Other: A iniciativa privada pode atuar com apoio financeiro aos municípios para a construção dos planos e promover a escuta ativa de comunidades tradicionais sob impacto do seu empreendimento.,"Yes, progress is monitored using an internally defined framework",O monitoramento é realizado por meio do Núcleo do Bosque Modelo da Mata Atlântica e anualmente pela Rede Ibero-americana de Bosques Modelo.
2025 Disclosure Cycle,779465,CDP,73198,South Australia,States & Regions,South East Asia & Oceania,Australia,Public,Q10.8.1,Provide details of your state/region's implementation of landscape/jurisdictional approaches during the reporting year.,1,Row 1,"Implementation of the Landscape South Australia Act 2019 which supports Landscape Boards across South Australia, regional landscape plans and the State Landscape Strategy",Alinytjara Wilurara; Eyre Peninsula; Green Adelaide; Hills & Fleurieu; Kangaroo Island; Limestone Coast; Murraylands & Riverland; Northern & Yorke; and South Australian Arid Lands,"The Landscape South Australia Act 2019 (the Landscape SA Act) came into operation progressively from December 2019, following extensive reform of the former Natural Resources Management Act 2004. It provides the framework for the integrated management of land, water, pest animals and plants, and biodiversity across the state, while recognizing the social, economic and cultural significance of these landscapes. The Landscape SA Act is, implemented through partnerships with a range of government departments, authorities and non-government organisations. It also interacts with other key South Australian legislation that regulates our state's natural assets. While the Minister for Climate, Environment and Water has overall accountability for implementation of the Landscape SA Act, the state's 9 landscape boards (including the metropolitan board, Green Adelaide), deliver many of its key functions. \n\nThe Department for Environment and Water (DEW) and the Department for Primary Industries and Regions South Australia (PIRSA) also play an important role in delivering the Act, working with the landscape boards and other partners in the process. Landscape boards work with partners to deliver practical, on-ground programs to manage landscapes. They invest landscape levies into regional priority issues as well as leveraging Australian Government funding towards managing and protecting our productive and natural landscapes. The boards work alongside community members and stakeholders to develop simple and accessible five-year regional landscape plans tailored to the needs of their region. The plans aim to ensure that there is a balance between the needs of communities and the sustainable management of the landscape. \n\nThe DEW supports the Landscape SA system through working in partnership with Landscape boards to develop and implement the State Landscape Strategy, leading the administration of the Landscape Priorities Fund, policy and program work (such as water, biodiversity and soil management) and advising the Minister and boards on the application of the Landscape Act.\n",Implementation stage: Implementation plans are completed and currently underway/operational,"NGO|Governmental fund/subsidies|Private sector, companies",Private sector|Local communities|NGO and/or civil society|Government|Indigenous peoples,"Regional landscape plans are developed by the eight regional landscape boards and Green Adelaide in line with the requirements set out in the Landscape South Australia Act 2019. Each five-year regional plan guides the landscape board's investment through an annual Business Plan that sets out how on-ground works and strategic activities will deliver on the board's priorities. The Minister for Climate, Environment and Water is responsible for establishment and high-level oversight of the State Landscape Strategy. The current State Landscape Strategy's goals are achieved through a collaborative approach with contributing organisations and partners underpinned by legislative elements of the Landscape SA Act 2019 and regional landscape plans. DEW and Landscape Boards are working in partnership to review and redraft the State Landscape Strategy. Each Landscape Board is also undertaking a process to review their Regional Landscape Plan.","Support communities and smallholders in gaining access to incentives (e.g. support achieving certification, group formation, getting land title, packaging access to loans, preferential sourcing etc.)|Promote and implement climate change adaptation and mitigation activities|Capacity building for farmers, smallholders and local communities to implement good agricultural practices (including improved efficiency, crop diversification and adoption of certification)|Support local governments (or equivalent) to enhance landscape governance structure, and provide them with resources to develop and implement sustainable landscape policies and/or management plan(s)|Share spatial data and land management plans with other partners in the landscape/jurisdiction","Yes, progress is monitored using an internally defined framework","Each regional landscape plan includes a method for measuring success of the implementation of the plan and business plan. Each landscape board produces an annual report that is presented to Parliament to meet the statutory reporting requirements of the Landscape South Australia Act 2019 and Landscape South Australia (General) Regulations 2020. The State Landscape Strategy aims to deliver key outcomes in sustainable primary production; healthy and resilient soils; enhanced water security; improved pest plant and animal management; reduced adverse impacts of native animals; protection, restoration and enhancement of biodiversity; and preparation and recovery from natural disasters."
2025 Disclosure Cycle,779465,CDP,831391,Queretaro,States & Regions,Latin America,Mexico,Public,Q10.8.1,Provide details of your state/region's implementation of landscape/jurisdictional approaches during the reporting year.,1,Row 1,Acciones subnacionales de mitigación para regenerar paisajes,"Área Natural Protegida Biósfera Sierra Gorda, Querétaro","Promueve acciones para la regeneración de bosques y tierras de pastoreo de paisajes de alta prioridad.\nLa NAMA se basa en el exitoso Mecanismo Estatal de Compensaciones de carbono de Querétaro, en el cual el Gobierno Estatal destina una parte de los derechos sobre el refrendo vehicular a un fondo que apoya proyectos que contribuyan a la disminución de las emisiones de gases de efecto invernadero en el estado y el aumento de la captura de carbono en sus bosques. Como parte de la NAMA, se está promoviendo el desarrollo de mecanismos similares en otros estados.\n\nEl componente de regeneración forestal de la NAMA implica la regeneración de bosques naturales por la eliminación del pastoreo extensivo de ganado, incendios inducidos y tala con incentivos de pagos a sus propietarios por los servicios ambientales y resulta en una reducción significativa de las emisiones de CO2 que son consecuencia de la degradación forestal, así como un aumento de los inventarios de carbono a través de la regeneración de bosques.",Implementation stage: Implementation plans are completed and currently underway/operational,NGO|Governmental fund/subsidies,NGO and/or civil society|Local communities|Government,ONG y sociedad civil. con apoyo del Gobierno del Estado de Querétaro ,"Identify and map partners (including vulnerable and/or marginalized groups) and encourage their engagement in multi-partner processes|Collaborate on establishing and managing monitoring system(s) for deforestation, natural ecosystem conversion and/or degradation|Share spatial data and land management plans with other partners in the landscape/jurisdiction|Collaborate on management/ land use planning in the landscape/jurisdiction|Collaborate on landscape sustainability assessments through participatory mapping","Yes, progress is monitored using a shared external framework: ","se proyecta que las acciones subnacionales para la regeneración de bosques tendrán un impacto de GEI de -694,000 tCO2e/año en el 2030. "
2025 Disclosure Cycle,779465,CDP,833242,Guanajuato,States & Regions,Latin America,Mexico,Public,Q10.8.1,Provide details of your state/region's implementation of landscape/jurisdictional approaches during the reporting year.,1,Row 1, Corredor Biocultural del Centro Occidente de México COBIOCOM\n," Áreas Naturales Protegidas del Estado de Guanajuato. 1,449,624 Hectáreas de superficie.\n"," Iniciativa para la conservación del patrimonio natural y cultural cuyo objetivo primordial es lograr la conectividad biológica, la preservación de los diferentes ecosistemas, así como las prácticas tradicionales de manejo y uso de la biodiversidad del centro occidente del país.",Pre-Implementation and design stage: Initiative plans are under development but not yet implemented,International organizations|Governmental fund/subsidies,NGO and/or civil society|Government|Local communities,"En la actualidad el Corredor Biocultural (COBIOCOM) se encuentra integrado por ocho Estados de la República Mexicana que son: Nayarit, Aguascalientes, Zacatecas, San Luis Potosí, Guanajuato, Michoacán, Colima y Jalisco, además cuenta con el apoyo de la Comisión Nacional\nde Áreas Naturales Protegidas (CONANP), Comisión Nacional para el Conocimiento y Uso de la Biodiversidad (CONABIO) y el apoyo de\ninstituciones no gubernamentales Nacionales e Internacionales que son: Reforestamos México A. C., Ecosistémica A. C., la agencia\nAlemana de cooperación (GIZ) y la World Wildlife Fund (WWF).",Implement REDD+ actions in the landscape/jurisdiction|Promote and implement climate change adaptation and mitigation activities,"No, but we are planning to monitor and report on progress in the next two years",
2025 Disclosure Cycle,779465,CDP,833243,Nuevo León,States & Regions,Latin America,Mexico,Public,Q10.8.1,Provide details of your state/region's implementation of landscape/jurisdictional approaches during the reporting year.,1,Row 1,Bosques Ciudadanos,Nivel Estatal,Renaturalizar el espacio público al incorporar infraestructura verde.\nCrear hábitat para especies silvestres.\nReducir la contaminación atmosférica y auditiva a través de barreras naturales.\nEmbellecer la ciudad con árboles y plantas nativas.\nMitigar la crisis climática y el fenómeno de las islas de calor.,Implementation stage: Implementation plans are completed and currently underway/operational,"Private sector, companies|Governmental fund/subsidies",NGO and/or civil society|Government,https://sistec.nl.gob.mx/Transparencia_2015/Archivos/AC_0001_0007_00172686_000002.pdf,"Collaborate on management/ land use planning in the landscape/jurisdiction|Co-design and develop goals, strategies and an action plan with timebound targets and milestones for the initiative|Collaborate on integrated watershed management and remediation activities|Support local governments (or equivalent) to enhance landscape governance structure, and provide them with resources to develop and implement sustainable landscape policies and/or management plan(s)|Support enforcement of land-use and/or zoning plans","Yes, progress is monitored using an internally defined framework",bosques de salud: 538 arboles\nbosques de escolares: 7910\nbosques urbanos: 73386\nbosques de agua: 438213\ntotal: 510047
2025 Disclosure Cycle,779465,CDP,833243,Nuevo León,States & Regions,Latin America,Mexico,Public,Q10.8.1,Provide details of your state/region's implementation of landscape/jurisdictional approaches during the reporting year.,2,Row 2,PROYECTOS DE CONSERVACIÓN DE LAS ANPS,ÁREAS NATURALES PROTEGIDAS ,"PROYECTOS DE CONSERVACIÓN DE ECO SISTEMAS, SUELOS Y ESPECIES PRIORITARIAS \n\nPROTECCIÓN DEL PERRITO LLANERO\n\nCONSERVACIÓN DE SUELOS MEDIANTE LA IMPLEMENTACION DE ACTIVIDADES PRODUCTIVAS SOSTENIBLES. \n",Pre-Implementation and design stage: Initiative plans are under development but not yet implemented,NGO|Governmental fund/subsidies,Local communities|Government|NGO and/or civil society,https://www.nl.gob.mx/publicaciones/programa-sectorial-de-desarrollo-sustentable,Other: NO HAY SECTOR PRIVADO,"Yes, progress is monitored using an internally defined framework",REUNIONES Y MESAS DE TRABAJO PARA LA REVISION DE DOCUMENTOS RECTORES 
2025 Disclosure Cycle,779465,CDP,833263,North Kalimantan,States & Regions,South East Asia & Oceania,Indonesia,Public,Q10.8.1,Provide details of your state/region's implementation of landscape/jurisdictional approaches during the reporting year.,1,Row 1,"Ecology-Based Fiscal Incentive Scheme in Indonesia: TAKE, TAPE, and TANE.",North Kalimantan Province.,"This initiative is a jurisdiction-based fiscal scheme in North Kalimantan. This incentive scheme is developed through fiscal transfers to the lower government (state or province) as a reward for performance in environmental management including forestry. EFT is implemented through 3 schemes, namely Ecology-based Provincial Budget Transfer (TAPE), Ecology-based Regency Budget Transfer (TAKE), and Ecology-based National Budget Transfer (TANE). This initiative was followed up by the Minister of Finance at the Ecological Fiscal Transfer Conference in August 2019 which stated that the government is committed to providing incentives to regions that protect forests or contribute to the preservation of nature and the environment through the Environmental Protection Fund scheme.",Implementation stage: Implementation plans are completed and currently underway/operational,Governmental fund/subsidies,Government,"North Kalimantan government becomes a role in allocating these funds from initiatives carried out by local communities in forest protection. In addition, funding through the National government is based on data from local governments in proposing actions.","Support communities and smallholders in gaining access to incentives (e.g. support achieving certification, group formation, getting land title, packaging access to loans, preferential sourcing etc.)|Implement REDD+ actions in the landscape/jurisdiction|Co-design and develop goals, strategies and an action plan with timebound targets and milestones for the initiative","Yes, progress is monitored using an internally defined framework","The achievements obtained so far have not been felt significantly. However, several activities that have been proposed have received support from this initiative process."
2025 Disclosure Cycle,779465,CDP,833263,North Kalimantan,States & Regions,South East Asia & Oceania,Indonesia,Public,Q10.8.1,Provide details of your state/region's implementation of landscape/jurisdictional approaches during the reporting year.,2,Row 2,ProKLIM - Climate Village Program,North Kalimantan Province.,"North Kalimantan Province has started to actively participate in the Climate Village Program (Proklim) since 2017. Up to now 18 ProKLIM locations (Proposed) and 7 locations have been registered. This activity consists of many activities including food security, disaster management, renewable energy, protection of water sources, and waste treatment. The locations that have been implemented are in Tarakan, Nunukan, and Tana Tidung Regencies. Each location has its own activities.",Implementation stage: Implementation plans are completed and currently underway/operational,Governmental fund/subsidies,Local communities|Government,The strategies and policies of the North Kalimantan Provincial Government in implementing the Climate Village Program activities are:1. Issuing Governor Regulation Number 16 of 2020 concerning the Facilitation of the Climate Village Program2. Issued North Kalimantan Governor Circular Letter Number 100.3.4/0148/DLH/GUB concerningAcceleration of the Implementation of the Climate Village Program in North Kalimantan Province3. Formed a team to accelerate activities based on North Kalimantan Governor's Decree Number 188.44/K.7/2023 involving relevant agencies within the North Kalimantan Provincial Government and also District/City Environmental Services throughout North Kalimantan,"Collaborate on management/ land use planning in the landscape/jurisdiction|Support local governments (or equivalent) to enhance landscape governance structure, and provide them with resources to develop and implement sustainable landscape policies and/or management plan(s)|Collaborate on establishing and managing monitoring system(s) for livelihoods and human well-being|Capacity building for farmers, smallholders and local communities to implement good agricultural practices (including improved efficiency, crop diversification and adoption of certification)","Yes, progress is monitored using an internally defined framework","The duties and functions of the North Kalimantan Government are to provide guidance, supervision, and inventory of the locations of potential participants in the Climate Village Program."
2025 Disclosure Cycle,779465,CDP,833263,North Kalimantan,States & Regions,South East Asia & Oceania,Indonesia,Public,Q10.8.1,Provide details of your state/region's implementation of landscape/jurisdictional approaches during the reporting year.,3,Row 3,Forest protection in the Abay Sembuak Dayak Indigenous Group and the Punan Adiu Tribe Community,"The Abay Sembuak Dayak Indigenous Group in Sembuak Warod Village, North Malinau (already received the 2023 Kalpataru Award) and the Punan Adiu Tribe Community in South Malinau sub-district (already received the 2019 Kalpataru Award).",This initiative aims to protect and conserve forests initiated by the provincial government and involving indigenous peoples in its implementation.,Implementation stage: Implementation plans are completed and currently underway/operational,Governmental fund/subsidies,Indigenous peoples,"The \'Forest Protection in the Abay Sembuak Dayak Indigenous Group and the Punan Adiu Tribe Community\' project in North Kalimantan focuses on safeguarding the forests traditionally managed by these indigenous communities. Both the Abay Sembuak Dayak and the Punan Adiu Tribe play vital roles in forest conservation by maintaining sustainable practices that preserve biodiversity and the ecological balance. The project aims to support their efforts through legal recognition, capacity building, and sustainable livelihood initiatives, while protecting these forests from encroachment, deforestation, and unsustainable exploitation.","Collaborate on establishing and managing monitoring system(s) for deforestation, natural ecosystem conversion and/or degradation|Co-design and develop goals, strategies and an action plan with timebound targets and milestones for the initiative","Yes, progress is monitored using an internally defined framework","Progress is monitored through community-based forest patrols, satellite imagery, and regular assessments of forest health. Local stakeholders collaborate with external partners to track changes in forest cover and biodiversity, ensuring that conservation goals are met. Additionally, community feedback and engagement help adjust strategies and improve the effectiveness of ongoing efforts."
2025 Disclosure Cycle,779465,CDP,833263,North Kalimantan,States & Regions,South East Asia & Oceania,Indonesia,Public,Q10.8.1,Provide details of your state/region's implementation of landscape/jurisdictional approaches during the reporting year.,4,Row 4,"Forest and Climate Change Programme Financial Corporation (FORCLIME - FC) in Malinau District, North Kalimantan Province.","Malinau district, North Kalimantan Province.",The specific aim of this initiative includes (1) Reducing greenhouse gas emissions in the DA area; (2) Improving the welfare of the community in the DA area and its surroundings; (3) Integrating successful REDD methods and approaches into the national REDD strategy. And also improve the local communities through social forestry program.,"Review, evaluation and adapt: Lessons learned from the initiative are being used to update original plans",International organizations|NGO|Governmental fund/subsidies,Local communities,"The initiative develops through Cooperation between the Government of the Republic of Indonesia and the Government of the Federal Republic of Germany, Malinau District Government.","Co-design and develop goals, strategies and an action plan with timebound targets and milestones for the initiative|Capacity building for farmers, smallholders and local communities to implement good agricultural practices (including improved efficiency, crop diversification and adoption of certification)|Implement REDD+ actions in the landscape/jurisdiction|Collaborate on management/ land use planning in the landscape/jurisdiction","Yes, progress is monitored using an internally defined framework",This mitigation activity was initiated in collaboration with the Government of Indonesia and the Government of Germany in implementing forest conservation and sustainable forest management (SFM) strategies that result in GHG emission reductions. The funding source is based partially on the Regional Budget and the International Budget. The period of this mitigation activity lasts from Oct-2016 to Oct-2020. Further information at the following link: https://srn.menlhk.go.id/index.php?r=home%2Faksi&id=409
2025 Disclosure Cycle,779465,CDP,833265,Papua,States & Regions,South East Asia & Oceania,Indonesia,Public,Q10.8.1,Provide details of your state/region's implementation of landscape/jurisdictional approaches during the reporting year.,1,Row 1,The Papua Province 2100 Vision,Papua Province,"The Papua Province 2100 Vision is a comprehensive plan aimed at sustainable development, particularly focusing on environmental conservation and indigenous community welfare. This goal is reflected in the Spatial Plan for 2023-2042 (RTRWP) and the Conservation Province declaration in West Papua, further emphasizing the importance of forest preservation.\n(https://wri-indonesia.org/en/initiatives/protecting-landscape-tanah-papua)\n",Implementation stage: Implementation plans are completed and currently underway/operational,Governmental fund/subsidies|NGO|International organizations,Government|Indigenous peoples|Private sector|Local communities|NGO and/or civil society,"The governance structures and policies in place to support the \'Visi Papua 2100\' (Papua 2100 Vision) in Papua Province, Indonesia, are multifaceted and involve both provincial and local levels of government. Provincial government (governor and legislature) and Papuan People's Assembly (MRP). Policies Supporting Visi Papua 2100 Spatial Planning: The Spatial Plan (RTRWP) clearly reflects the green vision of the province. It aims to protect 90% of Papua's land as forest areas, aligning with the Papua 2100 Vision. This plan ensures that development activities are harmonized with environmental sustainability goals. \n\nSpecial Autonomy Law:\nThe 2001 Special Autonomy Law provides extensive authority to the provincial government, allowing it to manage various sectors of administration except for five strategic areas related to foreign affairs. (http://eprints2.ipdn.ac.id/id/eprint/717/1/Special%20Autonomy%20through%20Antropological%20Approach%20in%20Papua%20Province.pdf)","Support local governments (or equivalent) to enhance landscape governance structure, and provide them with resources to develop and implement sustainable landscape policies and/or management plan(s)|Capacity building for farmers, smallholders and local communities to implement good agricultural practices (including improved efficiency, crop diversification and adoption of certification)|Identify and map partners (including vulnerable and/or marginalized groups) and encourage their engagement in multi-partner processes|Collaborate on landscape sustainability assessments through participatory mapping|Implement REDD+ actions in the landscape/jurisdiction","No, but we are planning to monitor and report on progress in the next two years",
2025 Disclosure Cycle,779465,CDP,835965,West Papua Province,States & Regions,South East Asia & Oceania,Indonesia,Public,Q10.8.1,Provide details of your state/region's implementation of landscape/jurisdictional approaches during the reporting year.,1,Row 1,GCF Task Force ,West Papua Province,"As a forum for coordination at the governor level, West Papua participates in discussions on deforestation and forest degradation issues with 6 provinces that are members of Indonesia's GCF Task Force. This initiative discusses every latest issue regarding commodities, policies, community development in achieving the target of the Manaus Action Plan (MAP).",Implementation stage: Implementation plans are completed and currently underway/operational,International organizations,Government,This initiative involves every stakeholder in the province. The involvement of many parties is a form of support for this initiative,"Collaborate on management/ land use planning in the landscape/jurisdiction|Co-design and develop goals, strategies and an action plan with timebound targets and milestones for the initiative|Collaborate on commodity traceability|Help establish a transparent governance platform responsible for managing the initiative and its activities with clear roles, responsibilities, and balanced decision-making","Yes, progress is monitored using an internally defined framework",Meetings are held every year between 7 provinces and currently they are still developing the 4 pillars of the MAP target
2025 Disclosure Cycle,779465,CDP,835965,West Papua Province,States & Regions,South East Asia & Oceania,Indonesia,Public,Q10.8.1,Provide details of your state/region's implementation of landscape/jurisdictional approaches during the reporting year.,2,Row 2,Integrated Area Development (IAD),West Papua Province,"To support the development of social forestry programs in the province of West Papua from various cross-sectoral ministries, businesses, universities, NGOs, etc \n\nEffective IAD requires coordination among different government departments and agencies. For instance, the Ministry of Environment and Forestry, local development agencies (BAPPEDA), and other provincial bodies work together to ensure sustainable development\n\nhttps://jurnalsetjen.kemendagri.go.id/index.php/bjgs/article/download/104/27/642\n\nhttps://jrssem.publikasiindonesia.id/index.php/jrssem/article/download/244/601",Pre-Implementation and design stage: Initiative plans are under development but not yet implemented,"Other: No current sources of finance, next year finance is being proposed from provincial government",Indigenous peoples|Local communities|Government|NGO and/or civil society,"IAD initiatives in West Papua involve collaboration among local, provincial, and national authorities. This structure ensures that development strategies are aligned with both local needs and national policies","Engage partners on importance of conservation, restoration and/or rehabilitation|Capacity building for farmers, smallholders and local communities to implement good agricultural practices (including improved efficiency, crop diversification and adoption of certification)|Communicate externally the business case for investing in landscapes/jurisdiction|Identify and map partners (including vulnerable and/or marginalized groups) and encourage their engagement in multi-partner processes|Improve sustainability of waste management practices","No, but we are planning to monitor and report on progress in the next two years",
2025 Disclosure Cycle,779465,CDP,848149,Mato Grosso do Sul,States & Regions,Latin America,Brazil,Public,Q10.8.1,Provide details of your state/region's implementation of landscape/jurisdictional approaches during the reporting year.,1,Row 1,Lei do Pantanal,Bioma Pantanal,"conservação, a proteção, a restauração e a exploração ecologicamente sustentável da Área de Uso Restrito da Planície Pantaneira no âmbito do Estado de Mato Grosso do Sul","Post implementation: Implementation is complete, measurement, monitoring and report of impacts is in progress",Governmental fund/subsidies,Private sector|Local communities|NGO and/or civil society,NA,"Co-design and develop goals, strategies and an action plan with timebound targets and milestones for the initiative|Collaborate on establishing and managing monitoring system(s) for deforestation, natural ecosystem conversion and/or degradation|Collaborate on landscape sustainability assessments through participatory mapping|Collaborate on management/ land use planning in the landscape/jurisdiction|Help establish a transparent governance platform responsible for managing the initiative and its activities with clear roles, responsibilities, and balanced decision-making","No, but we are planning to monitor and report on progress in the next two years",
2025 Disclosure Cycle,779465,CDP,848300,Aceh,States & Regions,South East Asia & Oceania,Indonesia,Public,Q10.8.1,Provide details of your state/region's implementation of landscape/jurisdictional approaches during the reporting year.,1,Row 1,"Mitigasi konflik satwa liar di Jalan Tol Sigli Banda Aceh (koridor Satwa liar Gajah, Reptil) ",Aceh Province,"Hutama Karya, Adhi Karya, BKSDA, DLHK, WCS, FFI, YEL",Implementation stage: Implementation plans are completed and currently underway/operational,Governmental fund/subsidies|NGO,Government|NGO and/or civil society|Local communities,Support from Government (BUMN),"Collaborate on establishing and managing monitoring system(s) for biodiversity, habitat fragmentation and/or threats to IUCN Red List species in priority areas|Collaborate on establishing and managing monitoring system(s) for livelihoods and human well-being|Collaborate on establishing and managing monitoring system(s) for deforestation, natural ecosystem conversion and/or degradation","No, but we are planning to monitor and report on progress in the next two years",
2025 Disclosure Cycle,779465,CDP,848300,Aceh,States & Regions,South East Asia & Oceania,Indonesia,Public,Q10.8.1,Provide details of your state/region's implementation of landscape/jurisdictional approaches during the reporting year.,2,Row 2,"Management of a conservation park on Aceh Island, Aceh Besar District",Aceh Besar District,"Managing turtle cultivation, (CSR funds from PLN, ASDP)Ecotourism (Business Entity owned by Gampong Kepulauan Breuh), WCS Strengthening of Panglima Laot Capacity and turtle Concervation",Implementation stage: Implementation plans are completed and currently underway/operational,Governmental fund/subsidies,Indigenous peoples,Support from KPH Region I as regional stakeholders,"Collaborate on establishing and managing monitoring system(s) for biodiversity, habitat fragmentation and/or threats to IUCN Red List species in priority areas","No, but we are planning to monitor and report on progress in the next two years",
2025 Disclosure Cycle,779465,CDP,848300,Aceh,States & Regions,South East Asia & Oceania,Indonesia,Public,Q10.8.1,Provide details of your state/region's implementation of landscape/jurisdictional approaches during the reporting year.,3,Row 3,Astra's climate village program support activities (Kampung Berseri Astra),"Gayo Lues District, Southwest Aceh District, Central Aceh District, Subulussalam City, Bireuen District, Aceh Besar","to support the national movement of 20,000 Proklim from the Astra CSR Fund",Implementation stage: Implementation plans are completed and currently underway/operational,"Private sector, companies",Indigenous peoples,Climate village which is a proposal and guidance from DLHK Aceh Province,"Collaborate on establishing and managing monitoring system(s) for deforestation, natural ecosystem conversion and/or degradation|Co-design and develop goals, strategies and an action plan with timebound targets and milestones for the initiative","Yes, progress is monitored using an internally defined framework","The role of DLHK is to provide guidance and capacity building for District Apparatuses, Gampongs as well as support for Mitigation and Adaptation actions at the site level"
2025 Disclosure Cycle,779465,CDP,848300,Aceh,States & Regions,South East Asia & Oceania,Indonesia,Public,Q10.8.1,Provide details of your state/region's implementation of landscape/jurisdictional approaches during the reporting year.,4,Row 4,"Determination of Wildlife Corridors (FFI, CRU Aceh, FKL, WCS)",Elephant conflict area in the Peusangan corridor (there are 9 corridors),Wildlife Management aims to preserve Wildlife and Habitat as an effort to maintain the balance of nature in order to improve community welfare and quality human life.,Implementation stage: Implementation plans are completed and currently underway/operational,Governmental fund/subsidies,Local communities,"The Government of Aceh and District/City Governments have the authority and obligation to manage Wildlife and Their Habitat. In order to carry out these authorities and obligations, the Government of Aceh appoints an Aceh Working Unit for government affairs in the field of protection and conservation of natural resources.","Collaborate on establishing and managing monitoring system(s) for biodiversity, habitat fragmentation and/or threats to IUCN Red List species in priority areas|Collaborate on establishing and managing monitoring system(s) for livelihoods and human well-being","Yes, progress is monitored using an internally defined framework","the efforts of the Indonesian government to conserve Sumatran elephants. It outlines the planned elephant corridor, the need for scientific studies, and the establishment of a conservation area. The highlights the importance of government collaboration, community involvement, and sustainable tourism initiatives to protect the elephant population."
2025 Disclosure Cycle,779465,CDP,848301,Central Kalimantan,States & Regions,South East Asia & Oceania,Indonesia,Public,Q10.8.1,Provide details of your state/region's implementation of landscape/jurisdictional approaches during the reporting year.,1,Row 1,Pilot Development of Systematic and Integrated Peat Ecosystem Restoration Model in Central Kalimantan.,"Kahayan River, Sebangau River, Lamandau River, Arut River, Kapuas River, Pukun River, and Mentaya River, in Central Kalimantan.","We are formulating the optimum PHU (Peat Hydrological Unit) concept: systematic and integrated peat ecosystem restoration. The idea of the Optimum PHU itself as long as it has been structured includes: (1) having wetness throughout the year in all areas (both protected and cultivated), (2) providing benefits and livelihoods for all interested parties in the KHG, and (3) having synergies between the permit giver and the beneficiary as well as between area/land managers in the KHG in order to realize number (1) and avoid ecosystem damage (subsidence, fires, and floods).",Implementation stage: Implementation plans are completed and currently underway/operational,Governmental fund/subsidies,Local communities,Central Kalimantan Province and BRGM National have collaboration as a role in facilitating the acceleration of the implementation of peat restoration and efforts to improve community welfare in peat restoration areas. The stages of licensing administration to implementation are carried out jointly between the provincial government represented by the Environmental Agencies and the National BRGM team.,"Help establish effective mechanisms for undertaking human rights due diligence, risk management, monitoring, verification, and grievance resolution","Yes, progress is monitored using an internally defined framework",The achievement of the optimal value for a KHG area is transformed through intervention activities to optimize natural conditions (eg water balance or groundwater level) and to change man-made forms (eg construction of water storage ponds or canal blocking) that exist in a KHG. KHG Optimum will be used as a model for implementing peat restoration in other locations. Monitoring of this initiative is carried out through multi-stakeholder collaboration in the implementation of this program which has an impact on the success of the program and the implementation timeline.
2025 Disclosure Cycle,779465,CDP,848301,Central Kalimantan,States & Regions,South East Asia & Oceania,Indonesia,Public,Q10.8.1,Provide details of your state/region's implementation of landscape/jurisdictional approaches during the reporting year.,2,Row 2,"Management of KEE (Essential Ecosystem Area) Nyaru Menteng Monumental Forest in Palangka Raya, Central Kalimantan.","Palangka Raya City, Central Kalimantan.","Essential Ecosystem Areas are areas that have important ecosystem values that have high conservation values that ecologically support the survival of life through biodiversity conservation efforts. Management of the Essential Ecosystem Area was carried out on 1377.60 ha in Tumbang Tahai Village, Palangka Raya City. In its management, the provincial government establishes a special agency, namely FORUM KEE consisting of the central government, local governments, educational institutions, NGOs, and local communities.",Implementation stage: Implementation plans are completed and currently underway/operational,Governmental fund/subsidies,Local communities,The provincial government is in control of the implementation of KEE through the provincial forestry agency. The provincial government is in control of the implementation of KEE through the provincial forestry office. This initiative has been included in local government policy through Central Kalimantan Governor Decree no. 522.100/225/Dishut concerning the designation of the Nyaru Menteng Monumental Forest Essential Ecosystem Area.,"Help establish a transparent governance platform responsible for managing the initiative and its activities with clear roles, responsibilities, and balanced decision-making","Yes, progress is monitored using an internally defined framework",-
2025 Disclosure Cycle,779465,CDP,848301,Central Kalimantan,States & Regions,South East Asia & Oceania,Indonesia,Public,Q10.8.1,Provide details of your state/region's implementation of landscape/jurisdictional approaches during the reporting year.,3,Row 3,Establishment of the Watershed Coordination Forum (Forum DAS) of Central Kalimantan Province 2018-2022,Central Kalimantan,"The watershed forum was created by the provincial government with the aim of implementing integrated watershed management. The aims made include (1) Implementing central government policies related to watershed management, (2) Carrying out coordination and consultancy in aligning the interests of all sectors in provinces and districts/cities, and (3) Preparation of a work plan for the Watershed Management Coordination Forum.",Implementation stage: Implementation plans are completed and currently underway/operational,Governmental fund/subsidies,Local communities,This initiative has been stated in the Decree of the Governor of Central Kalimantan (188/2018) on the Central Kalimantan Watershed Coordination Forum. ,"Support implementation of climate change vulnerability assessment|Support local governments (or equivalent) to enhance landscape governance structure, and provide them with resources to develop and implement sustainable landscape policies and/or management plan(s)","Yes, progress is monitored using an internally defined framework",-
2025 Disclosure Cycle,779465,CDP,884371,Nayarit,States & Regions,Latin America,Mexico,Public,Q10.8.1,Provide details of your state/region's implementation of landscape/jurisdictional approaches during the reporting year.,1,Row 1,Nayarit es parte de un Proyecto regional llamado COBIOCOM: Corredor Biocultural del Occidente de México.,"Regional: considera siete entidades federativas, las cuales son Aguascalientes, Guanajuato, Jalisco, Michoacán, San Luis Potosí, Zacatecas y Nayarit.","lograr la conectividad biológica, la preservación de los diferentes ecosistemas, así como las prácticas tradicionales de manejo y uso sustentable de la biodiversidad del occidente del país.",Pre-Implementation and design stage: Initiative plans are under development but not yet implemented,International organizations,Government|NGO and/or civil society,Se consideran 16 ejes y 16 líneas de acción de gobernanza. Incluye acciones para fortalecer la participación social y la gobernanza ambiental.,"Help establish a transparent governance platform responsible for managing the initiative and its activities with clear roles, responsibilities, and balanced decision-making|Capacity building for farmers, smallholders and local communities to implement good agricultural practices (including improved efficiency, crop diversification and adoption of certification)|Promote and implement climate change adaptation and mitigation activities|Engage partners on importance of conservation, restoration and/or rehabilitation",,
2025 Disclosure Cycle,779465,CDP,884372,Tlaxcala,States & Regions,Latin America,Mexico,Public,Q10.8.1,Provide details of your state/region's implementation of landscape/jurisdictional approaches during the reporting year.,1,Row 1,Áreas Naturales Protegidas de carácter Estatal y Programa Bienestar de los ecosistemas,Reserva ecológica \'La cueva\' y Zonas sujetas a conservación \'Ex Rancho Los Pitzocales\' y \'Ex Rancho Teometitla\',-,Implementation stage: Implementation plans are completed and currently underway/operational,Governmental fund/subsidies,Government,-,"Collaborate on establishing and managing monitoring system(s) for deforestation, natural ecosystem conversion and/or degradation","Yes, progress is monitored using an internally defined framework","sÍ, el progreso se monitorea usando un marco externo compartido, especifique "
2025 Disclosure Cycle,779465,CDP,906800,Federal District,States & Regions,Latin America,Mexico,Public,Q10.8.1,Provide details of your state/region's implementation of landscape/jurisdictional approaches during the reporting year.,1,Row 1,Convenio del Bosque de Agua,"Ciudad de México, Estado de Morelos y Estado de México","El convenio establece, entre otras acciones, la colaboración en la realización de operativos de inspección, vigilancia y combate a la extracción ilegal de recursos forestales, desincentivar la tala y los cambios de uso de suelo ilegales, proporcionar espacios físicos para el resguardo de bienes decomisados, presentar denuncias penales por delitos forestales y coadyuvar en la integración de carpetas de investigación y compartir información.",Pre-Implementation and design stage: Initiative plans are under development but not yet implemented,Governmental fund/subsidies|Regional budget,Government,,"Support implementation of climate change vulnerability assessment|Engage partners on importance of conservation, restoration and/or rehabilitation|Collaborate on management/ land use planning in the landscape/jurisdiction|Support maintenance/ improvement of water availability and/or quality|Promote and implement climate change adaptation and mitigation activities|Collaborate on establishing and managing monitoring system(s) for deforestation, natural ecosystem conversion and/or degradation","No, but we are planning to monitor and report on progress in the next two years",
2025 Disclosure Cycle,779465,CDP,908451,Klaipėda County,States & Regions,Europe,Lithuania,Public,Q10.8.1,Provide details of your state/region's implementation of landscape/jurisdictional approaches during the reporting year.,1,Row 1,Klaipėda Sustainable Urban Mobility Plan (SUMP),Klaipeda City,"This initiative is part of a broader landscape approach to promote sustainable land use, improve environmental quality, and reduce emissions in urban and surrounding areas. The plan emphasizes eco-friendly transport solutions, green infrastructure, and urban development that aligns with sustainable land use goals, contributing to both regional and national climate and sustainability targets.\n\nThis initiative aligns with EU policies, such as the European Green Deal.",Implementation stage: Implementation plans are completed and currently underway/operational,Regional budget|Governmental fund/subsidies,Private sector|NGO and/or civil society|Government|Local communities,"Municipal Governance:\n\n* City Council: The elected body responsible for overarching urban planning decisions, including transportation policies.\n* Municipal Administration: Various departments focused on urban planning, transport, environment, and public works implement the policies set by the City Council.","Co-design and develop goals, strategies and an action plan with timebound targets and milestones for the initiative|Collaborate on management/ land use planning in the landscape/jurisdiction","Yes, progress is monitored using an internally defined framework","Integrated Mobility Solutions:\n\n* Public Transport Improvements: Significant upgrades to public transportation services, including expanded routes, increased frequency, and improved facilities, leading to higher ridership rates.\n* Infrastructure Developments: Completion of new cycling and pedestrian pathways, promoting non-motorized transport options and enhancing overall connectivity within the region.\n\nSustainability Initiatives:\nGreen Spaces Integration: Successful integration of green spaces within urban planning, providing recreational areas that support sustainable living and contribute to the overall quality of life."
2025 Disclosure Cycle,779465,CDP,2045832,Yasothon Province,States & Regions,South East Asia & Oceania,Thailand,Public,Q10.8.1,Provide details of your state/region's implementation of landscape/jurisdictional approaches during the reporting year.,1,Row 1,Land allocation project for communities according to government policy,4 national forest reserves,Organize people who benefit from national forest reserves to prevent further forest encroachment.,Implementation stage: Implementation plans are completed and currently underway/operational,Governmental fund/subsidies,Government,National Land Policy Committee,"Co-design and develop goals, strategies and an action plan with timebound targets and milestones for the initiative","Yes, progress is monitored using an internally defined framework",Allocating land for farming to the people in 4 areas
