disclosure_cycle,cdp_requesting_org_number,requesting_organization,cdp_disclosing_org_number,disclosing_organization,disclosing_org_type,cdp_region,discloser_country_or_area,public_status,question_number,question_text,row_order,row_name,col1_Global initiative/convention,col2_Please describe your region's involvement
2025 Disclosure Cycle,779465,CDP,72902,Scotland,States & Regions,UKWW,United Kingdom,Public,Q10.6.1,Please provide the details of the global initiatives or conventions your region participates in.,2,Row 2,Other: Various,"At the UK level, Scotland is participating with the following, which is assumed to reported elsewhere:• NYDF (the UK endorsed this in 2014) • The European Landscape Convention• Convention on Biological Diversity (CBD)• Convention on International Trade in Endangered Species (CITES)• International Plant Protection Convention (IPPC)"
2025 Disclosure Cycle,779465,CDP,72902,Scotland,States & Regions,UKWW,United Kingdom,Public,Q10.6.1,Please provide the details of the global initiatives or conventions your region participates in.,3,Row 3,Bonn Challenge,"The Scottish Government has committed to a range of future actions as part of the pledge to the Bonn Challenge, including:by 2030, for the Bonn Challenge, 165,000 hectares of new woodland will be planted. This is part of Scotland's wider ambitions to increase woodland cover from 18% to 21% by 2032delivering a greater level of carbon sequestration with around 10MtCO2e of emissions being soaked up each year up to 2032 - some 130 Million tonnes of C02eincreasing the annual woodland creation target of 10,000 hectares a year to 15,000 hectares by 2024/25a commitment to improve the condition and extent of native woodlands - delivering a target to ensure 3,000 to 5,000 hectares of new native woodland is established each year.Complementary actions include:Increasing the use of Scottish wood products in construction from 2.2 million cubic metres to 3 million cubic metres by 2031/32Publishing a new Forestry Strategy for Scotland that has Sustainable Forest Management at its core and will support its ambitions for forestry restoration through woodland expansionWorking with the forest industries to double the current economic contribution to Scotland from forestry to £2 billion each year by 2030."
2025 Disclosure Cycle,779465,CDP,72902,Scotland,States & Regions,UKWW,United Kingdom,Public,Q10.6.1,Please provide the details of the global initiatives or conventions your region participates in.,4,Row 4,Other: UNFCCC and the Glasgow Leaders Declaration on Forests and Landuse (GLD),"On 2 November 2021, the Glasgow Declaration on Forests and Land Use was announced at the twenty-sixth UN Climate Change Conference of the Parties (COP26). Signed by 100 countries, representing 85% of the globe's forested land, the declaration issues a pledge to end or reduce deforestation by 2030. "
2025 Disclosure Cycle,779465,CDP,72923,Autonomous Community of Andalusia,States & Regions,Europe,Spain,Public,Q10.6.1,Please provide the details of the global initiatives or conventions your region participates in.,1,Row 1,Sustainable Development Goals,"Andalucía participa en iniciativas y proyectos que alinean sus políticas (incluida la gestión de montes) con los ODS — por ejemplo acciones en el marco de plataformas de cooperación subnacional y proyectos como Catalyst 2030 y RegionsAdapt/Regions4 que conectan ODS, clima y naturaleza."
2025 Disclosure Cycle,779465,CDP,72923,Autonomous Community of Andalusia,States & Regions,Europe,Spain,Public,Q10.6.1,Please provide the details of the global initiatives or conventions your region participates in.,2,Row 2,World Heritage Convention,Como parte del Estado español que firma la convención https://lajunta.es/163y4
2025 Disclosure Cycle,779465,CDP,72923,Autonomous Community of Andalusia,States & Regions,Europe,Spain,Public,Q10.6.1,Please provide the details of the global initiatives or conventions your region participates in.,3,Row 3,Other: Regions4 / RegionsAdapt,"Andalucía se adhiere a esta organización internacional, Regions4 es una entidad que da voz a los gobiernos regionales en los foros globales (como las Naciones Unidas o la Unión Europea) sobre cambio climático, biodiversidad y desarrollo sostenible."
2025 Disclosure Cycle,779465,CDP,72923,Autonomous Community of Andalusia,States & Regions,Europe,Spain,Public,Q10.6.1,Please provide the details of the global initiatives or conventions your region participates in.,4,Row 4,Other: LIFE CO2RK,"LIFE CO2RK busca crear un marco operativo que dirija proyectos de compensación de emisiones en bosques de fagáceas en Europa, partiendo del alcornocal como referencia. Pretende así cuantificar y demostrar el potencial del alcornocal en la mitigación del cambio climático, para promocionar así el corcho como producto reservorio de carbono. "
2025 Disclosure Cycle,779465,CDP,73171,Goias,States & Regions,Latin America,Brazil,Public,Q10.6.1,Please provide the details of the global initiatives or conventions your region participates in.,1,Row 1,REDD+,"Estamos comprometidos em até dois anos implementar o Programa Estadual de REDD+ para coordenar, acompanhar e monitorar ações e projetos de redução e remoção de emissões e estratégias de captação de pagamento por resultados e alocação de incentivos. O Programa poderá registrar, verificar e emitir créditos de redução e remoção de emissões em escala jurisdicional a partir de padrões com reconhecida integridade ambiental e social, de forma que possam ser utilizados nos mercados de carbono."
2025 Disclosure Cycle,779465,CDP,73179,Rondonia,States & Regions,Latin America,Brazil,Public,Q10.6.1,Please provide the details of the global initiatives or conventions your region participates in.,2,Row 2,Rio Branco Declaration,"O Estado de Rondônia é signatário da Declaração de Rio Branco, como membro da Força Tarefa dos Governadores pelo Clima e Florestas. "
2025 Disclosure Cycle,779465,CDP,73179,Rondonia,States & Regions,Latin America,Brazil,Public,Q10.6.1,Please provide the details of the global initiatives or conventions your region participates in.,3,Row 3,New York Declaration on Forests,"O Estado é signatário da Declaração de Nova York, e vem atuando em parceria via MOUnder 2, The Climate Group. "
2025 Disclosure Cycle,779465,CDP,74215,Misiones,States & Regions,Latin America,Argentina,Public,Q10.6.1,Please provide the details of the global initiatives or conventions your region participates in.,1,Row 1,REDD+,"El programa REDD+ JNR de la Provincia de Misiones es una iniciativa a escala provincial (jurisdiccional) diseñada para reducir las emisiones de gases de efecto invernadero causadas por la deforestación y la degradación de los bosques nativos.\n\nSu nombre oficial es Programa Jurisdiccional REDD+ ECO2, y utiliza una metodología específica para lograr sus objetivos.\n\nAquí te detallo los puntos clave:\n\n¿Qué significan las siglas?\nREDD+: Es un acrónimo de las Naciones Unidas que significa \'Reducción de Emisiones por Deforestación y Degradación de los bosques\'. El \'+\' incluye además la conservación, el manejo sostenible de los bosques y el aumento de las reservas de carbono forestal.\n\nJNR: Significa \'Jurisdictional and Nested REDD+\' (REDD+ Jurisdiccional y Anidado). Esta es una metodología específica, administrada por la organización internacional Verra (que es una de las principales certificadoras de créditos de carbono del mundo).\n\nJurisdiccional: Significa que el programa se aplica a toda la provincia de Misiones como una única jurisdicción, en lugar de a proyectos individuales y aislados.\n\nAnidado: Permite que proyectos de carbono más pequeños, si existieran, puedan \'anidarse\' o integrarse dentro del marco provincial más grande.\n\n¿Cuál es el objetivo principal del programa?\nEl objetivo central es cuantificar la reducción de emisiones que Misiones logra al evitar la deforestación y la degradación de la selva misionera.\n\nEstas reducciones de emisiones verificadas se convierten en créditos de carbono, que luego pueden ser vendidos en los mercados voluntarios de carbono a empresas u organizaciones que buscan compensar su propia huella de carbono.\n\n¿Cómo funciona?\nMedición: La provincia mide y verifica (a través de la metodología JNR de Verra) cuántas toneladas de CO2 se dejaron de emitir gracias a sus políticas activas de protección de los bosques.\n\nCertificación: Verra certifica esas reducciones como créditos de carbono.\n\nComercialización: Esos créditos se venden en el mercado voluntario internacional.\n\nDistribución de Beneficios: Los ingresos generados por la venta de estos créditos se utilizan para financiar el propio programa y se distribuyen a través de un Mecanismo de Distribución de Beneficios (MDB).\n\n¿Quiénes se benefician?\nLos fondos obtenidos se destinan a fortalecer la política provincial de conservación y a compensar a quienes protegen activamente el bosque, incluyendo:\n\nPropietarios privados de tierras con bosques nativos.\n\nPequeños productores.\n\nComunidades de pueblos originarios (Guaraníes).\n\nEstos fondos ayudan a financiar actividades clave como la prevención de incendios forestales, la lucha contra la tala ilegal y el cambio de uso de suelo no autorizado, y la promoción de actividades productivas sostenibles."
2025 Disclosure Cycle,779465,CDP,74215,Misiones,States & Regions,Latin America,Argentina,Public,Q10.6.1,Please provide the details of the global initiatives or conventions your region participates in.,2,Row 2,Sustainable Development Goals,"La coordinación central de los ODS en Misiones recae en el Ministerio de Coordinación General de Gabinete. Este ministerio gestiona la \'Mesa Provincial de los ODS\'.\n\nEsta \'Mesa\' no es un organismo aislado, sino el principal espacio de articulación donde se reúnen:\n\nTodos los ministerios y organismos del Poder Ejecutivo (como el Ministerio de Cambio Climático, el de Ecología, el de Salud, etc.).\n\nRepresentantes de los otros poderes del Estado (Legislativo y Judicial).\n\nActores de la sociedad civil, el sector privado y la academia.\n\nSu función es asegurar que las políticas públicas de todas las áreas del gobierno estén alineadas con los 17 Objetivos de Desarrollo Sostenible.\n\nMisiones implementa los ODS principalmente a través de una estrategia de \'localización\' o \'territorialización\' de las metas. Esto significa tomar los 17 objetivos globales y adaptarlos a la realidad y las prioridades de la provincia.\n\nAsí es como funciona el proceso:\n\nMarco Legal: La provincia se adhirió formalmente a la Agenda 2030 mediante leyes provinciales (como la Ley XVI - N° 153). Esto le da un marco legal y obligatorio al cumplimiento de los ODS.\n\nTrabajo en Mesas Sectoriales: La \'Mesa Provincial\' general se divide en mesas de trabajo temáticas (Social, Económica, Ambiental) para ser más operativa.\n\nAlineación de Políticas: Cada ministerio debe identificar cómo sus acciones y programas contribuyen a metas específicas de los ODS.\n\nTu consulta anterior sobre el Programa REDD+ es un ejemplo perfecto. Ese programa es una acción concreta del Ministerio de Cambio Climático y el Ministerio de Ecología que responde directamente al ODS 13 (Acción por el Clima) y al ODS 15 (Vida de ecosistemas terrestres).\n\n\'Localización\' Municipal: El gobierno provincial asiste técnicamente a los municipios para que ellos también puedan \'localizar\' los ODS, creando sus propios planes estratégicos alineados con la Agenda 2030.\n\nMonitoreo y Reporte: La provincia trabaja en el desarrollo de sus propios indicadores para medir el avance en el cumplimiento de las metas, adaptando los indicadores globales a la realidad misionera.\n\nCapacitación: Se realizan capacitaciones obligatorias para todos los funcionarios públicos sobre desarrollo sostenible y cambio climático, en el marco de la Ley Yolanda (a la cual Misiones adhirió).\n\nPor lo tanto, Misiones no tiene una sola \'oficina de ODS\', sino una estructura de gobernanza transversal liderada por el Ministerio de Coordinación de Gabinete para asegurar que todo el gobierno trabaje en sintonía con la Agenda 2030."
2025 Disclosure Cycle,779465,CDP,74215,Misiones,States & Regions,Latin America,Argentina,Public,Q10.6.1,Please provide the details of the global initiatives or conventions your region participates in.,3,Row 3,Other: Red trinacional de restautación,"El Bosque Atlántico alguna vez cubrió una vasta franja de Brasil, Paraguay y Argentina. Pero ha sido reducido a fragmentos a causa de siglos de tala, expansión agrícola y urbanización, incluido el crecimiento de ciudades como Río de Janeiro y Sao Paulo.\n\nCientos de organizaciones participan activamente en el Pacto por el Bosque Atlántico y la Red Trinacional, un esfuerzo de décadas para proteger y restaurar el bosque en los tres países. Sus iniciativas están creando corredores de vida silvestre para especies en peligro de extinción, como el jaguar y el tití león dorado, asegurando el suministro de agua para las personas y la naturaleza, contrarrestando y construyendo resiliencia al cambio climático y creando miles de empleos.\nhttps://www.decadeonrestoration.org/es/pacto-trinacional-del-bosque-atlantico"
2025 Disclosure Cycle,779465,CDP,74745,Nyandarua County,States & Regions,UKWW,Kenya,Public,Q10.6.1,Please provide the details of the global initiatives or conventions your region participates in.,1,Row 1,Bonn Challenge,The development of Forest and Landscape restoration strategy as guided by the Bonn Challenge and through the AFR100
2025 Disclosure Cycle,779465,CDP,833237,Santa Catarina,States & Regions,Latin America,Brazil,Public,Q10.6.1,Please provide the details of the global initiatives or conventions your region participates in.,1,Row 1,Other: Declaração de Edimburgo,"A Declaração de Edimburgo, iniciativa do Governo da Escócia em parceria com diversas organizações internacionais, foi construída por meio de um movimento participativo e busca expressar anseios, contribuições, demandas e compromissos comuns dos governos locais de todo o mundo na adoção e implementação da agenda pós-2020. \nA Declaração é um instrumento de projeção local e internacional do comprometimento do governo subnacional signatário com a proteção da biodiversidade. Além disso, é um apelo coletivo ao reconhecimento da importância dos governos locais na participação da construção e implementação dos compromissos a serem assumidos pelos governos nacionais durante a COP15, reforçando o papel fundamental que estes governos já desempenham na proteção da biodiversidade e nas ações de planejamento, execução e acompanhamento.\nO impacto do reconhecimento pleiteado pelos governos subnacionais por meio da Declaração de Edimburgo poderá desbloquear e ampliar os recursos necessários para a implementação da agenda pós-2020 no âmbito local, tanto a partir de maior apoio e colaboração transversal entre níveis de governo, da mobilização de recursos financeiros públicos e privados, quanto de uma maior ambição em relação às metas de conservação estipuladas. \nSanta Catarina se tornou signatária em 2022."
2025 Disclosure Cycle,779465,CDP,833237,Santa Catarina,States & Regions,Latin America,Brazil,Public,Q10.6.1,Please provide the details of the global initiatives or conventions your region participates in.,2,Row 2,Other: Coalizão Governadores pelo Clima,"O Governadores pelo Clima reúne 25 governos estaduais que apóiam o cumprimento do Acordo de Paris.\nA aliança foi criada por Alfredo Sirkis, em 2019, para responder à ameaça de retirada do acordo pelo Governo Federal da época. Os governadores envolvidos apresentam inúmeras iniciativas Além disso, participam de consórcios para a obtenção de financiamentos internacionais para seus governos, com o apoio do CBC em importantes frentes. \nSanta Catarina aderiu em outubro de 2020."
2025 Disclosure Cycle,779465,CDP,833237,Santa Catarina,States & Regions,Latin America,Brazil,Public,Q10.6.1,Please provide the details of the global initiatives or conventions your region participates in.,3,Row 3,Other: ICLEI,"ICLEI - Governos Locais pela Sustentabilidade é uma rede global de mais de 2.500 governos locais e regionais comprometida com o desenvolvimento urbano sustentável. Ativos em mais de 130 países, influenciamos as políticas de sustentabilidade e impulsionamos a ação local para o desenvolvimento de baixo carbono, baseado na natureza, equitativo, resiliente e circular. O estado de Santa Catarina é associado ao ICLEI desde 2021."
2025 Disclosure Cycle,779465,CDP,31196,State of Maryland,States & Regions,North America,United States of America,Public,Q10.6.1,Please provide the details of the global initiatives or conventions your region participates in.,1,Row 1,Other: 1 Trillion Trees Initiative,"In 2021, the Maryland General Assembly passed legislation in support of planting and maintaining 5 million native trees in the State by 2031. A key focus of this effort is supporting tree equity through targeted native tree planting in underserved urban communities. This commitment was leveraged as a pledge toward the 1 Trillion Trees Initiative. \n\nIn 2022, Maryland released its final “Plan for Growing 5 Million Trees in Maryland” with the support of the state's Commission for the Innovation and Advancement of Carbon Markets and Sustainable Tree Plantings. https://us.1t.org/pledge/state-of-maryland-growing-five-million-trees-by-2030/\n"
2025 Disclosure Cycle,779465,CDP,72887,State of Connecticut,States & Regions,North America,United States of America,Public,Q10.6.1,Please provide the details of the global initiatives or conventions your region participates in.,1,Row 1,"Other: U.S. Climate Alliance, Natural & Working Lands Group",Regular meetings with U.S. Climate Aliance
2025 Disclosure Cycle,779465,CDP,72890,State of Minnesota,States & Regions,North America,United States of America,Public,Q10.6.1,Please provide the details of the global initiatives or conventions your region participates in.,1,Row 1,"Other: Dual sustainable forest management certification (FSC, SFI)",Forest Stewardship Council certification and Sustainable Forestry Initiative certification. All DNR-managed forest lands are dual certified as sustainably managed through FSC and SFI. Some private forest lands in Minnesota also carry these certifications.
2025 Disclosure Cycle,779465,CDP,72891,State of Hawaii,States & Regions,North America,United States of America,Public,Q10.6.1,Please provide the details of the global initiatives or conventions your region participates in.,2,Row 2,World Heritage Convention,Hawaii includes a number of world heritage sites and hosted the IUCN World Conservation Congress in 2016.
2025 Disclosure Cycle,779465,CDP,72891,State of Hawaii,States & Regions,North America,United States of America,Public,Q10.6.1,Please provide the details of the global initiatives or conventions your region participates in.,3,Row 3,New York Declaration on Forests,"Hawaii's 30th Legislature, 2019 included measure SCR 129 \'engaging, endorsing, accepting, and adopting the New York Declaration on Forests to achieve the United Nations Paris Agreement and the 2030 Agenda for Sustainable Development; specifically sustainable development goal 15, life on land.\'"
2025 Disclosure Cycle,779465,CDP,72895,Wales,States & Regions,UKWW,United Kingdom,Public,Q10.6.1,Please provide the details of the global initiatives or conventions your region participates in.,2,Row 2,World Heritage Convention,AONB and World Heritage sites pertaining to landscapes 
2025 Disclosure Cycle,779465,CDP,72895,Wales,States & Regions,UKWW,United Kingdom,Public,Q10.6.1,Please provide the details of the global initiatives or conventions your region participates in.,3,Row 3,New York Declaration on Forests,MOU with sub regions ( California and Quebec)
2025 Disclosure Cycle,779465,CDP,72895,Wales,States & Regions,UKWW,United Kingdom,Public,Q10.6.1,Please provide the details of the global initiatives or conventions your region participates in.,4,Row 4,Bonn Challenge,"The Bonn Challenge is about an effort to bring 150 million hectares of the world's deforested and degraded land into restoration by 2020, and 350 million hectares by 2030. Welsh Government do have something to contribute to this even if we are not directly signed up to the challenge we are contributing to the delivery under the Convention on Biological Diversity's target in relation "
2025 Disclosure Cycle,779465,CDP,72895,Wales,States & Regions,UKWW,United Kingdom,Public,Q10.6.1,Please provide the details of the global initiatives or conventions your region participates in.,5,Row 5,REDD+,Wales and Africa programme and Plant ! programme 
2025 Disclosure Cycle,779465,CDP,72895,Wales,States & Regions,UKWW,United Kingdom,Public,Q10.6.1,Please provide the details of the global initiatives or conventions your region participates in.,6,Row 6,,Link in to the negotiations.
2025 Disclosure Cycle,779465,CDP,72895,Wales,States & Regions,UKWW,United Kingdom,Public,Q10.6.1,Please provide the details of the global initiatives or conventions your region participates in.,7,Row 7,,Wales for Africa programme and Plant! programme 
2025 Disclosure Cycle,779465,CDP,72901,State of California,States & Regions,North America,United States of America,Public,Q10.6.1,Please provide the details of the global initiatives or conventions your region participates in.,1,Row 1,Other: 2022 Scoping Plan for Achieving Carbon Neutrality,"In November 2022, California approved the 2022 Scoping Plan for Achieving Carbon Neutrality. The 2022 Scoping Plan lays out a path to achieve targets for carbon neutrality and reduce anthropogenic GHG emissions by 85 percent below 1990 levels no later than 2045, as directed by AB 1279 (Muratsuchi, Chapter 337, Statutes of 2022). It includes a quantitative analysis of increased natural and working lands (NWL) actions on forests, shrublands, grasslands, wetlands, agricultural lands, developed lands, and sparsely vegetated lands that can contribute to reduced emissions and increased carbon sequestration. The 2022 Scoping Plan establishes goals for NWL management, quantifies ecological and health benefits from those actions, and takes into account economic costs associated with actions, as required under SB 27 (Skinner, Chapter 237, Statutes of 2021). This NWL analysis, the first of its kind at a jurisdiction scale, addresses NWL in the context of California's climate goals, as part of the international movement to connect land management with climate change as recommended in the IPCC 2018 Special Report on Climate Change and Land. "
2025 Disclosure Cycle,779465,CDP,72901,State of California,States & Regions,North America,United States of America,Public,Q10.6.1,Please provide the details of the global initiatives or conventions your region participates in.,2,Row 2,Other: Technical collaboration with Panama,"Since October 2021, California and Panama have engaged in weekly technical meetings that cover aspects of the California Cap-and-Trade Program related to forests and forest offsets. These in-depth discussions have addressed the rigor of carbon accounting, our tracking system for allowances and offsets, verification accreditation, verification team requirements, implementation of an offsets program, the forest offset protocol itself, and the California Tropical Forest Standard. "
2025 Disclosure Cycle,779465,CDP,72901,State of California,States & Regions,North America,United States of America,Public,Q10.6.1,Please provide the details of the global initiatives or conventions your region participates in.,3,Row 3,Other: 30x30,"In October 2020, Governor Newsom issued the Nature-Based Solutions Executive Order N-82-20, advancing biodiversity conservation as an administration priority and elevating the role of nature in the fight against climate change. As part of this Executive Order, California committed to the goal of conserving 30% of our lands and coastal waters by 2030 (30x30). California's 30x30 initiative is part of an international movement to conserve natural areas across our planet, through which scores of countries have established their own 30x30 commitments. California's initiative seeks to protect and restore biodiversity, expand access to nature, and mitigate and build resilience to climate change. This effort drives and aligns with broader state commitments to advance justice, equity, diversity, and inclusion, strengthen tribal partnerships, and sustain our economic prosperity, clean energy resources, and food supply."
2025 Disclosure Cycle,779465,CDP,72901,State of California,States & Regions,North America,United States of America,Public,Q10.6.1,Please provide the details of the global initiatives or conventions your region participates in.,4,Row 4,Other: Forest Health Memorandum of Understanding,"In December 2018, California, Washington State, and the Canadian Province of British Columbia signed a subnational Memorandum of Understanding (MOU) for the three jurisdictions to collaborate on shared challenges to forest health including climate change, tree mortality, severe wildfire risk, and drought. As Pacific Coast forests face increased threats due to wildfires, drought, invasive pests and diseases, rural economies are among the first to feel the impacts. A key goal of the MOU is to explore ways to expand the market for forest products and promote investments in natural and working lands that increase carbon sequestration and enhance forest resilience."
2025 Disclosure Cycle,779465,CDP,72901,State of California,States & Regions,North America,United States of America,Public,Q10.6.1,Please provide the details of the global initiatives or conventions your region participates in.,5,Row 5,Other: United Nations Convention on Biological Diversity,"In December 2020, the California Natural Resources Agency joined the United Nations discussions on biodiversity as a subnational observer, where California works with partners around the world to deliver solutions to global biodiversity and climate crises."
2025 Disclosure Cycle,779465,CDP,72901,State of California,States & Regions,North America,United States of America,Public,Q10.6.1,Please provide the details of the global initiatives or conventions your region participates in.,6,Row 6,Governors' Climate and Forests (GCF) Task Force,"The Governors' Climate and Forests Task Force (GCF) is a subnational partnership aimed at designing jurisdiction-wide programs that reduce deforestation, benefit local communities, and protect the climate. The GCF commenced in 2008-2009, and now includes 39 states and provinces from around the world including Brazil, Colombia, Ecuador, Indonesia, Ivory Coast, México, Nigeria, Peru, Spain, and the United States. A majority of its members are also signatories of the Under2 MOU. The California Air Resources Board (CARB) continues to engage in discussions with governmental agencies outside of California to share information and experiences about the design of programs aimed to reduce emissions from deforestation and forest degradation, and to evaluate whether and how to align California's policies with those in other jurisdictions. GCF Task Force partners participated in the development process of the Standard and testified in support of the Standard at both Board hearings. The Standard provides a strong signal to value the preservation of tropical forests over continued destructive activities such as oil exploration and extraction, and ensures rigorous social and environmental safeguards for indigenous peoples and local communities. Pursuant to Board direction, CARB will continue to engage with GCF partners on the use of the Standard, CARB will also continue to represent California by sending delegates to international GCF conferences and meetings in the coming years, following on recent convenings in Brazil (March 2022) and Peru (October 2022), CARB will also continue to coordinate and exchange information with GCF partners in the coming year."
2025 Disclosure Cycle,779465,CDP,72901,State of California,States & Regions,North America,United States of America,Public,Q10.6.1,Please provide the details of the global initiatives or conventions your region participates in.,7,Row 7,Other: California Tropical Forest Standard,"In September 2018, The California Air Resources Board (CARB) released a draft California Tropical Forest Standard, which specified criteria to assess jurisdictional sector-based offset crediting programs that reduce emissions from tropical deforestation for immediate use by jurisdictions across the globe that are taking action to reduce greenhouse gas emissions from tropical deforestation. The Board first considered this standard at its November 16, 2018 Board hearing, but did not act on the Standard at that time. Following the Board hearing, CARB continued to assess issues raised by stakeholders and received additional input from members of the Legislature. Based on consideration of these issues and input, CARB updated the Standard, and the Board endorsed the Standard at the September 19, 2019 Board hearing."
2025 Disclosure Cycle,779465,CDP,72920,Autonomous Community of Galicia,States & Regions,Europe,Spain,Public,Q10.6.1,Please provide the details of the global initiatives or conventions your region participates in.,1,Row 1,Sustainable Development Goals,"Galicia lleva trabajando desde 2018 en la consecución de los objetivos sostenibles marcados por la ONU, procurando el cuidado ambiental en todas sus acciones de gobierno. A tal fin, creó en el año 2019 la Comisión Interdepartamental de la Agenda 2030 y ha desarrollado indicadores propios para la evaluación de los ODS. El seguimiento de los mismos permite comprobar el grado de implantación de la Agenda 2030 en Galicia y hacer un análisis de las políticas que se ejecutan en materia de desarrollo sostenible. Además desde el 2021 los presupuestos autonómicos están alineados con ODS."
2025 Disclosure Cycle,779465,CDP,72920,Autonomous Community of Galicia,States & Regions,Europe,Spain,Public,Q10.6.1,Please provide the details of the global initiatives or conventions your region participates in.,2,Row 2,Other: Convenio sobre la diversidad biológica,"En materia de conservación del patrimonio natural y relacionados con la protección forestal, se han suscrito diversos convenios internacionales por parte del Reino de España: \n- Convenio relativo a los Humedales de Importancia Internacional especialmente como Hábitat de Aves Acuáticas, \n- Convenio relativo a la conservación de la vida silvestre y del medio natural en Europa\n- Convención sobre la conservación de las especies migratorias de animales silvestres\n- Convenio sobre la diversidad biológica y el Protocolo de Nagoya sobre acceso a los recursos genéticos y participación justa y equitativa en los beneficios que se deriven de su utilización,\n- CITES: Convención sobre el Comercio Internacional de Especies Amenazadas de Fauna y Flora Silvestres\n- Convención de las Naciones Unidas para la lucha contra la desertificación.\n\n"
2025 Disclosure Cycle,779465,CDP,72920,Autonomous Community of Galicia,States & Regions,Europe,Spain,Public,Q10.6.1,Please provide the details of the global initiatives or conventions your region participates in.,3,Row 3,Other: UNESCO: Reservas de la Biosfera (MaB),"Galicia cuenta con siete Reservas de la Biosfera que representan el 25% del territorio de la Comunidad Autónoma. Además, una de ellas es interautonómica (con Asturias) y otra internacional (con Portugal). Forman parte de ellas una gran cantidad de espacios naturales protegidos pertenecientes a la Red Natura 2000, incluyendo ZECs y ZEPAs, así como varios Monumentos Naturales y espacios protegidos por otras figuras de conservación internacional (RAMSAR). \nEn ellas, se promueve la conservación de los recursos naturales y el desarrollo económico y social de las comunidades locales, habida cuenta todas las necesidades sociales, culturales, económicas de sus pobladores, junto con una función de conocimiento científico y apoyo logístico, para alentar actividades de investigación, educación, formación para la conservación y el desarrollo sostenible."
2025 Disclosure Cycle,779465,CDP,72924,Autonomous Community of Navarre,States & Regions,Europe,Spain,Public,Q10.6.1,Please provide the details of the global initiatives or conventions your region participates in.,2,Row 2,"Other: Navarra es socia del IEFC, Instituto Europeo del Bosque Cultivado y es socia de PEFC, sistema internacional que garantiza la gestión forestal sostenible",
2025 Disclosure Cycle,779465,CDP,72926,Autonomous Community of the Basque Country,States & Regions,Europe,Spain,Public,Q10.6.1,Please provide the details of the global initiatives or conventions your region participates in.,1,Row 1,Other: Forest Europe Growing Life: https://foresteurope.org/,El País Vasco participa en la organización Union of Foresters of Southern Europe como parte de la red de observatorios para el cuidado de los bosques. Se puede consultar más información de manera libre en el link: https://usse-eu.org/es/inicio
2025 Disclosure Cycle,779465,CDP,72927,Autonomous Community of Catalonia,States & Regions,Europe,Spain,Public,Q10.6.1,Please provide the details of the global initiatives or conventions your region participates in.,2,Row 2,Sustainable Development Goals,"Cataluña es miembro del Comité Asesor de Gobiernos Subnacionales (AC SNG), uno de los dos órganos asesores de la Alianza Global para la Acción Local y Subnacional en Biodiversidad. El otro es el Comité Asesor de la Ciudad. La Asociación, en el marco del Convenio de las Naciones Unidas sobre la Diversidad Biológica (CDB), da voz a las administraciones subestatales en el ámbito de la conservación del patrimonio natural y la biodiversidad. Cataluña, con el impulso de resoluciones en el marco de la Unión Internacional para la Conservación de la Naturaleza (UICN), y también a través de la Red Regions4, promueve activamente este reconocimiento a escala internacional. El principal objetivo del Plan Nacional para la implementación del La Agenda 2030 en Cataluña es garantizar que se cumplan los 17 Objetivos de Desarrollo Sostenible (ODS) de la Agenda 2030, a través de políticas impulsadas y gestionadas por la Generalitat de Catalunya. El Plan también pretende contribuir a la consecución de los ODS a escala global, fortaleciendo it El compromiso de Cataluña con la comunidad internacional.\n\nhttp://cads.gencat.cat/web/.content/00_agenda_2030/Memoria-Pla-nacional-Agenda-2030.pdf"
2025 Disclosure Cycle,779465,CDP,72953,Autonomous Region of the Azores,States & Regions,Europe,Portugal,Public,Q10.6.1,Please provide the details of the global initiatives or conventions your region participates in.,1,Row 1,Other: Forest Stewardship Council since 2014,"The Government of the Azores, through the Forestry Services, began implementing a global initiative for responsible forestry management in public areas in 2014, promoting this initiative to private owners and entrepreneurs to form part of the chain of custody."
2025 Disclosure Cycle,779465,CDP,72958,Autonomous Region of Madeira,States & Regions,Europe,Portugal,Public,Q10.6.1,Please provide the details of the global initiatives or conventions your region participates in.,1,Row 1,,"A Região Autónoma da Madeira participa em iniciativas globais de conservação florestal, nomeadamente através do compromisso nacional com a Declaração dos Líderes de Glasgow sobre Florestas e Uso da Terra, no âmbito da UNFCCC.\nA nível regional, destacam-se projetos como o Projeto REGIS, financiado pelo programa europeu PRODERAM, que promove a conservação genética de espécies florestais nativas. A região também integra a Rede Natura 2000, contribuindo para a proteção de ecossistemas florestais de elevado valor ecológico."
2025 Disclosure Cycle,779465,CDP,72994,Cross River State,States & Regions,UKWW,Nigeria,Public,Q10.6.1,Please provide the details of the global initiatives or conventions your region participates in.,2,Row 2,Governors' Climate and Forests (GCF) Task Force,periodic biodiversity assessment and studies on anthropogenic impact on status trend in forest regeneration
2025 Disclosure Cycle,779465,CDP,72994,Cross River State,States & Regions,UKWW,Nigeria,Public,Q10.6.1,Please provide the details of the global initiatives or conventions your region participates in.,3,Row 3,Sustainable Development Goals, focus on degraded forest land restoration under Sustainable fuelwood management for fuelwood and clean energy cook stove
2025 Disclosure Cycle,779465,CDP,72994,Cross River State,States & Regions,UKWW,Nigeria,Public,Q10.6.1,Please provide the details of the global initiatives or conventions your region participates in.,4,Row 4,REDD+,"done with readiness phrase, preparing for the investment"
2025 Disclosure Cycle,779465,CDP,72994,Cross River State,States & Regions,UKWW,Nigeria,Public,Q10.6.1,Please provide the details of the global initiatives or conventions your region participates in.,5,Row 5,Rio Branco Declaration,signatory and working out strategy for implementation
2025 Disclosure Cycle,779465,CDP,73013,Campeche,States & Regions,Latin America,Mexico,Public,Q10.6.1,Please provide the details of the global initiatives or conventions your region participates in.,1,Row 1,REDD+,"La estretegia es esfuerzo de cooperación único para promover el tránsito hacia una política integral de mitigación y desarrollo económico con bajas emisiones, así mismo se constituye como un instrumento de ordenamiento y gestión del territorio que permita establecer el aprovechamiento sustentable de los recursos naturales y promueva la participación, la responsabilidad y la prosperidad de las comunidades incluyendo a los grupos más vulnerables y marginados de la geografía estatal."
2025 Disclosure Cycle,779465,CDP,73013,Campeche,States & Regions,Latin America,Mexico,Public,Q10.6.1,Please provide the details of the global initiatives or conventions your region participates in.,4,Row 4,Governors' Climate and Forests (GCF) Task Force,"Conjuntar esfuerzos estatales para promover el desarrollo rural de bajas emisiones, la conservación de los bosques, y la reducción de la deforestación y degradación forestal a través del intercambio de mejores prácticas, la colaboración entre gobiernos subnacionales y la movilización de financiamiento para impulsar una economía forestal sostenible. Sus acciones incluyen la mejora de la gobernanza forestal, la creación de mecanismos de pago por servicios ambientales, el apoyo a comunidades locales e indígenas, y la influencia en políticas climáticas nacionales e internacionales. Campeche es miembro desde el año 2011."
2025 Disclosure Cycle,779465,CDP,73013,Campeche,States & Regions,Latin America,Mexico,Public,Q10.6.1,Please provide the details of the global initiatives or conventions your region participates in.,5,Row 5,Sustainable Development Goals,El Gobierno del Estado de Campeche alineo su Plan Estatal de Desarrollo a los Objetivos de Desarrollo Sostenible
2025 Disclosure Cycle,779465,CDP,73013,Campeche,States & Regions,Latin America,Mexico,Public,Q10.6.1,Please provide the details of the global initiatives or conventions your region participates in.,6,Row 6,Other: Manaos Action Plan,"Con el Plan de Acción de Manaos, los gobiernos subnacionales renovamos nuestros compromisos de reducir la deforestación en un ochenta por ciento respecto a los niveles actuales para 2030 si se dispone de financiación y apoyo suficientes a largo plazo. También estamos renovando nuestro compromiso de proporcionar una parte sustancial de cualquier financiación de pago por resultados que recibamos a los Pueblos Indígenas y Comunidades Locales (IPLC) dentro de nuestros estados y provincias. Y reafirmamos nuestra adhesión a los Principios Rectores de la Colaboración y la Asociación entre los Gobiernos Subnacionales, los Pueblos Indígenas y las Comunidades Locales, y subrayamos nuestro firme compromiso de colaborar con los representantes de los Pueblos Indígenas y las Comunidades Locales para crear procesos conjuntos que nos permitan asociarnos en el diseño y la aplicación de nuestros programas jurisdiccionales. "
2025 Disclosure Cycle,779465,CDP,73013,Campeche,States & Regions,Latin America,Mexico,Public,Q10.6.1,Please provide the details of the global initiatives or conventions your region participates in.,7,Row 7,RegionsWithNature,"Esta red que lidera ICLEI, formamos parte desde nuestra participación en la red de gobiernos Regions4, cuyo fin es apoyar a gobiernos y otras partes interesadas para mejorar la restauración de ecosistemas, conservar la biodiversidad, impulsar soluciones basadas en la naturaleza y fortalecer la gobernanza multinivel para la protección de la naturaleza. Esta iniciativa busca conectar a las comunidades con la naturaleza y promover un mundo más sostenible, abordando así la triple crisis planetaria de pérdida de biodiversidad, cambio climático y contaminación. Estamos en la fase de prueba para incorporarnos en la plataforma digital."
2025 Disclosure Cycle,779465,CDP,73013,Campeche,States & Regions,Latin America,Mexico,Public,Q10.6.1,Please provide the details of the global initiatives or conventions your region participates in.,8,Row 8,,"Declaración de Nueva York sobre los Bosques. Campeche comparte la visión de desacelerar, detener y revertir la pérdida global de bosques mientras se mejora, al mismo tiempo, la seguridad alimentaria para todos. La reducción de las emisiones provenientes de la deforestación y el aumento de la restauración forestal son de extrema importancia para limitar el calentamiento global a 2°C por todas estas razones nos sumamos a la declaración y alineamos nuestras acciones en materia forestal para abonar al cumplimiento de la meta global."
2025 Disclosure Cycle,779465,CDP,73014,Quintana Roo,States & Regions,Latin America,Mexico,Public,Q10.6.1,Please provide the details of the global initiatives or conventions your region participates in.,1,Row 1,Bonn Challenge,"El Gobierno del Estado de Quintana Roo define su compromiso para lograr la meta de restauración de 700,000 hectáreas para el año 2030, promoviendo la integración de financiamiento público federal, estatal y de la iniciativa privada nacional e internacional en el marco de una estrategia de restauración definida a través de la evaluación de las oportunidades de restauración."
2025 Disclosure Cycle,779465,CDP,73018,Aguascalientes,States & Regions,Latin America,Mexico,Public,Q10.6.1,Please provide the details of the global initiatives or conventions your region participates in.,1,Row 1,Sustainable Development Goals,"Aguascalientes está alineando sus esfuerzos con varios Objetivos de Desarrollo Sostenible (ODS), especialmente en lo que se refiere a la conservación de bosques. Aquí te detallo la participación de Aguascalientes en relación a los ODS pertinentes:\n\nODS 15: Vida de Ecosistemas Terrestres\nConservación de bosques: Aguascalientes ha implementado programas de reforestación que buscan restaurar áreas degradadas y aumentar la cobertura forestal.\n\nManejo sostenible: Se promueve el uso sostenible de los recursos forestales, fomentando prácticas agrícolas que reduzcan el impacto en los ecosistemas forestales.\n\nÁreas naturales protegidas: Se han creado y mantenido áreas naturales protegidas para salvaguardar la biodiversidad y los servicios ecosistémicos que los bosques proporcionan.\n\nODS 4: Educación de Calidad\nEducación ambiental: Se llevan a cabo programas de educación ambiental en escuelas y comunidades, enfocándose en la importancia de los bosques y la conservación de la biodiversidad.\n\nODS 13: Acción por el Clima\nMitigación del cambio climático: A través de la reforestación y la conservación de bosques, Aguascalientes está contribuyendo a la captura de carbono y la mitigación de los efectos del cambio climático.\n\nODS 17: Alianzas para Lograr los Objetivos\nColaboración interinstitucional: Aguascalientes trabaja en colaboración con ONGs, universidades y el sector privado para llevar a cabo proyectos de conservación y desarrollo sostenible.\n\nODS 11: Ciudades y Comunidades Sostenibles\nEspacios verdes en áreas urbanas: Se promueve la creación y mantenimiento de espacios verdes y áreas boscosas en el entorno urbano, mejorando la calidad de vida de los habitantes."
2025 Disclosure Cycle,779465,CDP,73019,Yucatan,States & Regions,Latin America,Mexico,Public,Q10.6.1,Please provide the details of the global initiatives or conventions your region participates in.,1,Row 1,Other: Marco de Biodiversidad de Kunming-Montreal,Para el año 2030 el 30% del territorio del estado deberá ser considerado Área Natural Protegida
2025 Disclosure Cycle,779465,CDP,73019,Yucatan,States & Regions,Latin America,Mexico,Public,Q10.6.1,Please provide the details of the global initiatives or conventions your region participates in.,2,Row 2,Governors' Climate and Forests (GCF) Task Force,"En el año 2022, el gobernador de Yucatán, Mauricio Vila Dosal, resultó elegido como presidente del Grupo de Trabajo de Gobernadores sobre Clima, Selvas y Bosques (GCF), durante la 12 Reunión Anual de ese organismo que se llevó a cabo en la ciudad de Manaos, Amazonas, Brasil, en la que participan los representantes de América, Asia, Europa y África. En la segunda jornada de actividades de este encuentro internacional, Vila Dosal y el resto de los integrantes del GCF también firmaron el Plan de Acción de Manaos, documento que ha identificado los objetivos y problemáticas en común y que se transformaron en componentes, líneas de acción y presupuesto para que sirva de guía para el sector forestal."
2025 Disclosure Cycle,779465,CDP,73019,Yucatan,States & Regions,Latin America,Mexico,Public,Q10.6.1,Please provide the details of the global initiatives or conventions your region participates in.,3,Row 3,New York Declaration on Forests,"Yucatán se adhiere al compromiso de colaborar en la reducción de la deforestación global, destacando acciones en el marco de la Declaración Forestal de Nueva York, enfocadas en reducir al menos a la mitad la tasa de pérdida de bosques naturales al año 2020 y terminar por completo con su pérdida en 2030; apoyando y ayudando al objetivo del sector privado de eliminar la deforestación como parte de la producción de productos agrícolas como el aceite de palma, la soja, el papel o la carne vacuna a más tardar en 2020; y brindar alternativas para poner fin a la deforestación causada por necesidades básicas, como la agricultura de subsistencia y el uso de leña como combustible, de manera que alivien la pobreza y promuevan el desarrollo sostenible y equitativo; fortaleciendo la gobernanza forestal, la transparencia y el estado de derecho al tiempo que se empodera a las comunidades y se reconocen los derechos de los pueblos indígenas, especialmente aquellos relacionados con sus tierras y recursos."
2025 Disclosure Cycle,779465,CDP,73019,Yucatan,States & Regions,Latin America,Mexico,Public,Q10.6.1,Please provide the details of the global initiatives or conventions your region participates in.,4,Row 4,Bonn Challenge,"El Gobierno impulsa la alineación de los programas estatales y federales a las metas del Bonn Challenge, con el compromiso de restaurar 550.000 ha hasta 2030, promoviendo la integración del financiamiento público y privado."
2025 Disclosure Cycle,779465,CDP,73019,Yucatan,States & Regions,Latin America,Mexico,Public,Q10.6.1,Please provide the details of the global initiatives or conventions your region participates in.,5,Row 5,Rio Branco Declaration,"Yucatán se alinea al compromiso de reducir significativamente la deforestación, bajo la colaboración de gobiernos, socios y el sector privado del GCF para el logro de cadenas de suministro de deforestación neta cero que permitan la implementación del programa jurisdiccional REDD+ ; asegurar la distribución de los beneficios a las comunidades dependientes de los bosques, los pequeños agricultores y los pueblos indígenas."
2025 Disclosure Cycle,779465,CDP,73019,Yucatan,States & Regions,Latin America,Mexico,Public,Q10.6.1,Please provide the details of the global initiatives or conventions your region participates in.,6,Row 6,REDD+,"El estado de Yucatán participa en REDD+ mediante un enfoque jurisdiccional alineado con la Estrategia Nacional REDD+ de México. Impulsa acciones de conservación forestal, reducción de deforestación y degradación, y desarrollo rural sustentable. Integra sistemas de Monitoreo, Reporte y Verificación (MRV) y busca financiamiento climático internacional"
2025 Disclosure Cycle,779465,CDP,73019,Yucatan,States & Regions,Latin America,Mexico,Public,Q10.6.1,Please provide the details of the global initiatives or conventions your region participates in.,7,Row 7,Sustainable Development Goals,"La pasada administración estatal (2018 - 2024) trabajó en incorporar los ODS en su plan estatal de gobierno, mismos que se continúan implementando a través del actual Plan Estatal de Desarrollo (2024 - 2030): Visión del Renacimiento Maya, el cual incluye metas y componentes que incorporan una visión sostenible y equitativa."
2025 Disclosure Cycle,779465,CDP,73019,Yucatan,States & Regions,Latin America,Mexico,Public,Q10.6.1,Please provide the details of the global initiatives or conventions your region participates in.,8,Row 8,LEAF Coalition,"La LEAF Coalition (Lowering Emissions by Accelerating Forest finance) es una alianza público-privada internacional que canaliza financiamiento climático a gran escala para reducir emisiones por deforestación y degradación. Apoya programas jurisdiccionales bajo estándares como ART TREES, garantizando integridad ambiental, transparencia y beneficios sociales para comunidades locales e indígenas. Actualmente el estado se encuentra en proceso de certificación bajo el estándar ART-TREES\n"
2025 Disclosure Cycle,779465,CDP,73023,Jalisco,States & Regions,Latin America,Mexico,Public,Q10.6.1,Please provide the details of the global initiatives or conventions your region participates in.,1,Row 1,REDD+,"Jalisco inicio su proceso con las acciones tempranas REDD+ en 2010, su Estrategia Estatal REDD+ fue publicada en el 2021."
2025 Disclosure Cycle,779465,CDP,73023,Jalisco,States & Regions,Latin America,Mexico,Public,Q10.6.1,Please provide the details of the global initiatives or conventions your region participates in.,2,Row 2,Other: NAMA de Ganadería Sustentable y de Bajas Emisiones en Condiciones de Pastoreo,"Se desarrolla a través del Instituto Interamericano de Cooperación para la Agricultura (IICA), para contribuir a incrementar la productividad y competitividad del sector ganadero y a la vez conservar el capital natural del Estado de Jalisco, es un mecanismo voluntario de control de emisiones y buenas prácticas en la ganadería (RN-SEMADET). "
2025 Disclosure Cycle,779465,CDP,73023,Jalisco,States & Regions,Latin America,Mexico,Public,Q10.6.1,Please provide the details of the global initiatives or conventions your region participates in.,3,Row 3,Other: Reducción en las emisiones del sector forestal por deforestación y degradación,"La Iniciativa de Reducción de Emisiones (IRE) es una propuesta presentada por México ante el Fondo Cooperativo para el Carbono de los Bosques (FCPF, por sus siglas en inglés) como la principal iniciativa nacional en este tema, al tiempo que se pilotea el modelo de intervención en cinco estados del país, entre ellos Jalisco. La IRE busca proveer incentivos positivos para reducir las emisiones de gases de efecto invernadero (GEI), al tiempo que se protegen los bosques, se conserva la biodiversidad y se mejoran los medios de vida de poblaciones indígenas y comunidades locales dependientes de los bosques (RN-SEMADET). "
2025 Disclosure Cycle,779465,CDP,73023,Jalisco,States & Regions,Latin America,Mexico,Public,Q10.6.1,Please provide the details of the global initiatives or conventions your region participates in.,6,Row 6,Other: Protección de Bosques Tropicales,"El Grupo de Trabajo de Gobernadores Sobre el Clima y los Bosques (GCF Task Force) reafirmó que trabaja para proteger los bosques tropicales, reducir las emisiones derivadas de la deforestación y la degradación de los bosques, y promover vías realistas para el desarrollo rural conservando los ecosistemas. Tal cual como se mencionó en la declaración de Río Branco en Brasil “Estamos comprometidos a reducir significativamente las emisiones a condición de que la financiación basada en el rendimiento sea adecuada, suficiente y esté disponible a largo plazo, ya sea a través de fuentes mercantiles o no. Si se garantiza esta financiación, nos comprometemos a reducir la deforestación en un 80% en 2020.” Jalisco es el coordinador regional de la mesa agropecuaria del GCF Task Force (RN-SEMADET)."
2025 Disclosure Cycle,779465,CDP,73023,Jalisco,States & Regions,Latin America,Mexico,Public,Q10.6.1,Please provide the details of the global initiatives or conventions your region participates in.,7,Row 7,Other: Mecanismo de donación dedicado para pueblos indígenas y comunidades locales en México,"Consta de tres componentes: Mecanismo de Financiamiento para el manejo comunitario del bosque; Fortalecimiento de capacidades, comunicación y la abogacía; y Administración, Monitoreo y Evaluación. Los principales beneficiarios son los estados que se encuentran operando las Áreas de Acción Temprana REDD+ (Jalisco, Oaxaca, Campeche, Yucatán y Quintana Roo). El proyecto es financiado por el Banco Mundial y operado por Rainforest Alliance (RN-SEMADET)"
2025 Disclosure Cycle,779465,CDP,73025,Tabasco,States & Regions,Latin America,Mexico,Public,Q10.6.1,Please provide the details of the global initiatives or conventions your region participates in.,1,Row 1,REDD+,Cuenta con su Estrategia Estatal REDD+
2025 Disclosure Cycle,779465,CDP,73025,Tabasco,States & Regions,Latin America,Mexico,Public,Q10.6.1,Please provide the details of the global initiatives or conventions your region participates in.,2,Row 2,Rio Branco Declaration,"Tabasco se encuentra trabajando en cumplir con esta declaración, cuya meta es reducir en 80% la deforestación. Por ello se esta desarrollando la Estrategia Estatal REDD+ Tabasco. En los primeros resultados del monitoreo de la vegetación se ha visto que hay ganancia de vegetación derivada de las plantaciones forestales en el territorio estatal. La meta es lograr una tasa 0% deforestación en 2030."
2025 Disclosure Cycle,779465,CDP,73027,Chiapas,States & Regions,Latin America,Mexico,Public,Q10.6.1,Please provide the details of the global initiatives or conventions your region participates in.,1,Row 1,Governors' Climate and Forests (GCF) Task Force,"Firmada el 11 de agosto de 2014 en la VIII Reunion Anual del Grupo de Trabajo de Gobernadores por el Clima y Bosques (GCF), Chiapas se compromete a reducir el 80% de la tasa de deforestación con respecto a la línea base."
2025 Disclosure Cycle,779465,CDP,73027,Chiapas,States & Regions,Latin America,Mexico,Public,Q10.6.1,Please provide the details of the global initiatives or conventions your region participates in.,2,Row 2,Bonn Challenge,La Secretaria de Medio Ambiente e Historia Natural (SEMAHN) del Gobierno del Estado de Chiapas y la Unión Internacional para la Conservación de la Naturaleza (UICN) llevan a cabo el diseño de una estrategia funcional de restauración del paisaje con un enfoque que fomenta la productividad lo que facilita el cumplimiento de los compromisos asumidos en diferentes acuerdos internacionales a nivel nacional para Chiapas es restaurar 0.17 mil ha deforestadas para 2020 y 0.18 para el 2030.
2025 Disclosure Cycle,779465,CDP,73027,Chiapas,States & Regions,Latin America,Mexico,Public,Q10.6.1,Please provide the details of the global initiatives or conventions your region participates in.,3,Row 3,Sustainable Development Goals,Chiapas integra en su Plan Estatal de Desarrollo Chiapas 2019-2024 la atención y el compromiso del cumplimiento a los Objetivos de Desarrollo Sostenible
2025 Disclosure Cycle,779465,CDP,73027,Chiapas,States & Regions,Latin America,Mexico,Public,Q10.6.1,Please provide the details of the global initiatives or conventions your region participates in.,4,Row 4,Rio Branco Declaration,"Firmada el 11 de agosto de 2014 en la VIII Reunion Anual del Grupo de Trabajo de Gobernadores por el Clima y Bosques (GCF), Chiapas se compromete a reducir el 80% de la tasa de deforestación con respecto a la línea base."
2025 Disclosure Cycle,779465,CDP,73027,Chiapas,States & Regions,Latin America,Mexico,Public,Q10.6.1,Please provide the details of the global initiatives or conventions your region participates in.,5,Row 5,REDD+,"Chiapas es parte del programa desde el año 2011 y se han alineado políticas publicas para su desarrollo e implementación, se han fortalecido capacidades y llevado acciones tempranas. Se adoptó a REDD como desarrollo rural sostenible. Se cuenta con una estrategia estatal REDD y una ley para la adaptación y mitigación ante el cambio climático que considera a REDD, así mismo se crearon la comisión de coordinación intersecretarial, un grupo consultivo de cambio climático y grupos de trabajo como MRV, CTC-REDD, Ganadería sostenible "
2025 Disclosure Cycle,779465,CDP,73051,East Kalimantan,States & Regions,South East Asia & Oceania,Indonesia,Public,Q10.6.1,Please provide the details of the global initiatives or conventions your region participates in.,1,Row 1,Other: Under 2 Coallition,Endorsers of the U2MOU https://www.under2coalition.org/members 
2025 Disclosure Cycle,779465,CDP,73051,East Kalimantan,States & Regions,South East Asia & Oceania,Indonesia,Public,Q10.6.1,Please provide the details of the global initiatives or conventions your region participates in.,2,Row 2,Rio Branco Declaration,Endorsers of the Rio Branco Declaration (https://earthinnovation.org/wp-content/uploads/2014/10/RioBrancoDeclaration_EN.pdf)
2025 Disclosure Cycle,779465,CDP,73051,East Kalimantan,States & Regions,South East Asia & Oceania,Indonesia,Public,Q10.6.1,Please provide the details of the global initiatives or conventions your region participates in.,3,Row 3,Other: GCF Task Force,Members of the Governors' Climate and Forests Task Force (GCF) https://www.gcftf.org/member-states
2025 Disclosure Cycle,779465,CDP,73051,East Kalimantan,States & Regions,South East Asia & Oceania,Indonesia,Public,Q10.6.1,Please provide the details of the global initiatives or conventions your region participates in.,4,Row 4,World Heritage Convention,Currently proposing and included in the tentative list
2025 Disclosure Cycle,779465,CDP,73051,East Kalimantan,States & Regions,South East Asia & Oceania,Indonesia,Public,Q10.6.1,Please provide the details of the global initiatives or conventions your region participates in.,5,Row 5,Forest Carbon Partnership Facility,"Currently, East Kalimantan Province is implementing a performance-based emission reduction program from deforestation and land degradation in the forest carbon partnership facility carbon fund (FCPF-CF) scheme.\n\nhttps://www.forestcarbonpartnership.org/country/indonesia"
2025 Disclosure Cycle,779465,CDP,73064,West Kalimantan,States & Regions,South East Asia & Oceania,Indonesia,Public,Q10.6.1,Please provide the details of the global initiatives or conventions your region participates in.,1,Row 1,Other: Manaus Action Plan,"Manaus Action Plan is part of the commitment under GCF TF. This initiative aimed to reduce emission from deforestation and degradation, 80% from the current level emission by 2030. There 6 pillar to implement MAP. Those are: (1) Facilitation of communication/stakeholder forum; (2) support for the development of jurisdictional model and low carbon plan; (3) support for innovative sustainable financing schemes; (4) support for REDD+ monitoring system; (5) Steering Committee on Sustainable Agriculture (SCAI); (6) Steering Committee on Indigenous People and Local Community (IPLC)."
2025 Disclosure Cycle,779465,CDP,73064,West Kalimantan,States & Regions,South East Asia & Oceania,Indonesia,Public,Q10.6.1,Please provide the details of the global initiatives or conventions your region participates in.,2,Row 2,Other: United Nation Framework on Climate Change Conference,West Kalimantan has participated in the Conference of Parties (COP) of UNFCCC as active participants and presenting the local effort to tackling the climate changes in collaboration with the National Government (MoEF).
2025 Disclosure Cycle,779465,CDP,73064,West Kalimantan,States & Regions,South East Asia & Oceania,Indonesia,Public,Q10.6.1,Please provide the details of the global initiatives or conventions your region participates in.,3,Row 3,Rio Branco Declaration,West Kalimantan Province as one of six provinces in Indonesia which signed the Rio Branco Declaration on 2014. The GoWK has shown its commitment on Rio Branco Declaration by revising its SRAP REDD+ which stated the commitment to reduce the GHG emissions by 60% on 2020 (equal to 80% of deforestation).
2025 Disclosure Cycle,779465,CDP,73064,West Kalimantan,States & Regions,South East Asia & Oceania,Indonesia,Public,Q10.6.1,Please provide the details of the global initiatives or conventions your region participates in.,4,Row 4,Governors' Climate and Forests (GCF) Task Force,Members of the Governors' Climate and Forests Task Force (GCF)https://www.gcftf.org/member-states
2025 Disclosure Cycle,779465,CDP,73088,State of Hesse,States & Regions,Europe,Germany,Public,Q10.6.1,Please provide the details of the global initiatives or conventions your region participates in.,1,Row 1,Sustainable Development Goals,"Hesse participates, through Germany and the EU, in all major international agreements. Regionally, implementation takes place through forest conversion strategies, climate adaptation, biodiversity protection, and sustainability certification."
2025 Disclosure Cycle,779465,CDP,73088,State of Hesse,States & Regions,Europe,Germany,Public,Q10.6.1,Please provide the details of the global initiatives or conventions your region participates in.,2,Row 2,World Heritage Convention,Hessen is engaged in the UNESCO World Heritage as parts of the Kellerwald-Edersee National Park are included in the transnational World Heritage site 'Primeval Beech Forests and Ancient Beech Forests of Germany\nhttps://www.hessen-tourismus.de/stadt-land/naturlandschaften/unesco-welterbe-nationalpark-kellerwald-edersee?utm_source=chatgpt.com
2025 Disclosure Cycle,779465,CDP,73119,Pastaza,States & Regions,Latin America,Ecuador,Public,Q10.6.1,Please provide the details of the global initiatives or conventions your region participates in.,2,Row 2,Rio Branco Declaration,Miembro del GCF Task Force
2025 Disclosure Cycle,779465,CDP,73119,Pastaza,States & Regions,Latin America,Ecuador,Public,Q10.6.1,Please provide the details of the global initiatives or conventions your region participates in.,3,Row 3,New York Declaration on Forests,Conservación y restauración en territorio
2025 Disclosure Cycle,779465,CDP,73119,Pastaza,States & Regions,Latin America,Ecuador,Public,Q10.6.1,Please provide the details of the global initiatives or conventions your region participates in.,4,Row 4,REDD+,Plan Nacional REDD+ a traves de la ejecución del Plan de Implementación de Medidas y Acciones REDD+ de la provincia de Pastaza
2025 Disclosure Cycle,779465,CDP,73149,Quebec,States & Regions,North America,Canada,Public,Q10.6.1,Please provide the details of the global initiatives or conventions your region participates in.,1,Row 1,Other: Convention on biological diversity,"As part of Québec's engagement to contribute to global targets of the Kunming-Montreal Global Biodiversity Framework adopted at COP15 (the 15th Conference of Parties at the UN Convention on Biological Diversity) in Dec. 2022, Quebec launched (in Oct. 2024) its 2030 Nature Plan, which includes:\n- Target 3 to \'Preserve 30% of terrestrial and inland water areas and 30% of marine areas in Québec with a focus on effective management, representativeness and ecological connectivity of the sites preserved, while improving access to nature\'. Quebec is already protecting almost 17% of its terrestrial area, and works actively to conserve 30% of its territory, using a variety of tools adapted to the different terrestrial contexts throughout its territory. These protected or conserved areas already include or will continue to include forests.\n- Target 7 to \'Maintain the sustainability of forest practices, in particular through sustainable resource use and the maintenance of ecosystem services for the benefit of everyone, including the Indigenous and local communities\'. To implement this target, the 2024-2028 Action Plan presents two objectives, i.e. Objective 7.1 (Encourage the implementation of measures aimed at adapting forest management and development, especially with respect to climate change) and Objective 7.2 (Promote forest conservation and sustainable use on private land and support private landowners to act accordingly). \nQuébec's 2030 Nature Plan and its 2024-2028 Action Plan can be accessed at: https://www.quebec.ca/en/government/ministere/environnement/publications/nature-plan \nA visual summary of these two documents can be accessed at: https://cdn-contenu.quebec.ca/cdn-contenu/environnement/biodiversite/nature-plan-summary.pdf \n"
2025 Disclosure Cycle,779465,CDP,73149,Quebec,States & Regions,North America,Canada,Public,Q10.6.1,Please provide the details of the global initiatives or conventions your region participates in.,2,Row 2,Sustainable Development Goals,The Sustainable Development Goals of the United Nations are starting to be integrated in the Sustainable Development Strategies developed by the Government of Québec and by each of the ministries and government organizations (see: https://www.quebec.ca/gouvernement/politiques-orientations/developpement-durable/strategie-gouvernementale/).
2025 Disclosure Cycle,779465,CDP,73172,Acre,States & Regions,Latin America,Brazil,Public,Q10.6.1,Please provide the details of the global initiatives or conventions your region participates in.,1,Row 1,LEAF Coalition," Em dezembro de 2023, o Acre tornou-se o primeiro no Brasil a assinar o Term Sheet (Folha de Termos) com Emergent/Leaf, na 28ª Conferência do Clima da Organização das Nações Unidas (ONU). "
2025 Disclosure Cycle,779465,CDP,73172,Acre,States & Regions,Latin America,Brazil,Public,Q10.6.1,Please provide the details of the global initiatives or conventions your region participates in.,2,Row 2,Governors' Climate and Forests (GCF) Task Force,Acre é membro da Força-Tarefa de Governadores para o Clima e Florestas - GCF
2025 Disclosure Cycle,779465,CDP,73172,Acre,States & Regions,Latin America,Brazil,Public,Q10.6.1,Please provide the details of the global initiatives or conventions your region participates in.,3,Row 3,REDD+,"Governança para a Redução do Desmatamento e da Degradação no Estado, para adequação ao padrão “Art Trees”."
2025 Disclosure Cycle,779465,CDP,73177,Mato Grosso,States & Regions,Latin America,Brazil,Public,Q10.6.1,Please provide the details of the global initiatives or conventions your region participates in.,2,Row 2,Other: Convenção de Ramsar," Convenção sobre Zonas Úmidas- Convenção de Ramsar, áreas úmidas e áreas protegidas designadas como sítios Ramsar, título conferido internacionalmente. A Convenção estabelece marcos para ações nacionais e para a cooperação entre países com o objetivo de promover a conservação e o uso racional de áreas úmidas no mundo."
2025 Disclosure Cycle,779465,CDP,73177,Mato Grosso,States & Regions,Latin America,Brazil,Public,Q10.6.1,Please provide the details of the global initiatives or conventions your region participates in.,3,Row 3,Other: Acordo de Paris,"As metas assumidas pelo estado de Mato Grosso em sua Estratégia PCI, lançada em Paris, demonstram como o estado apoia os Acordos do Clima, bem como o cumprimento da NDC brasileira ao Acordo de Paris."
2025 Disclosure Cycle,779465,CDP,73177,Mato Grosso,States & Regions,Latin America,Brazil,Public,Q10.6.1,Please provide the details of the global initiatives or conventions your region participates in.,4,Row 4,Rio Branco Declaration,"Comprometeu-se com a meta de redução de 80% do desmatamento, bem como de zerar o desmatamento ilegal até 2020."
2025 Disclosure Cycle,779465,CDP,73177,Mato Grosso,States & Regions,Latin America,Brazil,Public,Q10.6.1,Please provide the details of the global initiatives or conventions your region participates in.,5,Row 5,Governors' Climate and Forests (GCF) Task Force,"A Força-Tarefa GCF foi criada para responder aos problemas fundamentais de desmatamento tropical e mudança climática - e as complexidades correspondentes de perturbação ecológica, perda de biodiversidade, insegurança alimentar, energética e hídrica e pobreza rural. O GCF é uma colaboração subnacional única entre 38 estados e províncias do Brasil, Indonésia, México, Perú, Colômbia, Equador, Espanha, Nigéria, Costa do Marfim e dos Estados Unidos, focada no desenvolvimento de regras e capacidades necessárias para implementar o mecanismo de Redução de Emissões por Desmatamento e Degradação Florestal (REDD), objetivando a conservação das florestas e proteção do clima. O GCF foi instituído em novembro de 2008 por meio de Memorandos de Entendimento (MOU) assinados na Cúpula dos primeiros governadores sobre o Clima Global, em Los Angeles, com o objetivo de compartilhar experiências e melhores práticas, capacitação e elaboração de recomendações para os gestores políticos e as autoridades reguladoras, visando formas de integrar ações de REDD+ e outras atividades florestais aos sistemas de conformidade para a redução de emissões de gases de efeito estufa (GEE)."
2025 Disclosure Cycle,779465,CDP,73177,Mato Grosso,States & Regions,Latin America,Brazil,Public,Q10.6.1,Please provide the details of the global initiatives or conventions your region participates in.,6,Row 6,Other: Race to Zero,"O Decreto n. 1.160/2021 dispõe, entre outros, sobre a adesão do estado de Mato Grosso à campanha Race to Zero no âmbito da Convenção-Quadro das Nações Unidas sobre Mudança do Clima, objetivando à redução de emissões de gases de efeito estufa e à resiliência climática, com metas de redução de emissões de gases de efeito estufa em 80% até 2030, em comparação com a linha de base estabelecida no relatório final do Projeto Trajetórias de Descarbonização, e a neutralização de emissões líquidas do estado até 2035."
2025 Disclosure Cycle,779465,CDP,73177,Mato Grosso,States & Regions,Latin America,Brazil,Public,Q10.6.1,Please provide the details of the global initiatives or conventions your region participates in.,7,Row 7,Other: Convenção do Clima,"O estado trabalha fortemente para combater o desmatamento e reduzir suas emissões de GEE, o que pode ser comprovado pelas diversas políticas e iniciativas em execução, tais como Política de Mudanças Climáticas, Política de REDD+, Política Florestal, Política de Regularização ambiental, Programa REM, Projeto Trajetórias de Descarbonização, entre outros."
2025 Disclosure Cycle,779465,CDP,73177,Mato Grosso,States & Regions,Latin America,Brazil,Public,Q10.6.1,Please provide the details of the global initiatives or conventions your region participates in.,8,Row 8,LEAF Coalition,"O estado de Mato Grosso se prepara para atender aos requerimentos do Padrão de Excelência para REDD+ - TREES e poder negociar reduções de emissões de GEE com a Coalizão LEAF. Para esse fim, conta com o apoio do GCF-TF, da Embaixada do Reino Unido e das instituições parceiras que apoiam o estado por meio do Fórum Mato-grossense de Mudanças Climáticas."
2025 Disclosure Cycle,779465,CDP,73177,Mato Grosso,States & Regions,Latin America,Brazil,Public,Q10.6.1,Please provide the details of the global initiatives or conventions your region participates in.,9,Row 9,Other: Race to Zero,"Race to Zero: após estabelecer as metas da PCI e sua trajetória de descarbonização, o estado de Mato Grosso emitiu decreto n. 1.160/2021, no qual, entre outros, afirma submeter à Coalizão Under 2 candidatura à campanha \'Race to Zero\' no âmbito da Convenção-Quadro das Nações Unidas sobre Mudança do Clima, objetivando à redução de emissões de gases de efeito estufa e à resiliência climática, conforme detalhado nos sítios eletrônicos https://unfccc.int/climate-action/race-to-zero-campaign e https://racetozero.unfccc.int/race-to-resilience/"
2025 Disclosure Cycle,779465,CDP,73180,Pernambuco,States & Regions,Latin America,Brazil,Public,Q10.6.1,Please provide the details of the global initiatives or conventions your region participates in.,1,Row 1,Other: Reserva Mundial da Biosfera,"A Reserva Mundial da Biosfera é um estatuto atribuído pelo Programa Homem e Biosfera da UNESCO a certas áreas protegidas. Esse estatuto é concedido a áreas protegidas que cobrem porções de ecossistemas terrestres ou costeiros e que cumprem certos requisitos, como buscar meios de conciliar a conservação e o seu uso sustentável dos elementos da biosfera, particularmente a diversidade biológica. Em Pernambuco, a Reserva da Biosfera da Mata Atlântica se localiza nos municípios litorâneos, tendo como limites os Estados de Alagoas, ao sul; e da Paraíba, ao norte (estuário do Rio Goiana), estendendo se pela região da Zona da Mata (Norte e Sul). É nessa região onde se encontra a maior porção contínua da Mata Atlântica no Estado, compreendendo a floresta ombrófila densa (mata úmida), a floresta semidecidual (mata seca) e os ecossistemas associados manguezais, restingas, dunas, praias e arrecifes. De forma descontínua, encontram se alguns remanescentes de ecossistemas associados, como os brejos de altitude, situados no agreste e no sertão, e as ilhas continentais (Itamaracá e Santo Aleixo) e oceânicas (Arquipélago de Fernando de Noronha). O zoneamento da RBMA - PE foi realizado em 1992, possuindo as seguintes características: Zonas Núcleo - são áreas protegidas por legislação específica. Seus limites coincidem com as áreas protegidas por lei, abrangendo um total de 40 reservas ecológicas estaduais, somados às porções de 13 zonas estuarinas, além de porções da Área de Proteção Ambiental de Guadalupe (APA de Guadalupe), duas áreas protegidas por lei municipal e de 6 unidades de conservação federais, das quais 5 são de uso indireto. Zonas de Amortecimento Zonas de Transição A RBMA é coordenada pelo Comitê Estadual da Reserva da Biosfera da Mata Atlântica - Cerbma. O Comitê foi criado pelo Governo de Pernambuco, em 22 de setembro de 1998, através do Decreto Estadual nº 20.860. O Cerbma PE é um órgão colegiado - composto de doze membros, sendo seis representantes de organizações governamentais e seis representantes da sociedade civil - vinculado ao Conselho Nacional da Reserva Biosfera da Mata Atlântica, que possui os seguintes objetivos: (1) Promover a conservação da biodiversidade. (2) Desenvolvimento sustentável. (3) Conhecimento científico. Para a implementação das suas atribuições, o Comitê Estadual da RBMA deverá seguir as seguintes estratégias: a) promover a integração de municípios, comunidades locais, ONGs, centros de pesquisa e iniciativa privada nas ações de implementação da RBMA; b) otimizar a operacionalização entre os diferentes órgãos ligados direta ou indiretamente à questão da RBMA no Estado, colaborando para a integração de suas políticas e ações técnicas; c) buscar cooperação com outros Comitês Estaduais, bem como instituições em âmbito estadual e nacional. O Estado de Pernambuco também integra a reserva da Biosfera da Caatinga. A RB da Caatinga, criada em 2001, envolvendo 10 estados, abrange uma área de 189.990 km2. Suas prioridades, além da conservação da rica biodiversidade regional, são o combate à desertificação, a promoção de atividades sustentáveis (apicultura, turismo, artesanato, etc.), o estudo e a divulgação de dados sobre esses importantes ecossistemas. A Reserva da Biosfera da Caatinga - RBCAAT, aprovada pela UNESCO em 2001, é regida pelo Conselho Nacional da Reserva da Biosfera da Caatinga. Esse Conselho, paritário, possui 15 membros representantes da esfera governamental (4 do governo federal, 10 dos órgãos ambientais de cada um dos governos estaduais abrangidos pela Reserva e 1 representante dos municípios) e 15 representantes da sociedade civil (comunidade científica, moradores, empresários e organizações não governamentais)."
2025 Disclosure Cycle,779465,CDP,73182,Sao Paulo State,States & Regions,Latin America,Brazil,Public,Q10.6.1,Please provide the details of the global initiatives or conventions your region participates in.,1,Row 1,RegionsWithNature,São Paulo é membro fundador da rede.
2025 Disclosure Cycle,779465,CDP,73182,Sao Paulo State,States & Regions,Latin America,Brazil,Public,Q10.6.1,Please provide the details of the global initiatives or conventions your region participates in.,2,Row 2,Cities4Forests,Os municípios de São Paulo e Campinas e contam com o apoio da SEMIL.
2025 Disclosure Cycle,779465,CDP,73182,Sao Paulo State,States & Regions,Latin America,Brazil,Public,Q10.6.1,Please provide the details of the global initiatives or conventions your region participates in.,3,Row 3,Governors' Climate and Forests (GCF) Task Force,"Apesar de não ser membro da rede, a SEMIL presta apoio por meio da Coordenação da CTBIO-ABEMA, Coordenação da Câmara Técnica de Biodiversidade e CTClima-ABEMA, da Associação Brasileira de Entidades Estaduais de Meio Ambiente."
2025 Disclosure Cycle,779465,CDP,73182,Sao Paulo State,States & Regions,Latin America,Brazil,Public,Q10.6.1,Please provide the details of the global initiatives or conventions your region participates in.,4,Row 4,Nature4Climate,Municípios da região do Pontal do Paranapanema são membros da rede e a SEMIL presta assistência.
2025 Disclosure Cycle,779465,CDP,73183,Tocantins,States & Regions,Latin America,Brazil,Public,Q10.6.1,Please provide the details of the global initiatives or conventions your region participates in.,1,Row 1,Rio Branco Declaration,"O Tocantins atua fortemente na Força Tarefa dos Governadores para o Clima e Florestas (GCF Task Force), a qual busca a implementação efetiva da Declaração de Rio Branco.A Força Tarefa tem buscado incessantemente fundos e recursos para financiar projetos para as jurisdições membro. Um exemplo disso é a Janela A de financiamento do PNUD, a qual o Tocantins tem um projeto aprovado, o Campo Sustentável.O principal objetivo do projeto é reduzir o desmatamento em terras privadas no Tocantins, focando na conversão causada pela expansão da produção agrícola e pecuária, que constitui o principal vetor do desmatamento no Estado.O projeto tem ambição estruturante. Trabalhando com recursos limitados, atua em uma área significativa de 50 hectares e com 2 a 3 modelos produtivos integrados distintos, que serão monitorados por programa MRV específico ao projeto. Os resultados do projeto irão informar Planos deNegócios atrativos para produtores rurais da região e irão embasar o desenvolvimento de uma Estratégia de Investimento para transição agroecológica e redução do desmatamento no Estado, dando segurança aos investidores potenciais.Em resumo, o projeto estará estruturado em 4 eixos:Eixo 1: Assistência técnica continuada aos agricultores selecionadas pelo Programa “Campo Sustentável”voltada à implementação de módulos demonstrativos de integração lavoura, pecuária e floresta, em um total de 50 hectares.Eixo 2: Construção de plataforma de MRV para o Programa Campo Sustentável, incluindo monitoramento das propriedades no que se refere à manutenção de vegetação nativa, redução do desmatamento, aumento de produtividade e rastreabilidade da produção.Eixo 3: Desenvolvimento de Estratégia de Investimento para transição agroecológica e redução do desmatamento no Estado do Tocantins,visando a expansão do Programa Campo Sustentável para outras propriedades no Estado.Eixo 4: Prospecção de novos investimentos e fundraising: Elaboração de material de comunicação e prospecção de investimentos adicionais para o Estado do Tocantins, voltados a redução do desmatamento através da intensificação da produção pecuária. Neste eixo, estão previstos participaçãoem eventos e fóruns estratégicos, apresentação para investidores nacionais e internacionais e interlocução com empresas do setor, como traders e frigoríficos."
2025 Disclosure Cycle,779465,CDP,73183,Tocantins,States & Regions,Latin America,Brazil,Public,Q10.6.1,Please provide the details of the global initiatives or conventions your region participates in.,2,Row 2,Other: Under 2 MoU,"Para a construção do Anexo do Tocantins para o Under 2 MOU, foram realizadas consultas públicas e workshops sobre Mudanças Climáticas, em 5 regionais estaduais (nos municípios de Gurupi, Dianópolis, Araguaína, Araguatins e Palmas), abrangendo os 139 municípios, promovendo o envolvimento dos participantes nas discussões para determinar as ações e metas estaduais. Os eventos contaram com a participação dos mais diversos interessados na questão das Mudanças Climáticas, sendo eles representantes de instituições públicas municipais, estaduais e federais, representantes de ONGs, estudantes e sociedade civil. O resultado desses eventos foi levado para as Câmaras Técnicas do Fórum Estadual de Mudanças Climáticas - FEMC, onde foram debatidas as propostas e consolidado um escopo do Anexo. Esse escopo foi levado à plenária do FEMC, onde cada tópico foi debatido para concretizar e concluir o Anexo do Tocantins do Under 2 MOU.Dentro das Ações e Compromissos Específicos, o anexo do Tocantins traz:i.Plano Estadual de Redução das Emissões de GEE e Adaptação às Mudanças Climáticas;ii.Prevenção, Controle e Combate às Queimadas e Incêndios Florestaisiii.Energia e Biocombustíveisiv.Mudança e Uso da Terra e Setor Agropecuáriov.Arborização Urbana Integrada ao Transporte Urbano Sustentávelvi.Áreas Protegidasvii.Combate ao DesmatamentoDentro do tópico de Adaptação, o Estado apresenta:O Estado do Tocantins tem seu regime pluviométrico definido por dois períodos bem distintos: um seco compreendido entre os meses de abril a setembro e outro chuvoso entre os meses de outubro a março. Durante o primeiro período há uma deficiência na disponibilidade hídrica principalmente das comunidades da zona rural, agravada pela má distribuição das chuvas, que se concentram somente num período do ano.Visando minimizar os efeitos dos eventos críticos de estiagem prolongada dessa região, propõe-se a execução de obras nos municípios inseridos diretamente nas áreas impactadas pela escassez de água, para a acumulação de água da chuva, para conter as enxurradas, erosões e assoreamento dos corpos d'águas bem como recarregar o lençol freático, e a médio e longo prazo perenizar os pequenos rios e ribeirões das sub-bacias, através da implementação de Barraginhas. Hoje estão implementadas 600 Barraginhas em dois municípios da região sudeste e para os próximos anos serão implementadas mais 3.564 em 18 municípios. Portanto, o Tocantins compromete-se, até o ano de 2030, em garantir infra-estrutura hídrica a 100% dos municípios atingidos pelas secas no Estado. O Tocantins possui um monitoramento de informações climatológicas realizado por instituições estaduais e federais. Com o intuito de ter uma resposta rápida e eficaz aos efeitos climáticos extremos, o Estado compromete-se em fortalecer a Defesa Civil, órgão estadual responsável por atender situações emergenciais, através de aquisição de equipamentos, aumento de efetivo e capacitações, até 2050.Uma das preocupações do Tocantins é o bem estar e a saúde da população. Tendo em vista o quadro de doenças possíveis de serem agravadas pelas mudanças climáticas e, para promover uma resposta eficaz aos efeitos nocivos à saúde humana, decorrentes das mudanças nos parâmetros do clima,o Estados e compromete em fortalecer a capacidade de atendimento dos serviços públicos de saúde no Tocantins, até 2050.Para maiores detalhes, vide:https://www.under2coalition.org/members"
2025 Disclosure Cycle,779465,CDP,73183,Tocantins,States & Regions,Latin America,Brazil,Public,Q10.6.1,Please provide the details of the global initiatives or conventions your region participates in.,3,Row 3,REDD+,"REDD+ é um incentivo desenvolvido no âmbito da Convenção-Quadro das Nações Unidas sobre Mudança do Clima (UNFCCC) para recompensar financeiramente países em desenvolvimento por seus resultados de Redução de Emissões de gases de efeito estufa provenientes do Desmatamento e da Degradação florestal, considerando o papel da conservação de estoques de carbono florestal, manejo sustentável de florestas e aumento de estoques de carbono florestal (+).O Tocantins será o primeiro estado a apresentar um REDD+ para o bioma Cerrado. O mecanismo representa um marco regulatório capaz de dar ao programa a segurança jurídica necessária. Tal estratégia pode abranger diversos subprogramas e possibilitar a transformação de carbono em ativos financeiros que possam subsidiar atividades de baixo impacto e com salvaguardas sociais.(https://www.to.gov.br/semarh/redd/4axfztcknoi3)"
2025 Disclosure Cycle,779465,CDP,73184,Parana,States & Regions,Latin America,Brazil,Public,Q10.6.1,Please provide the details of the global initiatives or conventions your region participates in.,1,Row 1,Other: Pacto Trinacional da Mata Atlântica,"Durante a COP15, de 2022, a conferência da Organização das Nações Unidas (ONU) sobre a biodiversidade, realizada em Montreal, no Canadá, a ONU reconheceu o Pacto Trinacional da Mata Atlântica como um dos 10 esforços pioneiros para reavivar o mundo natural em todo o planeta.O Paraná está entre os entes brasileiros que fazem parte da iniciativa, coordenada pelo Pacto pela Restauração da Mata Atlântica e pela Rede Trinacional para a Restauração da Mata Atlântica, formada pelo Brasil, Argentina e Paraguai. As Iniciativas de Referência da Restauração Mundial se tornam elegíveis para receber apoio, financiamento e expertise técnica da ONU."
2025 Disclosure Cycle,779465,CDP,73184,Parana,States & Regions,Latin America,Brazil,Public,Q10.6.1,Please provide the details of the global initiatives or conventions your region participates in.,2,Row 2,Other: Regions4,"Em 2023, o Paraná aderiu à Regions4, coalizão internacional formada por governos regionais para buscar soluções voltadas às mudanças climáticas, biodiversidade e desenvolvimento sustentável."
2025 Disclosure Cycle,779465,CDP,73184,Parana,States & Regions,Latin America,Brazil,Public,Q10.6.1,Please provide the details of the global initiatives or conventions your region participates in.,3,Row 3,Sustainable Development Goals,"O Paraná de Olho nos ODS é uma estratégia do Governo do Paraná para implementar a agenda 2030 da ONU e tem como objetivo desenvolver capacidades, no setor público paranaense, visando o planejamento, execução e monitoramento de políticas públicas voltadas para o desenvolvimento sustentável do Estado. Ou seja, alinhadas aos Objetivos de Desenvolvimento Sustentável - ODS, por meio de ferramentas que oportunizam o acompanhamento e a análise dessas políticas, bem como seu planejamento e a sua execução de modo eficiente, aumentando os retornos sociais das ações do Governo."
2025 Disclosure Cycle,779465,CDP,73184,Parana,States & Regions,Latin America,Brazil,Public,Q10.6.1,Please provide the details of the global initiatives or conventions your region participates in.,4,Row 4,RegionsWithNature,"Na COP15, o Paraná se tornou membro-fundador da plataforma RegionsWithNature (RwN), da Regions4 e da associação Governos Locais pela Sustentabilidade (ICLEI). A plataforma será utilizada para a promoção das iniciativas de governos subnacionais (estados, regiões e províncias) e municipais voltadas à preservação da biodiversidade, com a proposta de conectar as lideranças regionais, fornecer ferramentas e recursos para capacitação e troca de boas práticas de sustentabilidade.O Estado também formalizou sua participação como membro oficial da Regions4, coalização internacional que coordena a Declaração de Edimburgo junto a esses governos. Também avançou nas negociações com o Secretariado da Convenção da Biodiversidade da ONU, com quem o Governo do Paraná mantém uma parceria desde 2008 para neutralizar as pegadas de carbono da entidade."
2025 Disclosure Cycle,779465,CDP,73184,Parana,States & Regions,Latin America,Brazil,Public,Q10.6.1,Please provide the details of the global initiatives or conventions your region participates in.,5,Row 5,Other: COP30,"Participação da delegação do estado do Paraná na COP16 de Biodiversidade em Cali, na Colômbia. No evento foi lançada a a Resolução SEDEST 53/2024, que institui a Política Estadual de Créditos de Biodiversidade."
2025 Disclosure Cycle,779465,CDP,73184,Parana,States & Regions,Latin America,Brazil,Public,Q10.6.1,Please provide the details of the global initiatives or conventions your region participates in.,6,Row 6,Other: Under2 Coalition,"O estado do Paraná atua com pioneirismo e vocação em assumir um papel de liderança climática em âmbito não apenas nacional, mas também internacional, atuando, inclusive, como membro da Coalizão Under2 desde 2024."
2025 Disclosure Cycle,779465,CDP,73185,Rio de Janeiro State,States & Regions,Latin America,Brazil,Public,Q10.6.1,Please provide the details of the global initiatives or conventions your region participates in.,1,Row 1,Other: Lista Vermelha de Espécies da Flora Ameaçada,Lista Vermelha de Espécies da Flora Ameaçada\n
2025 Disclosure Cycle,779465,CDP,73185,Rio de Janeiro State,States & Regions,Latin America,Brazil,Public,Q10.6.1,Please provide the details of the global initiatives or conventions your region participates in.,2,Row 2,Other: Aliança Global pelos Manguezais,Aliança Global pelos Manguezais
2025 Disclosure Cycle,779465,CDP,73185,Rio de Janeiro State,States & Regions,Latin America,Brazil,Public,Q10.6.1,Please provide the details of the global initiatives or conventions your region participates in.,3,Row 3,Other: Pacto pela Restauração da Mata Atlântica,Pacto pela Restauração da Mata Atlântica
2025 Disclosure Cycle,779465,CDP,73186,Minas Gerais,States & Regions,Latin America,Brazil,Public,Q10.6.1,Please provide the details of the global initiatives or conventions your region participates in.,1,Row 1,Other: Pacto pela Restauração da Mata Atlântica,"Em 6 de dezembro, o Instituto Estadual de Florestas (IEF) formalizou sua adesão ao Pacto pela Restauração da Mata Atlântica, por meio da assinatura de Termo de Adesão.\n\nO Pacto constitui a maior articulação coletiva voltada à restauração de um bioma na América Latina, reunindo cerca de 300 organizações — entre instituições públicas, privadas, comunidade científica e proprietários rurais — com o objetivo comum de promover a recuperação e conservação da Mata Atlântica, presente em 17 estados brasileiros.\n\nDesde sua criação, em 2009, o Pacto já viabilizou a recuperação de aproximadamente 800 mil hectares de floresta atlântica, e mantém como meta a recomposição de mais 1 milhão de hectares até 2025.\n\nO IEF contribui de forma direta na execução da agenda do Pacto no Estado, participando do mapeamento de fragmentos florestais, da criação de corredores ecológicos e da definição de áreas prioritárias para conservação.\n\nLink para acesso Pacto pela Restauração da Mata Atlântica: https://pactomataatlantica.org.br/o-movimento/membros/"
2025 Disclosure Cycle,779465,CDP,73198,South Australia,States & Regions,South East Asia & Oceania,Australia,Public,Q10.6.1,Please provide the details of the global initiatives or conventions your region participates in.,1,Row 1,Other: Edinburgh Declaration on post-2020 global biodiversity framework,South Australia is a signatory to this declaration and supports its intentions.
2025 Disclosure Cycle,779465,CDP,73198,South Australia,States & Regions,South East Asia & Oceania,Australia,Public,Q10.6.1,Please provide the details of the global initiatives or conventions your region participates in.,2,Row 2,Other: The Montreal Process,"PIRSA sits on the Montreal Process Implementation Group, assisting with the development of appropriate indicators and the collation of data to report against them in Australia's State of the Forests Report."
2025 Disclosure Cycle,779465,CDP,831388,Colima,States & Regions,Latin America,Mexico,Public,Q10.6.1,Please provide the details of the global initiatives or conventions your region participates in.,1,Row 1,Sustainable Development Goals,"El Estado ha participado con la implementación de los Objetivos de Desarrollo Sostenible, alineando sus metas con los mencionados objetivos."
2025 Disclosure Cycle,779465,CDP,831388,Colima,States & Regions,Latin America,Mexico,Public,Q10.6.1,Please provide the details of the global initiatives or conventions your region participates in.,2,Row 2,"Other: Declaración de Edimburgo que impulsa la participación de gobiernos subnacionales y locales en el Marco Post-2020 del CDB, como agentes clave en la visión 2050 “vivir en armonía con la naturaleza”.",El Estado se sumó a la declaración de Edimburgo durante el 2022.
2025 Disclosure Cycle,779465,CDP,831388,Colima,States & Regions,Latin America,Mexico,Public,Q10.6.1,Please provide the details of the global initiatives or conventions your region participates in.,3,Row 3,Other: Adopción del Marco mundial Kunming-Montreal de la diversidad biológica,El Estado se encuentra trabajando en adoptar lo estipulado en el marco mencionado a través de la Estrategia de Biodiversidad para la entidad.
2025 Disclosure Cycle,779465,CDP,831391,Queretaro,States & Regions,Latin America,Mexico,Public,Q10.6.1,Please provide the details of the global initiatives or conventions your region participates in.,1,Row 1,Other: Ninguno,"No se tiene participación, pero en futuro se pretende participar en ellas."
2025 Disclosure Cycle,779465,CDP,833240,Sergipe,States & Regions,Latin America,Brazil,Public,Q10.6.1,Please provide the details of the global initiatives or conventions your region participates in.,1,Row 1,Other: Consórcio Nordeste,"O Consórcio foi criado em 2019 para ser o instrumento jurídico, político e econômico de integração dos nove Estados da região Nordeste do Brasil, um território de desenvolvimento sustentável e solidário neste momento de grandes desafios. O Consórcio é uma iniciativa que pretende atrair investimentos e alavancar projetos de forma integrada, constituindo-se, ao mesmo tempo, como uma ferramenta de gestão criada e à disposição dos seus entes consorciados, e como um articulador de pactos de governança. Dentre as possibilidades abertas com a criação do Consórcio, estão a realização de compras conjuntas, a implementação integrada de políticas públicas e a busca por cooperação, também em nível internacional.\nE tem como principais objetivos\nPromover a integração regional;\nArticular e implementar de políticas públicas integradas;\nAmpliar e modernizar a infraestrutura de exploração dos recursos naturais da região;\nAtrair investimentos internos e externos para região Nordeste;\nModernizar a gestão dos Estados Membros e buscar parcerias com o setor privado;\nRealizar compras compartilhadas;\nPromover o desenvolvimento sustentável, respeitando o meio ambiente e a democracia;\nFortalecer a participação de micro e pequenas empresas na economia regional;\nGerar o bem-estar social na região.\n"
2025 Disclosure Cycle,779465,CDP,833240,Sergipe,States & Regions,Latin America,Brazil,Public,Q10.6.1,Please provide the details of the global initiatives or conventions your region participates in.,2,Row 2,Nature4Climate,"Sergipe planeja integrar-se com a Nature4Climate visto que essa iniciativa tem a missão de garantir que soluções climáticas naturais - como plantar árvores nas cidades e manejar florestas de forma sustentável - sejam priorizadas em políticas e investimentos dos setores público e privado, o que está em consonância como que o Estado busca para o seu futuro."
2025 Disclosure Cycle,779465,CDP,833240,Sergipe,States & Regions,Latin America,Brazil,Public,Q10.6.1,Please provide the details of the global initiatives or conventions your region participates in.,3,Row 3,RegionsWithNature,"Sergipe busca o apoio de iniciativas como o RegionsWithNature para aprimorar a restauração de ecossistemas, a conservação da biodiversidade e soluções baseadas na natureza. Por possuir apenas 13% da sua cobertura florestal original, o Estado pretende desenvolver estas soluções baseadas na natureza, além de fomentar a recuperação de áreas degradadas nos biomas Caatinga e Mata Atlântica."
2025 Disclosure Cycle,779465,CDP,833241,Rio Grande do Norte,States & Regions,Latin America,Brazil,Public,Q10.6.1,Please provide the details of the global initiatives or conventions your region participates in.,2,Row 2,Sustainable Development Goals,"O Movimento Nacional ODS Rio Grande do Norte é um movimento social constituído por voluntários, de caráter apartidário, plural e ecumênico, com a finalidade de contribuir para a melhoria da qualidade de vida da sociedade. Visamos cumprir com os compromissos da Agenda 2030 para o Desenvolvimento Sustentável, aprovada pelos países membros da ONU durante sua 70ª Assembleia Geral realizada em setembro de 2015, em Nova York.Disponível em: https://rn.movimentoods.org.br/quem-somos/"
2025 Disclosure Cycle,779465,CDP,833242,Guanajuato,States & Regions,Latin America,Mexico,Public,Q10.6.1,Please provide the details of the global initiatives or conventions your region participates in.,1,Row 1,Sustainable Development Goals,Se participa en programas de restauración y conservación dentro del estado
2025 Disclosure Cycle,779465,CDP,833243,Nuevo León,States & Regions,Latin America,Mexico,Public,Q10.6.1,Please provide the details of the global initiatives or conventions your region participates in.,1,Row 1,Other: Cumming Montereal,Iniciativa que contempla la proteccion del 30% del territorio 
2025 Disclosure Cycle,779465,CDP,833263,North Kalimantan,States & Regions,South East Asia & Oceania,Indonesia,Public,Q10.6.1,Please provide the details of the global initiatives or conventions your region participates in.,1,Row 1,Governors' Climate and Forests (GCF) Task Force,"North Kalimantan together with other provinces in Indonesia that are members of the GCF Task Force since 2016 has committed to supporting national targets and commitments to reduce greenhouse gas emissions in the forestry and land sectors as an effort to control climate change. Making involvement in this initiative by exchanging information with other regions, as well as determining the roadmap to achieve the target simultaneously."
2025 Disclosure Cycle,779465,CDP,833263,North Kalimantan,States & Regions,South East Asia & Oceania,Indonesia,Public,Q10.6.1,Please provide the details of the global initiatives or conventions your region participates in.,2,Row 2,Other: Under2 Coalition,"North Kalimantan Governor signed a membership commitment letter by officially joining the Under Coalition in 2009. With that, North Kalimantan is involved in international commitments to preserve the environment. Especially North Kalimantan which has extensive forests."
2025 Disclosure Cycle,779465,CDP,833263,North Kalimantan,States & Regions,South East Asia & Oceania,Indonesia,Public,Q10.6.1,Please provide the details of the global initiatives or conventions your region participates in.,3,Row 3,Other: Manaus Action Plan,"In 2022, GCF Task Force renewed their commitment in Manaus Action Plan (MAP). This commitment marked as the renewal of the Rio Branco Declaration in 2014. North Kalimantan has been involved with 7 provinces in GCF TF Indonesia. MAP has three main commitments to reduce deforestation rate by at least 80% relative to the current level by 2030, as well as increasing forest restoration and adaptation efforts, if long-term, sufficient financing, and support are made available. MAP has 6 main pillars which were aligned with the 2021 GCF Task Force Regional Meeting's results in Bali. The 6 pillars are: (1) Facilitation of communication/stakeholder forum; (2) support for development of jurisdictional model and low carbon plan; (3) support for innovative sustainable financing schemes; (4) support for REDD+ monitoring system; (5) Steering Committee on Sustainable Agriculture (SCAI); (6) Steering Committee on Indigenous People and Local Community (IPLC)."
2025 Disclosure Cycle,779465,CDP,833265,Papua,States & Regions,South East Asia & Oceania,Indonesia,Public,Q10.6.1,Please provide the details of the global initiatives or conventions your region participates in.,1,Row 1,Governors' Climate and Forests (GCF) Task Force,"As one of GCF-TF founder, Government of Papua is actively in involve almost every meetings"
2025 Disclosure Cycle,779465,CDP,833265,Papua,States & Regions,South East Asia & Oceania,Indonesia,Public,Q10.6.1,Please provide the details of the global initiatives or conventions your region participates in.,2,Row 2,Other: Under 2 Coalition,Government of Papua sign MoU in 2015. The 2015 Global Climate Leadership MOU set a standard for leadership that was sufficient for the Paris Agreement in 2015 i.e. 80-90% emissions reduction below 1990 levels by 2050 or below 2 tons per capita emissions by 2050
2025 Disclosure Cycle,779465,CDP,833265,Papua,States & Regions,South East Asia & Oceania,Indonesia,Public,Q10.6.1,Please provide the details of the global initiatives or conventions your region participates in.,3,Row 3,Rio Branco Declaration,"As one of GCF-TF founder, Government of Papua is actively in involve in approval of Rio Branco Declaration"
2025 Disclosure Cycle,779465,CDP,835965,West Papua Province,States & Regions,South East Asia & Oceania,Indonesia,Public,Q10.6.1,Please provide the details of the global initiatives or conventions your region participates in.,1,Row 1,Cities4Forests,Manokwari
2025 Disclosure Cycle,779465,CDP,835965,West Papua Province,States & Regions,South East Asia & Oceania,Indonesia,Public,Q10.6.1,Please provide the details of the global initiatives or conventions your region participates in.,2,Row 2,Rio Branco Declaration,Endorsers of the Rio Branco Declaration (https://earthinnovation.org/wp-content/uploads/2014/10/RioBrancoDeclaration_EN.pdf)
2025 Disclosure Cycle,779465,CDP,835965,West Papua Province,States & Regions,South East Asia & Oceania,Indonesia,Public,Q10.6.1,Please provide the details of the global initiatives or conventions your region participates in.,3,Row 3,Other: TIPAS,TROPICAL IMPORTANT PLANTS AREA (TIPAS). This project aims to use the Tropical Important Plant Areas (TIPAs) framework to identify key areas for the conservation of plant diversity 
2025 Disclosure Cycle,779465,CDP,835965,West Papua Province,States & Regions,South East Asia & Oceania,Indonesia,Public,Q10.6.1,Please provide the details of the global initiatives or conventions your region participates in.,4,Row 4,Other: Governor's Climate and Forests Task Force,Members of the Governors' Climate and Forests Task Force (GCF) https://www.gcftf.org/member-states
2025 Disclosure Cycle,779465,CDP,835965,West Papua Province,States & Regions,South East Asia & Oceania,Indonesia,Public,Q10.6.1,Please provide the details of the global initiatives or conventions your region participates in.,5,Row 5,Other: Manaus Action Plans,"MAP has three main commitments to reduce the deforestation rate by at least 80% relative to the current level by 2030, as well as increasing forest restoration and adaptation efforts, if long-term, sufficient financing, and support are made available. MAP has 6 main pillars which were aligned with the 2021 GCF Task Force Regional Meeting's results in Bali. The 6 pillars are (1) Facilitation of communication/stakeholder forum; (2)support for the development of the jurisdictional model and low carbon plan; (3) support for innovative sustainable financing schemes; (4) support for REDD+ monitoring system; (5) Steering Committee on Sustainable Agriculture (SCAI); (6) Steering Committee on Indigenous People and Local Community (IPLC)."
2025 Disclosure Cycle,779465,CDP,835965,West Papua Province,States & Regions,South East Asia & Oceania,Indonesia,Public,Q10.6.1,Please provide the details of the global initiatives or conventions your region participates in.,6,Row 6,Other: INTERFAITH,"INTERFAITH RAINFOREST INITIATIVE DARI NORWAY 2021.Chapter launching plans in the market, there was new training and Management Establishment"
2025 Disclosure Cycle,779465,CDP,835965,West Papua Province,States & Regions,South East Asia & Oceania,Indonesia,Public,Q10.6.1,Please provide the details of the global initiatives or conventions your region participates in.,7,Row 7,Other: STAR PROJECT,Efforts to restore populations of leatherback sharks/zebra sharks that are endangered in Raja Ampat waters/Papua bird's head seascapes
2025 Disclosure Cycle,779465,CDP,848149,Mato Grosso do Sul,States & Regions,Latin America,Brazil,Public,Q10.6.1,Please provide the details of the global initiatives or conventions your region participates in.,1,Row 1,REDD+,o estado está em processo de elegibilidade para REDD+ jurisdicional\n
2025 Disclosure Cycle,779465,CDP,848300,Aceh,States & Regions,South East Asia & Oceania,Indonesia,Public,Q10.6.1,Please provide the details of the global initiatives or conventions your region participates in.,1,Row 1,New York Declaration on Forests,Endorsers of the New York Declaration on Forests (http://climateinitiativesplatform.org/index.php/The_New_York_Declaration_on_Forests)
2025 Disclosure Cycle,779465,CDP,848300,Aceh,States & Regions,South East Asia & Oceania,Indonesia,Public,Q10.6.1,Please provide the details of the global initiatives or conventions your region participates in.,2,Row 2,Other: Manaus Action Plan,"MAP has three main commitments to reduce the deforestation rate by at least 80% relative to the current level by 2030,as well as increasing forest restoration and adaptation efforts, if long-term, sufficient financing, and support are made available. MAP has 6 main pillars which were aligned with the 2021 GCF Task Force Regional Meeting's results in Bali. The 6 pillars are (1) Facilitation of communication/stakeholder forum; (2)support for the development of the jurisdictional model and low carbon plan; (3) support for innovative sustainable financing schemes; (4) support for REDD+ monitoring system; (5) Steering Committee on Sustainable Agriculture (SCAI); (6) Steering Committee on Indigenous People and Local Community (IPLC)."
2025 Disclosure Cycle,779465,CDP,848300,Aceh,States & Regions,South East Asia & Oceania,Indonesia,Public,Q10.6.1,Please provide the details of the global initiatives or conventions your region participates in.,3,Row 3,Rio Branco Declaration,Endorsers of the Rio Branco Declaration (https://earthinnovation.org/wp-content/uploads/2014/10/RioBrancoDeclaration_EN.pdf)
2025 Disclosure Cycle,779465,CDP,848300,Aceh,States & Regions,South East Asia & Oceania,Indonesia,Public,Q10.6.1,Please provide the details of the global initiatives or conventions your region participates in.,4,Row 4,Other: Governor's Climate and Forests Task Force,Members of the Governors' Climate and Forests Task Force (GCF) https://www.gcftf.org/member-states
2025 Disclosure Cycle,779465,CDP,848301,Central Kalimantan,States & Regions,South East Asia & Oceania,Indonesia,Public,Q10.6.1,Please provide the details of the global initiatives or conventions your region participates in.,1,Row 1,REDD+,"The enabler of site-specific project implementation:1. Development of REDD+ Implementation Mechanism (IJ-REDD+). (Implementing agencies: JICA, Kemenhut, Gunung Palung National Park).2. Community Carbon Project for Lamandau Wildlife Reserve (Implementing agencies: RARE, YAYORIN, Clinton Foundation, Orang Utan Foundation).3. The Rimba Raya Biodiversity Reserve REDD Project: Avoided (Planned) Deforestation in Central Kalimantan (Borneo) Indonesia (Implementing agencies: PT. Rimba Raya Conservation, InfiniteEARTH, Ltd., Orangutan Foundation International).4. Katingan Peat Restoration and Conservation Project (Implementing agencies: PT. Rimba Makmur Utama (RMU) Starling Resources)5. Sebangau Restoration Project (Implementing agencies: (WWF, Taman Nasional Sebangau).6. Ecosystem Restoration Concession on Production Forest Concession to Release Orang Utan Using REDD+ Scheme (Implementing agencies: PT. RHOI (Restorasi Habitat Orangutan Indonesia).7. REDD in HoB: Leboyan Corridor, Bukit Baka - Bukit Raya National Park (Implementing agencies: WWF, BMU, MoF)."
2025 Disclosure Cycle,779465,CDP,848301,Central Kalimantan,States & Regions,South East Asia & Oceania,Indonesia,Public,Q10.6.1,Please provide the details of the global initiatives or conventions your region participates in.,2,Row 2,Governors' Climate and Forests (GCF) Task Force,Members of the Governors' Climate and Forests Task Force (GCF) https://www.gcftf.org/member-states
2025 Disclosure Cycle,779465,CDP,848301,Central Kalimantan,States & Regions,South East Asia & Oceania,Indonesia,Public,Q10.6.1,Please provide the details of the global initiatives or conventions your region participates in.,3,Row 3,New York Declaration on Forests,Endorsers of the New York Declaration on Forests (http://climateinitiativesplatform.org/index.php/The_New_York_Declaration_on_Forests)
2025 Disclosure Cycle,779465,CDP,848301,Central Kalimantan,States & Regions,South East Asia & Oceania,Indonesia,Public,Q10.6.1,Please provide the details of the global initiatives or conventions your region participates in.,4,Row 4,Rio Branco Declaration,Endorsers of the Rio Branco Declaration (https://earthinnovation.org/wp-content/uploads/2014/10/RioBrancoDeclaration_EN.pdf)
2025 Disclosure Cycle,779465,CDP,848301,Central Kalimantan,States & Regions,South East Asia & Oceania,Indonesia,Public,Q10.6.1,Please provide the details of the global initiatives or conventions your region participates in.,5,Row 5,Other: Manaus Action Plan,"In 2022, GCF Task Force renewed their commitment in Manaus Action Plan (MAP). Central Kalimantan has been involved with 7 provinces in GCF TF Indonesia. MAP has three main commitments to reduce deforestation rate by at least 80% relative to the current level by 2030, as well as increasing forest restoration and adaptation efforts, if long-term, sufficient financing, and support are made available. "
2025 Disclosure Cycle,779465,CDP,848301,Central Kalimantan,States & Regions,South East Asia & Oceania,Indonesia,Public,Q10.6.1,Please provide the details of the global initiatives or conventions your region participates in.,6,Row 6,Nature4Climate,The enabler of site-specific project implementation: Katingan Peat Restoration and Conservation Project (Implementing agencies: PT. Rimba Makmur Utama (RMU) Starling Resources): https://nature4climate.org/nbs-case-studies/; https://4fqbik2blqkb1nrebde8yxqj-wpengine.netdna-ssl.com/wp-content/uploads/2019/09/Peatland-restoration-in-Borneo-Indonesia_Sometimes-it-takes-a-disaster.pdf
2025 Disclosure Cycle,779465,CDP,884371,Nayarit,States & Regions,Latin America,Mexico,Public,Q10.6.1,Please provide the details of the global initiatives or conventions your region participates in.,1,Row 1,,No participamos en ninguna de las iniciativas enlistadas.
2025 Disclosure Cycle,779465,CDP,884372,Tlaxcala,States & Regions,Latin America,Mexico,Public,Q10.6.1,Please provide the details of the global initiatives or conventions your region participates in.,1,Row 1,REDD+,\n
2025 Disclosure Cycle,779465,CDP,906800,Federal District,States & Regions,Latin America,Mexico,Public,Q10.6.1,Please provide the details of the global initiatives or conventions your region participates in.,1,Row 1,Sustainable Development Goals,"La ciudad de México se alínea, en temas de bosques al ODS 15, a través de la siembra de más de 10 millones de árboles y plantas polinizadoras para la revegetación urbana. De igual forma con la implementación de los programas de conservación de ecosistemas y agrosistemas, servicios ambientales en zonas rurales."
2025 Disclosure Cycle,779465,CDP,906800,Federal District,States & Regions,Latin America,Mexico,Public,Q10.6.1,Please provide the details of the global initiatives or conventions your region participates in.,2,Row 2,Other: Marco Mundial de Biodiversidad de Kunming-Montreal,"La Ciudad de México, alinea sus acciones al Marco Mundial de Biodiversidad de Kunming-Montreal, el cual establece una visión transformadora para guiar y apoyar a los países en materia de biodiversidad mediante 4 objetivos y 23 metas. Estos objetivos y metas representan un compromiso global integral para conservar, restaurar y usar sustentablemente la biodiversidad.\n\nLos objetivos proporcionan una visión general y los principios rectores, mientras que las metas ofrecen una hoja de ruta detallada y orientada a la acción para lograr esa visión. Juntos, reflejan una comprensión profunda de la complejidad de la biodiversidad y la necesidad de un enfoque multifacético y colaborativo para su conservación y utilización sostenible."
2025 Disclosure Cycle,779465,CDP,906800,Federal District,States & Regions,Latin America,Mexico,Public,Q10.6.1,Please provide the details of the global initiatives or conventions your region participates in.,3,Row 3,Other: Declaración de Edimburgo,"La Declaración de Edimburgo, impulsada por el Gobierno de Escocia y adoptada por gobiernos subnacionales y locales de todo el mundo, es un llamado a la acción para detener la pérdida de biodiversidad y es parte del proceso de consulta para el Marco Mundial de la Biodiversidad Posterior a 2020 (MMB-2020) del Convenio sobre la Diversidad Biológica (CDB). Se lanzó en 2020 para fomentar la colaboración y la implementación de medidas efectivas por parte de las autoridades locales y regionales en la protección de la biodiversidad."
2025 Disclosure Cycle,779465,CDP,906800,Federal District,States & Regions,Latin America,Mexico,Public,Q10.6.1,Please provide the details of the global initiatives or conventions your region participates in.,4,Row 4,Other: Convención sobre la Diversidad Biológica (CDB),"Aunque no es exclusiva para bosques, busca conservar la biodiversidad, lo cual incluye la protección de los ecosistemas forestales y sus funciones ecológicas esenciales"
2025 Disclosure Cycle,779465,CDP,908451,Klaipėda County,States & Regions,Europe,Lithuania,Public,Q10.6.1,Please provide the details of the global initiatives or conventions your region participates in.,1,Row 1,Other: United Nations Framework Convention on Climate Change,"The Klaipėda region contributes to Lithuania's involvement in the United Nations Framework Convention on Climate Change (UNFCCC) through regional efforts in reducing emissions, conserving forests, and promoting sustainable land use. As part of Lithuania's national commitments under the Paris Agreement, Klaipėda focuses on sustainable forestry, energy efficiency, and coastal ecosystem protection, which are crucial for climate mitigation. Additionally, regional initiatives in renewable energy development, such as wind power projects in Klaipėda, help Lithuania achieve its climate targets under the UNFCCC framework.\n\n\n\n\n\n\n"
2025 Disclosure Cycle,779465,CDP,908451,Klaipėda County,States & Regions,Europe,Lithuania,Public,Q10.6.1,Please provide the details of the global initiatives or conventions your region participates in.,2,Row 2,Other: The European Green Deal,"The goal of becoming the first climate-neutral continent (2050) includes energy, industry, construction, biodiversity, food chains, pollution reduction.Region's involvement - through the compliance of national law documents"
