disclosure_cycle,cdp_requesting_org_number,requesting_organization,cdp_disclosing_org_number,disclosing_organization,disclosing_org_type,cdp_region,discloser_country_or_area,public_status,question_number,question_text,row_order,row_name,col1_Further information,col2_Further attachments
2025 Disclosure Cycle,779465,CDP,1093,"City of Atlanta, GA",City,North America,United States of America,Public,Q11.1,Use this field to provide any additional information or context that you feel is relevant to your jurisdiction's response. Please note that this field is optional and is not scored/assessed.,1,,N/A,
2025 Disclosure Cycle,779465,CDP,1499,City of Barcelona,City,Europe,Spain,Public,Q11.1,Use this field to provide any additional information or context that you feel is relevant to your jurisdiction's response. Please note that this field is optional and is not scored/assessed.,1,,"Excel published in Energy Observatori website. It includes emissions evolution using spanish grid mix emission factor and excludes port and airport, as the scenarios in our SECAP (Climate Plan Government Measure)",Energia_SeguimentPlaClima.xlsx
2025 Disclosure Cycle,779465,CDP,1850,Birmingham City Council,City,UKWW,United Kingdom,Public,Q11.1,Use this field to provide any additional information or context that you feel is relevant to your jurisdiction's response. Please note that this field is optional and is not scored/assessed.,1,,"An extraordinary city council meeting took place on Monday 25 September, considering the council's recommendations for the first section 114 notice.",
2025 Disclosure Cycle,779465,CDP,3203,City of Chicago,City,North America,United States of America,Public,Q11.1,Use this field to provide any additional information or context that you feel is relevant to your jurisdiction's response. Please note that this field is optional and is not scored/assessed.,1,,2022 Climate Infrastructure Fund Overview,"2024-Budget-EquityReport.pdf.pdf,2025 Sustainability Report Web Version.pdf.pdf,Chicago-CAP-071822.pdf.pdf,Healthy-Chicago-Report-v10-EN-compressed.pdf,WWC_Final_CPC.pdf.pdf"
2025 Disclosure Cycle,779465,CDP,3417,"New York City, NY",City,North America,United States of America,Public,Q11.1,Use this field to provide any additional information or context that you feel is relevant to your jurisdiction's response. Please note that this field is optional and is not scored/assessed.,1,,All updates to New York City's current climate action plan can be found here --> https://www.nyc.gov/content/climate/pages/planyc-getting-sustainabilty-done,
2025 Disclosure Cycle,779465,CDP,3422,Greater London Authority,City,UKWW,United Kingdom,Public,Q11.1,Use this field to provide any additional information or context that you feel is relevant to your jurisdiction's response. Please note that this field is optional and is not scored/assessed.,1,,"Consumption-Based Emissions Account - Tackling London's greenhouse gas (GHG) emissions is a huge challenge and emissions related to our activities and consumption go far beyond the city's boundaries, be it the electronics we buy, the food we eat, the clothes we wear, most are produced outside London and the UK. The Mayor, together with London Councils and ReLondon, has jointly commissioned Leeds University to develop a historic trend of consumption-based emissions for London. It uses the latest available data (running from 2001-2021) on average expenditure on different types of goods and services. This methodology aligns with equivalent national government datasets at the UK level. London's consumption-based emissions in 2021 were around 80 MtCOe 2. They've fallen by 24 per cent since 2001, despite the city's population increasing by 1.4 million over that time. This means emissions per head have reduced by 35 per cent, from 13.9 to 8.98 tCOe 2 per person. Sectors quantified include: Transport; Housing, water, electricity, gas, other fuels; Food and drink.\nThe account is produced on an annual basis, and the next publication (for 2022 data) will take place later this year.",
2025 Disclosure Cycle,779465,CDP,5871,Essex County Council,City,UKWW,United Kingdom,Public,Q11.1,Use this field to provide any additional information or context that you feel is relevant to your jurisdiction's response. Please note that this field is optional and is not scored/assessed.,1,,n/a,
2025 Disclosure Cycle,779465,CDP,10894,"City of Los Angeles, CA",City,North America,United States of America,Public,Q11.1,Use this field to provide any additional information or context that you feel is relevant to your jurisdiction's response. Please note that this field is optional and is not scored/assessed.,1,,"The City of Los Angeles, California (“City”) CDP questionnaire responses (\'CDP Response\') have not been prepared with the intent to inform an investment decision by investors in any of the City's bonds and, therefore, is not suitable to serve as the basis for making any such investment. Instead, the CDP Response is provided solely for submitting information to CDP.\n\nThe framework for responding to the CDP questionnaire (the “Framework”) requests respondents to answer specific questions or provide specific information. Sometimes, the Framework requests respondents to choose among a number of pre-set options which do not necessarily fit all circumstances. Oftentimes, the Framework asks for very short responses to questions or information requests that are nuanced and cannot be completely answered in the space provided. Investors should not rely on the CDP Response for making investment decisions and should understand that in many instances, more information or explanation is necessary to garner a full understanding of the answers and information presented.\n\nIn addition, the City has cited and/or referenced various third party studies and reports in the CDP Response. All citations or references made to any third party studies and reports in the CDP Response are provided as general background. The City has made no independent verification of the information provided by non-City sources and the City takes no responsibility for the completeness or accuracy thereof.\n",
2025 Disclosure Cycle,779465,CDP,11315,City of Manchester,City,UKWW,United Kingdom,Public,Q11.1,Use this field to provide any additional information or context that you feel is relevant to your jurisdiction's response. Please note that this field is optional and is not scored/assessed.,1,,N/A,
2025 Disclosure Cycle,779465,CDP,13490,Northumberland County Council,City,UKWW,United Kingdom,Public,Q11.1,Use this field to provide any additional information or context that you feel is relevant to your jurisdiction's response. Please note that this field is optional and is not scored/assessed.,1,,"Proportions of population exposed have been obtained from varying datasets and methodologies as we have made use of publicly available research in some cases. Importance and severity of risks cannot be compared using these values. \nSome of the proportions include social factors, whereas others are simply based on the physical environment. Additionally, different datasets have been used compared to the last submission, any changes in these figures do not represent an actual change to the population exposed.\n\n\nWithin the Emissions Inventory section, we have used data released by DESNZ. This information is broken down into sectors however they do not match up with the Common Reporting Framework. Where possible, the sectoral data has been used to supply emissions data against the CRF categories, however this does not match completely. Additional information is provided on each row of the emissions inventory reporting. \n\nWithin section 9, we have highlighted projects that are not owned or sponsored by NCC, however they are within the jurisdiction of Northumberland and are publicly seeking funding through the North East Carbon and Nature Marketplace. Information on projects is available at https://marketplace.netzeronortheastengland.co.uk/hub/invest?region=Northumberland&rangeValue=0%2C100&minimumDonation=0 ",
2025 Disclosure Cycle,779465,CDP,13506,Nottingham City Council,City,UKWW,United Kingdom,Public,Q11.1,Use this field to provide any additional information or context that you feel is relevant to your jurisdiction's response. Please note that this field is optional and is not scored/assessed.,1,,Carbon Neutral Action Plan,2028-carbon-neutral-action-plan-v2-160620 (1).pdf
2025 Disclosure Cycle,779465,CDP,14874,"City of Portland, OR",City,North America,United States of America,Public,Q11.1,Use this field to provide any additional information or context that you feel is relevant to your jurisdiction's response. Please note that this field is optional and is not scored/assessed.,1,,"For more information on Portland's 2025 response, please contact:\nKyle Diesner\nClimate Policy Analyst\nPortland Bureau of Planning and Sustainability- kyle.diesner@portlandoregon.gov. \n ",
2025 Disclosure Cycle,779465,CDP,15515,Reading Borough Council,City,UKWW,United Kingdom,Public,Q11.1,Use this field to provide any additional information or context that you feel is relevant to your jurisdiction's response. Please note that this field is optional and is not scored/assessed.,1,,"Most of the following developments are referenced earlier in the questionnaire but are included here as a selection of highlights to demonstrate new initiatives and positive progress which have been made since Reading's previous CDP submission in 2023: 1. AREA EMISSIONS: progress towards Reading's net zero by 2030 target is measured according the the UK national statistical dataset for 'emissions within the scope of influence of local authorities' - this shows that for 2023, the latest year for which data is available, there was a reduction in Reading Borough's carbon emissions of 58% compared to the 2005 baseline. This represents the 12th largest reduction out of almost 400 UK local authority areas. Reading's per capita emissions, at 2.7 tonnes per capita, are also the lowest of the six local authority areas in the Berkshire sub-region. 2. COUNCIL EMISSIONS: Reading Borough Council reported a reduction in its corporate carbon footprint of -72.7% in 2023/24 compared to the baseline year 2008/093. COUNCIL REDUCTION IN FOSSIL FUEL USE: the Council's Carbon Plan 2020-25 included a target to cut its use of fossil fuels by 50% by 2025 - the Council's 2022/23 Annual Greenhouse Gas Emissions report confirmed that this target had in fact been achieved 2 years early (in 2023). 4. ELECTRIFICATION OF REFUSE FLEET: Reading Borough Council continues to implement the conclusions of a green fleet review which will see all Council vehicles switched to EV. The Council's first all electric Refuse Collection Vehicle (eRCV) became operational in October 2021, with 5 more eRCVs added to the fleet in 2022/23 and 7 more eRCVs added in 2023/24, completing the electrification of the refuse fleet. 5. ZERO EMISSION BUSES: Reading Buses, which is owned by Reading Borough Council, secured £4.7m from the Government's Zero Emission Bus Regional Area grant scheme to enable the replacement of 24 diesel buses with full electric alternatives. Following successful trials in June 2024 the buses have been ordered and will be introduced to service in June 2025. 6. RENEWABLE ENERGY: Reading Borough Council joined with other Berkshire Councils to launch the Berkshire Solar Together scheme in 2023. The scheme offers solar and battery installations to residents, using collective buying power to negotiate competitive prices. The first round saw 0.64MW of solar capacity installed via 1,568 panels in 148 installations, with an estimated 25 yr CO2 reduction of 3,131,865kg and a total investment value of £1,348,504. It also led to 0.84mWh of battery capacity in 125 installations. The Council is participating in a second round of the scheme in 2024. 7. NATURE-BASED SOLUTIONS: Reading Borough Council has further extended its successful 'rewilding' trials bringing the total area of land managed under this policy to 50ha across 58 locations, including parks, recreation grounds and other greenspaces. 8. ACTIVE TRAVEL: following Reading's ranking as the 3rd most 'cycle-friendly' city in the UK in a survey by COLAS (February 2022), in 2024 Reading Borough Council secured an addition £538,000 in Active Travel funding to add to the £2.3m already secured for cycling and walking improvements. The Council also implemented 2 additional 'School Streets' in July 2024, bringing the total number of School Streets to 6, covering 10 schools in the Borough. School Streets involve temporary traffic restrictions at drop-off and pick-up times to encourages children to walk, cycle and wheel to school. 9. CARBON LITERACY TRAINING: Reading Borough Council secured 'Carbon Literate Organisation (Bronze)' status in February 2024, and achieved 'Carbon Literate' certification for 80 senior managers and 6 elected members, including the Leader and Deputy Leader of the Council, between September 2023 and June 2024. The courses offered are externally accredited by the Carbon Literacy Project. 10. WASTE RECYCLING: in September 2023 the Council launched a pilot scheme for kerbside collection of plastic bags and wrapping (including crisp packets, confectionary wrappers, foil-lined packaging, plastic film and bubble wrap) to 4,000 households which to date has led to collection of 13 tonnes of plastic waste. In July 2024 this pilot was expanded to a further 6,000 households (10,000 in total). 11. PUBLIC ENGAGEMENT: The Reading Climate Change Partnership/Reading Climate Action Network held its 6th Reading Climate Festival in June 2025, a mixture of on-line and face to face events to inspire climate action which engaged over 2000 people over the course of two weeks - details at https://readingcan.org.uk/festival25/. See also attached Annual Report for 2023/24. ",
2025 Disclosure Cycle,779465,CDP,16581,"City of Seattle, WA",City,North America,United States of America,Public,Q11.1,Use this field to provide any additional information or context that you feel is relevant to your jurisdiction's response. Please note that this field is optional and is not scored/assessed.,1,,Nothing Further to add.,
2025 Disclosure Cycle,779465,CDP,18078,Swale Borough Council,City,UKWW,United Kingdom,Public,Q11.1,Use this field to provide any additional information or context that you feel is relevant to your jurisdiction's response. Please note that this field is optional and is not scored/assessed.,1,,Swale Council adopted a revised Climate and Ecological Emergency Action Plan in March 2025. This set a revised net-zero target of 2045 for the borough. It also aggregated the Council's emission targets by scope:\nScope 1 - 2035\nScope 2 - 2045\nScope 3 - 2045. ,2025 Climate and Ecological Emergency Action Plan.pdf
2025 Disclosure Cycle,779465,CDP,20113,"City of Vancouver, BC",City,North America,Canada,Public,Q11.1,Use this field to provide any additional information or context that you feel is relevant to your jurisdiction's response. Please note that this field is optional and is not scored/assessed.,1,,none,
2025 Disclosure Cycle,779465,CDP,31051,Coventry City Council,City,UKWW,United Kingdom,Public,Q11.1,Use this field to provide any additional information or context that you feel is relevant to your jurisdiction's response. Please note that this field is optional and is not scored/assessed.,1,,N/A,
2025 Disclosure Cycle,779465,CDP,31052,City of Cardiff,City,UKWW,United Kingdom,Public,Q11.1,Use this field to provide any additional information or context that you feel is relevant to your jurisdiction's response. Please note that this field is optional and is not scored/assessed.,1,,The 2024 Ask Cardiff Survey referenced in section 4.11 has been uploaded so the food insecurity datasets are accessible. ,Ask Cardiff 2024 Report.docx
2025 Disclosure Cycle,779465,CDP,31054,Belfast City Council,City,UKWW,United Kingdom,Public,Q11.1,Use this field to provide any additional information or context that you feel is relevant to your jurisdiction's response. Please note that this field is optional and is not scored/assessed.,1,,This document contains an update to the activities carried out as part of the Belfast Climate Action Plan. It is the first review of climate related activities in the city and will be updated on an annual basis from this point on.,Our Planet Board Annual Review July24 V3.pdf
2025 Disclosure Cycle,779465,CDP,31090,"District of Columbia, DC",City,North America,United States of America,Public,Q11.1,Use this field to provide any additional information or context that you feel is relevant to your jurisdiction's response. Please note that this field is optional and is not scored/assessed.,1,,"The District is in the process of updating key climate and energy plans: Sustainable DC 3.0, Clean Energy DC 2.0, Climate Ready DC 2.0, and a plan for District Government operations to reach carbon neutrality. We are also in the process of updating the next Comprehensive Plan, which have climate resiliency as a keystone guiding the report. We've answered questions to the best of our ability based on the current plans and look forward to sharing the latest versions with next year's reporting!",
2025 Disclosure Cycle,779465,CDP,31109,City of Melbourne,City,South East Asia & Oceania,Australia,Public,Q11.1,Use this field to provide any additional information or context that you feel is relevant to your jurisdiction's response. Please note that this field is optional and is not scored/assessed.,1,,City of Melbourne's new Council Plan 2025-2029 lists as a key deliverable: 'Deliver a Circular Economy Framework and a new Integrated Climate Change Strategy'. The new Integrated Climate Strategy will be developed through 2025-2026 to meet the 16 criteria in C40's Cities Climate Transition Framework. City of Melbourne will continue consulting with C40 on the progress of the strategy's design as it progresses.\n\nhttps://hdp-au-prod-app-com-participate-files.s3.ap-southeast-2.amazonaws.com/6217/5576/0096/Draft_Council_Plan_2025-2029.pdf\n,
2025 Disclosure Cycle,779465,CDP,31110,City of Rome,City,Europe,Italy,Public,Q11.1,Use this field to provide any additional information or context that you feel is relevant to your jurisdiction's response. Please note that this field is optional and is not scored/assessed.,1,,"Information, documents, ongoing projects, and monitoring are available and accessible on the website https://www.romaperilclima.it/\n\n6.1.1 Provide details on your emissions reduction targets. There were some questions in completing the form, especially regarding the target. Please contact our representatives for any clarification and the possibility of correcting any errors.\n\n9.1 Describe the results of the most significant adaptation actions currently undertaken by your jurisdiction.\nMany of the actions listed have been grouped by risk type, and not all fields have been completed. Please refer to the uploaded Adaptation Strategy text.\n9.2 Describe the results of the most significant mitigation actions currently undertaken by your jurisdiction. Updated with the City Climate Contract. Please refer to the uploaded Action Plan.\n\n","AdaptationStrategy_ENG (1).pdf,Strategia-Adattamento-DEF.pdf,action_plan_eng.pdf"
2025 Disclosure Cycle,779465,CDP,31112,Kaohsiung City Government,City,China,East Asia,Public,Q11.1,Use this field to provide any additional information or context that you feel is relevant to your jurisdiction's response. Please note that this field is optional and is not scored/assessed.,1,,All information needed are attached in the related question sections.,
2025 Disclosure Cycle,779465,CDP,31113,City of Yokohama,City,Japan,Japan,Public,Q11.1,Use this field to provide any additional information or context that you feel is relevant to your jurisdiction's response. Please note that this field is optional and is not scored/assessed.,1,,　,
2025 Disclosure Cycle,779465,CDP,31115,City of Johannesburg,City,UKWW,South Africa,Public,Q11.1,Use this field to provide any additional information or context that you feel is relevant to your jurisdiction's response. Please note that this field is optional and is not scored/assessed.,1,,"The City of Johannesburg's 2025 Climate Indicator Report shows steady progress in implementing its Climate Action Plan, which targets net-zero emissions and climate resilience by 2050. Current emissions stand at 20.9 MtCO₂e, or 4.2 tonnes per person—lower than some South African metros but still above the African average. Renewable energy uptake is growing, with 131 MW of embedded generation registered, while rooftop solar and mini-grids are expanding access and creating thousands of local jobs.\nTransport remains a challenge, with high dependence on private cars, though recovery in public transport, electric bus pilots, private EV fleets, and e-bike deliveries point to greener mobility options. Waste diversion has reached 19%, reducing methane emissions, but more is needed to curb landfill reliance.\nOn resilience, nearly all households have access to basic water and sanitation, though water losses remain high at 46%. Urban farming, tree planting, and SME support are strengthening community livelihoods, while air quality and urban heat pose rising risks. The City is responding with initiatives such as the Breathe Cities programme and greening campaigns.\nClimate governance underpins these efforts, with a planned online dashboard, strengthened partnerships, and training in green building, EV readiness, and climate finance. Despite persistent vulnerabilities—especially poverty, air quality, and transport emissions—the City is building the foundations for a just transition and more sustainable future.\n\nMeanwhile, Environmental and Social Management System (ESMS) manual being developed now by Johannesburg gives a unified system to manage environmental and social risks in capital projects. It strengthens fragmented policies, builds institutional capacity, and ensures compliance with national law and international standards. Key elements include core policies, a central compliance register, clear governance with ESG focal points, and procedures for risk screening, impact assessment, and monitoring. Guidance covers climate risk, GHG emissions, resettlement, biodiversity, and emergency response, supported by training and continuous improvement. In short, it equips the City to deliver infrastructure that is sustainable, legally compliant, and socially responsible.",Climate Indicator Report Digital (2).pdf
2025 Disclosure Cycle,779465,CDP,31117,"City of Toronto, ON",City,North America,Canada,Public,Q11.1,Use this field to provide any additional information or context that you feel is relevant to your jurisdiction's response. Please note that this field is optional and is not scored/assessed.,1,,N/A,
2025 Disclosure Cycle,779465,CDP,31149,Municipality of Athens,City,Europe,Greece,Public,Q11.1,Use this field to provide any additional information or context that you feel is relevant to your jurisdiction's response. Please note that this field is optional and is not scored/assessed.,1,,"Documents relating to section 1.3.3 \n- Integrated Urban Intervention Plan for the centre of Athens (2015) \n- Climate Action Plan for the mitigation of GHG emissions and for the adaptation to climate change (2017) as well as its updated 2022 version \n-Athens Resilience Strategy for 2030\n- Holistic Sustainable Urban Development Plan of the Municipality of Athens, using an Integrated Spatial Investment Tool (2017) \n- Sustainable Urban Mobility Plan (2021)\n- Local Waste Management Plan (2021) \n- Annual Technical Programme of the Municipality of Athens (2025) ","Athens-Resilience-Strategy-English.pdf,Athens-Resilience-Strategy-English.pdf,Climate Action Plan Part B 2017.pdf,Local Waste Management Plan (2021).pdf,Local Waste Management Plan (2021).pdf,cap-part-a-mitigation-plan.pdf,the Integrated Urban Intervention Plan for the centre of Athens (2015).pdf"
2025 Disclosure Cycle,779465,CDP,31154,Bogotá Distrito Capital,City,Latin America,Colombia,Public,Q11.1,Use this field to provide any additional information or context that you feel is relevant to your jurisdiction's response. Please note that this field is optional and is not scored/assessed.,1,,"Con la entrada en vigencia de la Política Pública de Acción Climática en septiembre de 2023 se viene realizando un seguimiento a los avances en productos y resultados esperados para los objetivos de mitigación al cambio climático, adaptación, y gobernanza. Este representa uno de los principales instrumentos para la evaluación y seguimiento de la acción climática en la ciudad.",informe_seguimiento_pp_accion_climatica_s2-24.pdf
2025 Disclosure Cycle,779465,CDP,31155,City of Buenos Aires,City,Latin America,Argentina,Public,Q11.1,Use this field to provide any additional information or context that you feel is relevant to your jurisdiction's response. Please note that this field is optional and is not scored/assessed.,1,,"Se adjunta el informe final obtenido de dicho análisis (archivo “0.3 Co-beneficios de la Acción Climática Buenos Aires”), mencionado ene la respuesta 1.4.3. del apartado 01- \'Gobernanza\'.",0.3 Co-beneficios Acción Climática Buenos Aires.PDF
2025 Disclosure Cycle,779465,CDP,31156,Municipality of Curitiba,City,Latin America,Brazil,Public,Q11.1,Use this field to provide any additional information or context that you feel is relevant to your jurisdiction's response. Please note that this field is optional and is not scored/assessed.,1,,"DECRETO 340/2024 - Prefeitura Municipal de Curitiba.\n\nReativação do Fórum Curitiba sobre Mudanças Climáticas, no ano de 2024. Em conformidade com o inciso IV do art. 72 da Lei Orgânica do Município de Curitiba, e com base\nno Protocolo nº 01-042437/2024;\n\nConsiderando a necessidade de promover ações coordenadas e eficazes para enfrentar os desafios das mudanças climáticas no âmbito deste Município; considerando a necessidade da construção das medidas de mitigação e adaptação em conjunto com a sociedade civil organizada; considerando as diretrizes e atribuições municipais constantes da Lei Municipal nº 15.852, de 1º de julho de 2021;\nDECRETA:\nArt. 1º Fica atualizada a estrutura e a composição do Fórum Curitiba sobre Mudanças Climáticas que\ntem por objetivo debater e propor medidas de mitigação e adaptação às inevitáveis mudanças climáticas\npara a cidade de Curitiba, por meio de recomendações técnicas encaminhadas ao Prefeito Municipal.\nArt. 2º O Fórum Curitiba sobre Mudanças Climáticas atuará em caráter consultivo, visando estimular, fortalecer e avaliar a implementação de políticas de Mudanças Climáticas mobilizando a sociedade por meio de debates para a discussão e tomada de decisões sobre o fenômeno das mudanças climáticas\nglobais.\nArt. 3º O Fórum Curitiba sobre Mudanças Climáticas será composto pelas instituições e órgãos: \nI - membros do Poder Público Municipal:\nII - membros dos segmentos da Sociedade Civil \nIII - membros de instituições de ensino, pesquisa e extensão:\n",Decreto 340 2024 de Curitiba PR.pdf
2025 Disclosure Cycle,779465,CDP,31163,Istanbul Metropolitan Municipality,City,UKWW,Türkiye,Public,Q11.1,Use this field to provide any additional information or context that you feel is relevant to your jurisdiction's response. Please note that this field is optional and is not scored/assessed.,1,,No further information for now.,
2025 Disclosure Cycle,779465,CDP,31165,City of Heidelberg,City,Europe,Germany,Public,Q11.1,Use this field to provide any additional information or context that you feel is relevant to your jurisdiction's response. Please note that this field is optional and is not scored/assessed.,1,,The attached climate neutrality concept 2023 has been approved by the council of the city of Heidelberg in November 2023. It summarizes the targets in mitiagtion and adaptation as well in other climate-related fields of action. It also gives an overview of the fields of actions and most relevant measures. This concept has been adapted by C40 as the for the membership most relevant integrated climate action plan.,Klimaneutralitaetskonzept_2023.pdf
2025 Disclosure Cycle,779465,CDP,31166,Jakarta City Government,City,South East Asia & Oceania,Indonesia,Public,Q11.1,Use this field to provide any additional information or context that you feel is relevant to your jurisdiction's response. Please note that this field is optional and is not scored/assessed.,1,,"Keputusan Gubernur No. 576 tahun 2023 tentang Strategi Pengendalian Pencemaran Udara. Keputusan ini berisi tentang Rencana Aksi Strategi Pengendalian Pencemaran Udara, meliputi : Strategi Peningkatan Tata Kelola Pengendalian Pencemaran Udara; Strategi Pengurangan Emisi Pencemar Udara dari Sumber Bergerak dan Sumber Tidak Bergerak; serta Susunan dan Uraian Tugas Tim Kerja Pengendali Pencemaran Udara di Jakarta.","2023-Keputusan Gubernur DKI Jakarta Nomor 576 Tahun 2023.pdf,Instruksi Gubernur DKI Jakarta Nomor 6 Tahun 2025 tentang Penggunaan Angkutan Umum Massal Bagi Pegawai di Lingkungan Pemprov DKI Jakarta.pdf,Kepgub 292 Tahun 2023 - Cita Provinsi.pdf,MITIGASI DAN ADAPTASI BENCANA IKLIM.pdf,Matriks Aksi Mitigasi.xlsx,NA RUED.pdf,PERDA NO. 8 TAHUN 2024.pdf,PERDA RUED-1.pdf,Perda 8 2024 RPJPD Jakarta 2025-2045_compressed.pdf,UU_59_2024_RPJPN 2025-2045_compressed.pdf"
2025 Disclosure Cycle,779465,CDP,31169,Government of Hong Kong Special Administrative Region,City,China,"China, Hong Kong Special Administrative Region",Public,Q11.1,Use this field to provide any additional information or context that you feel is relevant to your jurisdiction's response. Please note that this field is optional and is not scored/assessed.,1,,"Further information for Q1.4.6\n\n(cont)\nKey Area 3: Waste Reduction and Recycling efforts for public rental housing residents\n\nTo promote public rental housing (PRH) residents' awareness of waste separation at source and clean recycling and complement the Government's policies for Municipal Solid Waste, the Government organised various publicity activities with green groups and local non-governmental organisations, and set up recycling facilities by placing recycling bins/boxes in the common areas of PRH estates for collecting different kinds of recyclables. By end-June 2025, EPD installed a total of 937 food waste smart recycling bins (FWSRBs) across 218 PRH estates in Hong Kong, to provide incentives and convenience to cultivate the residents' food waste recycling habit. Additional FWSRBs are being installed, prioritising PRH estates that show higher food waste collection rates.\n\n========================\nFurther information for Q9.4.6\n\n(cont)\n\nThe Hong Kong Taxonomy for Sustainable Finance (Hong Kong Taxonomy) was published in early May 2024. It serves as a pivotal tool to scale up the flow of green and sustainable finance and address greenwashing concerns. Phase 1 of the Taxonomy operationalises the Common Ground Taxonomy to achieve alignment with the taxonomies of Mainland China and the European Union. It encompasses 12 economic activities under four sectors, namely power generation, transportation, construction, and water and waste management. To make the Taxonomy more usable and support the transition of the region, the HKMA has embarked on Phase 2 development, under which the scope of sectors and economic activities will be expanded to introduce transition elements and add new green activities. Examples of new activities include other forms of energy production, clean transportation, and manufacturing of materials, etc. The expanded taxonomy will also cover a new environmental objective, namely climate change adaptation, as well as new components like “Do No Significant Harm”. The HKMA plans to consult the public on the next phase taxonomy prototype in September 2025. The HKMA has been engaging with a broad set of stakeholders (including banks, corporates and investors), with a view to launching a taxonomy that can further facilitate the flow of green and sustainable finance.\n\nThe FSTB published in March 2024 a vision statement, setting out the vision and approach of the Government and financial regulators in developing a comprehensive ecosystem for sustainability disclosure in Hong Kong. Assuming the role of the sustainability reporting standard setter in Hong Kong, the Hong Kong Institute of Certified Public Accountants published in December 2024 following a public consultation the Hong Kong Sustainability Disclosure Standards (Hong Kong Standards) fully aligned with the International Financial Reporting Standards - Sustainability Disclosure Standards (ISSB Standards), which has been effective since 1 August 2025. The FSTB launched in December 2024 the Roadmap on Sustainability Disclosure in Hong Kong, which sets out Hong Kong's approach to require publicly accountable entities (PAEs) to adopt the ISSB Standards. It provides a well-defined pathway for large PAEs to fully adopt the ISSB Standards no later than 2028. In June 2025, the International Financial Reporting Standards Foundation (IFRS Foundation) published the jurisdictional profiles on adoption of the ISSB Standards, which confirms Hong Kong as among the initial set of jurisdictions having set a target of fully adopting the ISSB Standards. This demonstrates Hong Kong's commitment to enhancing the transparency of information on sustainable development in the capital markets, facilitating investors to make investment decisions and promoting global capital flows.\n\nTo facilitate listed companies to adopt the local sustainability disclosure standards for sustainable reporting in future, The Stock Exchange of Hong Kong Limited published conclusions to its consultation on the enhancement of climate-related disclosures under its ESG framework in April 2024 to introduce new climate-related disclosures requirements (New Climate Requirements). The New Climate Requirements are developed based on IFRS S2 Climate-related Disclosures. Implementation reliefs including proportionality and scaling-in measures are introduced to address concerns over the reporting challenges that some issuers may face. An accompanying implementation guidance incorporating relevant principles under IFRS S1 General Requirements for Disclosure of Sustainability-related Financial Information was also published to assist issuers' compliance with the New Climate Requirements, and issuers are encouraged to refer to and apply the implementation guidance when preparing disclosures under the New Climate Requirements. These requirements have been phased in for listed companies starting from the beginning of 2025.\nIn November 2021, the Mandatory Provident Fund Schemes Authority (MPFA) issued the “Principles for Adopting Sustainable Investing in the Investment and Risk Management Processes of MPF Funds” (Principles) to MPF trustees which provide a high-level framework to assist MPF trustees in integrating ESG factors into the investment and risk management processes of MPF funds and making relevant disclosure to MPF scheme members. The Principles cover four key elements: governance, strategy, risk management and disclosure. MPF trustees are also required to disclose their ESG integration strategy and implementation progress in the annual governance report of each MPF scheme for all financial years ended on or after 30 November 2022. In December 2024 and February 2025, circular letters were issued by the MPFA to all MPF trustees respectively to provide further guidance on the implementation and disclosure of sustainable investing strategies, as well as enhancing disclosure requirements for ESG-themed MPF funds to facilitate scheme members' understanding of the ESG fund characteristics, associated risks, and how these funds achieve their ESG foci. \n\n\n\n",
2025 Disclosure Cycle,779465,CDP,31170,Metropolitan Municipality of Lima,City,Latin America,Peru,Public,Q11.1,Use this field to provide any additional information or context that you feel is relevant to your jurisdiction's response. Please note that this field is optional and is not scored/assessed.,1,,"Mediante ORDENANZA N° 2729 se actualiza el Texto Único Ordenado del Reglamento de Organización y Funciones de la Municipalidad Metropolitana de Lima, en el cual se contemplan las funciones de las diferentes unidades orgánicas ligadas a temas de la acción climática. \n",1-TUO-DEL-ROF-MML-ACTUALIZADO-POR-ORDENANZA-N°2729-2025.pdf
2025 Disclosure Cycle,779465,CDP,31172,Mexico City,City,Latin America,Mexico,Public,Q11.1,Use this field to provide any additional information or context that you feel is relevant to your jurisdiction's response. Please note that this field is optional and is not scored/assessed.,1,,"En la actualidad, la Ciudad de México y el mundo viven múltiples crisis simultáneas y convergentes. La emergencia climática representa uno de los retos más complejos y urgentes que enfrenta la humanidad y, sumada a la crisis sanitaria y económica actual, supone riesgos e impactos irreversibles que amenazan el bienestar y la vida de quienes habitan y visitan la Ciudad. La Ciudad de México asume este reto con firmeza y responsabilidad. \n\nEl cambio climático representa una oportunidad para transformar la forma en la que nos relacionamos con el entorno y así, transitar hacia una ciudad sustentable, resiliente, incluyente, innovadora y de derechos. Comprometida con contribuir a la solución de la emergencia climática y en cumplimiento con la Ley de Mitigación y Adaptación al Cambio Climático y Desarrollo Sustentable para la Ciudad de México (Ley de Cambio Climático), se elaboraron de manera conjunta, los dos instrumentos que dirigen la política climática en la Ciudad de México, la Estrategia Local de Acción Climática 2021-2050 (Estrategia) y el Programa de Acción Climática 2021-2030 (Programa), en ambos se busca integrar, coordinar e impulsar políticas públicas para disminuir los riesgos ambientales, sociales y económicos derivados del cambio climático, y así encaminar a la ciudad hacia un desarrollo bajo en carbono y resiliente, enmarcado en los enfoques y principios de la economía circular, la inclusión social, los derechos humanos y la equidad de género; los cuales además se alinean con lo que establece la Constitución Política de la Ciudad de México, el Plan General de Desarrollo 2020-2040 y el Programa Ambiental y de Cambio Climático para la Ciudad de México 2019-2024, anunciado por la Jefa de Gobierno, la Dra. Claudia Sheinbaum, en junio de 2019\n\nLa Estrategia y el Programa contemplan ocho ejes estratégicos y 23 líneas de acción: \n1) Movilidad integrada y sustentable, \n2) Ciudad solar, \n3) Basura cero, \n4) Manejo sustentable del agua y rescate de ríos y cuerpos de agua, \n5) Revegetación del campo y la ciudad, \n6) Capacidad adaptativa y resiliencia urbana, \n7) Calidad del aire, y \n8) Cultura climática.\n\nA principios del 2024, la Ciudad de México informó que, gracias a las acciones implementadas a través del Programa Ambiental y de Cambio Climático (PACC) 2019-2024, se logró superar la meta establecida para el año 2024, que consistía en reducir el 10% de las emisiones de dióxido de carbono equivalente (CO2e) con base en las emisiones del año 2016. Actualmente se registra una reducción de 2 millones 260 mil 656 toneladas anuales de los gases que provocan el cambio climático, lo que representa un avance del 102.7% respecto a la meta establecida.\n\nEn junio del 2025, dieron inicio los talleres de proceso participativo para la actualización del Programa de Acción Climática, con le objetivo de incrementar la ambición climática capitalina a partir del incremento de las metas de descarbonización, el fortalecimiento de una política de adaptación con resultados medibles y el establecimiento de compromisos de participación del sector privado y la ciudadanía, con el fin de impulsar, de manera permanente, una política climática participativa, inclusiva y democrática.\n",
2025 Disclosure Cycle,779465,CDP,31175,City of Paris,City,Europe,France,Public,Q11.1,Use this field to provide any additional information or context that you feel is relevant to your jurisdiction's response. Please note that this field is optional and is not scored/assessed.,1,,INSEE Projected population by 2050 in Paris\nFull statement: https://www.insee.fr/fr/statistiques/7635715#titre-bloc-6,
2025 Disclosure Cycle,779465,CDP,31178,City of Mumbai,City,India,India,Public,Q11.1,Use this field to provide any additional information or context that you feel is relevant to your jurisdiction's response. Please note that this field is optional and is not scored/assessed.,1,,NA,
2025 Disclosure Cycle,779465,CDP,31186,Changwon City,City,South East Asia & Oceania,Korea (The Republic of),Public,Q11.1,Use this field to provide any additional information or context that you feel is relevant to your jurisdiction's response. Please note that this field is optional and is not scored/assessed.,1,,"미래 10년을 준비하는 『2030 스마트 기후환경도시 창원』\n\n스마트 기후환경도시 창원은 '기후위기 대응과 그린뉴딜 선도 도시, 디지털 기반 스마트 환경관리도시, 시민과 함께하는 지속가능한 도시'를 3대 목표로 설정하였습니다.\n\n이를 실현하기 위해 환경정책 전분야를 포괄하는 7대 추진전략은 다음과 같습니다.\n1. 안심하고 숨쉴 수 있는 맑은 공기질을 확보하겠습니다.\n2. 안전하고 깨끗한 물순환 도시를 만들겠습니다.\n3. 사람과 자연이 공존하는 생태환경을 조성하겠습니다.\n4. 온실가스 감축과 기후위기 대응을 위해 총력을 기울이겠습니다.\n5. 청결하고 쾌적한 자원순환형 도시를 조성하겠습니다.\n6. 첨단 스마트 환경감시 시스템을 구축할 것입니다.\n7. 지속가능한 도시 조성을 위해 시민역량 강화에 힘쓰겠습니다.\n\n기후위기 시대, 지속가능한 도시발전은 시민의 참여와 협력이 있어야 가능합니다. “2030 스마트 기후환경도시 창원” 시민과 함께 꼭 만들어 가겠습니다.",2030 스마트 기후환경도시 창원 전략 브리핑 문서.pdf
2025 Disclosure Cycle,779465,CDP,31187,Seoul Metropolitan Government,City,South East Asia & Oceania,Korea (The Republic of),Public,Q11.1,Use this field to provide any additional information or context that you feel is relevant to your jurisdiction's response. Please note that this field is optional and is not scored/assessed.,1,,We do not have any further information.,
2025 Disclosure Cycle,779465,CDP,31446,Taipei City Government,City,China,East Asia,Public,Q11.1,Use this field to provide any additional information or context that you feel is relevant to your jurisdiction's response. Please note that this field is optional and is not scored/assessed.,1,,"1. Taipei City would like to provide the following supplementary information:\nPower supply context: As Taipei City has no local power plants, the relevant data in Q2.1d has been revised with the code “NO.” The City relies on Taiwan's unified national grid for electricity supply, and renewable energy expansion will follow national-level deployment strategies.\nNet Zero planning: In 2024, Taipei City updated its climate strategy through the Taipei 2050 Net Zero Action White Paper 2.0, which raises the City's carbon reduction ambition and specifies pathways across energy, transport, buildings, and waste sectors. The English version of the White Paper is currently being prepared and will be made available at:\nhttps://www.dep.gov.taipei/News_Content.aspx?n=9086C3ED2A4F6A09&sms=9B5E42F97878D232&s=6038D45CF547928D\nAlignment with national renewable energy targets: Since Taiwan's electricity is supplied via the single national grid, Taipei's renewable energy actions are designed to complement national targets. According to Taiwan's Net Zero Pathway:\nBy 2030: 30 GW cumulative solar PV capacity and 13.1 GW offshore wind power capacity.\nBy 2050: 40-80 GW solar PV capacity and 40-55 GW offshore wind capacity.\nThrough local action and alignment with national strategies, Taipei City ensures consistency with both domestic and international climate commitments while addressing its unique urban context.\n\n2. To share Taipei City's progress on sustainable development with the international community, the City submits a Voluntary Local Review (VLR), aligned with the United Nations Sustainable Development Goals (SDGs). This review provides a transparent account of Taipei's policies, programs, and achievements in advancing sustainability, climate action, and inclusive urban development.\nTaipei City is committed to building a people-oriented, sustainable, and inclusive city while pursuing Net Zero emissions by 2050. The City strives to be both smarter and more innovative, embedding technology into daily life, enhancing service efficiency, and integrating creative energy with international standards.\nPeople are at the heart of Taipei's development. It is citizens who shape the past, present, and future of the city. Taipei seeks to provide a high-quality, friendly, and livable urban environment for those who live, work, and study here, enabling people to live with peace of mind, pursue their aspirations, and realize their potential.\nThrough this vision, Taipei strengthens its commitment to sustainable development, aiming to create a resilient, innovative, and truly livable city for current and future generations.\nhttps://sdg.gov.taipei/admin/resource/images/2023%E5%B9%B4%E8%87%BA%E5%8C%97%E5%B8%82%E8%87%AA%E9%A1%98%E6%AA%A2%E8%A6%96%E5%A0%B1%E5%91%8A%E8%8B%B1%E6%96%87%E7%89%88.pdf",Circular Taipei Implementation Plan White Paper 臺北市循環城市白皮書英文版.pdf
2025 Disclosure Cycle,779465,CDP,35268,"City of Boston, MA",City,North America,United States of America,Public,Q11.1,Use this field to provide any additional information or context that you feel is relevant to your jurisdiction's response. Please note that this field is optional and is not scored/assessed.,1,,No additional information,
2025 Disclosure Cycle,779465,CDP,35475,"City of Calgary, AB",City,North America,Canada,Public,Q11.1,Use this field to provide any additional information or context that you feel is relevant to your jurisdiction's response. Please note that this field is optional and is not scored/assessed.,1,,No additional information or context to report,
2025 Disclosure Cycle,779465,CDP,35848,Municipality of Belo Horizonte,City,Latin America,Brazil,Public,Q11.1,Use this field to provide any additional information or context that you feel is relevant to your jurisdiction's response. Please note that this field is optional and is not scored/assessed.,1,,Plano de Contingência e Plano Municipal de Saneamento de Belo Horizonte,"_VolumeI_TEXTO_PMS2020_2023_Atualização2022 - ADEQUAÇÃO ANA.pdf,plano-contigencia-2024-2025.pdf"
2025 Disclosure Cycle,779465,CDP,35852,Ankara Metropolitan Municipality,City,UKWW,Türkiye,Public,Q11.1,Use this field to provide any additional information or context that you feel is relevant to your jurisdiction's response. Please note that this field is optional and is not scored/assessed.,1,,"The disclosure of Ankara Metropolitan Municipality (ABB) is based on a robust portfolio of climate planning documents and technical resources that collectively demonstrate the city's commitment to integrated climate action, resilience, and sustainable urban development. This submission reflects not only the municipality's climate governance framework but also its readiness to mobilize international financing and implement large-scale transformative projects. The following key documents provide the backbone for our reporting and ensure consistency between strategic planning, technical quantification, and investment structuring.\n\n1. Sustainable Energy and Climate Action Plan (SECAP)\nThe Sustainable Energy and Climate Action Plan (SECAP) of Ankara establishes a comprehensive roadmap towards climate neutrality and resilience by 2050. Developed in line with the European Covenant of Mayors methodology, the SECAP integrates greenhouse gas mitigation, energy efficiency, renewable energy deployment, and adaptation strategies into a single coherent framework. It contains a baseline emissions inventory, mitigation targets consistent with the Paris Agreement, and detailed strategies for priority sectors including transport, buildings, energy supply, and waste management. Importantly, the SECAP also addresses adaptation challenges such as drought, extreme heat, and urban flooding, thereby ensuring that mitigation and resilience are tackled together.\nThe plan emphasizes inclusivity and social equity, incorporating measures to reduce energy poverty, create local green jobs, and strengthen ecosystem services. The SECAP is not only a technical document but also a governance tool, engaging citizens, civil society, and private sector stakeholders in the city's climate transition. Its dual focus on reducing emissions and strengthening resilience positions Ankara as a leader in integrated urban climate governance within the national and regional context.\n\n2. CIRIS Tables - Climate Action Planning Tool\nThe CIRIS (Cities Inventory Reporting and Information System) dataset serves as the quantitative backbone of Ankara's climate action strategy. This Excel-based tool provides a complete greenhouse gas inventory for the base year 2022, future emissions trajectories, and detailed quantification of the impacts of planned mitigation actions. Developed under the GPC (Global Protocol for Community-Scale Greenhouse Gas Inventories) and IPCC 2006 guidelines, CIRIS ensures methodological rigor and comparability with international best practice.\nThe dataset includes annual emissions reduction estimates (tCO₂e), energy savings (MWh), and renewable generation outputs (MWh) for each action, while also linking them to relevant co-benefits such as improved public health, reduced congestion, and increased energy security. The CIRIS tables also integrate financial information such as expected costs and identified funding sources, making it possible to assess the bankability of projects. In addition, the dataset includes adaptation and energy poverty indicators, enabling the municipality to demonstrate compliance with the Global Covenant of Mayors Common Reporting Framework. By providing transparent, evidence-based data, CIRIS strengthens confidence among investors, donors, and international partners that Ankara's climate policies are both credible and implementable.\n\n3. Ankara Climate Change Action Plan\nThe Ankara Climate Change Action Plan consolidates mitigation, adaptation, and energy access pillars into a single, citywide policy document. Developed through an inclusive process involving municipal departments, academia, NGOs, and private sector representatives, the plan identifies over 60 prioritized actions across sectors such as transport, buildings, energy, waste, water, health, and ecosystems. Each action includes a clear description, responsible implementing agency, cost estimate, financing options, and measurable indicators for progress tracking.\nFlagship mitigation measures include the electrification of public transport, large-scale rooftop solar installations, retrofitting of affordable housing units, and development of a waste-to-energy facility. Adaptation priorities focus on rainwater harvesting systems, drought-resistant agriculture, expansion of green spaces, and improvements in early warning systems for extreme weather. The plan also incorporates social equity measures, ensuring that vulnerable groups benefit from reduced energy costs, improved air quality, and better resilience to climate hazards.\nBy aligning with the Paris Agreement, Sustainable Development Goals (particularly SDG 11 and SDG 13), and the GCoM framework, the Action Plan ensures coherence between local initiatives and global climate objectives. It is both a strategic vision document and a practical implementation roadmap, demonstrating Ankara's commitment to operationalizing climate action at scale.\n\n4. Ankara Green City Action Plan (GCAP)\nThe Ankara Green City Action Plan (GCAP) was prepared under the European Bank for Reconstruction and Development's (EBRD) Green Cities Program. It is a uniquely investment-oriented framework that bridges environmental priorities with financial structuring and bankable project pipelines. The GCAP provides a diagnostic assessment of Ankara's environmental challenges across multiple domains including air quality, water, waste, transport, energy, biodiversity, and land use.\nBased on this assessment, the GCAP identifies a ranked set of priority projects such as public transport electrification, renewable energy deployment, circular waste management systems, green affordable housing retrofits, and nature-based solutions for flood control. Each project is analyzed for its environmental benefits, social co-benefits, and financing options. Potential mechanisms such as public-private partnerships, loans from international financial institutions, and municipal green bonds are explicitly identified, making the GCAP a practical tool for mobilizing investment.\nBy focusing on the interface between strategic planning and finance, the GCAP positions Ankara as a frontrunner in attracting climate-related investments. It translates policy ambitions into a tangible pipeline of projects that are ready to engage with international donors, climate funds, and development banks.\n\nIntegrated Impact and Governance Framework\nTogether, these four documents (SECAP, CIRIS Tables, Ankara Climate Change Action Plan, and GCAP) create a comprehensive ecosystem of climate governance for Ankara. They demonstrate that the municipality has:\n\nA long-term strategic vision (SECAP)\n\nA rigorous quantitative foundation (CIRIS)\n\nA detailed implementation roadmap (Climate Change Action Plan)\n\nAn investment-ready pipeline of projects (GCAP)\n\nThe governance of climate action in Ankara is overseen by the Department of Environmental Protection and Control under the leadership of the Mayor's Office. A cross-sectoral climate task force ensures that mitigation and adaptation considerations are mainstreamed into citywide planning. Stakeholder engagement mechanisms ensure broad participation and legitimacy. Monitoring and evaluation are supported by CIRIS and GIS-based tools, allowing for continuous assessment of progress.\n\nAdditional Context\nTo prepare this disclosure, ABB collected and harmonized approximately 1.2 GB of data from more than 20 municipal departments and 40 external stakeholders including universities, NGOs, and business associations. The disclosure not only reflects current progress but also highlights the municipality's financing needs, particularly in the areas of transport electrification, renewable energy, housing retrofits, waste-to-energy, and water management. These projects represent over 5 billion ₺ of investment opportunities and are directly linked to the actions disclosed under sections 9.2 and 9.3.\n\nThe city emphasizes co-benefits such as job creation, improved health outcomes, biodiversity protection, and enhanced social inclusion. Ankara also commits to ensuring that the transition to a low-carbon economy is just and equitable, with a focus on protecting vulnerable groups from climate risks and energy poverty.\n\nConclusion\nAnkara Metropolitan Municipality views climate action as a driver of sustainable development, resilience, and social well-being. By aligning local strategies with global frameworks, producing robust technical data, and structuring investment-ready projects, the city demonstrates its determination to play a leading role in addressing the climate crisis. The four supporting documents uploaded with this disclosure serve as clear evidence of Ankara's readiness to implement transformative climate solutions and to partner with international stakeholders in building a sustainable and resilient future.","ANKARA CLIMATE CHANGE ACTION PLAN.pdf,ANKARA CLIMATE CHANGE ACTION PLAN.pdf,Ankara Green City Action Plan.pdf,Ankara Green City Action Plan.pdf,Ankara Green City Action Plan.pdf,CIRIS Tables.xlsx,SECAP.pdf"
2025 Disclosure Cycle,779465,CDP,35853,"City of Baltimore, MD",City,North America,United States of America,Public,Q11.1,Use this field to provide any additional information or context that you feel is relevant to your jurisdiction's response. Please note that this field is optional and is not scored/assessed.,1,,"City of Baltimore completed its Climate Action Plan and Disaster Preparedness and Planning Project Plan Updates between December 2023 and January 2024. As a result of the significant engagement undertaken through the processes, we've hired our first Community & Youth Engagement Coordinator, as well as added a Corps member to help focus on engagement as we implement the plans as we understand that it is critical that more people in Baltimore take climate action for the plan to succeed. We've also brought on several fellows or Corps members focused on waste reduction to work with Office of Sustainability and Department of Public Works as the City makes important steps in the implementation of its Zero Waste plan (contained in the Solid Waste Management Plan).\nWe are currently studying potential financing sources for resiliency work. Teh study will be completed and submitted to City Council and the Mayor in 2026. \nWe've been working more closely with partner agencies and others to strengthen the resiliency hub model for improvement of physical facilities so that they may better respond in times of emergency and in anticipation of increasing the number of hubs in the City. For instance, over the next two years, most hubs will be solar powered with back-up generators, while we seek funds for facility improvements to the hubs that are not currently solar ready.\n\nWe also secured funds to create the City' first Watershed Master Plan for two of the watersheds in the City, which will cover over 50% of the City's area. The targeted watersheds will encompass the Inner Harbor and Middle Branch areas, two areas of major development focus in the City over the coming years. This makes the plans very timely so that concerted effort to set standards for water quality and climate change preparedness are established within the plans.",
2025 Disclosure Cycle,779465,CDP,35856,Busan Metropolitan City,City,South East Asia & Oceania,Korea (The Republic of),Public,Q11.1,Use this field to provide any additional information or context that you feel is relevant to your jurisdiction's response. Please note that this field is optional and is not scored/assessed.,1,,제1차 부산광역시 탄소중립 녹색성장 기본계획\n(2024~2033)\n,제1차 부산광역시 탄소중립 녹색성장 기본계획.pdf
2025 Disclosure Cycle,779465,CDP,35857,"City of Cincinnati, OH",City,North America,United States of America,Public,Q11.1,Use this field to provide any additional information or context that you feel is relevant to your jurisdiction's response. Please note that this field is optional and is not scored/assessed.,1,,NA,
2025 Disclosure Cycle,779465,CDP,35858,City of Cape Town,City,UKWW,South Africa,Public,Q11.1,Use this field to provide any additional information or context that you feel is relevant to your jurisdiction's response. Please note that this field is optional and is not scored/assessed.,1,,"City of Cape Town Climate Change Action Plan Implementation Review Report 2022/23 - unable to attach is the Planning section.\n\nThis year's CDP online form doesn't allow attachments in sections where it did in the past, so a few supporting attachments/documents are not included in this submission, but available to share upon request. ",
2025 Disclosure Cycle,779465,CDP,35860,"City of Dallas, TX",City,North America,United States of America,Public,Q11.1,Use this field to provide any additional information or context that you feel is relevant to your jurisdiction's response. Please note that this field is optional and is not scored/assessed.,1,,City of Dallas Comprehensive Urban Agriculture Plan,
2025 Disclosure Cycle,779465,CDP,35862,"City of Detroit, MI",City,North America,United States of America,Public,Q11.1,Use this field to provide any additional information or context that you feel is relevant to your jurisdiction's response. Please note that this field is optional and is not scored/assessed.,1,,Attached is the Streets for People plan which focuses on improving the built environment especially for pedestrian safety. ,Detroit_SFP_Plan_09142022_web_1.pdf.pdf
2025 Disclosure Cycle,779465,CDP,35864,Ekurhuleni Metropolitan Municipality,City,UKWW,South Africa,Public,Q11.1,Use this field to provide any additional information or context that you feel is relevant to your jurisdiction's response. Please note that this field is optional and is not scored/assessed.,1,,"Urban Heat Assessment Ekurhuleni (2022)\nCity of Ekurhuleni Bioregional Plan (2021)\nAnnual report covering wastewater indicators (2023-2024), 2024-2025 Waste Origin Report ","2024-25 - Waste TONNAGES hidden.xlsx,FINAL REVISED COE BIOREGIONAL PLAN Handbook_June2021_NEW_Figs.pdf,Urban-Heat Assessment Final Report.pdf"
2025 Disclosure Cycle,779465,CDP,35865,Municipality of Fortaleza,City,Latin America,Brazil,Public,Q11.1,Use this field to provide any additional information or context that you feel is relevant to your jurisdiction's response. Please note that this field is optional and is not scored/assessed.,1,,"---A Prefeitura de Fortaleza está instalando, em pontos estratégicos da cidade, dez estações meteorológicas do tipo “all in one”, com o objetivo de monitorar a temperatura urbana, identificar as ilhas de calor e registrar a pluviometria ambiental. Os dados coletados contribuirão para a construção de políticas públicas mais assertivas no enfrentamento dos efeitos do aquecimento urbano e na gestão de riscos e desastres relacionados a eventos extremos, ampliando as políticas de saúde, de proteção e defesa civil.\n\nhttps://www.fortaleza.ce.gov.br/noticias/prefeitura-de-fortaleza-instala-estacoes-meteorologicas-para-monitoramento-das-condicoes-climaticas",
2025 Disclosure Cycle,779465,CDP,35867,Region Metropolitana de Guadalajara,City,Latin America,Mexico,Public,Q11.1,Use this field to provide any additional information or context that you feel is relevant to your jurisdiction's response. Please note that this field is optional and is not scored/assessed.,1,,"En 2025 se lanzó la plataforma territorial Zoom metropolitano, con información estratégica oficial para uso público en las prioridades metropolitanas de:\n1. Resiliencia.\n2. Medio Ambiente.\n3. Ordenamiento Territorial.\n4. Movilidad.\nEs posible visualizar más de 500 mapas por parte de la ciudadanía y público en general. Entre ellos hay información referente a riesgos climáticos, mitigación, etc.\n\nDisponible en: https://zoom.imeplan.mx/",ZOOM Metropolitano.pdf
2025 Disclosure Cycle,779465,CDP,35871,City of Monterrey,City,Latin America,Mexico,Public,Q11.1,Use this field to provide any additional information or context that you feel is relevant to your jurisdiction's response. Please note that this field is optional and is not scored/assessed.,1,,Fuente de información complementaria de las acciones en materia ambiental realizadas en la ciudad de Monterrey: \n\nhttps://sostenible.monterrey.gob.mx/,
2025 Disclosure Cycle,779465,CDP,35872,Municipality of Recife,City,Latin America,Brazil,Public,Q11.1,Use this field to provide any additional information or context that you feel is relevant to your jurisdiction's response. Please note that this field is optional and is not scored/assessed.,1,,Dados de Saneamento parte 1\nhttps://censo2022.ibge.gov.br/panorama/indicadores.html?localidade=2611606&tema=2\n\nDados de Saneamento parte 2\nhttps://www.aguaesaneamento.org.br/municipios-e-saneamento/pe/recife\n\n,"Panorama do Censo 2022.pdf,saneamento-em-recife-pe.pdf"
2025 Disclosure Cycle,779465,CDP,35873,Medellín,City,Latin America,Colombia,Public,Q11.1,Use this field to provide any additional information or context that you feel is relevant to your jurisdiction's response. Please note that this field is optional and is not scored/assessed.,1,,Se comparte matriz de seguimiento a la inversión 2024,ANEXO_20250610.xlsx
2025 Disclosure Cycle,779465,CDP,35880,Municipality of Porto Alegre,City,Latin America,Brazil,Public,Q11.1,Use this field to provide any additional information or context that you feel is relevant to your jurisdiction's response. Please note that this field is optional and is not scored/assessed.,1,,-,
2025 Disclosure Cycle,779465,CDP,35882,"City of Tampa, FL",City,North America,United States of America,Public,Q11.1,Use this field to provide any additional information or context that you feel is relevant to your jurisdiction's response. Please note that this field is optional and is not scored/assessed.,1,,"Energy Efficiency by Municipal Operations: We have added close to 5 new buildings to the infrastructure inventory. However, we were so efficient in our energy management that we actually went down on our overall energy use by 1,500 MWh. ",
2025 Disclosure Cycle,779465,CDP,35883,"City of San José, CA",City,North America,United States of America,Public,Q11.1,Use this field to provide any additional information or context that you feel is relevant to your jurisdiction's response. Please note that this field is optional and is not scored/assessed.,1,,N/A,
2025 Disclosure Cycle,779465,CDP,35884,"City of San Diego, CA",City,North America,United States of America,Public,Q11.1,Use this field to provide any additional information or context that you feel is relevant to your jurisdiction's response. Please note that this field is optional and is not scored/assessed.,1,,"NOTICE AND DISCLAIMER\nSeptember 2025\nAt the request of some investors, the City of San Diego (the “City”) has posted various certain documents to an EMMA issuer page related to various climate action plans, policies,\nreports and responses to relevant surveys (collectively, the “Reports”) prepared by the City or the information made available by the City to third parties. As a part of that\nprocess, the City is posting the attached Carbon Disclosure Project (“CDP”) disclosure (the “CDP Disclosure”) for Calendar Year 2024. CDP is a not-for-profit charity that runs a\nglobal disclosure system for investors, companies, cities, states and regions to manage their environmental impacts. The attached disclosure reflects the City's answers to\nquestions and informational requests in the form of an annual survey by CDP.\nThe CDP Disclosure has not been prepared with a view to an investment decision by investors in any of the City's bonds and, therefore, is not suitable to serve as the basis for\nmaking any such investment. Instead, the CDP Disclosure is provided for general information only.\nThe CDP disclosure framework (the “Framework”) requests the City and other respondents to answer specific questions or provide specific information. Sometimes, the\nFramework requests the City and other respondents to choose among a number of pre-set options which do not necessarily neatly fit all circumstances. Oftentimes, the\nFramework asks for very short responses to questions or information requests that are nuanced and cannot be completely answered in the space provided. Investors should\nnot rely on the CDP Disclosure for making investment decisions and should understand that in many instances, more information or explanation is necessary to garner a full\nunderstanding of the answers and information presented.",
2025 Disclosure Cycle,779465,CDP,35898,Greater Manchester Combined Authority,City,UKWW,United Kingdom,Public,Q11.1,Use this field to provide any additional information or context that you feel is relevant to your jurisdiction's response. Please note that this field is optional and is not scored/assessed.,1,,No Further information,
2025 Disclosure Cycle,779465,CDP,35993,Singapore Government,City,South East Asia & Oceania,Singapore,Public,Q11.1,Use this field to provide any additional information or context that you feel is relevant to your jurisdiction's response. Please note that this field is optional and is not scored/assessed.,1,,N/A,
2025 Disclosure Cycle,779465,CDP,36004,City of Abidjan,City,UKWW,Côte d'Ivoire,Public,Q11.1,Use this field to provide any additional information or context that you feel is relevant to your jurisdiction's response. Please note that this field is optional and is not scored/assessed.,1,,"le District Autonome d'Abidjan a l'ambition de faire la promotion de ses potentialités économiques et créer une plate forme de dialogue entre les secteurs public, privé et les partenaires techniques et financiers afin de mobiliser des ressources pour la réalisation de projets structurants capable de soutenir un développement juste, résilient et durable.",
2025 Disclosure Cycle,779465,CDP,36032,Ville de Dakar,City,UKWW,Senegal,Public,Q11.1,Use this field to provide any additional information or context that you feel is relevant to your jurisdiction's response. Please note that this field is optional and is not scored/assessed.,1,,,C40-PGQA_Rapport-final-PGQA-Livrable23-Corr_V02_Aout2024 (1).pdf
2025 Disclosure Cycle,779465,CDP,36039,Accra Metropolitan Assembly,City,UKWW,Ghana,Public,Q11.1,Use this field to provide any additional information or context that you feel is relevant to your jurisdiction's response. Please note that this field is optional and is not scored/assessed.,1,,Accra Resilient Strategy are the city's adaptation goals. ,
2025 Disclosure Cycle,779465,CDP,36045,Santiago de Guayaquil,City,Latin America,Ecuador,Public,Q11.1,Use this field to provide any additional information or context that you feel is relevant to your jurisdiction's response. Please note that this field is optional and is not scored/assessed.,1,,N/A,
2025 Disclosure Cycle,779465,CDP,36159,City of Lisbon,City,Europe,Portugal,Public,Q11.1,Use this field to provide any additional information or context that you feel is relevant to your jurisdiction's response. Please note that this field is optional and is not scored/assessed.,1,,"In 2022, Lisbon is selected to join the 'European Mission for Smart and Carbon-Neutral Cities', becoming part of a group of 100 cities committed to finding joint solutions and positioning themselves at the forefront of innovation and the transition to climate neutrality by 2030. In this context, it developed a 'City Climate Contract' (CCC Lisbon 2030), validated in 2024 by the European Commission, which awarded the city the Mission Label.  \nA new phase of debate and broad participation by municipal services, the population, organisations, universities and companies began in 2025, with a view to further developing the City Climate Contract and the actions and measures it comprises.  \nLisbon's CCC 2030 is a strategic, flexible and up-to-date document, aligned with key municipal instruments, with the current Major Options (Grande Opções do Plano), and with the region and the country, focused on climate action. Lisbon already has an important strategic track record in the field of climate change.\nWith A+ Class, Alliance for Climate Leadership, funded under Horizon Europe, the aim is to create a strategic portfolio of interventions that can be adapted by other cities, contributing to broader European climate goals. A+Class highlights the specific challenges of each city and their similarities, the need to strengthen stakeholder engagement (commitments), investment and joint monitoring in the implementation of Climate Contracts. This programme aims for large-scale implementation, helping Mission Cities to achieve their climate neutrality goals for 2030. \nLisbon is founder member ot the Network of Cities for Climate that is a collaborative initiative that brings together Portuguese cities and regions with the goal of accelerating the transition to climate neutrality. This network was founded by cities wanting to integrate the European Mission to achieve 100 climate-neutral cities by 2030. The activities of the network are guided by four main axes of action, which direct the working groups. In May 2025, the network celebrated its first anniversary, highlighting the commitment of 20 cities and regions to promote local climate actions.Smart Cities - Sustainable Cities20 Portuguese municipalities and regions.\n\n",
2025 Disclosure Cycle,779465,CDP,36218,Fukuoka City,City,Japan,Japan,Public,Q11.1,Use this field to provide any additional information or context that you feel is relevant to your jurisdiction's response. Please note that this field is optional and is not scored/assessed.,1,,,
2025 Disclosure Cycle,779465,CDP,36219,City of Sapporo,City,Japan,Japan,Public,Q11.1,Use this field to provide any additional information or context that you feel is relevant to your jurisdiction's response. Please note that this field is optional and is not scored/assessed.,1,,特になし,
2025 Disclosure Cycle,779465,CDP,36254,City of Venice,City,Europe,Italy,Public,Q11.1,Use this field to provide any additional information or context that you feel is relevant to your jurisdiction's response. Please note that this field is optional and is not scored/assessed.,1,,nothing,
2025 Disclosure Cycle,779465,CDP,36285,City of Florence,City,Europe,Italy,Public,Q11.1,Use this field to provide any additional information or context that you feel is relevant to your jurisdiction's response. Please note that this field is optional and is not scored/assessed.,1,,the UNESCO area and buffer zone affecting our climate policies is described at\nhttps://www.firenzepatrimoniomondiale.it,
2025 Disclosure Cycle,779465,CDP,36469,City of L'Aquila,City,Europe,Italy,Public,Q11.1,Use this field to provide any additional information or context that you feel is relevant to your jurisdiction's response. Please note that this field is optional and is not scored/assessed.,1,,The Municipality of L'Aquila is a Charter Signatory of European Mission Adaptation ti Climate Change and is a part of Twinning Programme of NetZeroCities,
2025 Disclosure Cycle,779465,CDP,37261,City of Pietermaritzburg,City,UKWW,South Africa,Public,Q11.1,Use this field to provide any additional information or context that you feel is relevant to your jurisdiction's response. Please note that this field is optional and is not scored/assessed.,1,,additional documentation has been attached ,
2025 Disclosure Cycle,779465,CDP,42120,City of Salvador,City,Latin America,Brazil,Public,Q11.1,Use this field to provide any additional information or context that you feel is relevant to your jurisdiction's response. Please note that this field is optional and is not scored/assessed.,1,,"Salvador tem consolidado uma agenda robusta frente à emergência climática, articulando políticas públicas, marcos legais, planos estratégicos e ações práticas para promover uma cidade mais resiliente, sustentável e justa. A seguir, um panorama atualizado das principais frentes de atuação:\n1. Planejamento Estratégico Climático:\n- Plano de Ação Climática de Salvador (PMAMC): Define estratégias de mitigação e adaptação até 2049, com metas alinhadas ao Acordo de Paris e foco na justiça climática.\n- Inventários de Emissões de GEE: Atualizados regularmente, com base metodológica do GPC (Global Protocol for Community-Scale Greenhouse Gas Emission Inventories).\n2. Legislação e Governança:\n- Decreto nº 34.152/2021: Veda a aquisição e utilização de copos e recipientes plásticos descartáveis nos órgãos e entidades do Poder Executivo Municipal.\n- Decreto nº 35.217/2023: Determina a substituição gradual de combustíveis fósseis por etanol na frota própria da administração direta, autárquica e fundacional do município.\n- Grupo de Trabalho de Emergência Climática: Instância criada para articulação intersetorial e monitoramento da agenda climática da cidade.\n- Comitê de Sustentabilidade e Resiliência: Atua no acompanhamento e orientação de políticas públicas sustentáveis e resilientes no âmbito municipal.\n3. Mobilidade Urbana Sustentável:\n- Plano de Mobilidade Urbana Sustentável (PlanMob): Com horizonte até 2049, promove transporte ativo, segurança viária, eficiência e integração entre transporte e uso do solo.\n- Ônibus elétricos no BRT: Salvador incorporou veículos 100% elétricos no BRT, contribuindo para a descarbonização da mobilidade urbana.\n- Estações de recarga elétrica: Infraestrutura de suporte foi implantada para abastecimento dos veículos elétricos da frota.\n4. Energia Limpa e Edificações Sustentáveis:\n- Programa Salvador Solar: Incentiva a adoção da energia fotovoltaica e capacita profissionais para atuarem no setor.\n- Infraestrutura Verde e AbE para Edificações: Com apoio da GIZ, promove construções sustentáveis, com capacitações e publicações técnicas.\n- IPTU Verde: Oferece descontos a imóveis que adotem soluções sustentáveis. Em reformulação para incluir critérios de retrofit e mitigação climática.\n5. Agricultura Urbana e Segurança Alimentar:\n- Programa Municipal de Agricultura Urbana: Em estruturação, promove soberania alimentar, inclusão e aproveitamento de áreas urbanas.\n- Hortas comunitárias e o Projeto Horta em Casa: Incentivam o cultivo doméstico e coletivo, especialmente em áreas de maior vulnerabilidade.\n- Projeto de Lei de Agroecologia Urbana: Enviado à Câmara de Vereadores em maio de 2024, busca institucionalizar a agroecologia na cidade e integrar ações das secretarias (SECIS, SEMPRE, SMS).\n6. Resíduos Sólidos e Economia Circular: \n- Projeto Repense Reuse: Parceria com a ONG Humana Brasil para recolhimento de roupas usadas, com foco na economia circular e impacto social.\n- Seja Circular: Plataforma que reúne boas práticas e iniciativas de economia circular no município.\n- Projeto de Lei de Compras Circulares: Em elaboração, voltado à institucionalização de critérios socioambientais nas aquisições públicas.\n7. Educação, Participação e Cultura Climática:\n- Programa de Educação Ambiental e Climática: Em construção, visa consolidar ações educativas em escolas e comunidades.\n- Conferência Municipal de Meio Ambiente 2024: Com o tema “Emergência Climática: o Desafio da Transformação Ecológica”.\n8. Saneamento, Adaptação e Natureza: \n- Plano Municipal de Saneamento Básico Integrado (PMSBI): Em elaboração, com foco na universalização, saúde ambiental e adaptação climática.\n- Projeto de Lei de AbE em Obras Públicas: Enviado à Câmara em 2024, institucionaliza o uso de soluções baseadas na natureza nas intervenções municipais.","DECRETO Nº 34.765 DE 16 DE NOVEMBRO DE 2021.pdf,DECRETO Nº 38.596 DE 22 DE MAIO DE 2024.pdf,DECRETO Nº 38.597 DE 22 DE MAIO DE 2024.pdf,DECRETO Nº 38.598 DE 22 DE MAIO DE 2024.pdf,INVENTARIO DE GEE 2019-2022 (1).pdf,PLANO DE AÇÃO CLIMÁTICA DE SALVADOR.pdf"
2025 Disclosure Cycle,779465,CDP,42123,City of Goiânia,City,Latin America,Brazil,Public,Q11.1,Use this field to provide any additional information or context that you feel is relevant to your jurisdiction's response. Please note that this field is optional and is not scored/assessed.,1,,"Instittuimos o Fórum Goianiense de Mudanças Climáticas LEI Nº 11.381, DE 23 DE ABRIL DE 2025. \n\nE criamos a Gerência de Combate às Mudanças Climáticas e Fomento à Política de Redução do Carbono - GERCARB e renomeou a Diretoria de Gestão Ambiental e Mudanças Climáticas.","DC Nº 133, DE 10 DE JANEIRO DE 2025.pdf,Lei 11381_2025 Fórum Goianiense de Mudancas Climaticas -GYNCLIMA.pdf"
2025 Disclosure Cycle,779465,CDP,42388,Intendencia de Montevideo,City,Latin America,Uruguay,Public,Q11.1,Use this field to provide any additional information or context that you feel is relevant to your jurisdiction's response. Please note that this field is optional and is not scored/assessed.,1,,"Montevideo esta construyendo un observatorio ambiental donde registran datos relevantes para la toma de decisiones. Y esta elaborando un protocolo para medir la captura de carbono urbano a partir de imágenes de dron.\nEl Documento esta en fase de culminación, se espera que este disponible en un futuro próximo, lo que nos permitirá evaluar la captura de CO2 por arbolado ente 2019 y 2025.",
2025 Disclosure Cycle,779465,CDP,43909,"City of Orlando, FL",City,North America,United States of America,Public,Q11.1,Use this field to provide any additional information or context that you feel is relevant to your jurisdiction's response. Please note that this field is optional and is not scored/assessed.,1,,The attached documents provide additional information regarding several topics discussed throughout the questionnaire. These attachments include:\n1-\tVoluntary Local Review: This document highlights the interdependencies between Orlando and the Sustainable Development Goals (SDGs).\n2-\t2024 Water Quality Report (OUC): This report offers valuable information regarding water quality in the city and surrounding municipalities.\n3-\t2024 Financial and Statistical Report: This report includes important information regarding energy supply.\n4-\tPopulation Growth Projections: This document outlines population growth projections from 2024 to 2050.\n5-\tLake Quality Assessment Report: This document provides information on the assessment of lake water quality.\n6- Solar and Energy Loan Fund Reports\n,"2024-Financial-and-Statistical-Report_OUC.pdf,2024-to-2050-growth-projections-report.pdf,2024_Water-Quality-Report.pdf,2024_Water-Quality-Report.pdf,Lake Water Quality Report.pdf,Orlando VLR 2021.pdf,SELF-2020-Annual-Report.pdf,SELF-FY2021-Annual-Report-Final-2-1.pdf"
2025 Disclosure Cycle,779465,CDP,43914,"City of Charlotte, NC",City,North America,United States of America,Public,Q11.1,Use this field to provide any additional information or context that you feel is relevant to your jurisdiction's response. Please note that this field is optional and is not scored/assessed.,1,,"On May 27, 2025, the City of Charlotte adopted the Strategic Energy Action Plan Plus (SEAP+). The plan is an updated and expanded roadmap for reaching the city's climate and energy goals, and it builds on the 2018 plan. SEAP+ outlines bold goals to reduce greenhouse gas emissions, transition to clean energy and create a more resilient community by including an updated GHG Emissions Inventory for calendar year 2023. \n\nhttps://www.charlottenc.gov/City-Government/Initiatives-and-Involvement/The-Office-of-Sustainability-and-Resilience/SEAP",seap_public-draft_040325-compressed.pdf
2025 Disclosure Cycle,779465,CDP,43917,Capital Municipality of Sofia,City,Europe,Bulgaria,Public,Q11.1,Use this field to provide any additional information or context that you feel is relevant to your jurisdiction's response. Please note that this field is optional and is not scored/assessed.,1,,"1. As part of Sofia's digital innovation and climate adaptation strategy, a Digital Twin of the Lyulin district has been developed. This project, initiated in collaboration with the National Center for Geospatial Research and Technologies at Sofia University, aims to create a precise, 3D digital model of the district. The Digital Twin integrates geospatial data and urban infrastructure to simulate and monitor the impact of climate change on the area, providing a real-time tool for decision-making and planning.\nThe development of this digital model involved significant data collection. The project utilizes photogrammetry, laser scanning, and thermal imaging to create a detailed map of Lyulin, enabling urban planners to forecast the effects of climate change, such as urban heat islands and flood risks, and to plan adaptive measures accordingly.\nThis data-driven approach has become a key component in Sofia's efforts to achieve its climate neutrality goals by 2030, with the Digital Twin serving as a crucial tool for tracking progress and optimizing urban development.\n\n2.Sofia Municipality has undertaken a comprehensive study to assess the Urban Heat Island (UHI) effect within the city. By utilizing satellite data and geospatial technologies, the study identified areas most affected by higher surface temperatures. The results are instrumental in guiding urban planning efforts aimed at reducing the negative impacts of UHI.\nThese findings will contribute to identifying vulnerable zones and implementing effective solutions, such as expanding green spaces and using more sustainable construction materials. This research plays a key role in Sofia's efforts to achieve climate neutrality and promote sustainable urban development.\n\n3. Sofia Municipality conducted a study on the potential use of solar energy on the rooftops of over 880 municipal buildings, covering a total area of 720,000 square meters. Using geospatial technologies and platforms like SOLARGIS, rooftops with high solar potential for photovoltaic installation were identified. This study supports the municipality's goals for sustainable development and climate neutrality.",2024-04-26-Локален план за климатична адаптация (1).pdf
2025 Disclosure Cycle,779465,CDP,43920,City of Ljubljana,City,Europe,Slovenia,Public,Q11.1,Use this field to provide any additional information or context that you feel is relevant to your jurisdiction's response. Please note that this field is optional and is not scored/assessed.,1,,"The attached documents include the Study on the Decarbonization of Local Heat Sources, Digital strategy, Energy balance 2023, Transport strategy LPP, Regional SUMP and Sustainable Urban Strategy.","20241115_EB_MOL.pdf,DIGITAL DEVELOPMENT STRATEGY.pdf,STUDY ON DECARBONISATION OF LOCAL_HEATING.pdf,SUSTAINABLE URBAN STRATEGY.pdf,TRANSPORT STRATEGY Urban Region.pdf,TRANSPORT STRATEGY_LPP company.pdf"
2025 Disclosure Cycle,779465,CDP,43926,City of Mannheim,City,Europe,Germany,Public,Q11.1,Use this field to provide any additional information or context that you feel is relevant to your jurisdiction's response. Please note that this field is optional and is not scored/assessed.,1,,"Dear CDP-Team,\n\nwe wish to emphasize our commitment to transparency: Progress is reported on the public “ClimateView Mannheim” platform. The digital dashboard presents all climate mitigation and adaptation measures - completed, ongoing, and planned - together with their current progress status. The tool is currently available in German only, you can find the URL down below.\n\nIf we are honored to be included in the A-List again, we would be pleased to participate in an award ceremony organized by the CDP-Team, as in Paris in 2024.\nWe see great untapped potential to create additional value and benefits for the reporting cities - in this case by networking with peer cities. Such networking is simply far more effective in person than through digital tools.\n\nWe are open to questions and feedback at any time - please feel free to contact us to clarify any uncertainties (dominik.stroh@mannheim.de). Thank you for the processing and kind regards from Mannheim, Germany.\n\nClimateView Mannheim URL: https://app.climateview.global/organisation/a915706b-addc-4485-8885-ee45b7e8e924/board/dfd4f1a0-02f6-4f93-97bd-1f5b68e186b4/dashboard/preview/dashboard",
2025 Disclosure Cycle,779465,CDP,43930,Municipality of The Hague,City,Europe,Netherlands,Public,Q11.1,Use this field to provide any additional information or context that you feel is relevant to your jurisdiction's response. Please note that this field is optional and is not scored/assessed.,1,,"In terms in energy transition, we focus on the development of district heating systems powered by sustainable energy sources.\nWe apply the national government definitions of affordable sustainable collective district heating. The central government objective is that this should not lead to higher costs for households than what they would pay for the alternative (individual gas or all-electric heating). In this domain affordability is a relative term, relative to the cost of the alternative.\nOur objective for the next 10 years is to develop a public district heating company that delivers sustainable and affordable district heating (and where possible and relevant cooling) services to 24.000 households in The Hague municipality.\nOur policy towards affordable sustainable household heating services is separate from our policies aimed at addressing energy poverty. For the latter, there are targeted subsidies and support programmes.",
2025 Disclosure Cycle,779465,CDP,43932,Auckland Council,City,South East Asia & Oceania,New Zealand,Public,Q11.1,Use this field to provide any additional information or context that you feel is relevant to your jurisdiction's response. Please note that this field is optional and is not scored/assessed.,1,,Disclaimer: Auckland's emission reduction goals were set out in Te Tāruke-ā-Tāwhiri: Auckland's Climate Plan.,auckland-climate-plan.pdf
2025 Disclosure Cycle,779465,CDP,43937,Wellington City Council,City,South East Asia & Oceania,New Zealand,Public,Q11.1,Use this field to provide any additional information or context that you feel is relevant to your jurisdiction's response. Please note that this field is optional and is not scored/assessed.,1,,Following attachments are available here:\n- The food desert map of Wellington City\n- Household toilet access map for Wellington City\n- Electricity generation by fuel type for New Zealand\n- Mode share data for Wellington City\n-Waste data for Wellington City,"Electricity by Fuel-type New Zealand.xlsx,Food Dessert Map.pdf,Household Toilet Access_Wellington City.pdf,Mode share data.xlsx,Waste emissions FY24.xlsx"
2025 Disclosure Cycle,779465,CDP,43938,"Environment and Climate Change Authority, Govt of Dubai",City,UKWW,United Arab Emirates,Public,Q11.1,Use this field to provide any additional information or context that you feel is relevant to your jurisdiction's response. Please note that this field is optional and is not scored/assessed.,1,,No further information to add and unattached documents are cassified,
2025 Disclosure Cycle,779465,CDP,43940,City of Malmö,City,Europe,Sweden,Public,Q11.1,Use this field to provide any additional information or context that you feel is relevant to your jurisdiction's response. Please note that this field is optional and is not scored/assessed.,1,,N/A,
2025 Disclosure Cycle,779465,CDP,44184,Ulsan Metropolitan City,City,South East Asia & Oceania,Korea (The Republic of),Public,Q11.1,Use this field to provide any additional information or context that you feel is relevant to your jurisdiction's response. Please note that this field is optional and is not scored/assessed.,1,,없음,
2025 Disclosure Cycle,779465,CDP,44185,Suwon City,City,South East Asia & Oceania,Korea (The Republic of),Public,Q11.1,Use this field to provide any additional information or context that you feel is relevant to your jurisdiction's response. Please note that this field is optional and is not scored/assessed.,1,,"제1차 수원시 탄소중립 녹색성장 기본계획 보고서 * 온실가스 감축사업, 기후위기 대응기반 강화대책 내용은 해당 보고서의 6장을 참고","(통계표3) 2020년 신재생에너지 보급통계(2021년 공표)_기초지자체별 현황_한국에너지공단1.xlsx,(통계표3) 2023년 신재생에너지 보급통계(2024년 공표)_기초지자체별 현황.xlsx,제1차 수원시 탄소중립 녹색성장 기본계획(2025~2034).pdf,제3차 기후위기 적응대책_2024년 이행점검 결과 보고서(발췌).pdf"
2025 Disclosure Cycle,779465,CDP,44187,Goyang City,City,South East Asia & Oceania,Korea (The Republic of),Public,Q11.1,Use this field to provide any additional information or context that you feel is relevant to your jurisdiction's response. Please note that this field is optional and is not scored/assessed.,1,,"In 2024, Goyang City plans to utilize groundwater discharged from the bedrock layer approximately 80 meters below ground during the construction of GTX-A as an urban water resource. The recovered water will be used efficiently as operations and maintenance water for nearby public facilities—including the KINTEX Exhibition Center, the Goyang Sports Complex, and Daehwa Station—improve the water quality of the Daehwa Stream, and support the introduction of a Cooling & Clean Road System, thereby reducing demand for municipal water and achieving budget savings. This project has been selected for a national subsidy program and is scheduled to be implemented with KRW 2.035 billion in central government funding",GTX-A 유출지하수를 활용한 시민 체감형 도심 기후위기 대응 선도모델 구축 사업(사업제안서)_241111 ver.2.pdf
2025 Disclosure Cycle,779465,CDP,44194,Jeonju City,City,South East Asia & Oceania,Korea (The Republic of),Public,Q11.1,Use this field to provide any additional information or context that you feel is relevant to your jurisdiction's response. Please note that this field is optional and is not scored/assessed.,1,,"Jeonju City's First Carbon-Neutral Green Growth Basic Plan\n\nJeonju City's Carbon Neutrality Basic Plan was selected as a best practice by the Korean government for its evidence-based decision-making, democratic participation of diverse stakeholders in decision-making, and realistic goal setting.",전주시 탄소중립 녹색성장 기본계획 최종보고서(안).pdf
2025 Disclosure Cycle,779465,CDP,44299,Dangjin City,City,South East Asia & Oceania,Korea (The Republic of),Public,Q11.1,Use this field to provide any additional information or context that you feel is relevant to your jurisdiction's response. Please note that this field is optional and is not scored/assessed.,1,,No additional comments.,
2025 Disclosure Cycle,779465,CDP,46263,Amdavad Municipal Corporation (Ahmedabad),City,India,India,Public,Q11.1,Use this field to provide any additional information or context that you feel is relevant to your jurisdiction's response. Please note that this field is optional and is not scored/assessed.,1,,"Ahmedabad Municipal Corporation (AMC) has established the 'Net-zero, Environment and Climate Resilient Cell' for assessing, planning, implementing, and monitoring various climate actions and accessing various finance options for effective implementation of various climate actions. ICLEI South Asia is supporting AMC in institutionalising and operationalising the cell. All head of departments are part of this cell, which meets once in a month.\n\nThe Cell is responsible for coordinating climate-related efforts among various departments, institutions, and stakeholders, both internally and externally. Operating under the 'Analyse, Act, and Accelerate' approach, the cell aims to work towards a sustainable future by conducting research, engaging and collaborating with stakeholders, conducting climate readiness reviews, exploring innovative finance options, and integrating climate actions into regular planning processes amongst others. \n\nAdditionally, the cell is supporting various departments in prioritising climate actions, create a data bank for data-driven monitoring and evaluation, and promote liveable and sustainable urban planning practices.\n\nAll concerned departments of AMC, under the supervision of Municipal Commissioner, are preparing five year and annual action plan, identifying department level/ zone level/ ward level short-term, medium-term and long-term climate actions. All proposed climate actions will be linked with various national and state government schemes from where city may get funding for implementation.\n\nAMC, with support from ICLEI South Asia, is preparing a climate budget for FY 2025-26, in line with Ahmedabad Net-zero Climate Resilient City Action Plan. \n \nNotification from AMC for establishing the 'Net-zero, Environment and Climate Resilient Cell' in Gujarati is attached herewith.",Net Zero Cell_Circular.pdf
2025 Disclosure Cycle,779465,CDP,46470,Municipality of Vitoria-Gasteiz,City,Europe,Spain,Public,Q11.1,Use this field to provide any additional information or context that you feel is relevant to your jurisdiction's response. Please note that this field is optional and is not scored/assessed.,1,,"Inventario de emisiones del Ayuntamiento de Vitoria-Gasteiz.\nSe adjunta el inventario de consumo de energía y emisiones para 2022 correspondiente a las actividades y servicios prestados por gobierno local (AVG). Se han desglosado los datos correspondientes a los edificios e instalaciones municipales, el alumbrado público, la flota de vehículos municipales, desglosados los correspondientes a la gestión del agua, el transporte público (autobuses urbanos), y la recogida y transporte de residuos.\n\nSello de la Misión Ciudades\nLa ciudad de Vitoria-Gasteiz ha recibido de la Comisión Europea el Mission Label, sello Misión, como una de las ciudades participantes en la Misión Europea de 100 Ciudades Inteligentes y Climáticamente Neutras en 2030. \nVitoria-Gasteiz se coloca así entre las 10 primeras ciudades europeas y entre las 5 ciudades españolas en obtener este sello, lo que le mantiene entre las ciudades más ambiciosas en términos de sostenibilidad, y, con ello también, en una ciudad a la que mirar desde el ámbito regional, estatal, europeo e internacional.\nEl Sello de Misión es, ante todo, un reconocimiento de la finalización con éxito del proceso de Acuerdo Climático de Ciudad. Ese documento se ha sometido en los últimos meses a un exhaustivo control de integridad por parte de la Plataforma de Misiones (NetZeroCities) y, a continuación, en abril de 2023, se presentó oficialmente a la Comisión Europea para su revisión. Tras proceder al análisis de su Acuerdo Climático, y tras consultar al Consejo de Misiones (Mission´s Board) y al Grupo de Propietarios de Misiones de la Comisión (Commission´s Mission Owners Group), se ha concedido a Vitoria-Gasteiz el Sello de Misión\nDe entre las más de 370 ciudades europeas que lo intentaron, en abril de 2022 Vitoria-Gasteiz fue elegida una de las 100 Ciudades Misión. Desde entonces, ha estado trabajando en el diseño y desarrollo de su Acuerdo Climático de Ciudad (Climate City Contract), un paso fundamental en la participación en esta Misión europea. \nLa Misión Europea de 100 Ciudades Inteligentes y Climáticamente Neutras para 2030 en la que toma parte Vitoria-Gasteiz tiene como objetivo conseguir 100 ciudades inteligentes y neutras desde el punto de vista climático para el año 2030, y garantizar que estas ciudades actúen como centros de experimentación e innovación para permitir que todas las ciudades europeas sigan su ejemplo para 2050. Para conseguir estos objetivos la Misión de las Ciudades Inteligentes y Climáticamente neutras implicará a las autoridades locales, los ciudadanos, las empresas, los inversores y las autoridades regionales y nacionales.\n",GEIs AVG 2022.xlsx
2025 Disclosure Cycle,779465,CDP,46473,Municipality of Zaragoza (Spain),City,Europe,Spain,Public,Q11.1,Use this field to provide any additional information or context that you feel is relevant to your jurisdiction's response. Please note that this field is optional and is not scored/assessed.,1,,"Contrato climático de la ciudad de Zaragoza y Plan de Acción. El enlace web donde se puede encontrar: https://netzerocities.app/resource-4068\n\nAgenda Urbana de Zaragoza, https://zaragoza.es/sede/portal/agenda-urbana/plan-accion/ \n\nEstrategia +20, https://ebropolis.es/estrategia/estrategia-20/",
2025 Disclosure Cycle,779465,CDP,49326,"Ville de Quebec, QC",City,North America,Canada,Public,Q11.1,Use this field to provide any additional information or context that you feel is relevant to your jurisdiction's response. Please note that this field is optional and is not scored/assessed.,1,,,
2025 Disclosure Cycle,779465,CDP,49333,"City of Louisville, KY",City,North America,United States of America,Public,Q11.1,Use this field to provide any additional information or context that you feel is relevant to your jurisdiction's response. Please note that this field is optional and is not scored/assessed.,1,,"Closing Letter, including an explanation of why the GHG Inventory hasn't been updated since 2016 and why the Comprehensive Climate Action Plan (CCAP) has not yet been completed.","2025 CDP Closing Letter.docx,2025 CDP Closing Letter.docx"
2025 Disclosure Cycle,779465,CDP,49342,"City of Rochester, NY",City,North America,United States of America,Public,Q11.1,Use this field to provide any additional information or context that you feel is relevant to your jurisdiction's response. Please note that this field is optional and is not scored/assessed.,1,,"Our targets are based on our 2010 GHG Inventory. We have since done a 2019 GHG Inventory, but have yet to modify our targets based on the new data. We plan on updating our targets through our update of the Climate Action Plan next year.",
2025 Disclosure Cycle,779465,CDP,49345,"City of Birmingham, AL",City,North America,United States of America,Public,Q11.1,Use this field to provide any additional information or context that you feel is relevant to your jurisdiction's response. Please note that this field is optional and is not scored/assessed.,1,,Office of Sustainability and Resiliency has formally been established and staffed within the City. Office will be tasked with completion of City Sustainability and Resiliency Plan.,
2025 Disclosure Cycle,779465,CDP,49347,"City of Omaha, NE",City,North America,United States of America,Public,Q11.1,Use this field to provide any additional information or context that you feel is relevant to your jurisdiction's response. Please note that this field is optional and is not scored/assessed.,1,,"Omaha's climate action and resilience plan was adopted on December 17, 2024. At this time, implementation funding has not been budgeted, and no staff have been directed or assigned to carry out implementation of the plan.",
2025 Disclosure Cycle,779465,CDP,49360,City of Tshwane,City,UKWW,South Africa,Public,Q11.1,Use this field to provide any additional information or context that you feel is relevant to your jurisdiction's response. Please note that this field is optional and is not scored/assessed.,1,,The city has completed a Techno-economic study that explored possibilities of alternative energy as a technical and philosophical shift towards renewable energy technologies at a scale permitted by the new pronouncement and approved regulations. This entails the involvement of the assessment of the new roles that RE Independent Power producers and Embedded generators can play in meeting the city energy requirements. This is supported by the approved Embedded Generation and Wheeling policies that were approved by council.,"20241017_CSIR-Tshwane MEMP-RENEWABLES-Final BVZ Print.pdf,20241017_CSIR-Tshwane MEMP-RENEWABLES-Final BVZ Print.pdf,City of Tshwane Executive Summary.pdf,City of Tshwane Executive Summary.pdf,Council Approved Embedded Generation Policy 29 May 2025.pdf,Council Approved Energy wheeling Policy 29 May 2025.pdf,Council approved Report on Public particiaption and embedded generation 29 May 2025.pdf,Draft_Tshwane Socio-Economic Impact Results 2025.pdf,Draft_Tshwane Socio-Economic Impact Results 2025.pdf"
2025 Disclosure Cycle,779465,CDP,49367,Freetown City,City,UKWW,Sierra Leone,Public,Q11.1,Use this field to provide any additional information or context that you feel is relevant to your jurisdiction's response. Please note that this field is optional and is not scored/assessed.,1,,No further information,
2025 Disclosure Cycle,779465,CDP,50154,City of Turku,City,Europe,Finland,Public,Q11.1,Use this field to provide any additional information or context that you feel is relevant to your jurisdiction's response. Please note that this field is optional and is not scored/assessed.,1,,https://www.turku.fi/en/city-climate-and-nature,
2025 Disclosure Cycle,779465,CDP,50203,Gaziantep Metropolitan Municipality,City,UKWW,Türkiye,Public,Q11.1,Use this field to provide any additional information or context that you feel is relevant to your jurisdiction's response. Please note that this field is optional and is not scored/assessed.,1,,"This report serves as a key reference document for evaluating Turkey's national greenhouse gas emissions in line with IPCC methodologies. It was used in the emission inventory to obtain Turkey-specific emission factors for various fuel types under the Tier 2 approach, ensuring accurate application in city-level calculations.",Ulusal Sera Gazı Envanteri 2024.pdf
2025 Disclosure Cycle,779465,CDP,50355,Ayuntamiento de Tijuana,City,Latin America,Mexico,Public,Q11.1,Use this field to provide any additional information or context that you feel is relevant to your jurisdiction's response. Please note that this field is optional and is not scored/assessed.,1,,"El 11 de febrero de 2025 se creó la Secretaría de Protección al Ambiente, con el objetivo de mejorar el medio ambiente, la calidad de vida de los Tijuanenses, así como la preservación de ecosistemas y recuperación de espacios.","ACUERDO_24_4.4_XXV_21 de Agosto de 2025.pdf,ACUERDO_24_4.4_XXV_21 de Agosto de 2025.pdf,ACUERDO_24_4.4_XXV_21 de Agosto de 2025.pdf,ACUERDO_24_4.4_XXV_21 de Agosto de 2025.pdf,ACUERDO_24_4.4_XXV_21 de Agosto de 2025.pdf"
2025 Disclosure Cycle,779465,CDP,50357,Ciudad de Mendoza,City,Latin America,Argentina,Public,Q11.1,Use this field to provide any additional information or context that you feel is relevant to your jurisdiction's response. Please note that this field is optional and is not scored/assessed.,1,,No hay informacion adicional,
2025 Disclosure Cycle,779465,CDP,50361,Ayuntamiento de Hermosillo,City,Latin America,Mexico,Public,Q11.1,Use this field to provide any additional information or context that you feel is relevant to your jurisdiction's response. Please note that this field is optional and is not scored/assessed.,1,,"Files 01 to 04 - Hermosillo on a Human Scale: A Diversified, Innovative, and Sustainable City\n\nThe Emerging and Sustainable Cities Initiative (ESC) in Hermosillo, Sonora, is a comprehensive, interdisciplinary urban study that identifies and prioritizes interventions in areas such as energy, mobility and transportation, fiscal sustainability, and water. Its goal is to promote sustainability in urban planning and growth. The initiative was developed by the Inter-American Development Bank (IDB) for emerging cities in Latin America. The North American Development Bank (NADBank) partnered with the IDB to launch the program in Mexican border communities.\n\nFile 05 - Green Infrastructure Manual (Developed by the Municipality of Hermosillo)\n\nGeneral Objective: To guide the design and decision-making process for incorporating Green Infrastructure (G.I.) in Mexican municipalities through technical design guidelines at the micro-scale level (techniques and technologies) and a methodology for application at the macro-scale level (urban basin and sub-basin scale), achieved through strategic planning, participatory management, and adaptation to local ecosystem conditions.\n\nSpecific Objective at the Micro Scale: To develop technical design specifications for G.I. based on roadway categories, built environments, and the urbanization of areas where green infrastructure is implemented.\n\nSpecific Objective at the Macro Scale: To establish a foundation for developing a methodology that supports the design and planning of G.I. at the scale of urban basins, sub-basins, neighborhoods, and cities.\n\nFile 06 - Advanced Electric Transport and Sustainable Mobilities (TEAMS)\n\nThe Letter of Intent for TEAMS outlines the commitment and interest of the involved parties to collaborate on developing and implementing advanced electric transportation and sustainable mobility solutions. This document serves as a formal expression of intent to work together, detailing the general terms and objectives that will guide future actions, such as improving electric transport infrastructure, promoting sustainable urban mobility, and fostering technological innovation. While not legally binding, it sets the stage for more detailed agreements and strategic partnerships related to the TEAMS initiative.\n\nMunicipal Urban Development Program \nUnrestricted link: https://boletinoficial.sonora.gob.mx/images/boletines/2023/09/2023CCXII21III.pdf\n\nThe Municipal Urban Development Program is a technical and regulatory document created by authorities, specialists, and the broader community. Its purpose is to organize the territory of the municipality of Hermosillo with a long-term vision that enables sustainable urban, economic, social, and community development.\n\nMunicipal Development Plan 2025-2027 \nUnrestricted link: https://www.hermosillo.gob.mx/descargas/PMD_2025WEB.pdf\n\nThe Municipal Development Plan 2025-2027 focuses on generating tangible, measurable, and evaluable results. It was developed using a results-based budget, with strategies, objectives, goals, and actions planned around key indicators to monitor progress or setbacks in various areas affecting the city and its residents.\n\nThis document incorporates a collection of proposals and aspirations from the community, organized around five major strategic fronts. These fronts outline challenges, strategies, and action lines that emerged from the efforts of citizen transition committees and all who participated in collaborative spaces to define the direction of public decision-making:\n\n1. Hermosillo in Peace\n2. Sustainable Hermosillo\n3. Active Hermosillo\n4. Inclusive Hermosillo\n5. Engaged Hermosillo",
2025 Disclosure Cycle,779465,CDP,50368,Municipalidad de Provincial de Arequipa,City,Latin America,Peru,Public,Q11.1,Use this field to provide any additional information or context that you feel is relevant to your jurisdiction's response. Please note that this field is optional and is not scored/assessed.,1,,"La ciudad de Arequipa es la capital de la región y tiene una ubicación privilegiada puesto que se encuentra en el centro de la Macro Región Sur. Por esta situación y su\nposición económica, ejerce una gran influencia sobre el resto de la región (IMPLA, 2016). Aunque existe un esquema urbano monocéntrico, la ciudad de Arequipa no es\nautosuficiente. Requiere de las provincias y regiones aledañas para obtener bienes y servicios básicos, como los alimentos, el agua y la energía. En este análisis, no se\nestán considerando las zonas aledañas a la ciudad de Arequipa por la escala en la que se trabaja, pero no se deben perder de vista. En términos geográficos la ciudad de\nArequipa se ubica entre el desierto de Atacama y la Cordillera Occidental de los Andes, a una altura de 2 335 m.s.n.m. Se localiza entre las regiones naturales de la costa y\nsierra, rodeada por volcanes activos (MPA-AECI, s.f.).","Ficha Tecnica Final Plan Local de Accion Ambiental AQP- 2023.pdf,Plan Local de Accion Ambiental FINAL AREQUIPA.pdf"
2025 Disclosure Cycle,779465,CDP,50369,Ayuntamiento de San Luis Potosí,City,Latin America,Mexico,Public,Q11.1,Use this field to provide any additional information or context that you feel is relevant to your jurisdiction's response. Please note that this field is optional and is not scored/assessed.,1,,"La Administración Municipal 2024-2027 se ha incorporado a la red de Gobiernos Locales para la Sostenibilidad (ICLEI) con el propósito de acceder a asesoría técnica especializada, programas de capacitación y referencias internacionales de políticas públicas que han demostrado resultados tangibles en otras ciudades y regiones. Esta vinculación permitirá fortalecer la toma de decisiones y afrontar con mayor capacidad los desafíos ambientales presentes y futuros en nuestro municipio.\n\nCon base en este acompañamiento estratégico, el Ayuntamiento impulsa diversas iniciativas prioritarias:\n\n• Implementación del Plan de Acción Climática Municipal (PACMUN): Se trabaja en la adopción y consolidación de este instrumento, que orientará las políticas locales de mitigación y adaptación al cambio climático. El PACMUN permitirá identificar fuentes de emisiones, evaluar riesgos climáticos y definir acciones puntuales para reducir la vulnerabilidad de la población y de la infraestructura urbana.\n\n• Fortalecimiento del Programa de Ecología Táctica: Este programa se está robusteciendo para ejecutar intervenciones rápidas, de bajo costo y alto impacto en el territorio municipal. Su objetivo es prevenir riesgos ambientales, mejorar el entorno urbano y operar estrategias que fomenten la participación comunitaria y la recuperación de espacios públicos mediante soluciones verdes y sostenibles.\n\n• Visión estratégica hacia el Plan San Luis 2050: La administración impulsa programas y acciones que sirvan como cimientos para una agenda ambiental de largo plazo. La visión al 2050 busca encaminar al municipio hacia un desarrollo sostenible, resiliente y competitivo, mediante políticas que promuevan el uso eficiente de recursos, la transición energética, la protección de los ecosistemas y la mejora en la calidad de vida de las y los ciudadanos.\n\nCon estas líneas de acción, la Administración Municipal reafirma su compromiso con la sostenibilidad y la resiliencia climática, aprovechando la experiencia global de CDP, ICLEI entre otras instituciones para adecuarla al contexto local y generar beneficios directos para San Luis Potosí.",Informe DGEMR 2024-2027 SanLuis 2050.pdf
2025 Disclosure Cycle,779465,CDP,50373,Municipalidad de Rosario,City,Latin America,Argentina,Public,Q11.1,Use this field to provide any additional information or context that you feel is relevant to your jurisdiction's response. Please note that this field is optional and is not scored/assessed.,1,,"La información oficial sobre cómo la ciudad integra la acción climática en su política pública está sistematizada y se actualiza en el portal del Plan Local de Acción Climática (PLAC) Rosario 2030: \nhttps://www.rosario.gob.ar/inicio/plan-local-de-accion-climatica-rosario-2030\nAllí se publican: \n- Inventario de Gases de Efecto Invernadero,\n- El Sistema de Monitoreo,\n- La arquitectura de gobernanza (Gabinete Local de Cambio Climático y Transición Ecológica Justa y Comité Asesor frente al Cambio Climático), \n- El Perfil de Cambio Climático, \n- Los Mapas de Riesgo Climático Rosario 2024\n- La Estrategia de Género y Cambio Climático. \n\nLa Municipalidad sancionó una Ordenanza de Cambio Climático que establece la obligatoriedad de remitir anualmente al Concejo Municipal un informe de seguimiento de los avances del PLAC para su auditoría. Se adjunta el informe correspondiente.\n",INFORME ANUAL ACCIÓN CLIMÁTICA ROSARIO 2024.pdf
2025 Disclosure Cycle,779465,CDP,50375,Ayuntamiento de Chihuahua,City,Latin America,Mexico,Public,Q11.1,Use this field to provide any additional information or context that you feel is relevant to your jurisdiction's response. Please note that this field is optional and is not scored/assessed.,1,,No hay información adicional ,SEGUNDA ACTUALIZACIÓN PACMUN CHIHUAHUA (Incluye Iventario GEI).pdf
2025 Disclosure Cycle,779465,CDP,50381,Municipio de Torreón,City,Latin America,Mexico,Public,Q11.1,Use this field to provide any additional information or context that you feel is relevant to your jurisdiction's response. Please note that this field is optional and is not scored/assessed.,1,,"En el apartado 03. Evaluación - Inventario de Emisiones, debería de existir una opción en la columna “Si no tiene información para reportar sobre emisiones directas, seleccione una clave de notación para explicar el por qué” en donde diga que ya se cargó la información, y así aparezca como completada la sección. Se tuvo que seleccionar la opción “Integrada en otro lugar” (cuando está cargada ahí mismo la información) ya que nunca nos permitió dejarla en blanco. ",
2025 Disclosure Cycle,779465,CDP,50382,Municipio de Mérida,City,Latin America,Mexico,Public,Q11.1,Use this field to provide any additional information or context that you feel is relevant to your jurisdiction's response. Please note that this field is optional and is not scored/assessed.,1,,Mediadas de Mitigación y Adaptación en Extenso,moduloAdapPACMUN1.pdf
2025 Disclosure Cycle,779465,CDP,50384,Prefeitura de Florianópolis,City,Latin America,Brazil,Public,Q11.1,Use this field to provide any additional information or context that you feel is relevant to your jurisdiction's response. Please note that this field is optional and is not scored/assessed.,1,,"Pedimos desculpas pelas alterações realizadas desse ano em relação ao ano passado. Esse ano preenchemos de forma que achamos mais adequada, considerando a publicação do Decreto que instituiu o Plano de Descarbonização do Município, colocando as metas intermediárias e meta final, considerando cenário da neutralidade.",
2025 Disclosure Cycle,779465,CDP,50385,Prefeitura de Campo Grande,City,Latin America,Brazil,Public,Q11.1,Use this field to provide any additional information or context that you feel is relevant to your jurisdiction's response. Please note that this field is optional and is not scored/assessed.,1,,Não temos comentários adicionais a fazer até o momento. \nDeixamos a disposição o link do Comitê Municipal de Enfrentamento às Mudanças Climáticas (COMEC) com as documentações dos trabalhos e dados sendo gerados.\n\nhttps://www.campogrande.ms.gov.br/planurb/comite-municipal-de-enfrentamento-as-mudancas-climaticas-comec/,
2025 Disclosure Cycle,779465,CDP,50390,Prefeitura de Teresina,City,Latin America,Brazil,Public,Q11.1,Use this field to provide any additional information or context that you feel is relevant to your jurisdiction's response. Please note that this field is optional and is not scored/assessed.,1,,"1. Teresina assinou, em 2024, o Acordo para Redução da Temperatura (Global Cooling Pledge): Adotar práticas de resfriamento do clima. A meta é reduzir a temperatura da cidade em 2°C, um desafio ambicioso que demonstra o reconhecimento da urgência climática.\n\n2. Realizamos o I Fórum de Justiça Climática de Teresina foi realizado pela Agenda Teresina 2030 em parceria com o Fundo de Populações das Nações Unidas (em dezembro/2024). Teve como objetivo a formatação de políticas públicas mais direcionadas ao atendimento dessas populações em suas especificidades.\n\n3. Teresina foi convidada pela IBM e a C40 Cities como uma das seis cidades brasileiras a participarem do desenvolvimento da ferramenta Heat Insights, uma solução baseada em dados e alimentada por IA (inteligência artificial) para ajudar as cidades a analisar riscos potenciais que podem surgir como resultado do calor extremo e do efeito das ilhas de calor urbanas.\n\n","Global Cooling Pledge for COP28 TERESINA.pdf,Observações - Ag. 2030 (1).pdf,Parceria entre Agenda Teresina 2030 e IBM vai usar IA para prever riscos climáticos  _ SEMPLAN.pdf"
2025 Disclosure Cycle,779465,CDP,50396,Prefeitura Municipal de Santos,City,Latin America,Brazil,Public,Q11.1,Use this field to provide any additional information or context that you feel is relevant to your jurisdiction's response. Please note that this field is optional and is not scored/assessed.,1,,"O município de Santos está implementando o projeto-piloto de Adaptação baseada em Ecossistemas (AbE) no Monte Serrat, que integra medidas de estabilização de encostas, restauração de vegetação nativa e soluções comunitárias para redução do risco de deslizamentos. Essa iniciativa promove benefícios ambientais (preservação da biodiversidade e dos serviços ecossistêmicos), sociais (proteção de famílias em áreas vulneráveis) e econômicos (redução de custos com emergências e valorização urbana).\n\nO projeto foi selecionado entre os dez finalistas do Acelerador de Soluções Baseadas na Natureza em Cidades, do WRI Brasil, e conta atualmente com a parceria estratégica da GIZ (Agência de Cooperação Alemã), que apoia tecnicamente a implementação e o monitoramento das ações.\n\nDisponível em: https://www.wribrasil.org.br/projetos/acelerador-de-solucoes-baseadas-na-natureza-em-cidades\n\nhttps://www.diariodolitoral.com.br/cotidiano/como-plantio-de-13-mil-arvores-muda-cenario-em-comunidade-no-litoral/191668/",
2025 Disclosure Cycle,779465,CDP,50540,"City of Albuquerque, NM",City,North America,United States of America,Public,Q11.1,Use this field to provide any additional information or context that you feel is relevant to your jurisdiction's response. Please note that this field is optional and is not scored/assessed.,1,,"Under the City's Climate Pollution Reduction Grant Planning Program, the Sustainability Office launched a Climate Strategy Workshop Series to inform the development of the Central New Mexico Comprehensive Climate Action Plan. These workshops featured a dedicated group of Community Task Force Members and a lineup of highly qualified Policy Advisors, engaging more than 500 participants across six workshops. From these five sessions, participants identified 25 climate actions to guide climate planning in the four-county region and, ultimately, the City's climate action plan update scheduled for 2026.\n\nWe also developed a workforce analysis and a greenhouse gas inventory, that will inform our climate actions moving forward.\n\nFor more information on this series, visit our campaign website: https://www.resilientfuturesnm.org/ \n",
2025 Disclosure Cycle,779465,CDP,50541,"City of Greensboro, NC",City,North America,United States of America,Public,Q11.1,Use this field to provide any additional information or context that you feel is relevant to your jurisdiction's response. Please note that this field is optional and is not scored/assessed.,1,,"In July 2020, Greensboro achieved Silver certification in the US Green Building Council's LEED for Cities program ( https://www.greensboro-nc.gov/leed ). Greensboro was the first city in North Carolina to become certified in LEED for Cities. In 2025, Greensboro will seek recertification, aiming to reach the Gold level or higher.\n\nIn March 2022, Greensboro was awarded Bronze level designation ( https://www.greensboro-nc.gov/home/showpublisheddocument/53331/637933940689330000 ) in the SolSmart program, established by the US Department of Energy Solar Energy Technologies Office.",
2025 Disclosure Cycle,779465,CDP,50551,"City of Long Beach, CA",City,North America,United States of America,Public,Q11.1,Use this field to provide any additional information or context that you feel is relevant to your jurisdiction's response. Please note that this field is optional and is not scored/assessed.,1,,Long Beach Climate Action Plan\n\nhttps://www.longbeach.gov/globalassets/lbcd/media-library/documents/planning/lb-cap/adopted-lb-cap_-aug-2022,
2025 Disclosure Cycle,779465,CDP,50555,"City of Hamilton, ON",City,North America,Canada,Public,Q11.1,Use this field to provide any additional information or context that you feel is relevant to your jurisdiction's response. Please note that this field is optional and is not scored/assessed.,1,,"For a copy of the City of Hamilton's most recent annual progress update provided to Council, or more information about the Office of Climate Change Initiatives please visit our City's website here: https://www.hamilton.ca/home-neighbourhood/environmental-stewardship/environmental-plans-strategies/hamiltons-climate ",
2025 Disclosure Cycle,779465,CDP,50558,"City of London, ON",City,North America,Canada,Public,Q11.1,Use this field to provide any additional information or context that you feel is relevant to your jurisdiction's response. Please note that this field is optional and is not scored/assessed.,1,,none,
2025 Disclosure Cycle,779465,CDP,50562,"City of Chula Vista, CA",City,North America,United States of America,Public,Q11.1,Use this field to provide any additional information or context that you feel is relevant to your jurisdiction's response. Please note that this field is optional and is not scored/assessed.,1,,"August 2024 announcement for $10M grant over 9 years from the US Department of Energy - roughly 1/3 of funds will support energy audits, retrocommissioning and data verification for buildings 20K square feet and above throughout the community https://www.chulavistaca.gov/Home/Components/News/News/3818/17. This funding is in limbo due to the new federal administration as of August 2025 and the City is evaluating its options. Withholding of funds will have a significant impact on the implementation of this program over the next nine years.",
2025 Disclosure Cycle,779465,CDP,50565,"City of Toledo, OH",City,North America,United States of America,Public,Q11.1,Use this field to provide any additional information or context that you feel is relevant to your jurisdiction's response. Please note that this field is optional and is not scored/assessed.,1,,Legislation the City of Toledo has passed regarding climate change.,"065r.docx,356r.docx,Ordinance 210-22.docx"
2025 Disclosure Cycle,779465,CDP,50568,"City of Saskatoon, SK",City,North America,Canada,Public,Q11.1,Use this field to provide any additional information or context that you feel is relevant to your jurisdiction's response. Please note that this field is optional and is not scored/assessed.,1,,N/A,
2025 Disclosure Cycle,779465,CDP,50577,"City of Wichita, KS",City,North America,United States of America,Public,Q11.1,Use this field to provide any additional information or context that you feel is relevant to your jurisdiction's response. Please note that this field is optional and is not scored/assessed.,1,,A grant from the Kansas Department of Health and Environment will fund expanded planning and vulnerability studies in the coming two years allowing us to complete a CRVA and climate action plan by August 2027.,
2025 Disclosure Cycle,779465,CDP,50578,"City of Windsor, ON",City,North America,Canada,Public,Q11.1,Use this field to provide any additional information or context that you feel is relevant to your jurisdiction's response. Please note that this field is optional and is not scored/assessed.,1,,None,
2025 Disclosure Cycle,779465,CDP,50579,"City of Winnipeg, MB",City,North America,Canada,Public,Q11.1,Use this field to provide any additional information or context that you feel is relevant to your jurisdiction's response. Please note that this field is optional and is not scored/assessed.,1,,n/a,
2025 Disclosure Cycle,779465,CDP,50650,City of Gibraltar,City,Europe,Gibraltar,Public,Q11.1,Use this field to provide any additional information or context that you feel is relevant to your jurisdiction's response. Please note that this field is optional and is not scored/assessed.,1,,NA,
2025 Disclosure Cycle,779465,CDP,50669,Municipality of Matosinhos,City,Europe,Portugal,Public,Q11.1,Use this field to provide any additional information or context that you feel is relevant to your jurisdiction's response. Please note that this field is optional and is not scored/assessed.,1,,No further information.,
2025 Disclosure Cycle,779465,CDP,50673,Municipality of Faro,City,Europe,Portugal,Public,Q11.1,Use this field to provide any additional information or context that you feel is relevant to your jurisdiction's response. Please note that this field is optional and is not scored/assessed.,1,,"A Ação Climática no concelho de Faro é uma tarefa contínua e encontra-se já enraizada no Modus Operandi da instituição, refletindo-se na gestão diária da autarquia, como seja a substituição de espécies vegetais mais resilientes e adaptadas à seca, criação de zonas de ensombramento para fazer face às ondas de calor e opção por soluções urbanísticas baseadas na natureza para prevenir cheias e inundações.",
2025 Disclosure Cycle,779465,CDP,50678,Municipality of Évora,City,Europe,Portugal,Public,Q11.1,Use this field to provide any additional information or context that you feel is relevant to your jurisdiction's response. Please note that this field is optional and is not scored/assessed.,1,,"o Plano Municipal de Adaptação às Alterações Climáticas do Munícipio de Évora (anexo na pergunta 2.1.1) constitui a concretização do Caderno da Adaptação do Plano Municipal de Ação Climática de Évora, de acordo com o estabelecido na Lei nº 98/2021, de 31 de dezembro (Lei de Bases do Clima - Legislação Nacional).\nO Município encontra-se, atualmente, a proceder às diligencias necessárias para iniciar a elaboração do Caderno correspondente à componente da Mitigação às Alterações Climáticas, que constituirá o segundo Caderno integrante do Plano Municipal de Ação Climática do Município de Évora.",
2025 Disclosure Cycle,779465,CDP,50680,Municipality of Cascais,City,Europe,Portugal,Public,Q11.1,Use this field to provide any additional information or context that you feel is relevant to your jurisdiction's response. Please note that this field is optional and is not scored/assessed.,1,,"Cascais is available for any additional inquire and feedback to ensure the best possible evaluation. \nQuestions have been answered with the available information and within the context we believe to be best suited for the inquiry. however, we can provide further and deeper explanations or clarifications if needed",
2025 Disclosure Cycle,779465,CDP,51374,Prefeitura de Rio Branco,City,Latin America,Brazil,Public,Q11.1,Use this field to provide any additional information or context that you feel is relevant to your jurisdiction's response. Please note that this field is optional and is not scored/assessed.,1,,"Relatório de Monitoramento de Ações, ciclo 2021-2024 do Plano Municipal de Mitigação e Adaptação às Mudanças do Clima de Rio Branco.",PMAMC 2021-2024 - OFICIALMENTE FINAL.pdf
2025 Disclosure Cycle,779465,CDP,52896,"City of Fort Lauderdale, FL",City,North America,United States of America,Public,Q11.1,Use this field to provide any additional information or context that you feel is relevant to your jurisdiction's response. Please note that this field is optional and is not scored/assessed.,1,,"Early in 2022, Fort Lauderdale joined the ICLEI150 Race to Zero, publicly affirming its net-zero commitment and pledging to take action to achieve these goals. ",
2025 Disclosure Cycle,779465,CDP,52897,"City of Aspen, CO",City,North America,United States of America,Public,Q11.1,Use this field to provide any additional information or context that you feel is relevant to your jurisdiction's response. Please note that this field is optional and is not scored/assessed.,1,,"The attached Aspen Sustainability Action Plan and GHG Inventory provide a lot of information. \n\nThe Environmental Health Team understands the importance of clear and informative and assessable environmental communication. The team has worked with a 3rd party to develop strong messaging to increase internal efficiency, and external impact through engaging and effective climate communication. Coming 2025, this will be seen in the community wide campaign to share climate initiatives with the public through signs, social media, and more.\n\nMission Statement\nTo protect and nurture an equitable, healthy, and resilient community and environment through partnership, purposeful service, and innovative action. \n\nThe health of our community and environment is what makes Aspen such a special place. We dedicate our work to ensuring that the local environment, members of our community, and visitors thrive now and into the future. \n\nFor more information on our programs, visit the pages on our website: https://www.aspen.gov/293/Environmental-Health-Sustainability\n\nClimate Action \nWaste and Recycling\nFood Safety\nAir Quality \nChildcare Regulations\nSmuggler Superfund Site\nNoise\n\n","2023 Aspen Community-wide GHG Summary Final.pdf,City of Aspen ASAP 2025.pdf"
2025 Disclosure Cycle,779465,CDP,53937,"City of Naperville, IL",City,North America,United States of America,Public,Q11.1,Use this field to provide any additional information or context that you feel is relevant to your jurisdiction's response. Please note that this field is optional and is not scored/assessed.,1,,N/A,
2025 Disclosure Cycle,779465,CDP,54026,"City of Tacoma, WA",City,North America,United States of America,Public,Q11.1,Use this field to provide any additional information or context that you feel is relevant to your jurisdiction's response. Please note that this field is optional and is not scored/assessed.,1,,We will be performing an updated community GHG emissions inventory for year 2023 under a pending consultant contract.,
2025 Disclosure Cycle,779465,CDP,54029,"City of Spokane, WA",City,North America,United States of America,Public,Q11.1,Use this field to provide any additional information or context that you feel is relevant to your jurisdiction's response. Please note that this field is optional and is not scored/assessed.,1,,"The City of Spokane is on a transformative journey to support community resiliency to growing climate hazards. As part of this effort, we're undertaking a major update to our Comprehensive Plan, a foundational document guiding the city's growth and development. This update, mandated by the Washington State Growth Management Act and due in 2026, presents a unique opportunity to integrate climate considerations into every aspect of our city's future.\n\nhttps://my.spokanecity.org/planspokane/climate-planning/",
2025 Disclosure Cycle,779465,CDP,54034,"City of Grand Rapids, MI",City,North America,United States of America,Public,Q11.1,Use this field to provide any additional information or context that you feel is relevant to your jurisdiction's response. Please note that this field is optional and is not scored/assessed.,1,,N/A,
2025 Disclosure Cycle,779465,CDP,54075,"City of Lakewood, CO",City,North America,United States of America,Public,Q11.1,Use this field to provide any additional information or context that you feel is relevant to your jurisdiction's response. Please note that this field is optional and is not scored/assessed.,1,,No additional information.,
2025 Disclosure Cycle,779465,CDP,54080,"City of Sunnyvale, CA",City,North America,United States of America,Public,Q11.1,Use this field to provide any additional information or context that you feel is relevant to your jurisdiction's response. Please note that this field is optional and is not scored/assessed.,1,,N/A,
2025 Disclosure Cycle,779465,CDP,54088,"City of Peterborough, ON",City,North America,Canada,Public,Q11.1,Use this field to provide any additional information or context that you feel is relevant to your jurisdiction's response. Please note that this field is optional and is not scored/assessed.,1,,Community GHG inventories from 2023 attached. ,PEAC25-015 Community Sector Greenhouse Gas Emission Inventory and Update.pdf
2025 Disclosure Cycle,779465,CDP,54100,"City of Columbia, MO",City,North America,United States of America,Public,Q11.1,Use this field to provide any additional information or context that you feel is relevant to your jurisdiction's response. Please note that this field is optional and is not scored/assessed.,1,,"The 2024 Community-Wide GHG Emissions Inventory for the City of Columbia is provided in the attached spreadsheet, formatted according to the GCoM Common Reporting Framework (CRF). The City of Columbia uses ICLEI ClearPath to calculate and report the greenhouse gas inventory.","ADOPTED_CAAP (1).pdf,City of Columbia Community Wide GHG Emissions Inventory_CDP Submission.xlsx"
2025 Disclosure Cycle,779465,CDP,54104,"City of Boulder, CO",City,North America,United States of America,Public,Q11.1,Use this field to provide any additional information or context that you feel is relevant to your jurisdiction's response. Please note that this field is optional and is not scored/assessed.,1,,N/A,
2025 Disclosure Cycle,779465,CDP,54105,"City of Duluth, MN",City,North America,United States of America,Public,Q11.1,Use this field to provide any additional information or context that you feel is relevant to your jurisdiction's response. Please note that this field is optional and is not scored/assessed.,1,,"The City of Duluth tracks our greenhouse gas emissions annually from City operations via the ClearPath tool, which uses approved IPCC protocols and emission coefficients.(https://duluthmn.gov/sustain/city-projects-commitments/). From 2016 to 2023, the City reduced greenhouse gas emissions 32%, including reductions from efficiency work in City buildings, fleet electrification, etc. For community-wide emissions, we rely on the Regional Indicators Project data (https://www.regionalindicatorsmn.com/city-summary). ",
2025 Disclosure Cycle,779465,CDP,54109,"City of Bloomington, IN",City,North America,United States of America,Public,Q11.1,Use this field to provide any additional information or context that you feel is relevant to your jurisdiction's response. Please note that this field is optional and is not scored/assessed.,1,,"We continue to maintain the Climate Action Dashboard that we launched in 2024, which provides a data-driven way to report on the implementation of our climate action plan and related sustainability work.\n\nCheck it out here:\n\nhttps://bloomington.climatenavhub.com/",
2025 Disclosure Cycle,779465,CDP,54111,"City of Iowa City, IA",City,North America,United States of America,Public,Q11.1,Use this field to provide any additional information or context that you feel is relevant to your jurisdiction's response. Please note that this field is optional and is not scored/assessed.,1,,"For question 4.1.1 we reported our the percentage of our utility's grid electricity as 91.7%, because they report that as a percentage of retail sales on an annual basis. In reality, their renewable generation capacity is 64%. ",
2025 Disclosure Cycle,779465,CDP,54116,"City of Dubuque, IA",City,North America,United States of America,Public,Q11.1,Use this field to provide any additional information or context that you feel is relevant to your jurisdiction's response. Please note that this field is optional and is not scored/assessed.,1,,No further information but forcing me to add something here. ,
2025 Disclosure Cycle,779465,CDP,54119,"City of Palo Alto, CA",City,North America,United States of America,Public,Q11.1,Use this field to provide any additional information or context that you feel is relevant to your jurisdiction's response. Please note that this field is optional and is not scored/assessed.,1,,"A complete list of policies, plans, ordinances and resolutions can be found at https://www.cityofpaloalto.org/City-Hall/Sustainability/Goals-and-Progress/Plans-Policies-and-Ordinances",
2025 Disclosure Cycle,779465,CDP,54124,"City of Fremont, CA",City,North America,United States of America,Public,Q11.1,Use this field to provide any additional information or context that you feel is relevant to your jurisdiction's response. Please note that this field is optional and is not scored/assessed.,1,,"The updated questionnaire format was extremely painful to use. I faced many challenges while trying to answer the questions. The new format certainly reduced my ability to answer the questions fully. \n\n\n*Note 2025: The Questionnaire still remains challenging to navigate. More clarity on specific fields is needed. Some answers do not have a numeric value, but the question doesn't provide a response option other than numeric values. ","Climate Ready Fremont (high res)_10.10.23.pdf,Climate Ready Fremont (high res)_10.10.23.pdf"
2025 Disclosure Cycle,779465,CDP,54125,"City of Boise, ID",City,North America,United States of America,Public,Q11.1,Use this field to provide any additional information or context that you feel is relevant to your jurisdiction's response. Please note that this field is optional and is not scored/assessed.,1,,None.,
2025 Disclosure Cycle,779465,CDP,54128,"City of Reno, NV",City,North America,United States of America,Public,Q11.1,Use this field to provide any additional information or context that you feel is relevant to your jurisdiction's response. Please note that this field is optional and is not scored/assessed.,1,,na,
2025 Disclosure Cycle,779465,CDP,54144,City of Yarra,City,South East Asia & Oceania,Australia,Public,Q11.1,Use this field to provide any additional information or context that you feel is relevant to your jurisdiction's response. Please note that this field is optional and is not scored/assessed.,1,,No additional information needed,
2025 Disclosure Cycle,779465,CDP,54253,Wollongong City Council,City,South East Asia & Oceania,Australia,Public,Q11.1,Use this field to provide any additional information or context that you feel is relevant to your jurisdiction's response. Please note that this field is optional and is not scored/assessed.,1,,"Wollongong has completed the assessment and target components of the EAPP pillar, the plan component is under development and will be ready for next year's reporting cycle.",Wollongong Energy Equity Assessment Full Report - GCoM Global Covenant of Mayors for Climate & Energ.pdf
2025 Disclosure Cycle,779465,CDP,54268,Dunedin City Council,City,South East Asia & Oceania,New Zealand,Public,Q11.1,Use this field to provide any additional information or context that you feel is relevant to your jurisdiction's response. Please note that this field is optional and is not scored/assessed.,1,,All relevant information has been attached to the individual sections,
2025 Disclosure Cycle,779465,CDP,54277,New Plymouth District Council,City,South East Asia & Oceania,New Zealand,Public,Q11.1,Use this field to provide any additional information or context that you feel is relevant to your jurisdiction's response. Please note that this field is optional and is not scored/assessed.,1,,"Our Climate Change Adaptation Advisor is leading the development of a comprehensive Climate Change Adaptation Plan, in collaboration with WSP, who are providing expert consultancy support. The plan is expected to be completed by late 2025 or early 2026.",
2025 Disclosure Cycle,779465,CDP,54293,People's Government of Guangzhou Municipality,City,China,China,Public,Q11.1,Use this field to provide any additional information or context that you feel is relevant to your jurisdiction's response. Please note that this field is optional and is not scored/assessed.,1,,暂无,
2025 Disclosure Cycle,779465,CDP,54298,Dalian Municipal People's Government,City,China,China,Public,Q11.1,Use this field to provide any additional information or context that you feel is relevant to your jurisdiction's response. Please note that this field is optional and is not scored/assessed.,1,,无,
2025 Disclosure Cycle,779465,CDP,54305,Rajkot Municipal Corporation,City,India,India,Public,Q11.1,Use this field to provide any additional information or context that you feel is relevant to your jurisdiction's response. Please note that this field is optional and is not scored/assessed.,1,,"The 'Rajkot Net-zero Climate Resilient City Action Plan (Net-zero CRCAP)' has been prepared using\nICLEI's Net-zero ClimateResilientCities Action Planning methodology. This methodology provides a step-by-step guidance, supported by a range of tools, for developing a Net-zero CRCAP that addresses both climate change adaptation and mitigation.\nThe plan includes a comprehensive assessment of the urban systems gap analysis, climate\nrisk and vulnerability assessment, energy profile and GHG emissions inventory, projections\nincluding scenario planning for future GHG emission reductions through Progressive Action\nScenario and Net-zero Pathway, and identification of sectoral goals and target setting along\nwith detailing of the potential adaptation and mitigation strategies and actions. This plan will\nguide Rajkot in integrating climate actions into regular planning process, outlining necessary\ninstitutional mechanisms, technical capabilities, and communication channels to effectively\ncombat climate change.",Rajkot CRCAP 2024 General Board Approval letter Final.pdf
2025 Disclosure Cycle,779465,CDP,54306,Medan City Government,City,South East Asia & Oceania,Indonesia,Public,Q11.1,Use this field to provide any additional information or context that you feel is relevant to your jurisdiction's response. Please note that this field is optional and is not scored/assessed.,1,,"Adapun target Pengurangan Emisi GRK tahun 2030 sesuai dengan RPJMD Kota Medan yaitu :\n- Energi : 2.040.023\n- Transportasi : 4.318.376\n- IPPU : 1.049\n- AFOLU : 25.771\n- Limbah : 805.817\nTotal : 7.191.036\n\nUntuk mencapai ini, strategi mitigasi harus terintegrasi lintas sektor, dengan fokus utama pada energi (transportasi & listrik) dan limbah.\n\nTarget tahun 2030 menandakan arah menuju net-zero emission bagi Kota Medan jika implementasi berjalan optimal.\n\nTantangan lingkungan yang paling mendesak:\n1. Banjir dan genangan di kawasan perkotaan dan pesisir.\n2. Banjir rob akibat kenaikan muka laut di Belawan dan Medan Utara.\n3. Persampahan, khususnya di TPA Terjun yang sudah melebihi kapasitas.\n4. Kualitas udara menurun karena transportasi dan pembakaran terbuka.\n\n",Target GRK untuk RPJMD.pdf
2025 Disclosure Cycle,779465,CDP,54308,Coimbatore City Municipal Corporation,City,India,India,Public,Q11.1,Use this field to provide any additional information or context that you feel is relevant to your jurisdiction's response. Please note that this field is optional and is not scored/assessed.,1,,The city has set up city climate action cell to institutionalize net zero climate action plan. ,
2025 Disclosure Cycle,779465,CDP,54310,Government of Palembang,City,South East Asia & Oceania,Indonesia,Public,Q11.1,Use this field to provide any additional information or context that you feel is relevant to your jurisdiction's response. Please note that this field is optional and is not scored/assessed.,1,,"Kota Palembang telah melakukan inventarisasi gas rumah kaca setiap tahun sebagai bagian dari implementasi pencapaian target penurunan emisi gas rumah kaca yang sudah ditetapkan dalam Rencana Pembangunan Jangka Menengah Daerah Kota Palembang.\nSebagai indikator kinerja utama dalam RPJMD Kota Palembang tahun 2025-2029, penurunan emisi gas rumah kaca ditetapkan berdasarkan penentuan penurunan emisi gas rumah kaca Propinsi Sumatera Selatan. \n",RPJMD KOTA PALEMBANG TAHUN 2025-2029 - FinalOK (1).pdf
2025 Disclosure Cycle,779465,CDP,54327,Semarang City Government,City,South East Asia & Oceania,Indonesia,Public,Q11.1,Use this field to provide any additional information or context that you feel is relevant to your jurisdiction's response. Please note that this field is optional and is not scored/assessed.,1,,"Data yang digunakan merupakan data yang disubmit pada saat aplikasi ini dibuat, sehingga tidak menutup kemungkinan terdapat perbedaan atau ketidaktepatan data akibat proses input pada waktu tersebut",
2025 Disclosure Cycle,779465,CDP,54337,Greater Amman Municipality,City,UKWW,Jordan,Public,Q11.1,Use this field to provide any additional information or context that you feel is relevant to your jurisdiction's response. Please note that this field is optional and is not scored/assessed.,1,,None,
2025 Disclosure Cycle,779465,CDP,54339,Denpasar City Government,City,South East Asia & Oceania,Indonesia,Public,Q11.1,Use this field to provide any additional information or context that you feel is relevant to your jurisdiction's response. Please note that this field is optional and is not scored/assessed.,1,,"Kota Denpasar melakukan kegiatan Gotong Royong Semesta Berencana pada Tanggal 26 Oktober 2025. kegiatan yang meliputi penanaman 1000 pohon dan bersih-bersih sungai yang melibatkan unsur masyarakat, sekolah, opd, dan forkompinda ",LAPORAN SEMESTA BERENCANA_FIX.pdf
2025 Disclosure Cycle,779465,CDP,54345,City Government of Davao,City,South East Asia & Oceania,Philippines,Public,Q11.1,Use this field to provide any additional information or context that you feel is relevant to your jurisdiction's response. Please note that this field is optional and is not scored/assessed.,1,,"Davao City continues to strengthen its climate action agenda through the integration of mitigation, adaptation, and resilience measures across local plans and programs. The City's Local Climate Change Action Plan (LCCAP) 2024-2026, together with complementary sectoral plans such as the Comprehensive Land Use Plan (CLUP) 2019-2028, Forest Land Use Plan, Ecological Solid Waste Management Plan, and Disaster Risk Reduction and Management Plan, provide a strong policy framework for addressing climate risks.\n\nThe city has also aligned its greenhouse gas emissions reduction target with the WWF One Planet City Challenge (OPCC) framework, committing to a net zero target by 2050. This reflects Davao's commitment to go beyond national contributions and position itself as a model for sustainable and resilient urban development in the Philippines.\n\nDavao City continues to face challenges such as energy poverty, food deserts in remote barangays, and limited infrastructure for climate data consolidation. Nonetheless, the city government is pursuing strategies to address these issues, including renewable energy expansion, sustainable mobility, and investments in resilient agriculture and food systems.",
2025 Disclosure Cycle,779465,CDP,54349,Balikpapan City Government,City,South East Asia & Oceania,Indonesia,Public,Q11.1,Use this field to provide any additional information or context that you feel is relevant to your jurisdiction's response. Please note that this field is optional and is not scored/assessed.,1,,"Upaya Aksi Adaptasi dan Mitigasi Perubahan Iklim Kota Balikpapan merupakan kolaborasi dan sinergi para pihak. Komitmen itu didukung dari aspek kebijakan, pelaksanaan, monitoring dan evaluasi yang diimplementasikan dalam bentuk regulasi dan rencana aksi dengan target waktu yang telah ditentukan baik jangka pendek, menengah dan panjang.",
2025 Disclosure Cycle,779465,CDP,54354,City Government of Makati,City,South East Asia & Oceania,Philippines,Public,Q11.1,Use this field to provide any additional information or context that you feel is relevant to your jurisdiction's response. Please note that this field is optional and is not scored/assessed.,1,,"As part of the City's commitment to improved climate database management, accountability, and transparency, the City Government of Makati through the Department of Environmental Services included the city's annual climate reporting to CDP in the Annual Investment Program 2025.","AIP 2025_DES.pdf,AIP 2025_DES.pdf,DES AIP 2024_CDP.pdf"
2025 Disclosure Cycle,779465,CDP,54361,Petaling Jaya City Council,City,South East Asia & Oceania,Malaysia,Public,Q11.1,Use this field to provide any additional information or context that you feel is relevant to your jurisdiction's response. Please note that this field is optional and is not scored/assessed.,1,,"The Selangor Climate Change Policy was formulated by taking into account various aspects and key challenges of climate change confronting the state including Petaling Jaya city. The policy emphasized short-term and long-term measures and planning that the Selangor state government must take to address related issues such as landslides and floods that have an impact on the people. To ensure the actions outlined in the policy were implemented effectively, a series of focus group discussions were conducted with stakeholders involving local authorities (PBT), assemblymen, relevant government agencies and departments, the private sector and the local community. This policy integrates all climate initiatives in Selangor and provides a clear direction for governance, low-carbon development and cooperation to ensure the state's aspirations are in line with the actions taken. \n\nhttps://thesun.my/malaysia-news/selangor-launches-climate-change-policy-HC13338807",DASAR-PERUBAHAN-IKLIM-NEGERI-SELANGOR-RINGKASAN-EKSEKUTIF (1).pdf
2025 Disclosure Cycle,779465,CDP,54386,Tainan City Government,City,China,East Asia,Public,Q11.1,Use this field to provide any additional information or context that you feel is relevant to your jurisdiction's response. Please note that this field is optional and is not scored/assessed.,1,,臺南市淨零永續城市管理自治條例：\n為有效減緩氣候變遷之影響，打造本市為具調適韌性之永續城市，實現溫室氣體淨零排放，確保市民生活品質、社會進步及環境維護，特制定本自治條例。,臺南市淨零永續管理自治條例(三讀通過).pdf
2025 Disclosure Cycle,779465,CDP,54388,Iskandar Regional Development Authority,City,South East Asia & Oceania,Malaysia,Public,Q11.1,Use this field to provide any additional information or context that you feel is relevant to your jurisdiction's response. Please note that this field is optional and is not scored/assessed.,1,,"Iskandar Malaysia is a special economic zone and the main southern development corridor in Johor, Malaysia. It was established on November 8, 2006, with the aim of strengthening Malaysia's economic competitiveness and improving the quality of life for its citizens. The region is strategically located as the southern gateway to Malaysia and neighboring Singapore, facilitating transboundary economic activity and attracting investments of MYR453 billion / EUR91 billion (September 2024). \n\n \nIskandar Malaysia also serves as a foundation for the newer Johor-Singapore Special Economic Zone (JS-SEZ) initiative, which aims to deepen economic integration and collaboration between Johor and Singapore. Strategic areas within Iskandar Malaysia—such as Pengerang and Iskandar Puteri, including Forest City—are being proposed as key zones within this cross-border economic partnership. Iskandar Malaysia Regional Authority (IRDA) is currently in the midst of collaborating with 5 PBTs to produce a GHG Inventory for the year 2022 and 2023. This GHG emissions reporting objectives is to continuously track and monitor GHG emissions for Iskandar Malaysia as part of low carbon society blueprint monitoring framework cycle. The GHG Inventory will be \'BASIC\' reporting covering Stationary Energy, Transportation and Waste and will include materiality assessment and data readiness for Pengerang's Industrial Processes and Product Use (IPPU). IRDA is currently preparing the new Term of Reference (TOR) for Green House Gas Inventory for Iskandar Malaysia and Pengerang (area for JS- SEZ). This is to monitor GHG emissions intensity and review the progress against GHG targets set for 2025. This GHG reporting is a science-based target setting and crucial towards enabling Iskandar Malaysia to achieve net-zero target by 2050 and to be in line with national aspiration of a carbon neutral nation.\n\nhttps://drive.google.com/drive/u/0/folders/1ePQfQHWi2QvkAxE9BDxbmxpQ7AApMI0G","IM Report Card 2024.pdf,JS-SEZ & IMFC-J Factsheet.pdf"
2025 Disclosure Cycle,779465,CDP,54389,Taichung City Government,City,China,East Asia,Public,Q11.1,Use this field to provide any additional information or context that you feel is relevant to your jurisdiction's response. Please note that this field is optional and is not scored/assessed.,1,,"In response to the international 2050 net-zero carbon emission trend, we have declared the promotion of the \'Sustainable Net-Zero Trilogy\', with the ultimate goal of achieving net-zero emissions in 2050, and determine to creat a \'carbon-free and worry-free\' lifestyle in Taichung.\n\nThe first part of the sustainable net-zero trilogy was to sign the \'Climate Emergency Declaration\' in January 2021 and proposed the \'Sustainable 168 Goal Strategy\', of which \'the first goal\' was to build Taichung into a coal-free city and \'6\'covered the renewable energy utilization rate reaching 20% in 2030. The new lease-purchase manufacturers in the industrial zones within the city's jurisdiction must install photovoltaics on 50% of the roof area, the average annual concentration of PM2.5 in 2030 to 12 micrograms, and the proportion of electric buses increasing. to 40%, the growth rate of electric motorcycles to 200%, and the reduction of greenhouse gases in 2030 compared to the base year (2005) to reach 30%; the last \'8\' goals are the United Nations' goals 7, 9, and 11 to promote sustainable development. goals 12, 13, 14, 15 and 17, hoping to build a sustainable city in line with international trends and fight climate change together with major cities around the world.\n\nThe second part, \'2021 Taichung City Voluntary Inspection Report\'was released in September 2021. We injected \'sunshine, air, water\' into the environmental, economic, social and other policy development strategies, and comprehensively promote 17 sustainable development goals and 103 Indicators and 106 plans.\n\nThe trilogy released the goal of \'2050 Taichung City Net-Zero Carbon Emission Path\' in 2022, outlines 6 key strategies and 20 zero-carbon paths, and continues to strive to improve air pollution and reduce carbon emissions through energy transformation and the promotion of various departments and is to build the vision towards net-zero carbon emissions in 2050.\n","上傳_11.2025.9.12_Climate Action Performance of Taichung City Government.pdf,上傳_11.Taichung City VLR_2050 net zero pathway_compressed.pdf"
2025 Disclosure Cycle,779465,CDP,54395,Taoyuan City Government,City,China,East Asia,Public,Q11.1,Use this field to provide any additional information or context that you feel is relevant to your jurisdiction's response. Please note that this field is optional and is not scored/assessed.,1,,Taoyuan net zero pathway,Taoyuan net zero pathway.pdf
2025 Disclosure Cycle,779465,CDP,54410,City of Oulu,City,Europe,Finland,Public,Q11.1,Use this field to provide any additional information or context that you feel is relevant to your jurisdiction's response. Please note that this field is optional and is not scored/assessed.,1,,"Our annual emissions reporting is attached in 3.1.1. and that is the one used for our climate neutrality target set in the city strategy. It differs significantly from our CofM emissions reporting, for which we currently only carry out emission inventory every 4 years. The latest is for the year 2020. The amount of F-gases is also estimated (25.2 kt CO2eq in 2022) but is not included in the official inventory or the climate neutrality target. Oulu is the largest owner of municipal forests in Finland. We own approximately 19,500 hectares (ha) of forestry land. Of the forestry land, about 3,200 ha are poorly productive forest lands and unproductive land, peat bogs, wide power lines, roads, etc. Forests and bogs are protected in an area of approx. 1,300 ha (including valuable habitats according to the Forest Act), which is approx. 7% of the area of forestry land. In addition to nature reserves, there are approximately 900 hectares of valuable forests that are excluded from the measures. The forests produce approximately 40,000 m3 of lumber for factories and sawmills annually. In addition to this, logging residue collected from the urban area is used for energy production in thermal power plants, mainly in Toppila. A part of the twigs are turned into mulch for the flower beds and shrubs in the city's parks and surface material for nature trails. The current carbon storage of the city's forests is 2.7 million tonnes of CO2.- The city has a Forest Management Plan for 2024-2033. The plan includes targets and measures related to both preparing for climate change and improving biodiversity. The plan (in Finnish) is attached.",Oulun kaupungin metsien hoito- ja käyttösuunnitelma 2034-2033.pdf
2025 Disclosure Cycle,779465,CDP,54439,City of Münster,City,Europe,Germany,Public,Q11.1,Use this field to provide any additional information or context that you feel is relevant to your jurisdiction's response. Please note that this field is optional and is not scored/assessed.,1,,In the climate city contract (CCC) for the EU - Mission project \'100 climate-neutral and smart cities by 2030\' the city of Münster developed a concret action plan to achieve climate neutrality by 2030 including a financial and investment plan. \n\nIn the CCC all planed measures are listed and can be involved in the CDP.,"20240311_EN_Muenster_CCC_Commitment.pdf,20240312_EN_Münster_CCC_ActionPlan.pdf,20240312_EN_Münster_CCC_Investmentplan.pdf"
2025 Disclosure Cycle,779465,CDP,54459,City of Reykjavík,City,Europe,Iceland,Public,Q11.1,Use this field to provide any additional information or context that you feel is relevant to your jurisdiction's response. Please note that this field is optional and is not scored/assessed.,1,,"Reykjavik city transitioned to renewable energy for both power production and geothermal central heating half a century ago. Thanks to this historical switch to renewable energy, a mix of geothermal and hydropower for both electricity production and central heating, Reykjavik has a unique emissions profile where most of the emissions come from transportation. \nReykjavik City´s work on Climate issues the next years to come will be focused on the Climate City Contract with the support of NetZero Cities. The main strategic priorities in the commitments of the Climate City Contract: \n1.\tMobility, focus on change in travel modes and strengthening the infrastructure for public transport, pedestrians and cyclists. \n2.\tEnergy transition of the car fleet and at the port of Reykjavík with carbon neutral produced energy \n3.\tWaste and circular economy, including increased recycling by the private sector and individuals. \n4.\tBuilding sector. The City has ambitious goals for the development of residential housing. It is therefore important that this development has as little impact on the climate and environment as possible. \n5.\tJust transition -Various ways to ensure a just transition are already in place at the City of Reykjavík and are described in detail in the Action Plan. \nThe CCC includes 15 actions, including 2 adaptations actions. \n","Climate City Contract Action Plan Reykjavik City January 2025.pdf,Climate City Contract Commitments Reykjavik City.pdf"
2025 Disclosure Cycle,779465,CDP,54484,Stavanger Municipality,City,Europe,Norway,Public,Q11.1,Use this field to provide any additional information or context that you feel is relevant to your jurisdiction's response. Please note that this field is optional and is not scored/assessed.,1,,no further information,
2025 Disclosure Cycle,779465,CDP,54492,Bergen Municipality,City,Europe,Norway,Public,Q11.1,Use this field to provide any additional information or context that you feel is relevant to your jurisdiction's response. Please note that this field is optional and is not scored/assessed.,1,,None at the moment. ,
2025 Disclosure Cycle,779465,CDP,54509,Jönköping Municipality,City,Europe,Sweden,Public,Q11.1,Use this field to provide any additional information or context that you feel is relevant to your jurisdiction's response. Please note that this field is optional and is not scored/assessed.,1,,our main focus is the municipality group's own emissions which we calculate by following the GHG corporate standard. \nWhat comes along with the national emissions aggregated on a local level haven't been our main focus. We try to operate where we have most resourcefulness,
2025 Disclosure Cycle,779465,CDP,54537,Sunderland City Council,City,UKWW,United Kingdom,Public,Q11.1,Use this field to provide any additional information or context that you feel is relevant to your jurisdiction's response. Please note that this field is optional and is not scored/assessed.,1,,"The commitment to the Low Carbon agenda as a cross-cutting theme within the City Plan has meant that work to effectively mitigate and adapt to climate change continues to remain a significant key priority in Sunderland. Partner organisations are continuing to develop their own Low Carbon Action Plans in line with the seven strategic priorities of the citywide Low Carbon Framework. To continue its leadership within the city, the Council is has also developed a more robust version of its own Low Carbon Action Plan, which was approved by Cabinet in July 2022, and is reviewed annual by the Council's Senior Manager and the Council Low Carbon Task Group to ensure focus and delivery, and is available at https://www.mysunderland.co.uk/media/27384/Sunderland-Low-Carbon-Action-Plan-2022/pdf/oce22135_Sunderland_Low_Carbon_Action_Plan_A4_2022.pdf?m=637988302419030000. This has been enabled through greater and consistent cross-organisational working since January 2021, through the Council's Carbon Task Group, and an increased understanding of data. The Council's Carbon Task Group meets regularly and focus on actions for the year ahead, whilst supporting each other to collaborate and tackle challenges together.\n \nTo continue to increase engagement and embed climate action, Sunderland City Council is participating in the UK100 Local Climate Engagement Programme, which is a partnership with Involve, the Democratic Society, Shared Future and Climate Outreach and is working with local authorities to deliver high-quality public engagement projects on climate policy in a way that benefits both them and their local communities. Sunderland's project is focussing on public engagement around sustainability travel behaviours and has provided training to approximately 20 members of staff. Elected members have also been made aware of this initiative to further embed positive climate action engagement.\n\nSunderland City Council has used the feedback from the 2021-2024 CDP disclosures to assess weaker areas (adaptation goals, transport, waste and food) and has included a greater focus on activity in these areas during the last year.\n \nIn 2024 and up to June 2025, Sunderland City Council has coordinated and facilitated a range of 'partner' deep dive sessions with other key organisations represented on the Shadow Board. These are identifying areas for deeper collaboration (data sharing, communications, tree planting, decarbonisation of assets inc. fleet etc) and specifically during 2025, Adaptation planning. The Shadow Board partners have also formed a communications officer group which brings together leads from all Shadow Board members to work on citywide messaging and key sustainability campaigns.\n\nNorth East Combined Authority:\nThe North East Combined Authority was formed on 7 May 2024. Led by an Elected Mayor and Cabinet and covers the seven local authority areas of County Durham, Gateshead, Newcastle, North Tyneside, Northumberland, South Tyneside and Sunderland. \n\nThe purpose is to champion the full potential of our region. Collaborating with our partners and local authorities, creating a better way of life by connecting communities, giving people the skills to succeed, and improving wellbeing for all, so that the North East is recognised as an outstanding place to live, work, visit and invest.\n\nThe North east Combined Authority has five commitments.\n\nA fairer North East. We'll help people thrive with aspirational jobs, new skills, and better homes, improving quality of life for everyone. We'll create confidence in the North East by reducing inequalities and improving health.\n \nA greener North East. We'll take inspiration from our industrial heritage and unique mix of urban areas, countryside, coastline and rivers, to nurture our natural resources - creating green jobs, sustainable industry, and clean energy.\n\nA connected North East. We'll get behind businesses so they can improve productivity and connectivity. With better local transport networks and digital infrastructures, the North East will have a global reach, becoming the go-to place for innovative ideas and real-world results.\n\nAn international North East. Building on our economic strength, and championing our heritage, culture, arts and sports, we'll drive the region's ambition to continually attract visitors and investment.\n\nA successful North East. Together, we'll speak with one voice, and define our own future, cultivating the talent, skills and innovation that will help grow our existing economy, becoming green industry leaders and a cultural destination - making the North East one of the best places to live, work, and invest.”\n\nThe Council Senior Manager for Low Carbon and Sustainable Regeneration works closely with their counterparts in each of the seven regional LAs, to ensure partnership working. During 2025, the focus has been in relation to green investment and skills; domestic retrofitting, decarbonisation support to businesses and community organisations as well as aligning plans and strategies and carbon accounting practices. The regional working has also enabled Sunderland to secure funding and investment to introduce Solar PV into schools in Sunderland via the mayoral Support fund as well as tapping into Great British Energy funding support (see 9.2).\nAdditional information relating to working with the Voluntary and Community Sector:VCS Networks are in place in the city, Organisations working at grass roots are consulted during the development and delivery of Area Investment Plans and commissioned to deliver support services within communities, increasing opportunities for social value-added. The views and input of all sectors of the community are considered, and many of the groups working in the most deprived neighbourhoods are contributing to changing behaviours to address climate change. SVSA are a member of the 2030 Shadow Board. \n\nSunderland was an early adopter of infrastructure to support use of electric vehicles. As part of the North East Plugged-In Places programme (2010-2012), charging stations were introduced across the city. Further EV infrastructure is being rolled out across Sunderland, including new facilities in Holmeside in the city centre, which will be open from October 2024, and at municipal car parks and at key destinations. In Sunderland, as of April 2025, 1,113 chargepoints were installed between 2014-2024 through the Electric Vehicle Homecharge Scheme and 253 sockets were installed through the Workplace Charging Scheme. In 2019 Sunderland had the highest number of EV charging points per vehicle licence holder in the whole of the UK (1 for every 1460 drivers). As of July 2025, Sunderland has 128 publicly available charging points per 100,000 people, which is the highest amount in the region. The city also boasts the country's first rapid charging electric vehicle station which offers four 50 kW fast chargers and two 175kW fast chargers that are enabled for 350 kW charging (the fastest available nationally). SCC has recently installed further rapid hubs and are progressing a pilot on-street charge-point scheme. A pilot scheme delivering cross pavement charging channels to support residents is also being delivered by SCC. Encouraging greater use of low emission vehicles also reflects Sunderland's leading role as part of the UK's low carbon economy. Sunderland-based advanced manufacturing businesses are playing a key role in the decarbonisation of transport.\n\nWWF One Planet Challenge : Sunderland was delighted to be named Global Winner of WWF's One Planet City Challenge in 2024, alongside the city of Istanbul. \nOne Planet City Challenge is the largest and longest-running climate challenge for cities in the world, with 359 cities from 48 countries taking part this year alone.\nDesigned to highlight leading examples of climate mitigation and adaptation from cities around the world, Sunderland was selected as a global winner after evaluation by a high-level jury of urban experts from a wide range of organisations including the World Economic Forum, Global Covenant of Mayors and World Bank.\nSunderland and Istanbul were the frontrunners based on the evaluation of their reported climate data compared to other participating cities\nFeedback from Kristen Schuit, Director General from WWF International stated “In a world full of many difficult challenges, it is really inspiring to witness the results of cities in action, and their extraordinary potential to reverse negative trends. Thanks to ambitious climate leadership and determination, Sunderland (and Istanbul) have become stellar examples of cities that aim to create more sustainable places for us to live and thrive - while striving to respect the ecological boundaries of our planet.”\nOPCC cities globally are showing the world what can be achieved in sustainability at a time when that goal has never been more critical. As global winners, Sunderland and Istanbul will be held up as examples to towns and cities the world over of how to commit to meaningful and ambitious climate action.  \nThe jury was impressed by Sunderland's “ambitious, multi-dimensional, and well-balanced approach to climate action across all sectors.” The judges also reserved special praise for Sunderland's “innovative “Shadow Board” which highlights inclusive decision-making and offers a model for other cities to replicate.”\nBeing shortlisted was a real achievement but to win demonstrates just how hard everyone in Sunderland, are working to help us achieve our ambitious mission of becoming carbon neutral as a city by 2040.\n\nAs the previous question from CDP 2024, “8.3 Does your jurisdiction have a strategy for reducing emissions from consumption of the most relevant goods and services?” appears to not be included in CDP 2025, our prepared response has been integrated into the disclosure where possible, in case the question being missed from the CDP questionnaire was an error?",
2025 Disclosure Cycle,779465,CDP,54617,Alcaldia de Pereira,City,Latin America,Colombia,Public,Q11.1,Use this field to provide any additional information or context that you feel is relevant to your jurisdiction's response. Please note that this field is optional and is not scored/assessed.,1,,"Actualmente la ciudad esta actualizando la Estrategia Municipal para la Adaptación a la Variabilidad y el Cambio Climático (EMAVCC), hacia un Plan Integral de Gestión del Cambio Climático Territorial (PIGCCT)",De la EMAVCC al PIGCCT en Pereira.pptx
2025 Disclosure Cycle,779465,CDP,54637,Alcaldía de Cuenca,City,Latin America,Ecuador,Public,Q11.1,Use this field to provide any additional information or context that you feel is relevant to your jurisdiction's response. Please note that this field is optional and is not scored/assessed.,1,,Inventario Local de Gases Efecto Invernadero del año 2022,Informe_ILGEI_Cuenca_09092024(1).pdf
2025 Disclosure Cycle,779465,CDP,54647,Prefeitura de Jundiaí,City,Latin America,Brazil,Public,Q11.1,Use this field to provide any additional information or context that you feel is relevant to your jurisdiction's response. Please note that this field is optional and is not scored/assessed.,1,,Não há,
2025 Disclosure Cycle,779465,CDP,54650,Prefeitura de Palmas,City,Latin America,Brazil,Public,Q11.1,Use this field to provide any additional information or context that you feel is relevant to your jurisdiction's response. Please note that this field is optional and is not scored/assessed.,1,,"Com o intuito de fornecer um contexto adicional relevante para a análise desta jurisdição, informamos que o Município de Palmas tem avançado significativamente na estruturação de sua política climática. Atualmente, a gestão está focada na consolidação e elaboração do Plano de Ação Climática (PAC) do município.\nEste esforço é respaldado pela recente criação da Diretoria de Mudanças Climáticas e Cerrado Amazônico, um eixo organizacional estabelecido este ano e dedicado especificamente à pauta climática. Adicionalmente, o município está em processo de preenchimento e atualização de seu inventário de emissões de Gases de Efeito Estufa (GEE), um passo fundamental para basear o PAC em dados robustos.\nÉ importante ressaltar que a preocupação de Palmas com a agenda climática não é recente. O município instituiu sua Política Municipal de Mudanças Climáticas em 2003, por meio da Lei Nº 1.182, que já previa a regulação de projetos nas áreas florestal e energética para mitigação das emissões. Esta base legal foi fortalecida pelo Plano Diretor Participativo (Lei Complementar N° 400/2018), que estabelece a \'adaptação e a mitigação dos impactos relacionados às mudanças climáticas\' como um de seus princípios fundamentais (Art. 5º).\nA elaboração do PAC se baseia em diagnósticos aprofundados já realizados, como o \'Plano de Ação Palmas Sustentável\', desenvolvido no âmbito da Iniciativa Cidades Emergentes e Sustentáveis (ICES). Este plano identificou áreas críticas para a sustentabilidade da cidade, incluindo mobilidade, uso do solo e gestão de resíduos sólidos, temas diretamente ligados às emissões de GEE.\nEstudos específicos de mitigação e vulnerabilidade também fornecem a base técnica para o PAC. O inventário de GEE de Palmas aponta o setor de transportes como a principal fonte de emissões. Por outro lado, os estudos de vulnerabilidade indicam que o município está exposto a riscos como ondas de calor e eventos de chuvas extremas que podem levar a alagamentos.\nDiversas ações para enfrentar esses desafios já estão em andamento ou planejadas, como o Plano de Arborização Urbana, que visa, entre outros, a melhoria do microclima e a redução das ilhas de calor. O Plano Diretor também prevê a implementação de um Sistema Municipal de Infraestrutura Verde (SisMIV) para propiciar maior capacidade de adaptação aos ecossistemas urbanos e rurais.\nEm suma, o município de Palmas está em um momento estratégico de consolidação de sua governança climática, com uma base legal, diagnósticos técnicos e um novo arranjo institucional que demonstram o compromisso da gestão em avançar de forma estruturada e informada na agenda de enfrentamento às mudanças climáticas, em alinhamento com a Política Nacional sobre Mudança do Clima (Lei Nº 12.187/2009).",
2025 Disclosure Cycle,779465,CDP,54667,Prefeitura Municipal de Contagem,City,Latin America,Brazil,Public,Q11.1,Use this field to provide any additional information or context that you feel is relevant to your jurisdiction's response. Please note that this field is optional and is not scored/assessed.,1,,"A emergência climática tem sido um desafi o para nossa sociedade, sobretudo pela necessidade\nde construir ações urgentes para reduzir o avanço do aquecimento global e os impactos\neconômicos e sociais dele derivados. Os governos locais são fundamentais para implementar\npolíticas públicas que enfrentem de forma colaborativa todos os riscos da crise do clima.\nComo protagonistas no enfrentamento das mudanças climáticas, a Prefeitura reconhece a\nsua responsabilidade de contribuir significativamente para o esforço de conter o aumento da temperatura global, ao mesmo tempo em que planeja a adaptação de Contagem a um futuro que já chegou, e trouxe um aumento da temperatura média da cidade, ocasionando\nondas de calor muito frequentes e chuvas mais intensas e concentradas, afetando tanto a\npopulação quanto a infraestrutura.","20250701_ARVC_Resultados_GEx.pptx (1).pdf,Relatorio_Final_IEGEE_Contagem_2025-06-02 (1).pdf"
2025 Disclosure Cycle,779465,CDP,54670,Prefeitura Municipal de Capivari,City,Latin America,Brazil,Public,Q11.1,Use this field to provide any additional information or context that you feel is relevant to your jurisdiction's response. Please note that this field is optional and is not scored/assessed.,1,,Nada a informar.,
2025 Disclosure Cycle,779465,CDP,54676,Prefeitura Municipal de Ponta Grossa,City,Latin America,Brazil,Public,Q11.1,Use this field to provide any additional information or context that you feel is relevant to your jurisdiction's response. Please note that this field is optional and is not scored/assessed.,1,,"Plano Municipal de Arborização Urbana (PMAU) do Município de Ponta Grossa é estruturada em diferentes etapas, cada uma voltada à construção de uma base sólida de informações técnicas, diagnósticos e diretrizes que orientarão a gestão da arborização no território municipal.",Oficio____P4R_CARACTERIZACAO_MUNICIPIO_PMAU_PG.pdf
2025 Disclosure Cycle,779465,CDP,54699,Prefeitura Municipal de Barueri,City,Latin America,Brazil,Public,Q11.1,Use this field to provide any additional information or context that you feel is relevant to your jurisdiction's response. Please note that this field is optional and is not scored/assessed.,1,,"Barueri has invested in adaptation and resilience projects to address the climate crisis. However, it still faces challenges, particularly in decarbonizing the transportation sector through investments in fleet replacement and expanding urban mobility. Therefore, it seeks greater incentives for the use of biofuels or fleet electrification.",
2025 Disclosure Cycle,779465,CDP,55324,Municipality of Guimarães,City,Europe,Portugal,Public,Q11.1,Use this field to provide any additional information or context that you feel is relevant to your jurisdiction's response. Please note that this field is optional and is not scored/assessed.,1,,"Em 2024 Guimarães vence o título Capital Verde Europeia 2026 e obtém o selo da Missão Cidades (Mission label) vendo reconhecido, pela Comissão Europeia, o seu compromisso com a sustentabilidade ambiental e com a neutralidade climática até 2030. Para além da Missão das Cidades, Guimarães integra a Missão dos Oceanos, a Missão dos Solos e a Missão da Adaptação. Estes reconhecimentos e compromissos resultam de uma estratégia estabelecida há mais de 10 anos, da qual faz parte o Sistema Ambiental Integrado que relaciona 7 áreas de indicadores ambientais e um indicador de democracia participativa; transversal a todas as áreas. Para além de serem estudados e relacionados, de uma forma multidisciplinar e transversal, estes indicadores são também monitorizados em termos de impactes e co benefícios; incluindo as questões da saúde e bem-estar dos cidadãos, e de desenvolvimento económico sustentado. O Plano de Ação Climática 2030 é monitorizado de acordo com um complexo sistema de indicadores de performance que incluem: indicadores de curto prazo (taxa de implementação), de médio prazo (resultados tangíveis) e de longo prazo (impacte). Cada uma das áreas estratégicas para o clima, apresenta, igualmente, um conjunto de indicadores de monitorização específicos. Refira-se apenas a título de exemplo: a Mobilidade com 115 indicadores de execução, os Resíduos e Economia circular: indicadores da metodologia Circular Cities and Regions Initiative (CCRI) da Comissão Europeia, a Natureza e Biodiversidade com indicadores incluídos no Plano De Ação Local Para a Biodiversidade 2030. Para além destes indicadores de execução, foi estabelecido um conselho municipal de acompanhamento e monitorização que inclui, partidos políticos, associações, NGO's, entidades regionais e nacionais com competências relacionadas com o Ambiente e Clima (ex. CCDR, Agência Portuguesa do Ambiente, entre outras). O primeiro Relatório de Execução 2025, está em vias de conclusão para submissão à comissão. Este relatório compreende a taxa de execução das medidas de adaptação e mitigação bem como, uma análise de SWOT para identificação de constrangimentos e novas oportunidades. Adicionalmente, no âmbito do Green City Accord (GCA), estão consignadas metas intermédias para 2026 com KPI's de execução nas cinco áreas consignadas pelo GCA: Ar, Ruído, Água, natureza e Biodiversidade e Resíduos. Realce-se a importância das metas intermédias, definidas para 2026, com vista à obtenção de uma taxa de execução na ordem dos 100%, em 2030. No âmbito da Missão de Adaptação às Alterações Climáticas, Guimarães tem desenvolvido e implementado um conjunto de medidas baseadas na Natureza que contribuem para aumentar a resiliência do território. Com o DISTENDER, as sinergias e os indicadores de compromisso para a mitigação/adaptação são integrados num sistema de apoio à decisão. \nNo âmbito da Missão para a neutralidade climática refira-se que o Contrato Climático para a neutralidade climática em 2030 incorpora um plano de ação e de investimentos com medidas concretas e indicadores de performance que visam a neutralidade climática em 2030. Refira-se que foi também desenvolvido o Pacto climático com o objetivo de mobilizar o setor privado para esta jornada climática. De forma a monitorizar o contributo deste setor (nomeadamente da componente industrial que é cluster que mais contribui para as emissões globais), o Laboratório da Paisagem de Guimarães, em situações específicas, disponibiliza aos subscritores o cálculo da PEGADA Carbónica. Os resultados são posteriormente analisados e estudados em termos de impacto para as emissões globais.\nA Pegada Ecológica Municipal para análise da performance municipal e o Estudo das Perceções e dos Hábitos Ambientais dos Habitantes de Guimarães são também instrumentos de monitorização que visam a análise da efetividade das medidas em termos de alterações comportamentais. Estes dois instrumentos são implementados a cada cinco anos. Em 2025, está a decorrer a terceira edição do Estudo das Perceções e dos Hábitos Ambientais dos Habitantes de Guimarães. \nDepois de ter sido, por três anos consecutivos o Município Eco XXI mais sustentável de Portugal, o município tem apostado na transmissão das políticas de desenvolvimento sustentável para uma escala contextual menor. Neste sentido, e de forma continuada, são várias as freguesias que têm aceite o desafio de obterem a certificação de Eco-Freguesias. Esta iniciativa da ABAE, visa incrementar o desenvolvimento sustentável à escala local procurando envolver os cidadãos em geral, e os dirigentes das juntas de freguesias em particular, na construção de uma sustentabilidade participada. Em 2025, Guimarães continua a reforçar o compromisso com o desenvolvimento sustentável a nível local, com 14 freguesias a conquistar o Galardão Bandeira Verde Eco-Freguesias XXI. \nO projeto “Desporto Carbono Zero” é um projeto pioneiro em Guimarães e a nível nacional e o seu principal objetivo do projeto é a criação de um plano de sustentabilidade ambiental que contribua para a diminuição da pegada ecológica dos clubes desportivos, partindo de um diagnóstico inicial. A iniciativa foi desenhada para incentivar os 55 clubes desportivos do município, num total de mais de 7 mil atletas, a criarem planos de sustentabilidade, a gerirem a sua performance ambiental através de uma plataforma, e a orientar as atividades do clube para a concretização dos objetivos do desenvolvimento sustentável 2030. Esta iniciativa está a ser concretizada através do acompanhamento técnico especializado na área de sustentabilidade ambiental; capacitação e formação da gestão do clube na área de sustentabilidade ambiental levada a cabo pelo Laboratório da Paisagem de Guimarães. No âmbito do programa cultura carbono zero, a atividade cultural também está a ser monitorizada. As entidades participadas têm também desenvolvido o seu plano de ação com indicadores de desempenho ambiental.\nGuimarães é líder nacional instalação de Painéis Solares para autoconsumo, demonstrando o compromisso de todos os vimaranenses, famílias e empresas, com a transição energética e a sustentabilidade ambiental. Neste momento e no âmbito do projeto Piloto da Missão cidades - Bairro C - Guimarães está a desenvolver a sua primeira comunidade de energia com intervenção do município com vista a fornecer energia limpa a uma parte dos edifícios do bairro C, localizado no Património UNESCO mais conhecido como COUROS. Guimarães apostou também na implementação de medidas construtivas eficientes e no âmbito da estratégia NZEB+20, os novos edifícios públicos incorporam já medidas de autossustentabilidade e neutralidade climática. ",
2025 Disclosure Cycle,779465,CDP,55325,Municipality of Águeda,City,Europe,Portugal,Public,Q11.1,Use this field to provide any additional information or context that you feel is relevant to your jurisdiction's response. Please note that this field is optional and is not scored/assessed.,1,,Planos de Mobilidade Urbana Sustentável (PMUS) de Águeda \nhttps://www.cm-agueda.pt/viver/ambiente-e-sustentabilidade/sustentabilidade/mobilidade-suave/plano-mobilidade-urbana-sustentavel-pmus-de-agueda,
2025 Disclosure Cycle,779465,CDP,55334,Municipality of Braga,City,Europe,Portugal,Public,Q11.1,Use this field to provide any additional information or context that you feel is relevant to your jurisdiction's response. Please note that this field is optional and is not scored/assessed.,1,,"A estratégia de sustentabilidade do Município de Braga está centrada numa abordagem holística e integrada ao desenvolvimento sustentável, com um forte foco no combate às alterações climáticas e na promoção de práticas sustentáveis em diversas áreas. O Plano Estratégico para o Desenvolvimento Sustentável de Braga 2030 define as diretrizes e ações prioritárias para tornar Braga mais verde, inovadora e resiliente. Este plano foi desenvolvido em colaboração com a comunidade local e parceiros estratégicos, promovendo a participação ativa de todas as partes interessadas.\n\nO Relatório de Sustentabilidade é uma ferramenta crucial para a monitorização e transparência das iniciativas de Braga em prol da sustentabilidade. O município aderiu a normas internacionais, como a Global Reporting Initiative e o Greenhouse Gas Protocol, para garantir a medição rigorosa dos seus progressos, tanto no nível operacional como comunitário. Este relatório reflete o alinhamento das políticas de Braga com os Objetivos de Desenvolvimento Sustentável (ODS) das Nações Unidas, demonstrando um compromisso claro com a Agenda 2030.\n\nO Município de Braga participa ativamente em redes internacionais relacionadas com as alterações climáticas e o desenvolvimento sustentável, tais como o ICLEI - Local Governments for Sustainability e a EuroCities. Estas redes facilitam a troca de conhecimentos e melhores práticas, bem como o desenvolvimento de soluções inovadoras para os desafios climáticos e urbanos. A participação no Green City Accord e no Pacto dos Autarcas para o Clima e a Energia reforça o empenho de Braga em reduzir as emissões de carbono e em adaptar a cidade às alterações climáticas, promovendo a energia limpa, a mobilidade sustentável e a economia circular.\n\nEm síntese, apesar do foco específico em medidas contra as alterações climáticas, a estratégia de Braga vai além, abordando áreas como a mobilidade, o urbanismo sustentável, a gestão da água e resíduos, a saúde e o bem-estar da comunidade, e a descarbonização da cidade. Este compromisso global posicionou Braga entre as 8 cidades candidatas ao título de Capital Verde Europeia da União Europeia. \n\nPlano Estratégico para o Desenvolvimento Sustentável: https://www.cm-braga.pt/archive/doc/v1.2._PlanoEstrategicoDesenvolvimentoSustentavel2030.pdf\n\nRelatório de Sustentabilidade 2023: https://www.cm-braga.pt/archive/doc/Relatorio_Sustentabilidade_2023.pdf\n\nCandidatura Capital Verde Europeia: https://bragaverde.pt/pt/",v1.2. Plano Estratégico para o Desenvolvimento Sustentabilidade 2030.pdf
2025 Disclosure Cycle,779465,CDP,55801,"City of West Palm Beach, FL",City,North America,United States of America,Public,Q11.1,Use this field to provide any additional information or context that you feel is relevant to your jurisdiction's response. Please note that this field is optional and is not scored/assessed.,1,,n/a,
2025 Disclosure Cycle,779465,CDP,56276,New Taipei City Government,City,China,East Asia,Public,Q11.1,Use this field to provide any additional information or context that you feel is relevant to your jurisdiction's response. Please note that this field is optional and is not scored/assessed.,1,,"According to Article 3 of Taiwan's Electricity Act, the analysis, formulation, and promotion of electricity policies fall under the jurisdiction of the central government. Taiwan's electricity supply is planned and managed by the Taiwan Power Company (Taipower), a state-owned enterprise authorized by the central government. Taipower operates power plants across the country and distributes electricity to all cities and counties in a unified manner.\n\nAs such, responses to questions 4.1, 7.1, and 9.2 of this questionnaire—regarding electricity mix restructuring, renewable energy targets, and implementation progress—must be based on the central government's energy transition schedule. Likewise, the medium- and long-term reduction targets in question 6 must align with national energy transition plans. According to the current national roadmap, the emission factor of electricity is set to decrease to 0.424 kg CO₂e/kWh by 2025, and further to 0.319 kg CO₂e/kWh by 2030 (compared to 0.559 kg CO₂e/kWh in 2005). By 2050, the renewable energy share in the national electricity mix is expected to reach 60% to 70%.\n\nNew Taipei City continues to actively collaborate with the central government in promoting decentralized renewable energy installations, including geothermal power development, solar photovoltaic deployment, and biogas power generation. The city government has also identified potential public and private sites to facilitate citizen participation through subsidies and regulatory mechanisms. However, because electricity in Taiwan is centrally distributed, the outcomes of these local policies are reflected nationally, rather than solely in New Taipei City's GHG inventory. In addition, energy poverty and energy accessibility fall under the scope of national social protection policies. The central government regulates electricity pricing nationwide and has established an Electricity Price Stabilization Fund in accordance with Article 9 of the Electricity Act.",
2025 Disclosure Cycle,779465,CDP,57347,Pingtung County Government,City,China,East Asia,Public,Q11.1,Use this field to provide any additional information or context that you feel is relevant to your jurisdiction's response. Please note that this field is optional and is not scored/assessed.,1,,"經各局處共同戮力推動前述各部門減量措施，112年至113年上半年度本縣達成51.77萬公噸CO2e減碳量及21.65萬公噸CO2e固碳量的階段性成果，依據氣候法第4條規範，國家溫室氣體長期減量目標為中華民國139溫室氣體淨零排放，屏東縣依此目標進一步研擬轄內各階段減碳目標，與全國共同努力。其中第二期111至114年共設定49項策略、87項措施，預計減碳目標為10%(以102年為基準年)，即需新增減(固)碳達37萬噸CO2e，本縣現達成階段性目標。\n\n屏東縣為接軌國際淨零目標，於2023年規劃2050淨路徑圖，並以第二期溫室氣體減量執行方案作為先行策略，其中以再生能源設置量提升為大宗可帶來172.4萬噸減碳量，而農業廢棄物多元化、高污染鍋爐汰換及廢汙水再利用共可提供19萬噸的減碳量，以2020年504.6萬噸作為基準值，上述策略減碳量已可30%以上的覆蓋率。\n\nPingtung County Government have reduced 517,700 tons of carbon emission and fixed 216,500 tons of CO2e from 2023 to 2024. According to Climate Change Response Act Article 4, the long-term national GHG emission reduction goal is achieving GHG net-zero emission by 2050. Pingtung County follow the net zero goal to set mitigation goals in each phrase. There are 49 strategies, 87 measures in the second phrase, from 2022 to 2025. The target of the second phrase is to reduce 10% of carbon emission (2013 as base year), which equals to 370,000 tons of CO2e. Pingtung County has reach the goal of the second phrase.\n\nWith an aim of reaching the international goal of net zero, Pingtung County Government planed “road map of net zero 2050” in 2023, and takes “the second phase of implementation plan of greenhouse gas reduction” as our strategy and guidance. Among them, increasing the installed capacity of renewable energy t can reduce about 1.724 million tons of greenhouse gas emission. Moreover, the policies of dealing agricultural waste, the replacement of high pollution boilers, and reusing wastewater and sewage can also reduce 190,000 tons of greenhouse gas emission.\n\nSince the greenhouse gas emission in the base year (2020) is 5.046 million tons, the above strategies have reached 30% of coverage.\n",250612_美國賓州德拉瓦郡線上簡報(fianal).pptx
2025 Disclosure Cycle,779465,CDP,57408,Çanakkale Municipality,City,UKWW,Türkiye,Public,Q11.1,Use this field to provide any additional information or context that you feel is relevant to your jurisdiction's response. Please note that this field is optional and is not scored/assessed.,1,,"With the slogan “Recycling Starts With You,” a Packaging Collection Competition started on 23 December 2024 and ended on 27 March 2025. The competition was held in 3 categories: Children, Adult 1, and Adult 2. A total of 319 people participated, and a total of 37 tons (37,054 kg) of waste was recovered for recycling. The Awards Ceremony of the “Recycling Starts With You” Competition, organized by Çanakkale Municipality's Directorate of Climate Change and Zero Waste, ÇAKAB (Çanakkale Solid Waste Management Union), and Veolia Çanakkale Waste Services Inc., was held on 14 April 2025 in order to increase awareness about the correct and separate collection of packaging waste.\n\nAt the level of Çanakkale province, in order to strengthen and sustain relationships and cooperation between civil society and local government (public sector); to increase awareness and knowledge of stakeholders and the public about global, national, and local strategies, treaties, policies, and practices in the fields of climate change and sustainability; and to enable, strengthen, and sustain civil society-citizen participation in the implementation and monitoring of climate change-related policies (Climate Action Plan) in Çanakkale, the project “A Participatory and Inclusive Climate Action Model: Çanakkale Climate Action Group and Climate Ambassadors,” supported by the United Nations Development Programme (UNDP) and jointly implemented by the Turkey Europe Foundation and our Municipality's Directorate of Climate Change and Zero Waste, held its Opening Event on 26 February 2025. Within the scope of the project, a Municipal Units Coordination Meeting was held on 22 April 2025 to discuss the Climate Action Plan, allocate responsibilities before the external stakeholders meetings. In working groups on Water Management, Climate Adaptation and Awareness, Energy and Transportation, the opinions and recommendations of participants were evaluated, and interactive discussions were held about shaping climate policies together in Çanakkale, as well as ideas regarding possible works that could be carried out under the project, in Information and Consultation Meetings with municipal departments and external stakeholders on 21, 22, and 27 May. On 17 June, a “Climate Ambassadors and Climate Action Group Workshop” was held to discuss the prominent ideas raised in working groups under Water Management, Climate Adaptation & Awareness, Energy, and Transportation, with the aim of shaping our city's climate policies together. On 24-25 June, within the scope of the project, a working visit was carried out to Kadıköy Municipality by a project group of 10 people, consisting of a member of our Municipal Council, employees of the Directorate of Climate Change and Zero Waste, City Volunteers, and representatives of civil society organizations, to strengthen existing cooperation, exchange knowledge mutually, and examine successful environmental projects on site.\n\nÇanakkale Municipality's Directorate of Climate Change and Zero Waste has designed and distributed the 2025 waste calendar in cooperation with ÇAKAB and Veolia.\n\nThe works for once again flying the internationally standard environmental Blue Flag at Barış Beach, Güzelyalı, and Dardanos Municipal Public Beach this season have been completed by the Directorate of Climate Change and Zero Waste, and the Season Opening took place with the Blue Flag Ceremony at Dardanos Municipal Public Beach on Monday, 23 June 2025, at 10:00 AM.\n\nStudies continue regarding the Zero Waste Park that will be carried out in cooperation with the Directorate of Climate Change and Zero Waste, the Directorate of Parks & Gardens, and the Directorate of Public Works.\n\nWithin the scope of awareness training in Climate Change and Zero Waste, between January and the end of June, a total of 16 training sessions were given, reaching 729 people.\n\nFor verification of used vegetable oil agreements of businesses, a total of 160 workplaces were inspected in cooperation with the Directorate of Climate Change and Zero Waste and the Directorate of Municipal Police (Zabıta), and this work was completed on 5 May 2025.\n\nOn 29 May, as part of World Environment Day events, between 30 May and 1 June, for citizens who come with their own cups and who help reduce use-and-throw materials, a 40% discount was applied at the machine‐coffees in our municipality's 5 social facilities (Golf Family Tea Garden, Freedom Park, Peace Café, Türkan Saylan Social Facilities, Güzelyalı Public Beach). The project was realized, and shared via our municipality's social media accounts.\n\nAs part of the Zero Waste efforts under the EKAY framework, together with the Beneficiary (“Hak Sahibi”), ÇAKAB prepared a report “Pilot Application and Models for Container Placement within Zero Waste Practices.” Within the boundaries of Çanakkale Municipality, in Esenler Neighborhood's pilot application, a joint study by the Union (ÇAKAB), the Beneficiary, and municipal teams was conducted to optimize waste collection processes in 954 independent units across 49 buildings, and the Union prepared the “Directive on Procedures and Principles for Dual Waste Collection Systems for Mass Housing and Site Settlements.”\n\nOn 11 April 2025, teams from the Directorate of Cleaning Works together with students of the Food Engineering Department of Çanakkale Onsekiz Mart University carried out cleaning work on the Güzelyalı, Dardanos, and Yeni Kordon beaches.\n\nOn 16 April 2025, a “Çanakkale Province Vector Control Seminar” was organized in cooperation with the Faculty of Agriculture of Çanakkale Onsekiz Mart University, the Environmental Health Unit of the Provincial Health Directorate, and a biologist expert, where the situation of biocidal product applications for vector control in Çanakkale was discussed.\n\nOn 22 April 2025, a briefing meeting on waste management was held for tradespeople in our city's “Çarşı” (Marketplace) district by our Municipality's Cleaning Works Directorate.\n\nAs part of our annual work concerning mosquitoes remaining from previous years, “Wintering Cycle Control” works have been launched by our Cleaning Works Directorate. In this effort, once, using the “Hot Fogging” method, biocidal product applicator personnel worked to disable possible mosquitoes in underground rainwater and sewer lines in the city. Afterwards, larval control has been implemented in wetlands and water accumulations in the city, and insecticide activities (spraying) in open areas are being carried out with ULV (Ultra-Low Volume) application throughout all streets and avenues within our municipality and its surrounding area. Also, trash containers—which serve as breeding places for houseflies—are regularly washed and treated. In the central area of Çanakkale (including Güzelyalı and Dardanos), covering 3,589 hectares (1899 ha for central area + Güzelyalı and Dardanos), regular spraying is carried out.\n\nOn 31 May 2025, together with Çanakkale Onsekiz Mart University and the Provincial Health Directorate, at Peace Promenade Beach (“Barış Kordonu”), as part of the “Don't Toss Your Butts, Sow Seeds” event, cigarette butt collection and seed card distribution was carried out.\n\nOn 3 June, as part of Marmara Sea Day events, Çanakkale Municipality, ÇOMÜ Maritime Sciences and Technology, held an awareness event including seabed cleanup and a photography exhibition addressing marine pollution.\n\nIn the suburban areas of Güzelyalı and Dardanos within our municipality, wastewater generated is treated at the Güzelyalı Dardanos Advanced Biological Wastewater Treatment Plant, and the treated water will be used in green areas of the region by integrating reuse units into the facility. Currently in permit processes, once completed, the facility's discharge water will be diverted to reuse units and used as an alternative for green field irrigation via the “Purple Network.”\n\nWastewater in the Güzelyalı and Dardanos suburban areas is treated in the Advanced Biological Wastewater Treatment Plant designed with I-FAS (Integrated Fixed-film Activated Sludge) process. Our plant, being among the first of its kind in Turkey for this process, has capacity of 3,750 m³/day in the first stage and 5,000 m³/day in the second stage. Thanks to the advantages of the I-FAS system, treatment is efficient even under large flows in relatively compact space.\n\nSludges arising from wastewater treatment plants are dried at our Solar Sludge Drying Facility within our central plant and turned into usable material. When the treatment plant was initially commissioned, dewatering was the terminal step. The treatment sludge, which had 20% dryness, is brought up to 90% dryness at the Solar Sludge Drying Plant. No additional heat source is used; the sludge is dried by the sun.\n\nBeside the Central Advanced Biological Wastewater Treatment Plant of Çanakkale Municipality, there is a Solar Power Plant covering 14,550 square meters. In this solar field, there are 3,828 locally produced panels of 280 watts capacity each. Çanakkale Municipality has solved part of its energy needs through this environmental investment. The solar field helps treat wastewater, and the sludge in the solar drying facility is also dried with solar power. Thanks to this cycle we have gained Blue Flag beaches, an important eco-label. Although all these may seem like separate investments individually, when viewed together they form parts of a large integrated project. Also, between 2019 to date, 8,250 MWh of electricity were generated and 4,158 tons of carbon emissions avoided.\nIn the 2nd Stage Drinking Water Treatment Plant, the quality and quantity of raw water from Atikhisar Dam, the water after treatment, and the water delivered to the city network are monitored in real time via the installed SCADA system.\nÇanakkale Municipality regularly monitors water quality to ensure public access to clean and reliable drinking water. Within this framework, under the “Regulation on the Quality and Treatment.",Activities Carried Out Under the Climate Action Plan of Çanakkale Municipality.docx
2025 Disclosure Cycle,779465,CDP,58413,"City of Carmel, IN",City,North America,United States of America,Public,Q11.1,Use this field to provide any additional information or context that you feel is relevant to your jurisdiction's response. Please note that this field is optional and is not scored/assessed.,1,,"None at the moment; everything provided by our CRVA and CAP initiatives should outline everything that we are doing, how we plan to do it, potential roadblocks, and how we will overcome these.\n\n",
2025 Disclosure Cycle,779465,CDP,58595,Municipalidad de Belén,City,Latin America,Costa Rica,Public,Q11.1,Use this field to provide any additional information or context that you feel is relevant to your jurisdiction's response. Please note that this field is optional and is not scored/assessed.,1,,"Mucha de la planificación que se realizar en el cantón está basado en el Plan De desarrollo estratégico del cantón. Se cuenta con uno nuevo, recientemente aprobado. Además de que hay diferentes planes o proyectos que no se han adjuntado pues no se encuentran las versiones finales. ",PDEMB-2025-2029.pdf
2025 Disclosure Cycle,779465,CDP,58597,Municipalidad de La Unión,City,Latin America,Costa Rica,Public,Q11.1,Use this field to provide any additional information or context that you feel is relevant to your jurisdiction's response. Please note that this field is optional and is not scored/assessed.,1,,"La Municipalidad de La Unión se encuentra participando en el Proyecto mUEVe, el cual es un proyecto que busca el mejoramiento urbano de los cantones que están en el área de influencia del tren metropolitano de acuerdo con la Agenda 2030 para el Desarrollo Sostenible. Los gobiernos locales que participan sonEl mismo es financiado por la Unión Europea (UE) por un monto total de 5,188,926 euros, esto tras ser una de las cuatro propuestas ganadoras de América Latina de la convocatoria global de la UE del 2019 “Local Authorities: Partnerships for sustainable cities”, que se difundió en todos los países del mundo donde la UE tiene presencia y a la cual decidió participar Costa Rica. La iniciativa fue seleccionada a través de un proceso competitivo, participaron más de 250 propuestas alrededor del mundo. Esta propuesta ganó el concurso en el que se inscribieron varios municipios del país bajo la institucionalidad de la Unión Nacional de Gobiernos Locales.Los detalles del proyecto se puede encontrar en el siguiente link: https://www.ungl.or.cr/index.php/proyectos-interinstitucionales/proyecto-mueve \n\nFOTOGRAFÍAS: https://www.ungl.or.cr/index.php/proyectos-interinstitucionales/proyecto-mueve/galeria-mueve\n\nVIDEO: https://www.youtube.com/watch?v=uoXrQiwq4ik\n\nAVANCE DEL PROYECTO https://youtu.be/PWruZRjE1LU\n\nhttps://www.facebook.com/municipalidadlaunion/posts/proyecto-muevehoy-tuvimos-una-actividad-llamada-lab-duot-siendo-la-15-realizada-/821572690005428/",
2025 Disclosure Cycle,779465,CDP,58613,City of York Council,City,UKWW,United Kingdom,Public,Q11.1,Use this field to provide any additional information or context that you feel is relevant to your jurisdiction's response. Please note that this field is optional and is not scored/assessed.,1,,York's Council Plan sets out Climate as one of the Council's four core commitments. It reflects a variety of conditions and key performance indicators to measure the way that York will respond to the Climate Emergency https://www.york.gov.uk/downloads/file/9262/council-plan-2023-to-2027,Council Plan.pdf
2025 Disclosure Cycle,779465,CDP,58616,Vijayawada Municipal Corporation,City,India,India,Public,Q11.1,Use this field to provide any additional information or context that you feel is relevant to your jurisdiction's response. Please note that this field is optional and is not scored/assessed.,1,,"Under the CITIIS 2.0 program and with directions from the state government, Andhra Pradesh cities including Vijayawada will establish dedicated climate change cells within municipal corporations to advance climate action planning and implementation. The CITIIS 2.0 initiative, anchored by the Ministry of Housing and Urban Affairs, mandates the setting up and strengthening of State Climate Centres for Cities (S-C3) at the state level with dedicated Chief Climate Action Officers, which cascades into city-level climate cells through municipal corporations. The Government of India has allocated INR 264 crore in financial assistance to support States and Union Territories in strengthening existing climate governance mechanisms. An amount of INR 23 crore\nhas been allocated to the State of Andhra Pradesh with Swachh Andhra Corporation providing strategic oversight and coordination for these institutional arrangements across the state.\n\nThese climate cells are tasked with developing and implementing climate-resilient strategies, policies, and initiatives that address urban vulnerabilities, enhance resilience, and promote sustainable development through a data-driven approach using the ClimateSmart Cities Assessment Framework (CSCAF) for monitoring and evaluation.",CITIIS-2.0-Component-2-Guidelines.pdf
2025 Disclosure Cycle,779465,CDP,58671,Helsingør Municipality,City,Europe,Denmark,Public,Q11.1,Use this field to provide any additional information or context that you feel is relevant to your jurisdiction's response. Please note that this field is optional and is not scored/assessed.,1,,"EU Green Leaf city 2024\n\nRead the 1-year report (English version), which summarizes the various activities from Elsinore's Green Leaf year:\nhttps://environment.ec.europa.eu/topics/urban-environment/european-green-leaf-award/winning-cities/elsinore-2024_en\n\nLink to municipality webside on Green Leaf\nhttps://helsingor.dk/borger/klima-og-baeredygtighed/green-leaf-",
2025 Disclosure Cycle,779465,CDP,58866,Beşiktaş Municipality,City,UKWW,Türkiye,Public,Q11.1,Use this field to provide any additional information or context that you feel is relevant to your jurisdiction's response. Please note that this field is optional and is not scored/assessed.,1,,"Beşiktaş Municipality has been strengthening its climate action agenda through the Sustainable Energy and Climate Action Plan (SECAP) and related strategic initiatives. Building on the ambitious greenhouse gas (GHG) reduction targets set in 2024, the municipality has transitioned from a predominantly planning phase in previous years to a progressive implementation phase in 2024-2025.\n\nKey Developments and Achievements (2024-2025):\n\nRenewable Energy Integration: Preparatory feasibility studies and pilot projects for solar photovoltaic systems on public buildings have been completed. In addition, preliminary steps have been taken for renewable energy applications in residential and tertiary buildings, with technical assessments guiding the scaling up of solar capacity by 2030.\n\nElectrification of the Municipal Fleet: Initial procurement processes for electric vehicles (EVs) within the municipal fleet have been initiated, with associated EV charging infrastructure planning under development. These steps represent a shift from strategic commitment to concrete operationalization.\n\nWaste Management and Circular Economy: Implementation of the national Zero Waste Program continues at the municipal level, reinforced by the official Zero Waste Certificate. New awareness-raising campaigns accompany operational improvements in recycling and organic waste management, contributing to reduced methane emissions and increased alignment with circular economy principles.\n\nCommunity Education and Engagement: Beyond infrastructural projects, the municipality has focused on awareness programs for younger generations. In 2024-2025, workshops, trainings, and educational activities have been organized with middle school students and local communities, embedding environmental literacy and climate awareness at the grassroots level. These activities are designed to build long-term resilience by fostering behavioral change and civic participation.\n\nEnvironmental Standards and Recognition: Beşiktaş Municipality has achieved internationally recognized certifications, including the ISO 14001:2015 Environmental Management System Certificate, validating its structured approach to environmental governance. In addition, the municipality has maintained its Carbon Neutral Certificates (2019 and 2020), confirming ongoing commitments to offsetting carbon emissions, and continues to hold the Zero Waste Certificate, further underscoring its leadership in sustainable practices.\n\nStrategic and Financial Dimension:\nOne of the significant advancements since 2024 has been the integration of climate-related actions and costs into the official Strategic Plan of Beşiktaş Municipality. Each climate-relevant objective and activity is now linked with a financial estimate, providing a clear roadmap for implementation. This allows the municipality not only to demonstrate ambition but also to track and justify the required resources. While financial constraints persist, this institutionalization of cost planning strengthens Beşiktaş's capacity to apply for external funding. The municipality actively explores innovative financing models, including public-private partnerships, national programs, regional funds, and international climate finance mechanisms (e.g., ODA and green funds).\n\nGlobal Context and Alignment:\nBeşiktaş Municipality's climate action efforts remain aligned with both national climate strategies and international frameworks. In addition to the Paris Agreement, Beşiktaş explicitly links its actions with the European Green Deal and the Covenant of Mayors, demonstrating its role as a local authority integrated into global climate governance. These alignments are critical in ensuring that municipal-level achievements contribute to Turkey's overall commitments and global sustainability pathways.\n\nOverall Impact:\nBeşiktaş Municipality's dual focus on mitigation and adaptation ensures that while emissions are being reduced through renewable energy, electrification, and efficiency measures, the community is also being prepared for climate impacts through infrastructure upgrades, awareness campaigns, and resilience planning. The municipality's strategic location within Istanbul, as a cultural, economic, and demographic hub, magnifies the impact of its actions. Each successful initiative not only benefits Beşiktaş residents but also provides a replicable model for other urban areas across Turkey and internationally.\n\nConclusion:\nThe reporting year marks a shift for Beşiktaş from “commitment and planning” to “early implementation and institutional strengthening.” Through the combination of new certifications, pilot projects, awareness-raising programs, and the integration of costs into strategic planning, the municipality has established a stronger foundation for accelerating climate action in the coming years. Beşiktaş remains committed to advancing ambitious climate goals while contributing to global sustainability efforts.","2019 carbon.pdf,202409031450111.pdf,2025-2029-stratejik-plan.pdf,BEŞİKTAŞ BİRLEŞTİRİLMİŞ RAPOR_r9__2024.09.25.pdf,Sertifika.pdf,afet_ve_acil_durum_operasyon_plani.pdf,sıfır atık.pdf"
2025 Disclosure Cycle,779465,CDP,59167,Municipalidad de Providencia,City,Latin America,Chile,Public,Q11.1,Use this field to provide any additional information or context that you feel is relevant to your jurisdiction's response. Please note that this field is optional and is not scored/assessed.,1,,"No tengo información adicional, se indicó lo necesario en las respuestas",
2025 Disclosure Cycle,779465,CDP,59532,"City of Hoboken, NJ",City,North America,United States of America,Public,Q11.1,Use this field to provide any additional information or context that you feel is relevant to your jurisdiction's response. Please note that this field is optional and is not scored/assessed.,1,,"The City is currently finalizing the 2022 Greenhouse Gas Inventory update, attached here and found in Section C.04. Additionally, the City is still finalizing current data on renewables energy mix within jurisdiction limits, which will be included before edits are due in November. ","2022 Hoboken - Community - Detailed Report.xlsx,2022 Hoboken - Municipal Operations - Detailed Report.xlsx"
2025 Disclosure Cycle,779465,CDP,59545,"City of Charlottesville, VA",City,North America,United States of America,Public,Q11.1,Use this field to provide any additional information or context that you feel is relevant to your jurisdiction's response. Please note that this field is optional and is not scored/assessed.,1,,The attached documents are our 2025 Climate Action Update Report that provides a progress update for our Climate Action Plane and our FY2026 Climate Action Workplan that details our projects currently underway. ,"2025 CPP Report_FINAL_070125.pdf,FY26 Climate Program Workplan_FINAL DRAFT_070125.pdf"
2025 Disclosure Cycle,779465,CDP,59563,"City of Takoma Park, MD",City,North America,United States of America,Public,Q11.1,Use this field to provide any additional information or context that you feel is relevant to your jurisdiction's response. Please note that this field is optional and is not scored/assessed.,1,,None,
2025 Disclosure Cycle,779465,CDP,59588,"Town of Chapel Hill, NC",City,North America,United States of America,Public,Q11.1,Use this field to provide any additional information or context that you feel is relevant to your jurisdiction's response. Please note that this field is optional and is not scored/assessed.,1,,"We are in the process of updating our climate action plan. The update is not a rewrite of the existing plan. Instead, this work will evaluate our progress to date, assess current emissions levels relative to goals, and determine what (if any) priorities must be shifted to help us reach our goals. ",
2025 Disclosure Cycle,779465,CDP,59609,"City of Concord, CA",City,North America,United States of America,Public,Q11.1,Use this field to provide any additional information or context that you feel is relevant to your jurisdiction's response. Please note that this field is optional and is not scored/assessed.,1,,"The City has also engaged in sustainability initiatives that go beyond the Climate Action Plan in place.\n\nOne such initiative is the City's partnership with Marin Clean Energy (MCE) which is a Community Choice Energy Aggregator. Due to this partnership, 7,167 MT of GHG emissions have been reduced citywide since 2018, in 2023, all City facilities opted into Deep Green 100% renewable energy, and residents and business owners received over $1 million in rebates. \n\nAdditionally, the City partners with Sustainable Contra Costa, a local organization that provides educational resources and technical support to the City and the community. \n\nThis past summer, the City held a Climate Art Competition, resulting in youth art depicting recycling and waste diversion being placed on Big Belly Trashcans in the City's center plaza. \n\nThe City also holds sustainability events, such as our \'Bike to Wherever\' day this spring, and shares sustainability tips on social media each Sunday and as a part of the monthly newsletter.",
2025 Disclosure Cycle,779465,CDP,59677,"City of Mountain View, CA",City,North America,United States of America,Public,Q11.1,Use this field to provide any additional information or context that you feel is relevant to your jurisdiction's response. Please note that this field is optional and is not scored/assessed.,1,,No further information at this time,11. No further information at this time.docx
2025 Disclosure Cycle,779465,CDP,59678,"City of Evanston, IL",City,North America,United States of America,Public,Q11.1,Use this field to provide any additional information or context that you feel is relevant to your jurisdiction's response. Please note that this field is optional and is not scored/assessed.,1,,none ,
2025 Disclosure Cycle,779465,CDP,59956,Banda Aceh City Government,City,South East Asia & Oceania,Indonesia,Public,Q11.1,Use this field to provide any additional information or context that you feel is relevant to your jurisdiction's response. Please note that this field is optional and is not scored/assessed.,1,,Banda Aceh Climate Change Adaptation Action Document,BAB I - 6 RAD API Kota Banda Aceh. Edit By Mar (1).docx
2025 Disclosure Cycle,779465,CDP,59957,Samarinda City Government,City,South East Asia & Oceania,Indonesia,Public,Q11.1,Use this field to provide any additional information or context that you feel is relevant to your jurisdiction's response. Please note that this field is optional and is not scored/assessed.,1,,"Climate actions are aligned with key strategic documents, including the Samarinda RPJMD 2025-2029 and the Samarinda Climate Action Plan. The city faces multiple climate hazards, such as flooding, extreme rainfall, drought, water stress, extreme heat, and localized landslides. Driven by rapid urbanization and climatic variability. Samarinda continues to strengthen data systems, cross-agency coordination, and community engagement to enhance climate resilience.","CAP-report-samarinda-R3.pdf,CAP-report-samarinda-R3.pdf,KLHS RPJMD Samarinda 2026-2029.pdf,Penetapan RPJMD 2025-2029 Kota Samarinda.pdf,Penetapan RPJMD 2025-2029 Kota Samarinda.pdf"
2025 Disclosure Cycle,779465,CDP,59996,Batangas City,City,South East Asia & Oceania,Philippines,Public,Q11.1,Use this field to provide any additional information or context that you feel is relevant to your jurisdiction's response. Please note that this field is optional and is not scored/assessed.,1,,Quick overview of the Batangas City Climate Change Initiatives.,"Climate Change Initiatives.pptx,Climate Change Initiatives.pptx"
2025 Disclosure Cycle,779465,CDP,59998,Narayanganj City Corporation,City,India,Bangladesh,Public,Q11.1,Use this field to provide any additional information or context that you feel is relevant to your jurisdiction's response. Please note that this field is optional and is not scored/assessed.,1,,For more information please visit https://ncc.gov.bd/,
2025 Disclosure Cycle,779465,CDP,60003,Baguio City,City,South East Asia & Oceania,Philippines,Public,Q11.1,Use this field to provide any additional information or context that you feel is relevant to your jurisdiction's response. Please note that this field is optional and is not scored/assessed.,1,,"Baguio Net Zero Plans, CCA-DRR intiatives","CLUP 2023-2032.pdf,THE BAGUIO VISION.pdf"
2025 Disclosure Cycle,779465,CDP,60007,City of Santa Rosa,City,South East Asia & Oceania,Philippines,Public,Q11.1,Use this field to provide any additional information or context that you feel is relevant to your jurisdiction's response. Please note that this field is optional and is not scored/assessed.,1,,"Document that shows local context (what is in place already): outlining existing policies, regulations and in-house capacity of the local/regional government to address climate action planning and implementation",
2025 Disclosure Cycle,779465,CDP,60009,Bacolod City,City,South East Asia & Oceania,Philippines,Public,Q11.1,Use this field to provide any additional information or context that you feel is relevant to your jurisdiction's response. Please note that this field is optional and is not scored/assessed.,1,,Status of GHG Emission Inventory - On-going Survey,
2025 Disclosure Cycle,779465,CDP,60019,Rajshahi City Corporation,City,India,Bangladesh,Public,Q11.1,Use this field to provide any additional information or context that you feel is relevant to your jurisdiction's response. Please note that this field is optional and is not scored/assessed.,1,,Indicative Investment Requirements (towards 2026-27):\n\nIndustrial efficiency improvements: approx. BDT 90-92 million\n\nWastewater management interventions: approx. BDT 28-35 million\n\nBuilding efficiency programs: dependent on number of buildings covered\n\nTransport improvements: requires coordinated funding with national agencies\n\nFunding Sources Expected:\n\nMunicipal budget allocations\n\nDevelopment partners\n\nClimate finance (national and international)\n\nPublic-private partnerships for energy efficiency,
2025 Disclosure Cycle,779465,CDP,60029,City of Cagayan de Oro,City,South East Asia & Oceania,Philippines,Public,Q11.1,Use this field to provide any additional information or context that you feel is relevant to your jurisdiction's response. Please note that this field is optional and is not scored/assessed.,1,,"The City Government of Cagayan de Oro is currently updating its Comprehensive Land Use Plan (CLUP), which integrates the Climate and Disaster Risk Assessment (CDRA) as a key tool for evidence-based spatial planning and the promotion of a climate- and disaster-resilient urban development framework.",
2025 Disclosure Cycle,779465,CDP,60051,Kakinada Municipal Corporation,City,India,India,Public,Q11.1,Use this field to provide any additional information or context that you feel is relevant to your jurisdiction's response. Please note that this field is optional and is not scored/assessed.,1,,"Under the CITIIS 2.0 programme, and as directed by the Government of Andhra Pradesh, Kakinada Municipal Corporation will set up a dedicated Climate Change Cell to lead and coordinate climate action in the city. CITIIS 2.0, led by the Ministry of Housing and Urban Affairs, requires States to establish State Climate Centres for Cities (S-C3), which will then guide the creation of climate cells in cities.\nThe Government of India has allocated INR 264 crore to strengthen climate governance across the country, of which INR 23 crore has been given to Andhra Pradesh. Swachh Andhra Corporation will oversee and support the formation and functioning of these climate cells. These Climate Change Cells will help cities to plan and implement climate-resilient projects, address local vulnerabilities, and monitor progress using the ClimateSmart Cities Assessment Framework (CSCAF). This will help the city take more effective, data-driven climate action.",
2025 Disclosure Cycle,779465,CDP,60078,City of Lappeenranta,City,Europe,Finland,Public,Q11.1,Use this field to provide any additional information or context that you feel is relevant to your jurisdiction's response. Please note that this field is optional and is not scored/assessed.,1,,Emission inventory methodology,"ALasPre-mallin-tarkemmat-laskentaperiaatteet-sektoreittain-pdf.pdf,Alas_1.6_laskentaperusteet.pdf"
2025 Disclosure Cycle,779465,CDP,60097,City of Sarajevo,City,Europe,Bosnia and Herzegovina,Public,Q11.1,Use this field to provide any additional information or context that you feel is relevant to your jurisdiction's response. Please note that this field is optional and is not scored/assessed.,1,,Most of City Sarajevo actions are defined through the Strategy of the city in the period 2021-2027\n\n,
2025 Disclosure Cycle,779465,CDP,60105,Kirklees Council,City,UKWW,United Kingdom,Public,Q11.1,Use this field to provide any additional information or context that you feel is relevant to your jurisdiction's response. Please note that this field is optional and is not scored/assessed.,1,,We have been proactive and completed the emissions data for 2019 with the CIRIS tool which is populated with the SCATTER 2019 data in preparation for next year which we have sent over to the CDP technical team for in depth analysis. We will be working closely with C40 to ensure best practise when completing the CIRIS tool and we will be improving on this in time for the CDP submission in 2026. We have attached a copy of the inventory for 2019 in the CIRIS tool format that has been developed (CIRIS_Standard_v2.5_EN_Kirklees_2019 v.1.xlsx attached). ,CIRIS_Standard_v2.5_EN_Kirklees_2019 v.1.xlsx
2025 Disclosure Cycle,779465,CDP,60108,Norwich City Council,City,UKWW,United Kingdom,Public,Q11.1,Use this field to provide any additional information or context that you feel is relevant to your jurisdiction's response. Please note that this field is optional and is not scored/assessed.,1,,Norwich City Council's Environmental Strategy Team produces a quarterly report to the council's Climate and Environment Emergency Executive Panel (CEEEP) which provides summary updates on all relevant decarbonisation and nature recovery projects being led by the council. The latest published report from June 2025 has been attached for general information and to demonstrate the breadth of sustainability projects currently being pursued by the council.,CEEEP Report 10_06_25 V1.0.pdf
2025 Disclosure Cycle,779465,CDP,60112,City of Debrecen,City,Europe,Hungary,Public,Q11.1,Use this field to provide any additional information or context that you feel is relevant to your jurisdiction's response. Please note that this field is optional and is not scored/assessed.,1,,Debrecen submitted its application for the title of European Green Capital 2027 and was selected as a finalist based on the European Commission's evaluation. \nMore info:\nhttps://environment.ec.europa.eu/news/finalists-2027-european-green-cities-awards-announced-2025-07-11_en,
2025 Disclosure Cycle,779465,CDP,60113,Dundee City Council,City,UKWW,United Kingdom,Public,Q11.1,Use this field to provide any additional information or context that you feel is relevant to your jurisdiction's response. Please note that this field is optional and is not scored/assessed.,1,,No further information to provide.,
2025 Disclosure Cycle,779465,CDP,60127,Municipality of Thessaloniki,City,Europe,Greece,Public,Q11.1,Use this field to provide any additional information or context that you feel is relevant to your jurisdiction's response. Please note that this field is optional and is not scored/assessed.,1,,"It is the second year that we have prepared the CDP report and it was completed inhouse by municipality's own resources. We consider this edition more precise from the previous one and hopefully next year we will perform even better, in reporting but most of all in environmental score.\nMany of the data were provided by our departments but unfortunately there are data that were not provided by other organizations.",
2025 Disclosure Cycle,779465,CDP,60140,City of Nakuru,City,UKWW,Kenya,Public,Q11.1,Use this field to provide any additional information or context that you feel is relevant to your jurisdiction's response. Please note that this field is optional and is not scored/assessed.,1,,,"Apen J - Nakuru SWM Draft Final RAP Report 3 Nov2017.pdf,Apen M Nakuru PPP model manual_LHGP(revised)_3Nov2017.pdf,Nakuru County CAP 2023-2027.pdf,Nakuru Final Report - Feasibility and PPP Plan updated.pdf"
2025 Disclosure Cycle,779465,CDP,60178,Linköping Municipality,City,Europe,Sweden,Public,Q11.1,Use this field to provide any additional information or context that you feel is relevant to your jurisdiction's response. Please note that this field is optional and is not scored/assessed.,1,,We have no further information.,
2025 Disclosure Cycle,779465,CDP,60186,Nacka Municipality,City,Europe,Sweden,Public,Q11.1,Use this field to provide any additional information or context that you feel is relevant to your jurisdiction's response. Please note that this field is optional and is not scored/assessed.,1,,"Nacka is also a part of Viable Cities, climate neutral cities by the year 2030. ",
2025 Disclosure Cycle,779465,CDP,60187,City of Solna,City,Europe,Sweden,Public,Q11.1,Use this field to provide any additional information or context that you feel is relevant to your jurisdiction's response. Please note that this field is optional and is not scored/assessed.,1,,"The public/municipal housing in Solna is part of a foundation called Signalisten. The work of Signalisten is not included in the reportinThe public housing/municipal housing in Solna is organized as a foundation called Signalisten. Signalisten's work is not included in the reporting.\nMore info on Signalisten's sustainability work: https://www.signalisten.se/om-oss/vart-hallbarhetsarbete/\n\nActivities and results from Norrenergi AB - the district heating facility that Solna owns large parts of is largely included, but certain work that is driven by the company itself has not been reported by the reporter and is therefore not included.\nMore information on Norrenergi's sustainabilty work: https://www.norrenergi.se/om-oss/vart-hallbarhetsansvar/\n\nNote that some social service (most of the elderly care, large part of children daycare and some shools) in Solna is out-\nsourced and hence a matter of requirements in procurement and contracts.\n",
2025 Disclosure Cycle,779465,CDP,60216,Växjö Municipality,City,Europe,Sweden,Public,Q11.1,Use this field to provide any additional information or context that you feel is relevant to your jurisdiction's response. Please note that this field is optional and is not scored/assessed.,1,,"It is difficult to find proper actions to report. The energy plan and transport plan of Växjö do not contain any specific actions, just strategies on how we for instance should work more towards renewable energy, efficient energy use and sustainable mobility. Also, the energy production is already renewable and a huge majority of the CO2 emissions come from the transport sector. Here we are very much aware of the fact that we are depnding a lot on the policies and regulations from national level.\nThis is why so few actions are reported.",
2025 Disclosure Cycle,779465,CDP,60226,Luleå Municipality,City,Europe,Sweden,Public,Q11.1,Use this field to provide any additional information or context that you feel is relevant to your jurisdiction's response. Please note that this field is optional and is not scored/assessed.,1,,No comments. Added one blank (empty) text document as a PDF file.,
2025 Disclosure Cycle,779465,CDP,60236,Trelleborg Municipality,City,Europe,Sweden,Public,Q11.1,Use this field to provide any additional information or context that you feel is relevant to your jurisdiction's response. Please note that this field is optional and is not scored/assessed.,1,,No further information,
2025 Disclosure Cycle,779465,CDP,60332,Prefeitura de São Carlos,City,Latin America,Brazil,Public,Q11.1,Use this field to provide any additional information or context that you feel is relevant to your jurisdiction's response. Please note that this field is optional and is not scored/assessed.,1,,1 - plantio junto as escolas e sociedade civil\n\n2 - doação de mudas de árvores\n\n3 - Incentivo a troca de lâmpadas \n\n4 - Ações de drenagem e manejo de águas pluviais,"DRENAGEM - SAAE.pdf,Plantio SMSP.pdf,RELATORIO FINAL DAS ACOES.pdf"
2025 Disclosure Cycle,779465,CDP,60351,Prefeitura de Sobral,City,Latin America,Brazil,Public,Q11.1,Use this field to provide any additional information or context that you feel is relevant to your jurisdiction's response. Please note that this field is optional and is not scored/assessed.,1,,"Destacam-se os avanços das parcerias e intercâmbios, realizados entre as redes e experiências mediante a participação em eventos, visitas técnicas, webinar entre outros. Sobral renovou o compromisso e adesão, junto ao Pacto Global de Prefeitos pelo Clima e Energia (GCoM). Mentorias de orientação para o preenchimento da plataforma CDP e a renovação da parceria com o ICLEI. \nAdesão ao Programa Cidades Verdes e Resilientes que objetiva aumentar a qualidade ambiental e a resiliência das cidades brasileiras diante dos impactos da mudança do clima, por meio da integração de políticas urbanas, ambientais e climáticas, estimulando as práticas sustentáveis e a valorização dos serviços ecossistêmicos do verde urbano. A iniciativa do Governo Federal através da os Ministérios do Meio Ambiente e Mudança do Clima; das Cidades; e da Ciência, Tecnologia e Inovação.",ADESÃO PARCERIAS_SOBRAL_2025.pdf
2025 Disclosure Cycle,779465,CDP,60361,Prefeitura de Tangará da Serra,City,Latin America,Brazil,Public,Q11.1,Use this field to provide any additional information or context that you feel is relevant to your jurisdiction's response. Please note that this field is optional and is not scored/assessed.,1,,,
2025 Disclosure Cycle,779465,CDP,60381,Alcaldía Distrital de Santa Marta,City,Latin America,Colombia,Public,Q11.1,Use this field to provide any additional information or context that you feel is relevant to your jurisdiction's response. Please note that this field is optional and is not scored/assessed.,1,,No Aplica,
2025 Disclosure Cycle,779465,CDP,60384,Alcaldía de Yopal,City,Latin America,Colombia,Public,Q11.1,Use this field to provide any additional information or context that you feel is relevant to your jurisdiction's response. Please note that this field is optional and is not scored/assessed.,1,,"el muniicpio de Yopal cuenta con Plan de accion climtico en el cual cuenta con medidas de mitigación y adaptación a la crisis climatica implementando avances en la medida Promoción de patrones sostenibles en el transporte público, Promoción de patrones sostenibles en el transporte privado y Promoción de patrones sostenibles en el transporte de Carga, ademas de mas de 9 kilometros de ciclorrutas implementados en la capitadl del departamento de Casanare.","PAACCY FINAL (1).pdf,PAACCY FINAL (1).pdf"
2025 Disclosure Cycle,779465,CDP,60385,Alcaldía de Villavicencio,City,Latin America,Colombia,Public,Q11.1,Use this field to provide any additional information or context that you feel is relevant to your jurisdiction's response. Please note that this field is optional and is not scored/assessed.,1,,no aplica,
2025 Disclosure Cycle,779465,CDP,60388,Municipalidad Provincial de Chiclayo,City,Latin America,Peru,Public,Q11.1,Use this field to provide any additional information or context that you feel is relevant to your jurisdiction's response. Please note that this field is optional and is not scored/assessed.,1,,Actualización del Plan de desarrollo Metropolitano de Chiclayo\nPlan de Acondicionamiento territorial\nActualización del plano básico de chiclayo\nActualización en proceso del catastro por parte de Cofopri.,OM-0018-2025-ACTULIZACION PDM.pdf
2025 Disclosure Cycle,779465,CDP,60407,Municipalidad de Colina,City,Latin America,Chile,Public,Q11.1,Use this field to provide any additional information or context that you feel is relevant to your jurisdiction's response. Please note that this field is optional and is not scored/assessed.,1,,No incluida,
2025 Disclosure Cycle,779465,CDP,60410,Municipalidad de Peñalolén,City,Latin America,Chile,Public,Q11.1,Use this field to provide any additional information or context that you feel is relevant to your jurisdiction's response. Please note that this field is optional and is not scored/assessed.,1,,"El municipio de Peñalolén ha asumido el compromiso de avanzar hacia una justicia climática con enfoque de género, asegurando que las políticas y medidas implementadas fortalezcan la equidad y la inclusión.\nDurante el 2024, se inició el proceso para obtener el Sello de Igualdad de Género para Instituciones Públicas del PNUD, un hito que refleja la voluntad de transversalizar la igualdad en todas nuestras áreas de gestión, incluida la ambiental. Además, participamos en espacios de colaboración y aprendizaje donde se promueve la integración de la perspectiva de género en la acción climática, reconociendo el rol fundamental de las mujeres en la construcción de resiliencia climática.\nNuestra visión es que cada medida de mitigación y adaptación que adoptemos no solo reduzca emisiones o aumente la capacidad de respuesta frente a emergencias, sino que también contribuya a cerrar brechas históricas y a potenciar el liderazgo de mujeres y diversidades en la transición hacia un futuro más justo, inclusivo y sostenible para Peñalolén.",Politica Igualdad de Genero_compressed.pdf
2025 Disclosure Cycle,779465,CDP,60433,Hvidovre Municipality,City,Europe,Denmark,Public,Q11.1,Use this field to provide any additional information or context that you feel is relevant to your jurisdiction's response. Please note that this field is optional and is not scored/assessed.,1,,No further information,
2025 Disclosure Cycle,779465,CDP,60588,City of Alba Iulia,City,Europe,Romania,Public,Q11.1,Use this field to provide any additional information or context that you feel is relevant to your jurisdiction's response. Please note that this field is optional and is not scored/assessed.,1,,General political and budgetary stability and consistency in the reforms that the national government will enforce before 2030 will have a significant impact on the municipal capacity to finance and implement the planned mitigation and adaptation actions from the SECAP and PAASC.,
2025 Disclosure Cycle,779465,CDP,60599,"Town of Bridgewater, NS",City,North America,Canada,Public,Q11.1,Use this field to provide any additional information or context that you feel is relevant to your jurisdiction's response. Please note that this field is optional and is not scored/assessed.,1,,None,
2025 Disclosure Cycle,779465,CDP,60892,Municipalidad de Punta Arenas,City,Latin America,Chile,Public,Q11.1,Use this field to provide any additional information or context that you feel is relevant to your jurisdiction's response. Please note that this field is optional and is not scored/assessed.,1,,"La comuna de Punta Arenas se distingue a nivel nacional por ser la segunda comuna en aprobar su Plan de Acción Comunal de Cambio Climático (PACCC), consolidándose como un referente en la planificación climática local. Este reconocimiento refleja el compromiso de la municipalidad con la mitigación y adaptación al cambio climático, así como la capacidad de articular la participación ciudadana, la planificación territorial y la coordinación interinstitucional.\n\nActualmente, la comuna se encuentra en la etapa de implementación del PACCC, avanzando en proyectos concretos de educación ambiental, eficiencia energética, gestión de residuos, arborización urbana, conservación de humedales y desarrollo de infraestructura resiliente, entre otros. Esta fase no solo permite ejecutar las medidas contempladas, sino también generar información clave sobre resultados, impactos y desafíos, la cual sirve de base para la actualización del instrumento.\n\nEn este contexto, Punta Arenas proyecta ser la primera comuna del país en actualizar su PACCC para el año 2025, incorporando los aprendizajes y análisis obtenidos durante este período de implementación. Esta actualización permitirá reforzar metas, priorizar acciones de mayor impacto, integrar nuevas oportunidades de financiamiento y alinearse con los lineamientos nacionales y regionales en materia climática, consolidando a la comuna como líder en acción climática local y en gobernanza ambiental.",PACCC PLAN DE ACIÓN COMUNAL CAMBIO CLIMATICO 2023-2030.pdf
2025 Disclosure Cycle,779465,CDP,60906,Municipalidad de Vitacura,City,Latin America,Chile,Public,Q11.1,Use this field to provide any additional information or context that you feel is relevant to your jurisdiction's response. Please note that this field is optional and is not scored/assessed.,1,,"El inventario de GEI corresponde a los años 2018 y 2022, ya que así fue licitado el estudio. La información entregada corresponde al año indicado. En los consumos comunales, se incluye la información verificada más reciente, pero no siempre se logró encontrar de años coincidentes. Esas salvedades se mencionan de manera explícita en los apartados que corresponde.",
2025 Disclosure Cycle,779465,CDP,62791,City of Botoșani,City,Europe,Romania,Public,Q11.1,Use this field to provide any additional information or context that you feel is relevant to your jurisdiction's response. Please note that this field is optional and is not scored/assessed.,1,,https://primariabt.ro/,
2025 Disclosure Cycle,779465,CDP,62793,City of Ploiești,City,Europe,Romania,Public,Q11.1,Use this field to provide any additional information or context that you feel is relevant to your jurisdiction's response. Please note that this field is optional and is not scored/assessed.,1,,Not the case.,
2025 Disclosure Cycle,779465,CDP,62795,City of Brașov,City,Europe,Romania,Public,Q11.1,Use this field to provide any additional information or context that you feel is relevant to your jurisdiction's response. Please note that this field is optional and is not scored/assessed.,1,,Not the case. ,Blank page.pdf
2025 Disclosure Cycle,779465,CDP,62800,City of Bistrița,City,Europe,Romania,Public,Q11.1,Use this field to provide any additional information or context that you feel is relevant to your jurisdiction's response. Please note that this field is optional and is not scored/assessed.,1,,No other information. ,Blank page.pdf
2025 Disclosure Cycle,779465,CDP,63562,"City of South Bend, IN",City,North America,United States of America,Public,Q11.1,Use this field to provide any additional information or context that you feel is relevant to your jurisdiction's response. Please note that this field is optional and is not scored/assessed.,1,,N/A,
2025 Disclosure Cycle,779465,CDP,63601,"Township of Maplewood, NJ",City,North America,United States of America,Public,Q11.1,Use this field to provide any additional information or context that you feel is relevant to your jurisdiction's response. Please note that this field is optional and is not scored/assessed.,1,,"As in past years, it remains difficult for a jurisdiction our size to quantitatively assess our climate impact due to lack of accurate data. We eventually get good utility data for electricity and natural gas, and we have an accurate accounting of municipal energy use, but beyond that the data are fairly suspect estimates. This is particularly true of vehicle emissions. \nThis makes it very difficult for us to quantify improvement trends over time, in line with CDP and ICLEI's missions. It also makes it meaningless and even counterproductive to set goals. Maplewood has avoided setting goals and then gaming our way to show successes by doing things like buying green-certified energy without participating in its development.\nOur approach has been to identify the big areas where we can make a difference and look for new ways to improve as a community. This does not lend itself to the quantification responses CDP encourages, but nevertheless is the most effective way we have found to respond to the gathering crisis.",
2025 Disclosure Cycle,779465,CDP,63836,Vadodara Municipal Corporation,City,India,India,Public,Q11.1,Use this field to provide any additional information or context that you feel is relevant to your jurisdiction's response. Please note that this field is optional and is not scored/assessed.,1,,"Vadodara Municipal Corporation (VMC) is in the process of establishing the 'Net-zero', Environment and Climate Resilient Cell' to coordinate, plan, and monitor climate actions and explore climate finance opportunities. ICLEI South Asia is supporting VMC in institutionalizing and operationalizing the cell.\n\nThe cell shall comprise of all Heads of Departments and meeting monthly, will coordinate climate-related efforts, integrate climate actions into regular planning, support departments in prioritizing actions, and develop a data bank for monitoring and evaluation.\n\nAll VMC departments shall further prepare a five-year and annual action plan, identifying climate actions at department, zone, and ward levels, aligned with relevant national and state schemes for funding. VMC, with ICLEI South Asia, is also preparing a climate budget for FY 2025-26.\nApproval Letters in Gujarati (Local Language) are attached for reference.","સ્થા.સ.ઠ.અંક-૯૦ ૧૬-૦૫-૨૫ ICLEI.pdf,સ્થા.સ.ઠ.અંક-૯૧ ૧૬-૦૫-૨૫ ICLEI.pdf"
2025 Disclosure Cycle,779465,CDP,63941,"Broward County, FL",City,North America,United States of America,Public,Q11.1,Use this field to provide any additional information or context that you feel is relevant to your jurisdiction's response. Please note that this field is optional and is not scored/assessed.,1,,N/A,"20250505_Broward EVCI_Final Report gm.pdf,Net Zero Plan 2025 Final Resize.pdf,This Document is Strictly to Mark Question 11.1 as Complete.docx"
2025 Disclosure Cycle,779465,CDP,64014,"City of Cupertino, CA",City,North America,United States of America,Public,Q11.1,Use this field to provide any additional information or context that you feel is relevant to your jurisdiction's response. Please note that this field is optional and is not scored/assessed.,1,,"In early 2025, Cupertino launched a Climate Action Dashboard to showcase the City's sustainability-related efforts and improve public transparency. The dashboard was built in collaboration with ClimateNav and provides data-driven reporting on the City's sustainability efforts, as well as providing links and resources for residents to learn how they reduce their own carbon footprint.\n\nDashboard Link: https://cupertino.climatenavhub.com/",
2025 Disclosure Cycle,779465,CDP,68267,Sutherland Shire Council,City,South East Asia & Oceania,Australia,Public,Q11.1,Use this field to provide any additional information or context that you feel is relevant to your jurisdiction's response. Please note that this field is optional and is not scored/assessed.,1,,"Information sourced from Resilient Sydney dashboard, Kinesis consultant's report and other data sources including APVI solar installation data, Profile and Population ID for population and low-income data\n\nFile contains energy, emissions, transport and waste data delivered by Resilient Sydney / Kinesis",GCoM Data.xlsx
2025 Disclosure Cycle,779465,CDP,68384,Prefeitura de Engenheiro Coelho,City,Latin America,Brazil,Public,Q11.1,Use this field to provide any additional information or context that you feel is relevant to your jurisdiction's response. Please note that this field is optional and is not scored/assessed.,1,,"O município de Engenheiro Coelho possui 247 nascentes e áreas verdes que poderiam funcionar dentro do comércio do carbono internacional, mas nós não temos informações relevantes para executar esse procedimento.\nNós precisamos com urgência de financiamento para sanar o encerramento do aterro sanitário e promover a coleta seletiva na cidade. Precisamos de cerca de 2 milhões de reais para sanar esses problemas.",Plano de Arborização_Eng Coelho.pdf
2025 Disclosure Cycle,779465,CDP,69849,Santa Cruz de Galápagos,City,Latin America,Ecuador,Public,Q11.1,Use this field to provide any additional information or context that you feel is relevant to your jurisdiction's response. Please note that this field is optional and is not scored/assessed.,1,,Huella hídrica y de carbono ,Informe Huellas - Ciudad Santa Cruz de Galápagos 24-11-16.pdf
2025 Disclosure Cycle,779465,CDP,69968,Alcaldia de Rionegro,City,Latin America,Colombia,Public,Q11.1,Use this field to provide any additional information or context that you feel is relevant to your jurisdiction's response. Please note that this field is optional and is not scored/assessed.,1,,Actualmente se está consolidando la información y rendición de indicadores del Plan Territorial de Cambio Climático del Municipio de Rionegro,
2025 Disclosure Cycle,779465,CDP,70247,Hsinchu City Government,City,China,East Asia,Public,Q11.1,Use this field to provide any additional information or context that you feel is relevant to your jurisdiction's response. Please note that this field is optional and is not scored/assessed.,1,,新竹市國土計畫,新竹市國土計畫.pdf
2025 Disclosure Cycle,779465,CDP,73413,Commune de Cocody,City,UKWW,Côte d'Ivoire,Public,Q11.1,Use this field to provide any additional information or context that you feel is relevant to your jurisdiction's response. Please note that this field is optional and is not scored/assessed.,1,,"Déjà en 2015, nous avons été responsabilisé à mettre en place l'Agenda 21 Local de la Commune de Cocody.",Arrête Municipal A21 COCODY.pdf
2025 Disclosure Cycle,779465,CDP,73645,KwaDukuza,City,UKWW,South Africa,Public,Q11.1,Use this field to provide any additional information or context that you feel is relevant to your jurisdiction's response. Please note that this field is optional and is not scored/assessed.,1,,KwaDukuza Municipality Integrated Development Plan 2022-2026,KDM LM FINAL IDP_FY 2425_31052024.pdf
2025 Disclosure Cycle,779465,CDP,73666,"Cuyahoga County, OH",City,North America,United States of America,Public,Q11.1,Use this field to provide any additional information or context that you feel is relevant to your jurisdiction's response. Please note that this field is optional and is not scored/assessed.,1,,Transparency in climate action and sustainability is important to Cuyahoga County. We publish our KPI dashboard and our plans in our information and data hub here: https://cuyahogacounty.gov/sustainability/plans-data,
2025 Disclosure Cycle,779465,CDP,73678,Chañar Ladeado,City,Latin America,Argentina,Public,Q11.1,Use this field to provide any additional information or context that you feel is relevant to your jurisdiction's response. Please note that this field is optional and is not scored/assessed.,1,,No hay información adicional para agregar,
2025 Disclosure Cycle,779465,CDP,73683,Municipality of Durango,City,Europe,Spain,Public,Q11.1,Use this field to provide any additional information or context that you feel is relevant to your jurisdiction's response. Please note that this field is optional and is not scored/assessed.,1,,"La Dirección Municipal de Medio Ambiente de Durango reafirma su compromiso con la acción climática y la sostenibilidad urbana. Como respaldo a este cuestionario, se anexa el Plan Anual de Trabajo 2025, que integra programas y acciones estratégicas en materia de:\n\nMitigación y adaptación al cambio climático, incluyendo la actualización del Programa Municipal de Cambio Climático y el fortalecimiento de capacidades técnicas para su implementación.\n\nGestión integral de residuos sólidos, con enfoque en la reducción, separación en origen y promoción del esquema “Basura Cero”.\n\nConservación y reforestación urbana, mediante la protección del arbolado, la ampliación de áreas verdes y la participación en iniciativas internacionales como Tree Cities of the World.\n\nEducación y cultura ambiental, a través de programas comunitarios y escolares como Ecoguardianes, con el fin de sensibilizar a la ciudadanía en torno a la resiliencia climática.\n\nColaboración institucional, destacando la coordinación con dependencias municipales, estatales y federales, así como con organizaciones de la sociedad civil y el sector privado.\n\nCon estas acciones, el municipio de Durango busca fortalecer su resiliencia climática, contribuir al cumplimiento de la Agenda 2030 y los ODS, y posicionarse como referente en transparencia ambiental al participar activamente en el CDP.",Medio Ambiente.pdf
2025 Disclosure Cycle,779465,CDP,73687,Sabaneta,City,Latin America,Colombia,Public,Q11.1,Use this field to provide any additional information or context that you feel is relevant to your jurisdiction's response. Please note that this field is optional and is not scored/assessed.,1,,Se adjunta diagnostico realizado por la autoridad ambiental a nivel metropolitano,Inventario GEI 2016-2021_VF_4Sectores.pdf
2025 Disclosure Cycle,779465,CDP,73725,Guaminí,City,Latin America,Argentina,Public,Q11.1,Use this field to provide any additional information or context that you feel is relevant to your jurisdiction's response. Please note that this field is optional and is not scored/assessed.,1,,No hay información adicional ,
2025 Disclosure Cycle,779465,CDP,73742,City of Catbalogan,City,South East Asia & Oceania,Philippines,Public,Q11.1,Use this field to provide any additional information or context that you feel is relevant to your jurisdiction's response. Please note that this field is optional and is not scored/assessed.,1,,"Catbalogan City is a developing city that continues to pursue urbanization while giving equal importance to protecting its natural environment and improving the wellbeing of its people. As the capital of Samar, it plays a central role in regional governance and economic activity, yet it remains highly dependent on its rich ecological resources, including its forests, coastal ecosystems, and agricultural lands. The city is located along Maqueda Bay and forms part of the Samar Island Natural Park, which places it within an area of both great biodiversity and high climate vulnerability. This unique position drives the city government to prioritize sustainable and inclusive approaches in planning and development.\n\nThe city's development direction is guided by a vision of becoming sustainable and resilient while ensuring that economic growth does not come at the expense of its ecosystems. Urbanization projects, such as improved housing and infrastructure through the Sky City program, are paired with strong environmental safeguards like the Forest Land Use Plan, the Urban Greening Plan, and the Local Energy Efficiency and Conservation Plan. In this way, Catbalogan seeks to maintain balance: creating opportunities for jobs, investment, and education while protecting forests, watersheds, mangroves, and marine resources that are vital for both ecological stability and community livelihoods.\n\nCatbalogan also gives importance to inclusive governance by engaging communities, civil society, and academic institutions in the design and implementation of climate and environmental programs. The city understands that adaptation and mitigation actions are only effective if they respond to the needs of the people, especially vulnerable groups such as coastal barangays, upland farmers, and the urban poor. Programs like the Food Security Plan and Solid Waste Management Plan are therefore designed not only as environmental strategies but also as social interventions that safeguard health, nutrition, and quality of life.\n\nAs climate risks intensify through sea level rise, stronger typhoons, and unpredictable rainfall, the city is working to strengthen its adaptive capacity. At the same time, it is pursuing opportunities for renewable energy, energy efficiency, and sustainable land use to reduce emissions and address energy poverty. By embedding climate considerations into development planning, Catbalogan City is positioning itself as a city that grows responsibly, ensuring that progress is shared equitably among its people while protecting the natural foundations that sustain life and livelihoods.\n\nIn doing so, Catbalogan City continues to move forward as a developing hub of governance, commerce, and education while staying true to its commitment of preserving its environment, maintaining balance between people and nature, and working toward a sustainable and resilient future for all.",Catbalogan-Local-Climate-Change-Action-Plan-LCCAP.pdf
2025 Disclosure Cycle,779465,CDP,73746,Probolinggo,City,South East Asia & Oceania,Indonesia,Public,Q11.1,Use this field to provide any additional information or context that you feel is relevant to your jurisdiction's response. Please note that this field is optional and is not scored/assessed.,1,,"The Probolinggo City Regional Long-Term Development Plan Year 2025 \n- 2045 as a development planning document for a period of 20 (twenty) years is intended to provide direction as well as a reference for \n2045 as a development planning document for a period of 20 (twenty) years is intended to provide direction as well as a reference for \nall components of stakeholders which include the government, private business, and all elements of the community in realizing the ideals and goals of \nall elements of society in realizing the ideals and goals of regional development in the \nof Probolinggo City in order to increase the degree of welfare of the community. \nsociety.\n The vision of Probolinggo City is “Probolinggo is a Resilient, Advanced, and Sustainable Logistic City”.\nwith five main objectives of the vision:\n1. Increased Competitiveness of Human Resources \n2. Reduced Poverty and Inequality\n3. Economic Growth and Equity\n4. Adaptive Bureaucracy and Public Service Transformation\n5. Quality Infrastructure and Sustainable Environment\n",Regional Long-Term Development Plan Probolinggo City Year 2025-2045.pdf
2025 Disclosure Cycle,779465,CDP,73750,Tarakan City,City,South East Asia & Oceania,Indonesia,Public,Q11.1,Use this field to provide any additional information or context that you feel is relevant to your jurisdiction's response. Please note that this field is optional and is not scored/assessed.,1,,"- 100 Mb is an estimate of the quantity of data needed to collect from internal departments and external stakeholders in order to be able to respond to the questionnaire.\n- Attached is the Tarakan City Document in Figures 2025 (related to Question 4.2) published by the Central Statistics Agency of Tarakan City, to provide integrated and detailed statistical data and information covering various aspects of regional development, such as geography, population, economy, social, and others, so that it becomes an important reference material for planners, decision makers, and the community in the planning process, policy formulation, and development evaluation.",kota-tarakan-dalam-angka-2025.pdf
2025 Disclosure Cycle,779465,CDP,73763,San Carlos City,City,South East Asia & Oceania,Philippines,Public,Q11.1,Use this field to provide any additional information or context that you feel is relevant to your jurisdiction's response. Please note that this field is optional and is not scored/assessed.,1,,-,
2025 Disclosure Cycle,779465,CDP,73782,Thimphu,City,India,Bhutan,Public,Q11.1,Use this field to provide any additional information or context that you feel is relevant to your jurisdiction's response. Please note that this field is optional and is not scored/assessed.,1,,No further information available,
2025 Disclosure Cycle,779465,CDP,73795,Girardota,City,Latin America,Colombia,Public,Q11.1,Use this field to provide any additional information or context that you feel is relevant to your jurisdiction's response. Please note that this field is optional and is not scored/assessed.,1,,El municipio de Girardota se compromete a realizar las acciones necesarias para mejorar sus datos de divulgación en las próximas fechas solicitadas. Aunque se está trabajando en algunas no se tiene información certera de la cantidad de emisiones reducidas.,
2025 Disclosure Cycle,779465,CDP,73810,"Miami-Dade, FL",City,North America,United States of America,Public,Q11.1,Use this field to provide any additional information or context that you feel is relevant to your jurisdiction's response. Please note that this field is optional and is not scored/assessed.,1,,All solar deployment paused. ,
2025 Disclosure Cycle,779465,CDP,73879,Roskilde Municipality,City,Europe,Denmark,Public,Q11.1,Use this field to provide any additional information or context that you feel is relevant to your jurisdiction's response. Please note that this field is optional and is not scored/assessed.,1,,"We have not added estimates of the total cost of the climate plans and the respective described climate actions. The reason for this is that we don't have proper estimates of the exact costs of many of the actions, as there are many uncertainties as to how they will play out. Take for instance the the 'Green heating planning' action. The total cost of implementing the plan will depend on how far the screening and subsequent deeper analysis suggests that there is basis for expand the existing and/or establish new district heating, which in turn will affect how many households and businesses that will need to invest in other alternative heating solution to their existing individual natural gas or oil boiler heating system.",
2025 Disclosure Cycle,779465,CDP,74296,Pekalongan,City,South East Asia & Oceania,Indonesia,Public,Q11.1,Use this field to provide any additional information or context that you feel is relevant to your jurisdiction's response. Please note that this field is optional and is not scored/assessed.,1,,"Kota Pekalongan terletak di pesisir utara Pulau Jawa yang rentan terhadap dampak perubahan iklim. Kota Pekalongan berkomitmen untuk melakukan aksi-aksi mitigasi/adaptasi terhadap perubahan iklim. Selain melakukan upaya secara mandiri (melalui pendanaan APBD), juga telah bekerja sama dengan berbagai pihak, antara lain: \n1). NGO (Yayasan Kemitraan, Mercy Corps Indonesia, The Water Agency, dll), \n2). Akademisi (ITB, UNDIP, Unikal, IPB, UGM, UIN Gus Dur, dll),\n3). Pemerintah kabupaten tetangga, Pemerintah Provinsi dan Pemerintah Pusat.\n4). Komunitas yang berhubungan/peduli lingkungan.\n\nDalam upaya untuk terus menjalankan/meningkatkan aksi mitigasi/adaptasi, Pemerintah Kota Pekalongan berniat untuk memperoleh bimbingan dan dukungan teknis maupun bantuan pendanaan melalui kompetisi OPCC.\n",breakwater.pdf
2025 Disclosure Cycle,779465,CDP,74302,Bandar Lampung City,City,South East Asia & Oceania,Indonesia,Public,Q11.1,Use this field to provide any additional information or context that you feel is relevant to your jurisdiction's response. Please note that this field is optional and is not scored/assessed.,1,,climate-related data in the city of Bandar Lampung,cdp.pdf
2025 Disclosure Cycle,779465,CDP,74325,Pontianak,City,South East Asia & Oceania,Indonesia,Public,Q11.1,Use this field to provide any additional information or context that you feel is relevant to your jurisdiction's response. Please note that this field is optional and is not scored/assessed.,1,,"Kota Pontianak menempatkan pembangunan berkelanjutan sebagai inti arah kebijakan daerah, sebagaimana tercermin dalam visi Pontianak Maju, Sejahtera dan Berwawasan Lingkungan yang Humanis. Melalui RPJMD 2025-2029, Kota Pontianak mengarusutamakan ketahanan lingkungan, adaptasi perubahan iklim, dan pengelolaan sumber daya yang efisien sebagai fondasi pembangunan jangka menengah. Komitmen ini diperkuat dengan integrasi isu perubahan iklim ke dalam strategi pembangunan lintas sektor—mulai dari penataan ruang, infrastruktur hijau, pelayanan publik, hingga transformasi digital—sehingga seluruh perangkat daerah memiliki peran yang jelas dalam menjaga keberlanjutan lingkungan dan meningkatkan kualitas hidup masyarakat.\n\nMelalui dokumen Rencana Aksi Iklim, Pontianak membangun pendekatan ilmiah dan kolaboratif untuk memperkuat ketahanan kota terhadap risiko iklim. Inventarisasi gas rumah kaca, pemetaan kerentanan kelurahan, serta rencana aksi mitigasi dan adaptasi dirumuskan secara komprehensif untuk memastikan bahwa pertumbuhan kota berjalan sejalan dengan upaya penurunan emisi dan peningkatan resilien masyarakat. Kolaborasi dengan akademisi, komunitas, dan mitra internasional memperkuat Pontianak sebagai kota percontohan aksi iklim di tingkat nasional dan regional, sekaligus memastikan bahwa keberlanjutan bukan sekadar slogan, tetapi praktik nyata yang terukur dan berorientasi pada masa depan warga kota.","Peraturan Daerah Kota Pontianak Nomor 7 Tahun 2025 tentang RPJMD Tahun 2025 - 2029_2025-11-18_13-13-09.pdf,Peraturan Daerah Kota Pontianak Nomor 7 Tahun 2025 tentang RPJMD Tahun 2025 - 2029_2025-11-18_13-13-09.pdf"
2025 Disclosure Cycle,779465,CDP,74332,Manado City,City,South East Asia & Oceania,Indonesia,Public,Q11.1,Use this field to provide any additional information or context that you feel is relevant to your jurisdiction's response. Please note that this field is optional and is not scored/assessed.,1,,Ini adalah dakumen RPJMD tahun 2025-2029 yang baru selesai di Perdakan,"rankhir setelah perbaikan evaluasi propinsi DONE 01092025.pdf,rankhir setelah perbaikan evaluasi propinsi DONE 01092025.pdf"
2025 Disclosure Cycle,779465,CDP,74346,Bengkulu City,City,South East Asia & Oceania,Indonesia,Public,Q11.1,Use this field to provide any additional information or context that you feel is relevant to your jurisdiction's response. Please note that this field is optional and is not scored/assessed.,1,,local governments have funding shortages and need funding assistance from the central government or international institutions,Perda No7 Tentang RPJPD 2025-2045.pdf
2025 Disclosure Cycle,779465,CDP,74462,"Village of Oak Park, IL",City,North America,United States of America,Public,Q11.1,Use this field to provide any additional information or context that you feel is relevant to your jurisdiction's response. Please note that this field is optional and is not scored/assessed.,1,,We have no additional information,CDP.pdf
2025 Disclosure Cycle,779465,CDP,74539,"City of Oberlin, OH",City,North America,United States of America,Public,Q11.1,Use this field to provide any additional information or context that you feel is relevant to your jurisdiction's response. Please note that this field is optional and is not scored/assessed.,1,,"We are currently working on a climate action plan update that should be complete in 2025. We will be reassessing emissions reduction strategies, climate adaptation goals and incorporating social equity goals into this document.",
2025 Disclosure Cycle,779465,CDP,74540,"Village of Hastings-on-Hudson, NY",City,North America,United States of America,Public,Q11.1,Use this field to provide any additional information or context that you feel is relevant to your jurisdiction's response. Please note that this field is optional and is not scored/assessed.,1,,"In 2021, the municipality adopted a Climate Emergency Declaration which documents our science-based emission reduction targets. The Declaration was updated in 2022 to signal the intention to limit fossil fuel expansion and promote electrification (see: https://portal.laserfiche.com/Portal/DocView.aspx?id=9032&repo=r-a3f8b9e6).",Hastings-on-Hudson Climate Emergency Declaration (2022) (PDF).pdf
2025 Disclosure Cycle,779465,CDP,74560,"City of Moab, UT",City,North America,United States of America,Public,Q11.1,Use this field to provide any additional information or context that you feel is relevant to your jurisdiction's response. Please note that this field is optional and is not scored/assessed.,1,,No further information,
2025 Disclosure Cycle,779465,CDP,74594,"City of Boynton Beach, FL",City,North America,United States of America,Public,Q11.1,Use this field to provide any additional information or context that you feel is relevant to your jurisdiction's response. Please note that this field is optional and is not scored/assessed.,1,,All information was included in the questionnaire. No additional files are available. ,
2025 Disclosure Cycle,779465,CDP,74670,Antalya Metropolitan Municipality,City,UKWW,Türkiye,Public,Q11.1,Use this field to provide any additional information or context that you feel is relevant to your jurisdiction's response. Please note that this field is optional and is not scored/assessed.,1,,...,
2025 Disclosure Cycle,779465,CDP,74672,Nilüfer Municipality,City,UKWW,Türkiye,Public,Q11.1,Use this field to provide any additional information or context that you feel is relevant to your jurisdiction's response. Please note that this field is optional and is not scored/assessed.,1,,Nilufer Municipality's background about climate actions.,NIL'S BACKGROUND ON CLIMATE & ENERGY.pdf
2025 Disclosure Cycle,779465,CDP,74680,City of Iași,City,Europe,Romania,Public,Q11.1,Use this field to provide any additional information or context that you feel is relevant to your jurisdiction's response. Please note that this field is optional and is not scored/assessed.,1,,https://www.primaria-iasi.ro/,CCC IASI 02.10.2025 ultima varianta 2025 ACTUALIZAT.pdf
2025 Disclosure Cycle,779465,CDP,826129,Ayuntamiento de Jesús María,City,Latin America,Mexico,Public,Q11.1,Use this field to provide any additional information or context that you feel is relevant to your jurisdiction's response. Please note that this field is optional and is not scored/assessed.,1,,"Estamos en la mejor disposición de aprender e implementar cosas nuevas, nuevos proyectos que nos ayuden a crecer y mejorar como municipio. \n\n",
2025 Disclosure Cycle,779465,CDP,826425,Municipality of Caldas da Rainha,City,Europe,Portugal,Public,Q11.1,Use this field to provide any additional information or context that you feel is relevant to your jurisdiction's response. Please note that this field is optional and is not scored/assessed.,1,,"Salienta-se, mais uma vez, que o Plano de Ação Climática do Município (PMAC), onde está integrada a mitigação e a adaptação, de forma complementar, foi já aprovado em Assembleia Municipal e irá em consulta pública ainda no mês de Set.25, pelo que ainda este ano irá estar publicada a sua versão final. \nEste documento substitui o PMAAC e irá ser a base da governança da estratégica ambiental do Município.",
2025 Disclosure Cycle,779465,CDP,826429,Municipality of Figueira da Foz,City,Europe,Portugal,Public,Q11.1,Use this field to provide any additional information or context that you feel is relevant to your jurisdiction's response. Please note that this field is optional and is not scored/assessed.,1,,"Importa referir que para o preenchimento do atual questionário, foram consultados os vários departamentos internos do Município, sendo que os dados reportados incluem informações fornecidas pela: Divisão de Planeamento, Divisão de Ambiente, Divisão de Estudos e Projetos, Divisão de Ciência e Inovação e Desenvolvimento Económico, Divisão de Assuntos Sociais e Saúde, Serviço Municipal de Proteção Civil, Divisão de Educação, Equipa Multidisciplinar de Transição Energética, Equipa Multidisciplinar de Projetos Estruturantes e Equipa Multidisciplinar de Mobilidade e Transportes. ",
2025 Disclosure Cycle,779465,CDP,826446,City of Bradford,City,UKWW,United Kingdom,Public,Q11.1,Use this field to provide any additional information or context that you feel is relevant to your jurisdiction's response. Please note that this field is optional and is not scored/assessed.,1,,N/A,
2025 Disclosure Cycle,779465,CDP,831923,Muğla,City,UKWW,Türkiye,Public,Q11.1,Use this field to provide any additional information or context that you feel is relevant to your jurisdiction's response. Please note that this field is optional and is not scored/assessed.,1,,We request that the Turkish language be added to this platform. This is crucial for us to be able to express and understand many things correctly.,Blank Page.pdf
2025 Disclosure Cycle,779465,CDP,831952,Municipalidad de Portoviejo,City,Latin America,Ecuador,Public,Q11.1,Use this field to provide any additional information or context that you feel is relevant to your jurisdiction's response. Please note that this field is optional and is not scored/assessed.,1,,https://www.uasb.edu.ec/portoviejo-avanza-hacia-el-modelo-basura-cero/,
2025 Disclosure Cycle,779465,CDP,831999,Municipalidad de Monteverde,City,Latin America,Costa Rica,Public,Q11.1,Use this field to provide any additional information or context that you feel is relevant to your jurisdiction's response. Please note that this field is optional and is not scored/assessed.,1,,"ACLARACIÓN:\n\nSe envío el cuestionario revisado y completo en todas sus preguntas, sin embargo, en la pregunta 9.2 no permite agregar más filas en acciones de mitigación. De momento se presentan 9 de ellas y 1 en la sección de Metas-Sectores.\n\nAdjuntos:\nSe comparte documento de iniciativa 1.6, fila 1. CECUDI-CORCLIMA: Documentando acciones de impacto en cambio climático.\n\nArtículo: https://www.cientec.or.cr/articulos/hacia-un-monteverde-mas-oscuro-y-mas-brillante-iluminacion-responsable-para-un-futuro \n\nEvidencias de acciones climáticas en ejecución o implementadas:\nhttps://www.instagram.com/corclima/\n\nBomberos Forestales: https://www.facebook.com/share/p/171TDkroyS/?mibextid=wwXIfr\n",Comunicado Prensa CECUDI.pdf
2025 Disclosure Cycle,779465,CDP,832078,Municipality of Mafra,City,Europe,Portugal,Public,Q11.1,Use this field to provide any additional information or context that you feel is relevant to your jurisdiction's response. Please note that this field is optional and is not scored/assessed.,1,,Economia circular\n,"Estratégia e Plataforma para a Economia Circular_2025.02 (4).pdf,Estratégia e Plataforma para a Economia Circular_Indicadores_2025.02.xlsx"
2025 Disclosure Cycle,779465,CDP,834126,Dobong-gu District of Seoul,City,South East Asia & Oceania,Korea (The Republic of),Public,Q11.1,Use this field to provide any additional information or context that you feel is relevant to your jurisdiction's response. Please note that this field is optional and is not scored/assessed.,1,,"◊ 도봉구는 2020년 6월 5일, 기후위기 비상을 선언한 이래 현재까지 탄소중립을 위해 지역특성에 맞게 로드맵(4'P's:약속/계획/이행/보고)을 설계하고, 다양한 온실가스 감축 사업을 추진하여 지난 4년여 동안 의미 있는 성과들을 거둠\n◊ 그러나, 이러한 노력에도 불구하고 주민의 생활 속 실천이 뒷받침되지 않는다면 탄소중립은 공허한 외침에 불과하다는 결론에 도달, 주민의 탄소중립 생활 촉진을 위해 도봉구만의 창의적이고 독창적인 단계별 '탄소중립 DNA 확산;알자·배우자·실천하자!' 프로젝트를 발굴, 시행함\n◊ '탄소중립 DNA 확산' 프로젝트는 1단계는 탄소중립-알자!로 탄소중립에 대한 주민 인식을 제고시키기 위해 '도봉구민 온실가스 1인 4톤 줄이기 실천 약속' 캠페인을 실시하고, 2단계는 탄소중립-배우자!로 구민을 탄소중립 실천 리더로 만들기 위한 '도봉구 제로씨'를 집중 양성하고, 마지막 3단계는 탄소중립-실천하자!로 알고, 배운 지역 주민이 도봉형 기후행동보상제인 '탄소공감마일리지'에 참여하여 탄소중립 생활을 실천하는 것임\n◊ '탄소중립 DNA 확산' 프로젝트를 통해 2024년 말 현재 '도봉구민 온실가스 1인 4톤 줄이기 실천 약속'에 40,879명이 참여, 온실가스 41,912톤 감축 약속하고, '도봉구-제로씨' 3,777명 양성하였으며, 탄소공감마일리지에 10,166명이 가입하여 1,762,983회의 탄소중립 실천활동을 전개하고 있음\n◊ 앞으로 도봉구는 '탄소중립 DNA 확산;알자·배우자·실천하자!' 프로젝트를 타 지자체에 공유·확산하여 탄소중립 정책의 대표 브랜드로 발전시켜 나갈 계획임",도봉구 탄소중립 정책.pdf
2025 Disclosure Cycle,779465,CDP,834161,Kinmen County Government,City,China,East Asia,Public,Q11.1,Use this field to provide any additional information or context that you feel is relevant to your jurisdiction's response. Please note that this field is optional and is not scored/assessed.,1,,金門縣為協調及整合中央及縣轄各項資源，策定及推動縣轄各項溫室氣體減量及氣候變遷調適策略及措施，於112年5月19日公告「金門縣氣候變遷因應推動會設置要點」，成立「金門縣氣候變遷因應推動會」。\n為因應114年1月16日組織修編及業務調整，且配合本縣氣候變遷調適工作之推動，於114年3月31日發布修正「金門縣氣候變遷因應推動會設置要點」第3點，使溫室氣體減量與氣候變遷調適於工作推動、組織運作及權責分工更臻明確，組織架構及任務詳如附件。,「金門縣氣候變遷因應推動會設置要點」設置要點-114修正全文(核定版).pdf
2025 Disclosure Cycle,779465,CDP,834255,Municipality of Guaymallén,City,Latin America,Argentina,Public,Q11.1,Use this field to provide any additional information or context that you feel is relevant to your jurisdiction's response. Please note that this field is optional and is not scored/assessed.,1,,No hay información adicional para agregar,
2025 Disclosure Cycle,779465,CDP,834261,Municipality of Irapuato,City,Latin America,Mexico,Public,Q11.1,Use this field to provide any additional information or context that you feel is relevant to your jurisdiction's response. Please note that this field is optional and is not scored/assessed.,1,,"Emisión del Programa Municipal de Cambio Climático, el cual establece acciones en tres aspectos fundamentales; la mitigación de emisiones, la adaptación y la educación ambiental. ",
2025 Disclosure Cycle,779465,CDP,834273,Municipality of Lautaro,City,Latin America,Chile,Public,Q11.1,Use this field to provide any additional information or context that you feel is relevant to your jurisdiction's response. Please note that this field is optional and is not scored/assessed.,1,,Reforestación con la comunidad indígena José Huenchual 2 ,Certificado continuidad FPA-2-3.pdf
2025 Disclosure Cycle,779465,CDP,834280,Municipality of Pérez,City,Latin America,Argentina,Public,Q11.1,Use this field to provide any additional information or context that you feel is relevant to your jurisdiction's response. Please note that this field is optional and is not scored/assessed.,1,,No hay,
2025 Disclosure Cycle,779465,CDP,834284,Municipality of Salamanca,City,Latin America,Mexico,Public,Q11.1,Use this field to provide any additional information or context that you feel is relevant to your jurisdiction's response. Please note that this field is optional and is not scored/assessed.,1,,N/A,
2025 Disclosure Cycle,779465,CDP,834347,Seberang Perai Municipal Council,City,South East Asia & Oceania,Malaysia,Public,Q11.1,Use this field to provide any additional information or context that you feel is relevant to your jurisdiction's response. Please note that this field is optional and is not scored/assessed.,1,,climate action plan seberang perai,SEBERANG PERAI CLIMATE ACTION STRATEGY.pdf
2025 Disclosure Cycle,779465,CDP,834348,Phuentsholing Municipality,City,India,Bhutan,Public,Q11.1,Use this field to provide any additional information or context that you feel is relevant to your jurisdiction's response. Please note that this field is optional and is not scored/assessed.,1,,No further information available,
2025 Disclosure Cycle,779465,CDP,834400,Yasothon Town Municipality,City,South East Asia & Oceania,Thailand,Public,Q11.1,Use this field to provide any additional information or context that you feel is relevant to your jurisdiction's response. Please note that this field is optional and is not scored/assessed.,1,,https://drive.google.com/drive/folders/1qvboVQD-dKQAXT7RsZgAoERPbunENu-r?usp=sharing,
2025 Disclosure Cycle,779465,CDP,834515,Şanlıurfa Metropolitan Municipality,City,UKWW,Türkiye,Public,Q11.1,Use this field to provide any additional information or context that you feel is relevant to your jurisdiction's response. Please note that this field is optional and is not scored/assessed.,1,,There is no further information,
2025 Disclosure Cycle,779465,CDP,838937,Mersin Metropolitan Municipality,City,UKWW,Türkiye,Public,Q11.1,Use this field to provide any additional information or context that you feel is relevant to your jurisdiction's response. Please note that this field is optional and is not scored/assessed.,1,,All activities in Mersin MM is tracked by means of key performance indicators.\n,MersinMM_4thQuarter_Acticity_Performance_Report_TR.pdf
2025 Disclosure Cycle,779465,CDP,838939,Kocaeli Metropolitan Municipality,City,UKWW,Türkiye,Public,Q11.1,Use this field to provide any additional information or context that you feel is relevant to your jurisdiction's response. Please note that this field is optional and is not scored/assessed.,1,,"Addressing climate change, a global issue, and contributing to national efforts at the local level through the development of plans and strategies related to climate change is of great importance. Reducing greenhouse gas emissions through the implementation of actions outlined in these plans, in line with national targets, will not only be a local effort but will also support the reduction of Turkey's total greenhouse gas emissions.\n\nWith the plan in place, we aim to reduce Kocaeli's greenhouse gas emissions by 41% by 2030, contributing to the nation's climate change efforts. We are committed to being a city that actively participates in all kinds of activities, applications, and studies that can be carried out with an effective and coordinated approach with all our stakeholders in order to achieve this goal.\n\nBy raising public environmental awareness, carrying out studies on what needs to be done to combat climate change, and providing environmental services in line with the needs of the people within a certain framework, we aim to make Kocaeli a model \'Climate Resilient and Adaptive City\' that combats climate change in a planned manner and in accordance with international methodologies. The answers given to this survey and your valuable feedback will play a significant role in ensuring the sustainable growth of Kocaeli.",
2025 Disclosure Cycle,779465,CDP,839572,Putrajaya City,City,South East Asia & Oceania,Malaysia,Public,Q11.1,Use this field to provide any additional information or context that you feel is relevant to your jurisdiction's response. Please note that this field is optional and is not scored/assessed.,1,,Putrajaya Low Carbon Green City Initiative Report & Putrajaya Low Carbon City Report Card 2024,"Laporan Bandar Hijau Ed 9 (BI).pdf,Laporan Bandar Hijau Ed 9 (BI).pdf,Report Card 2024_BI (A4).pdf"
2025 Disclosure Cycle,779465,CDP,839666,Municipio de Escuintla,City,Latin America,Guatemala,Public,Q11.1,Use this field to provide any additional information or context that you feel is relevant to your jurisdiction's response. Please note that this field is optional and is not scored/assessed.,1,,"CONSTRUCCIÓN INFRAESTRUCTURA TRATAMIENTO DE DESECHOS SÓLIDOS Y RESIDUOS CENTRO DE TRANSFERENCIA DEL MUNICIPIO DE ESCUINTLA, ESCUINTLA. \nEl proyecto ya cuenta con planificación, planimetría a través del apoyo de World wildlife fund WWF y el monto de ejecución. \nA través de MASUR se está realizando una alianza con la Alianza para el Desarrollo de Infraestructura Económico, ANADIE para buscar el apoyo economico para sufragar los gastos del proyecto a realizarse en el Municipio de ESCUINTLA ",
2025 Disclosure Cycle,779465,CDP,839668,Municipio de Iztapa,City,Latin America,Guatemala,Public,Q11.1,Use this field to provide any additional information or context that you feel is relevant to your jurisdiction's response. Please note that this field is optional and is not scored/assessed.,1,," Iztapa está dando pasos agigantados en la acción climática, y para muestra uno de estos proyectos que esta en fase de consolidar los documentos que se necesitan. \n3.\tAntecedentes del proyecto:\n\nLa región costera del Pacífico guatemalteco, se sustenta en actividades clave como la agroindustria, la pesca y el turismo. Los ecosistemas marino-costeros incluyen bosques de manglares y playas, hábitat de tortugas marinas, especies emblemáticas de valor tanto ecológico como económico, especialmente en el ámbito turístico.\n\nLas comunidades locales dependen fuertemente de ecosistemas saludables, siendo los manglares fundamentales para su resiliencia ante eventos climáticos extremos y como fuentes de alimentos. No obstante, la contaminación por descargas domésticas e industriales y desechos sólidos, incluyendo las redes de pesca abandonadas, y los impactos crecientes de eventos climáticos extremos, agravados por la degradación de los manglares, amenazan la fauna, la salud humana y los medios de vida en la región.\n\nLas prácticas generalizadas en la mayor parte de municipios en Guatemala de tirar, quemar o enterrar residuos sólidos sin ningún tratamiento agrava la situación de salud y ambiental que actualmente existe. De esta cuenta, se hace necesario llevar a cabo estudios de caracterización de residuos y desechos sólidos comunes, como la herramienta de información primaria que permita determinar la generación/habitante/día y generar datos comparables entre diferentes municipios. \n\nEn Guatemala, el código municipal, Decreto 12-2002 y sus reformas, en su artículo 68 inciso a), indica que corresponde a las municipalidades la recolección, tratamiento y disposición final de desechos y residuos sólidos, así como regular y prestar los servicios públicos municipales en el territorio. \n\nIztapa, es un municipio costero del departamento de Escuintla, ubicado en la costa del Pacífico guatemalteco. Se extiende sobre una superficie aproximada de 328 km² y está delimitado al norte por Guanagazapa, al este por Taxisco (Santa Rosa), al oeste por Masagua y Puerto San José, y al sur bañado por el Océano Pacífico. El municipio demanda soluciones sostenibles y locales para el manejo de sus desechos sólidos. Esto hace especialmente pertinente la implementación de un centro de segregación y transferencia de residuos, con el objetivo de mejorar la separación, aumentar la eficiencia operativa y reducir el impacto ambiental, en línea con una visión integrada de desarrollo sostenible.\n\nEl proyecto “Conservación de Ecosistemas Costeros para un Futuro Sostenible en la Costa del Pacífico de Guatemala” de WWF, se centra en la protección y revitalización de las funciones de estos ecosistemas. Aborda desafíos cruciales como la contaminación por plásticos, la gestión de residuos sólidos y la preservación de las tortugas marinas, promoviendo un desarrollo sostenible. Se implementará en colaboración estrecha con autoridades municipales, pescadores, comunidades, sector privado, MARN, INAB y CONAP.\n\n4.\tObjetivo general de la consultoría:\n\nContribuir de forma participativa al manejo integrado de la gestión de los residuos sólidos comunes del municipio de Iztapa, Escuintla, mediante el diseño, construcción y puesta en marcha de un centro de segregación y transferencia que cumpla con la normativa legal y ambiental vigente en Guatemala.\n\n5.\tObjetivos específicos:\n1.\tDiseñar el centro de segregación y transferencia de residuos sólidos, asegurando el cumplimiento de los requerimientos legales vigentes, y tramitar los permisos legales ante el MARN y el Ministerio de Salud Pública y Asistencia Social.\n2.\tConstruir el centro en cumplimiento de las normas establecidas en el artículo 20 del Reglamento 164-2021 del MARN, incluyendo las obras y el equipamiento necesarios.\n3.\tElaborar, de forma participativa, una propuesta de funcionamiento operativo y administrativo del centro, incluyendo el análisis de las diferentes opciones para su operativización (concesión, convenio con gestores de residuos, contratación de servicios externos, municipalidad u otras alternativas). \n",TDRs_Consultoría centro segregación_Iztapa_v1.pdf
2025 Disclosure Cycle,779465,CDP,839669,Municipio de San Jose,City,Latin America,Guatemala,Public,Q11.1,Use this field to provide any additional information or context that you feel is relevant to your jurisdiction's response. Please note that this field is optional and is not scored/assessed.,1,,"Por este medio queremos informar que San José y los otros municipios que conforman MASUR se ha presentado un perfil de proyecto a la La Agencia Nacional de Alianzas para el Desarrollo de Infraestructura Económica, en adelante la (ANADIE), es una institución descentralizada del Estado, especializada en el desarrollo de infraestructura económica, con personalidad jurídica y patrimonio propio, responsable del cumplimiento de la Ley de Alianzas y\nPágina 5 de 15\nsu Reglamento, encargada de implementar proyectos bajo el esquema de alianzas para el desarrollo de infraestructura económica, creada por el Decreto 16-2010 del Congreso de la República de Guatemala y acuerdo Gubernativo 360-2011.",PERFIL DE PROYECTO SGIRDS-MASUR_organized.pdf
2025 Disclosure Cycle,779465,CDP,840075,Unley City Council,City,South East Asia & Oceania,Australia,Public,Q11.1,Use this field to provide any additional information or context that you feel is relevant to your jurisdiction's response. Please note that this field is optional and is not scored/assessed.,1,,"We have $35,000 allocated in 2025/26 Annual Business Plan and Budget to develop a Climate Action Plan for our Community. ",2025-26-annual-business-plan-and-budget-with-escosa-report.pdf
2025 Disclosure Cycle,779465,CDP,840105,Samdrup Jongkhar Municipality,City,India,Bhutan,Public,Q11.1,Use this field to provide any additional information or context that you feel is relevant to your jurisdiction's response. Please note that this field is optional and is not scored/assessed.,1,,No further information available,
2025 Disclosure Cycle,779465,CDP,840113,Bhavnagar Municipal Corporation,City,India,India,Public,Q11.1,Use this field to provide any additional information or context that you feel is relevant to your jurisdiction's response. Please note that this field is optional and is not scored/assessed.,1,,"Bhavnagar Climate Resilient City Action Plan (CRCAP) has been prepared using ICLEI South Asia's ClimateResilientCities methodology. For this, ICLEI South Asia provided technical assistance to Bhavnagar Municipal Corporation for preparing the plan in line with the national, state and city government priorities, following GCoM's Common Reporting Framework (CRF). \n\nThis action plan includes a detailed urban system gap analysis; climate risk and vulnerability assessment; a Global Protocol for Community-Scale Greenhouse Gas Emission (GPC) complaint GHG emissions inventory (2022-23); future emissions scenario modelling including Business-As-Usual projections (2025, 2027, 2030, 2040, 2050) and GHG emissions reduction scenario (Low Emission Growth Scenario for 2025, 2027, 2030).\n\nThe action plan encompasses 17 strategies and 83 actions across eight key urban sectors: 1) built environment and energy, 2) transport, 3) water, 4) wastewater, 5) storm water, 6) solid waste, 7) urban greening and biodiversity, and 8) air quality.\n\nBy implementing the measures specified in the Low Emissions Growth Scenario, Bhavnagar is positioned to reduce its GHG emissions by up to 16.3% compared to the business-as-usual (BAU) scenario by 2030.\n\nThe approval letter from the Bhavnagar Municipal Corporation's General Board (Council Approval) for the Climate Resilient City Action Plan (CRCAP), in native Gujarati language, has been attached for reference.\n\nThe CRCAP was initially approved by the Municipal Commissioner and subsequently forwarded to the Standing Committee of the Municipal Corporation, which granted its approval. Thereafter, the plan was placed before the General Board (Council) of the Corporation, where it received final approval.\n\nAccordingly, the Climate Resilient City Action Plan has been formally approved and adopted by the city.",BMC CRCAP General Board Approval Resolution.pdf
2025 Disclosure Cycle,779465,CDP,840131,Tiruchirappalli City Municipal Corporation,City,India,India,Public,Q11.1,Use this field to provide any additional information or context that you feel is relevant to your jurisdiction's response. Please note that this field is optional and is not scored/assessed.,1,,"As a rapidly urbanizing city, Trichy faces significant climate change challenges. To mitigate these risks, the city has adopted a comprehensive strategy. This includes promoting sustainable transportation, expanding renewable energy sources, and enhancing urban green spaces. These initiatives aim to reduce greenhouse gas emissions, increase climate resilience, and foster a sustainable future for Trichy.",
2025 Disclosure Cycle,779465,CDP,840134,Tirunelveli Municipal Corporation,City,India,India,Public,Q11.1,Use this field to provide any additional information or context that you feel is relevant to your jurisdiction's response. Please note that this field is optional and is not scored/assessed.,1,,Comprehensive Mobility Plan of Tirunelveli,CMP Tirunelveli Final Report - Volume 1 Part A (CMP Main Report).pdf
2025 Disclosure Cycle,779465,CDP,840158,"City of San Fernando, La Union",City,South East Asia & Oceania,Philippines,Public,Q11.1,Use this field to provide any additional information or context that you feel is relevant to your jurisdiction's response. Please note that this field is optional and is not scored/assessed.,1,,Energy Audit Report made by WWF Philippines through the Cool and Solar Initiative with a Memorandum of Understanding between the City and the said party.,Energy Audit Report_SanFernandoCity_Sept2024 (1).pdf
2025 Disclosure Cycle,779465,CDP,840161,Municipality of Del Carmen,City,South East Asia & Oceania,Philippines,Public,Q11.1,Use this field to provide any additional information or context that you feel is relevant to your jurisdiction's response. Please note that this field is optional and is not scored/assessed.,1,,"The Municipality of Del Carmen, Siargao Island, is a 5th-class coastal municipality globally recognized for its 4,871-hectare mangrove forest, designated in 2024 as a Ramsar Wetland of International Importance.\n\nGuided by the Local Climate Change Action Plan (LCCAP) 2024-2030, the LGU integrates ecosystem-based adaptation, sustainable tourism, and community-driven livelihood programs into its planning and budgeting.\n\nKey priorities include mangrove rehabilitation and protection, renewable energy adoption (solar streetlighting and hybrid systems for public facilities), disaster risk reduction, and sustainable fisheries management.\n\nTo advance these priorities, the LGU actively proposes projects to national agencies and development partners such as DENR, DOT, and international donors—for example, sustainable ecotourism facilities, community-based mangrove conservation programs, and climate-resilient livelihood initiatives.\n\nDel Carmen collaborates with provincial and regional agencies, national government programs, local fisherfolk associations, academic institutions, and civil society groups to scale up climate action, safeguard biodiversity, and strengthen community resilience in line with its Ramsar obligations.",
2025 Disclosure Cycle,779465,CDP,840194,Tepebaşi Municipality,City,UKWW,Türkiye,Public,Q11.1,Use this field to provide any additional information or context that you feel is relevant to your jurisdiction's response. Please note that this field is optional and is not scored/assessed.,1,,There is no further information we want to mention. ,
2025 Disclosure Cycle,779465,CDP,840228,"Town of Davie, FL",City,North America,United States of America,Public,Q11.1,Use this field to provide any additional information or context that you feel is relevant to your jurisdiction's response. Please note that this field is optional and is not scored/assessed.,1,,None,
2025 Disclosure Cycle,779465,CDP,840313,Municipalidad de Cerro Navia,City,Latin America,Chile,Public,Q11.1,Use this field to provide any additional information or context that you feel is relevant to your jurisdiction's response. Please note that this field is optional and is not scored/assessed.,1,,Estrategia Hídrica Local de Cerro Navia\nEstrategia Energética Local\nPlan Comunal de Emergencia de Cerro Navia,"EEL-Cerro-Navia-Difundible.pdf,EHL CERRO NAVIA_compressed.pdf,EHL CERRO NAVIA_compressed.pdf,PEmer_Cerro Navia.pdf"
2025 Disclosure Cycle,779465,CDP,840521,City of Denizli,City,UKWW,Türkiye,Public,Q11.1,Use this field to provide any additional information or context that you feel is relevant to your jurisdiction's response. Please note that this field is optional and is not scored/assessed.,1,,N/A,"2025 Yılı Performans Programı.pdf,Denizli_CCAP_Final_FC_10_07.pdf,SERA GAZI ENVANTERİ 2023.pdf"
2025 Disclosure Cycle,779465,CDP,840924,Prefeitura de Alexânia,City,Latin America,Brazil,Public,Q11.1,Use this field to provide any additional information or context that you feel is relevant to your jurisdiction's response. Please note that this field is optional and is not scored/assessed.,1,,"O grande desafio que o município enfrenta são os problemas erosivos, que desabriga pessoas e outras estão ameaçadas a ficarem desabrigadas. A solução inicial é a elaboração de projetos para conseguir recursos no sentido de realizar o saneamento básico, solucionar os problemas das águas pluviais para que possa ser aplicadas técnicas para conter o processo erosivo que inclusive acontece dentro da cidade do município.","GO_ALX_SR_01_CPRM.pdf,GO_ALX_SR_02_CPRM.pdf,Mapeamento de Riscos Geológicos do Município de Alexânia_ GO v_FINAL.pdf"
2025 Disclosure Cycle,779465,CDP,840925,Prefeitura de Indiaroba,City,Latin America,Brazil,Public,Q11.1,Use this field to provide any additional information or context that you feel is relevant to your jurisdiction's response. Please note that this field is optional and is not scored/assessed.,1,,"O município avançou com a substituição de lâmpadas de vapor de mercúrio por led, na sede do município e povoados.\n",
2025 Disclosure Cycle,779465,CDP,840926,Prefeitura de Serra Talhada,City,Latin America,Brazil,Public,Q11.1,Use this field to provide any additional information or context that you feel is relevant to your jurisdiction's response. Please note that this field is optional and is not scored/assessed.,1,,A juridição possui uma praça publica funcionando com energia renovavel,projeto sala verde.docx
2025 Disclosure Cycle,779465,CDP,840927,Prefeitura de São Cristóvão,City,Latin America,Brazil,Public,Q11.1,Use this field to provide any additional information or context that you feel is relevant to your jurisdiction's response. Please note that this field is optional and is not scored/assessed.,1,,"Além de todas as informações descritas nos itens anteriores, existe um projeto em curso, fase de licitação, para adequação urbanística do centro histórico. Incluindo toda parte de saneamento e cobrindo áreas vulneráveis socioambiental. Existe também uma série de projetos escritos que estão unificados em um livro. Segue em anexo. Cabe ressaltar que este projeto foi contemplado no Projeto do governo federal, Periferia Viva pelo novo PAC.",
2025 Disclosure Cycle,779465,CDP,840931,Prefeitura de Cordeirópolis,City,Latin America,Brazil,Public,Q11.1,Use this field to provide any additional information or context that you feel is relevant to your jurisdiction's response. Please note that this field is optional and is not scored/assessed.,1,," \nO Decreto nº 6.920\nde 06 de dezembro de 2024, que trata do plano Local de ações climáticas será revisado e aplicado como projeto de Lei. \nAlgumas informações foram retiradas do questionário por não conter dados municipais atualizados dos últimos 2 anos.\nEsta gestão se compromete as melhorias quanto as ações que visam o enfrentamento às mudanças climáticas. \n",
2025 Disclosure Cycle,779465,CDP,840936,Prefeitura de Guanhães,City,Latin America,Brazil,Public,Q11.1,Use this field to provide any additional information or context that you feel is relevant to your jurisdiction's response. Please note that this field is optional and is not scored/assessed.,1,,Reflorestamento e cercamento de nascentes nas comunidades rurais,
2025 Disclosure Cycle,779465,CDP,841491,Muar Municipal Council,City,South East Asia & Oceania,Malaysia,Public,Q11.1,Use this field to provide any additional information or context that you feel is relevant to your jurisdiction's response. Please note that this field is optional and is not scored/assessed.,1,,Muar joint Low Carbon Cities 2030 Challange\nAn initiative under the Low Carbon\nCities Framework (LCCF) launched by the\nFederal Government on 23 July 2019.\nUsing LCCF as the main reference\ndocument.\nReceived a Diamond Award on 7 Feb 2024 for Bandar Maharani Low Carbon Zone for successfully reducing greenhouse gases by 14.12% since 2019 equal to 759.88 tCO2eq and has succeeded in increasing the carbon absorption potential by 1.88% to 32.45tCO2eq/year,
2025 Disclosure Cycle,779465,CDP,841525,Blackburn with Darwen Borough Council,City,UKWW,United Kingdom,Public,Q11.1,Use this field to provide any additional information or context that you feel is relevant to your jurisdiction's response. Please note that this field is optional and is not scored/assessed.,1,,None,
2025 Disclosure Cycle,779465,CDP,841955,Hammersmith and Fulham London Borough Council,City,UKWW,United Kingdom,Public,Q11.1,Use this field to provide any additional information or context that you feel is relevant to your jurisdiction's response. Please note that this field is optional and is not scored/assessed.,1,,Please see attached the calculations for: Row 2 (6.1.1.22) Emissions covered by target in most recent inventory (metric tonnes CO2e)\t ,CDP - Question 6 - HF carbon audit tables 2019-25.xlsx
2025 Disclosure Cycle,779465,CDP,841976,Dhulikhel Municipality,City,India,Nepal,Public,Q11.1,Use this field to provide any additional information or context that you feel is relevant to your jurisdiction's response. Please note that this field is optional and is not scored/assessed.,1,,In the process of formulating LAPA from ICLEI South Asia support. Next year we will implement LAPA. we will able to implement the interventions identified on LAPA report\n,
2025 Disclosure Cycle,779465,CDP,842012,"City of Burlington, ON",City,North America,Canada,Public,Q11.1,Use this field to provide any additional information or context that you feel is relevant to your jurisdiction's response. Please note that this field is optional and is not scored/assessed.,1,,"Please note that we uploaded our Science Based Target calculations in two places. Under section 3 along with the emissions inventory, as well as in section 8 along with our climate plans. We would recommend including a spot in section 6 under Targets for mitigation to upload the info for a science based target - it would seem to be a logical location to include this data.","Burlington-ON-CA Science Based Targets Summary, 2025 CAP.xlsx"
2025 Disclosure Cycle,779465,CDP,843537,Shropshire Council,City,UKWW,United Kingdom,Public,Q11.1,Use this field to provide any additional information or context that you feel is relevant to your jurisdiction's response. Please note that this field is optional and is not scored/assessed.,1,,https://next.shropshire.gov.uk/climate-action/,"Carbon Monitoring 2024 - Briefing Q&A.pdf,Climate 2024 monitoring Q&As.pdf,Climate 2025 monitoring Q&As.pdf,Climate Strategy 2024 Monitoring Report_DRAFT.pdf,Climate Strategy 2025 Monitoring Report_DRAFT.pdf,Climate Strategy 2025 Monitoring Report_DRAFT.pdf,Member Training - Climate - June 2025 for circulation.pdf"
2025 Disclosure Cycle,779465,CDP,848125,Oreamuno,City,Latin America,Costa Rica,Public,Q11.1,Use this field to provide any additional information or context that you feel is relevant to your jurisdiction's response. Please note that this field is optional and is not scored/assessed.,1,,Bandera Azul Ecologica ,Informe PBAE Municipalidades 2024 Oreamuno .pdf
2025 Disclosure Cycle,779465,CDP,848126,La Democracia,City,Latin America,Guatemala,Public,Q11.1,Use this field to provide any additional information or context that you feel is relevant to your jurisdiction's response. Please note that this field is optional and is not scored/assessed.,1,,"Nombre del proyecto:\nSistema de gestión de residuos sólidos y el desarrollo de pymes de economía circular en el departamento de Escuintla.\n2\nEntidad de Estado solicitante:\nMancomunidad Sureña para el Desarrollo Integral -MASUR-\n3\nDescripción del proyecto:\nEl proyecto de \'Sistema de gestión de residuos sólidos y el desarrollo de pymes\nde economía circular\' para los municipios miembros de MASUR en el departamento de Escuintla, se busca establecer un modelo de negocios para la gestión y tratamiento de residuos y desechos sólidos en la región. Este modelo tiene como objetivo mitigar los impactos ambientales y de salubridad generados por los residuos, y a la vez, crear oportunidades de empleo para la población a través del desarrollo de emprendimientos de economía circular",PERFIL DE PROYECTO SGIRDS-MASUR_organized.pdf
2025 Disclosure Cycle,779465,CDP,848135,San Pedro de la Paz,City,Latin America,Chile,Public,Q11.1,Use this field to provide any additional information or context that you feel is relevant to your jurisdiction's response. Please note that this field is optional and is not scored/assessed.,1,,"Respecto de las acciones. se informa que estamos en proceso de ejecución de las medidas, por lo cual no es posible cuantificar el éxito o no de estas. Se espera que el año 2026 tengamos un avance respecto de esto.\n\n",
2025 Disclosure Cycle,779465,CDP,848476,Municipalidad de Cañas,City,Latin America,Costa Rica,Public,Q11.1,Use this field to provide any additional information or context that you feel is relevant to your jurisdiction's response. Please note that this field is optional and is not scored/assessed.,1,,Proyecto en inicio de ejecución SIMATH (Sistema de Monitoreo y Alerta Temprana Hidroambiental),Sistema de Monitoreo y Alerta Temprana Hidroambiental de Cañas.pdf
2025 Disclosure Cycle,779465,CDP,848564,City of Zadar,City,Europe,Croatia,Public,Q11.1,Use this field to provide any additional information or context that you feel is relevant to your jurisdiction's response. Please note that this field is optional and is not scored/assessed.,1,,No further information,
2025 Disclosure Cycle,779465,CDP,848950,Ushuaia,City,Latin America,Argentina,Public,Q11.1,Use this field to provide any additional information or context that you feel is relevant to your jurisdiction's response. Please note that this field is optional and is not scored/assessed.,1,,NO HAY,
2025 Disclosure Cycle,779465,CDP,848981,City of Ormoc,City,South East Asia & Oceania,Philippines,Public,Q11.1,Use this field to provide any additional information or context that you feel is relevant to your jurisdiction's response. Please note that this field is optional and is not scored/assessed.,1,,none,
2025 Disclosure Cycle,779465,CDP,848998,Villa de Merlo,City,Latin America,Argentina,Public,Q11.1,Use this field to provide any additional information or context that you feel is relevant to your jurisdiction's response. Please note that this field is optional and is not scored/assessed.,1,,no hay,
2025 Disclosure Cycle,779465,CDP,849039,Ceres (Argentina),City,Latin America,Argentina,Public,Q11.1,Use this field to provide any additional information or context that you feel is relevant to your jurisdiction's response. Please note that this field is optional and is not scored/assessed.,1,,no hay,
2025 Disclosure Cycle,779465,CDP,850305,Prefeitura de Joaçaba,City,Latin America,Brazil,Public,Q11.1,Use this field to provide any additional information or context that you feel is relevant to your jurisdiction's response. Please note that this field is optional and is not scored/assessed.,1,,SEM INFORMAÇÕES ADICIONAIS ,
2025 Disclosure Cycle,779465,CDP,850566,Prefeitura de Piraquara,City,Latin America,Brazil,Public,Q11.1,Use this field to provide any additional information or context that you feel is relevant to your jurisdiction's response. Please note that this field is optional and is not scored/assessed.,1,,Temos dentro do município a comissão ODS onde uma equipe multidisciplicar composta por funcionários da jurisdição e a sociedade civil em uma nova agenda de desenvolvimento. Buscando o avanço para soluções dos comprimentos de metas e indicadores propostos na agenda 2030 para diminuirmos os impactos causados e termos assim um município melhor e mais sustentável.,"Lei Ordinária 2353 2023 de Piraquara PR Comissão ODS.pdf,Relatório Missão ODS-Piraquara.pdf"
2025 Disclosure Cycle,779465,CDP,850585,Municipality of Ambato,City,Latin America,Ecuador,Public,Q11.1,Use this field to provide any additional information or context that you feel is relevant to your jurisdiction's response. Please note that this field is optional and is not scored/assessed.,1,,"Actualmente, el cantón Ambato se encuentra en proceso de actualización de su Agenda Ambiental 2024-2029. Este documento técnico incluye un diagnóstico detallado de los componentes biótico, abiótico, social y climático, además de la identificación de conflictos ambientales relevantes. A través de este instrumento, se han definido proyectos estratégicos orientados a la conservación de ecosistemas, mejora de la calidad ambiental, gestión del riesgo climático y fortalecimiento de la educación ambiental. Esta planificación será clave para orientar las políticas públicas locales y dar seguimiento a las metas ambientales y climáticas de la jurisdicción.",FASE1_DIAGNOSTICO_AACA (V4)-signed-signed-signed-signed-signed-signed-2.pdf
2025 Disclosure Cycle,779465,CDP,852445,"Gainesville, FL",City,North America,United States of America,Public,Q11.1,Use this field to provide any additional information or context that you feel is relevant to your jurisdiction's response. Please note that this field is optional and is not scored/assessed.,1,,These attachments give more context to our science based model and the documents we have for public communication of our climate and ecosystem goals,climate-resiliency-plan-adopted (2).pdf
2025 Disclosure Cycle,779465,CDP,852466,South Gloucestershire Council,City,UKWW,United Kingdom,Public,Q11.1,Use this field to provide any additional information or context that you feel is relevant to your jurisdiction's response. Please note that this field is optional and is not scored/assessed.,1,,N/A,
2025 Disclosure Cycle,779465,CDP,854050,"City of Nanaimo, BC",City,North America,Canada,Public,Q11.1,Use this field to provide any additional information or context that you feel is relevant to your jurisdiction's response. Please note that this field is optional and is not scored/assessed.,1,,"The City of Nanaimo is somewhat unique in developing and monitoring sustainability policy. As noted in previous answers, Nanaimo was the first City in North America to endorse the Doughnut Economics model as the City's guiding framework. Doughnut economics provides a framework for sustainable development, ensuring that those in need are cared for, the environment is protected and business can flourish — while making the city livable for all. The “doughnut” consists of two concentric rings. The first ring is the social foundation, as defined by the United Nations' Sustainable Development Goals, to ensure no one falls short on life's essentials. The second ring is the environmental ceiling, as determined by credible scientists, to ensure that humanity does not exceed the natural boundaries that protect Earth's life-supporting systems. The hole in the middle of the doughnut is where those lacking the basic requirements of life reside.\n\nThis concept framed the development of City Plan, Nanaimo's key policy document which included the Official Community Plan, Transportation Master Plan, Parks Master Plan and both the Climate Action Plan and Climate Change Resiliency Strategy into one document. The adoption of City Plan in 2022, was followed by Council's endorsement of the Integrated Action Plan in 2023 which prioritizes actions necessary to implement City Plan goals and policies; and finally, by the Monitoring Strategy in 2024, which monitors the City's progress towards ensuring the City is living within the inner boundary of the Doughnut Economic framework. The monitoring strategy itself uses a unique framework, known as the Multi-Capital Scorecard. The monitoring strategy monitors a number of areas of impact, including many related to climate change and sustainability. The strategy includes both 'key indicators' which tell us tell us how the City is doing at a high-level and how close or\nhow far we are to defined goals or aspirations and 'supportive indicators' tell us how the City is doing in a specific area and can\nshow us over time if we are moving in the right direction. While supportive indicators include traditional targets, for key indicators targets are replaced with 'sustainability end goals' which are \'quantified science- or ethics-based goals or aspirations that take into account environmental limits and a basic standard of wellbeing that all\nresidents have a claim of achieving\'. During the CDP reporting we included both indicator types related to key sustainability impacts as well as progress on key actions. We realize the unique structure of Nanaimo's monitoring strategy may not translate well into the CDP reporting framework. We feel Nanaimo's policy, action and monitoring strategy is an effective way to achieve our sustainability goals. Nanaimo City Plan, including the Integrated Action Plan and Monitoring Strategy recently received a award of excellence in Sustainability from the Union of British Columbia municipalities. The Monitoring strategy is now complete and can be found here:\nhttps://www.nanaimo.ca/property-development/sustainability/the-monitoring-strategy",
2025 Disclosure Cycle,779465,CDP,859095,Mizuho Town,City,Japan,Japan,Public,Q11.1,Use this field to provide any additional information or context that you feel is relevant to your jurisdiction's response. Please note that this field is optional and is not scored/assessed.,1,,特にありません,
2025 Disclosure Cycle,779465,CDP,859097,Yamato City,City,Japan,Japan,Public,Q11.1,Use this field to provide any additional information or context that you feel is relevant to your jurisdiction's response. Please note that this field is optional and is not scored/assessed.,1,,本市では、温室効果ガス排出量削減にかかるdisclosureはもとより、実際の削減においても、他に比して優れた成果を上げてきています。,
2025 Disclosure Cycle,779465,CDP,859167,Imabari City,City,Japan,Japan,Public,Q11.1,Use this field to provide any additional information or context that you feel is relevant to your jurisdiction's response. Please note that this field is optional and is not scored/assessed.,1,, \n,
2025 Disclosure Cycle,779465,CDP,860640,Junta Intermunicipal de Medio Ambiente Altos Norte (JIAN),City,Latin America,Mexico,Public,Q11.1,Use this field to provide any additional information or context that you feel is relevant to your jurisdiction's response. Please note that this field is optional and is not scored/assessed.,1,,"Fortalezas de la JIAN\nModelo de gobernanza intermunicipal reconocido por el Estado, que coordina a 8 municipios de Altos Norte.\n\nCobertura territorial amplia (8,554 km², 10.8% de Jalisco), lo que le da peso estratégico en políticas regionales.\n\nCapacidad técnica instalada: viveros forestales activos en San Diego y Villa Hidalgo, brigadas de restauración, humedales artificiales en operación.\n\nDiversificación de acciones ambientales: cambio climático, agua, residuos, biodiversidad, cultura ambiental, manejo del fuego.\n\nExperiencia en restauración y adaptación: con base en los árboles plantados, reúso de agua en humedales, ganadería regenerativa.\n\nArticulación con academia y sociedad civil: convenios con universidades (UdeG, UNIVA, U. Querétaro, CIESAS), Club Rotario, asociaciones y productores.\n\nRelaciones con sector privado y cooperación internacional: apoyo de empresas (DIAGEO, Reyma), participación en COBIOCOM, presencia en foros internacionales (UCO - Colombia).\n\nTransparencia y rendición de cuentas: auditorías externas, sesiones de Junta de Gobierno, participación ciudadana incipiente.\n\nMonitoreo y conservación de especies emblemáticas (Águila Real, aves migratorias), que generan visibilidad e interés global.\n\nCapacidad de comunicación social: presencia en medios, blog institucional, ferias y festivales culturales.\n\nOportunidades para la JIAN\nAcceso a financiamiento climático internacional gracias a su modelo intermunicipal y sus reportes de cambio climático.\n\nConsolidación de una estrategia de economía circular (caravana al reciclaje, compostaje, acopio de electrónicos) con potencial de escalar regionalmente.\n\nDesarrollo de proyectos productivos sostenibles (ej. floricultura en humedales, ganadería regenerativa, aprovechamiento de residuos).\n\nExpansión de áreas de conservación voluntaria (ADVC) y corredores biológicos.\n\nFortalecer el vínculo con municipios en transición política (presidentes electos) para asegurar continuidad institucional.\n\nInnovación tecnológica en gestión de recursos hídricos (captación de lluvia, monitoreo de calidad de agua, humedales multifuncionales).\n\nAmpliar educación ambiental formal en escuelas, con programas regionales vinculados a ODS y cambio climático.\n\nPosicionarse como referente regional en adaptación al cambio climático en zonas semiáridas, articulando experiencias con otras Juntas (JIRA, JINOR, etc.).\n\nAprovechar alianzas público-privadas para proyectos de energía limpia, movilidad sustentable y compras verdes.\n\nIncidir en políticas públicas estatales y federales sobre residuos, agua y biodiversidad desde la experiencia territorial.\n\nLa JIAN combina fortalezas técnicas, de gobernanza y de alianzas con oportunidades de financiamiento, innovación y posicionamiento regional/internacional, lo que la coloca en un punto estratégico para consolidar su papel como referente de sustentabilidad en el Altos Norte.",
2025 Disclosure Cycle,779465,CDP,861790,Wokingham Borough Council,City,UKWW,United Kingdom,Public,Q11.1,Use this field to provide any additional information or context that you feel is relevant to your jurisdiction's response. Please note that this field is optional and is not scored/assessed.,1,,,
2025 Disclosure Cycle,779465,CDP,862419,Sumbawa Regency,City,South East Asia & Oceania,Indonesia,Public,Q11.1,Use this field to provide any additional information or context that you feel is relevant to your jurisdiction's response. Please note that this field is optional and is not scored/assessed.,1,,"Rehabilitation of Raberas TPA towards Sanitary Landfill. Rehabilitation of the Raberas Final Processing Site (TPA) in Sumbawa Regency is extremely urgent given the current situation, which still uses an open dumping system, namely the direct disposal of waste without adequate management. This practice poses various environmental and health risks, including soil, water, and air pollution due to leachate and methane gas, as well as an increased potential for disease in communities around the landfill site. Furthermore, open dumping accelerates land degradation and reduces the landfill's useful life, thus limiting waste management capacity. Rehabilitation of the Raberas TPA is crucial to transform the landfill into a controlled and environmentally friendly waste management facility, for example through the construction of a sanitary landfill system, a leachate treatment plant, and the utilization of methane gas for energy. This effort also supports programs to reduce greenhouse gas emissions from the waste sector, improve environmental quality, and support sustainable development in Sumbawa Regency.",RAB TPST Sumbawa - 2024 pdf(1).PDF
2025 Disclosure Cycle,779465,CDP,862504,Posadas,City,Latin America,Argentina,Public,Q11.1,Use this field to provide any additional information or context that you feel is relevant to your jurisdiction's response. Please note that this field is optional and is not scored/assessed.,1,,no hay\n,
2025 Disclosure Cycle,779465,CDP,862520,Surrey County Council,City,UKWW,United Kingdom,Public,Q11.1,Use this field to provide any additional information or context that you feel is relevant to your jurisdiction's response. Please note that this field is optional and is not scored/assessed.,1,,n/a,
2025 Disclosure Cycle,779465,CDP,862932,"Superior, CO",City,North America,United States of America,Public,Q11.1,Use this field to provide any additional information or context that you feel is relevant to your jurisdiction's response. Please note that this field is optional and is not scored/assessed.,1,,"In June 2024, the Town of Superior launched its Sustainability Action Plan Dashboard. This public-facing platform presents updates on the 100+ goals, actions, and key performance indicators found in the Sustainability Action Plan, and will be updated quarterly. This dashboard is a key component in the Sustainability team's goal to ensure that the Town's sustainability metrics are measured, maintained, and publicly transparent to increase Town accountability and residents' knowledge. Link: https://www.sustainability.superiorcolorado.gov",
2025 Disclosure Cycle,779465,CDP,862949,Latacunga,City,Latin America,Ecuador,Public,Q11.1,Use this field to provide any additional information or context that you feel is relevant to your jurisdiction's response. Please note that this field is optional and is not scored/assessed.,1,,"Propuesta de modelo de gestión de cambio climático en el GAD Latacunga y hoja de ruta para su implementación, mediante este modelo la municipalidad trabajara con una visión amplia en materia de cambio climático con la participación de todas las direcciones de una manera transversal.","29.05.2024_Productos 3 y 4 _Modelo de gestion Latacunga.pdf,Anexo 1_Hoja de ruta.pdf"
2025 Disclosure Cycle,779465,CDP,862953,"District of North Vancouver, BC",City,North America,Canada,Public,Q11.1,Use this field to provide any additional information or context that you feel is relevant to your jurisdiction's response. Please note that this field is optional and is not scored/assessed.,1,," In 2024 the District approved updates to the EV charging infrastructure requirements for new construction that became effective on July 1, 2025. The update increases the requirements for parking spaces that are equipped with energized outlets capable of providing Level 2 charging or higher for new residential, industrial and hotel developments to support increasing demand for EV charging. The Climate Ready Rezoning Policy, adopted in 2022, outlines the District's expectations for low-carbon, climate resilient buildings and applies to large developments seeking rezoning. This includes measures to account for and address embodied emissions and to ensure cooling is provided in multi-family residential buildings. The District is developing a Nature and Biodiversity Strategy to protect, restore and enhance ecosystems in the community. The District's Demolition Waste Reduction Bylaw requires builders to deconstruct homes built prior to 1950 and salvage wood for reuse. In 2024, the District collaborated with the City of North Vancouver, the District of West Vancouver, and North Shore Emergency Management (NSEM) to create the Disaster and Climate Risk and Resilience Assessment (DCRRA) as a part of the North Shore Resilience Strategy. This project was led by NSEM and includes a comprehensive risk assessment, impact modeling, and evaluates the highest priority hazards on the North Shore. The District is also taking action to improve climate resilience of corporate operations. The District's operations team uses warm-mix asphalt for all new paving projects and road maintenance to reduce energy usage and emissions. In 2023, the District approved the Climate Ready Municipal Buildings Policy to guide sustainable design and construction of District-owned buildings. ","Bylaw 8582.pdf,EV-strategy-2024.pdf,climate-ready-rezoning-policy.pdf"
2025 Disclosure Cycle,779465,CDP,863000,Lo Barnechea,City,Latin America,Chile,Public,Q11.1,Use this field to provide any additional information or context that you feel is relevant to your jurisdiction's response. Please note that this field is optional and is not scored/assessed.,1,,Sin información adicional,Planilla Seguimiento PACCC 2025.xlsx
2025 Disclosure Cycle,779465,CDP,863190,Renca,City,Latin America,Chile,Public,Q11.1,Use this field to provide any additional information or context that you feel is relevant to your jurisdiction's response. Please note that this field is optional and is not scored/assessed.,1,,No hay información adicional.,No hay información adicional.pdf
2025 Disclosure Cycle,779465,CDP,863202,Trenggalek Regency,City,South East Asia & Oceania,Indonesia,Public,Q11.1,Use this field to provide any additional information or context that you feel is relevant to your jurisdiction's response. Please note that this field is optional and is not scored/assessed.,1,,-,
2025 Disclosure Cycle,779465,CDP,866887,"City of Bexley, OH",City,North America,United States of America,Public,Q11.1,Use this field to provide any additional information or context that you feel is relevant to your jurisdiction's response. Please note that this field is optional and is not scored/assessed.,1,,The City's Sustainability Action Plan should be passed in early 2026. More information can be found at bexley.org/sap. \nThe City of Bexley Strategic Plan can be found at https://www.dropbox.com/scl/fi/tver6nuzr6ahb8yv7vvfe/2023-Strategic-Plan-rev-8.pdf?rlkey=ec6rifiod3eqbtyraqbxq1a58&e=1&dl=0,
2025 Disclosure Cycle,779465,CDP,866890,"City of Prairie Village, KS",City,North America,United States of America,Public,Q11.1,Use this field to provide any additional information or context that you feel is relevant to your jurisdiction's response. Please note that this field is optional and is not scored/assessed.,1,,Prairie Village purchases RECs to help offset GHG emissions.,CertificateOfRetirementAgg_41.pdf
2025 Disclosure Cycle,779465,CDP,866900,Delicias,City,Latin America,Mexico,Public,Q11.1,Use this field to provide any additional information or context that you feel is relevant to your jurisdiction's response. Please note that this field is optional and is not scored/assessed.,1,,Sin información adicional,
2025 Disclosure Cycle,779465,CDP,867322,Prefeitura de Itabirito,City,Latin America,Brazil,Public,Q11.1,Use this field to provide any additional information or context that you feel is relevant to your jurisdiction's response. Please note that this field is optional and is not scored/assessed.,1,,Anexos do Decreto Municipal e a lei do PSA;\nPlac Itabirito;\nPlano da Mata Atlântica;\nApresentação Estudos Preliminares Parque Linear,
2025 Disclosure Cycle,779465,CDP,891180,Prefeitura de Serra,City,Latin America,Brazil,Public,Q11.1,Use this field to provide any additional information or context that you feel is relevant to your jurisdiction's response. Please note that this field is optional and is not scored/assessed.,1,,"A Serra é um município populoso, em franca expansão, com grandes áreas industriais permeadas por outras de preservação. Projetos para mitigação e adaptação climática permitirão que o município se desenvolva de forma sustentável, atraindo investimentos verdes e propiciando à população emprego, renda, em um ambiente preservado.",
2025 Disclosure Cycle,779465,CDP,894049,San José de la Esquina,City,Latin America,Argentina,Public,Q11.1,Use this field to provide any additional information or context that you feel is relevant to your jurisdiction's response. Please note that this field is optional and is not scored/assessed.,1,,no hay,
2025 Disclosure Cycle,779465,CDP,895655,Dhankuta,City,India,Nepal,Public,Q11.1,Use this field to provide any additional information or context that you feel is relevant to your jurisdiction's response. Please note that this field is optional and is not scored/assessed.,1,,,urr-dhankuta-web.pdf
2025 Disclosure Cycle,779465,CDP,895681,Majlis Bandaraya Iskandar Puteri,City,South East Asia & Oceania,Malaysia,Public,Q11.1,Use this field to provide any additional information or context that you feel is relevant to your jurisdiction's response. Please note that this field is optional and is not scored/assessed.,1,,1. This is Majlis Bandaraya Iskandar Puteri GHG Inventory Data 2020 (scaling down based on population by using GHG Iskandar Malaysia GHG Inventory)\n\n2. The CRVA Tool for CDP MBIP 2025,Majlis Bandaraya Iskandar Puteri GHG Inventory Data.pdf
2025 Disclosure Cycle,779465,CDP,896058,Prefeitura de Cruzeiro do Sul - RS,City,Latin America,Brazil,Public,Q11.1,Use this field to provide any additional information or context that you feel is relevant to your jurisdiction's response. Please note that this field is optional and is not scored/assessed.,1,,"A iniciativa “Caminho Sustentável: Transformando o Bairro Novo Passo com Multiplicadores Ambientais”, no município de Cruzeiro do Sul (RS), surge como resposta à catástrofe climática de maio de 2024, que resultou na destruição do bairro Passo de Estrela. \nSeu objetivo é requalificar uma área de risco por meio de soluções sustentáveis e integradas, promovendo adaptação climática e reconstrução urbana segura, inclusiva e resiliente. A proposta envolve a criação de um parque linear multifuncional de 250.000 m², estruturado com Soluções baseadas na Natureza (SbN), e o desenvolvimento do bairro planejado Novo Passo, com área de 335.695 m², destinado ao reassentamento de famílias afetadas.\nMais de 300 famílias serão diretamente beneficiadas, com impacto indireto sobre diversas áreas urbanas vulneráveis de Cruzeiro do Sul. As ações incluem drenagem sustentável, arborização, educação ambiental e capacitação de multiplicadores ambientais locais. A iniciativa baseia-se no zoneamento de risco do Plano Diretor Municipal e articula-se com políticas públicas de habitação, urbanismo, meio ambiente e defesa civil.\nDiferenciais do projeto incluem: articulação inédita entre requalificação ambiental e habitação digna; uso prioritário de infraestruturas baseadas na natureza; transformação de território vulnerável em espaço de convivência e preservação; inspiração nos princípios de cidade resiliente; e potencial de replicação em outros municípios impactados por eventos extremos.\n",
2025 Disclosure Cycle,779465,CDP,900978,Manzanillo,City,Latin America,Cuba,Public,Q11.1,Use this field to provide any additional information or context that you feel is relevant to your jurisdiction's response. Please note that this field is optional and is not scored/assessed.,1,,,"Dialnet-EvaluacionDeLosPrincipalesProblemasAmbientalesExis-6210076.pdf,Vulnerabilidad social ante los impactos de los incendios forestales en Granma, Cuba del 2007 - 2017.pdf"
2025 Disclosure Cycle,779465,CDP,917886,Broxtowe Borough Council,City,UKWW,United Kingdom,Public,Q11.1,Use this field to provide any additional information or context that you feel is relevant to your jurisdiction's response. Please note that this field is optional and is not scored/assessed.,1,,Our Bramcote Crematoriumn recently received a bronze award for outstanding environmental sustainability practices.\n\nPress release here: \nhttps://www.broxtowe.gov.uk/news-events/news/press-releases-2025/august-2025/bramcote-crematorium-achieves-bronze-award-for-outstanding-environmental-sustainability-practices/,
2025 Disclosure Cycle,779465,CDP,917927,North Yorkshire Council,City,UKWW,United Kingdom,Public,Q11.1,Use this field to provide any additional information or context that you feel is relevant to your jurisdiction's response. Please note that this field is optional and is not scored/assessed.,1,,"1.2 - Percentage range of jurisdiction area that is natural or modified terrestrial, freshwater, coastal, and/or marine ecosystem (column 5) North Yorkshire is approximately made up of 24.8% semi-natural habitats. The inclusion of modified environments including allotments, golf courses, gardens and playing fields, increases this figure to 26.8%, but kept it in the same bracket of “21% - 30%”. For ease, land associated with primary food production, which is arable (33.5%) and improved grassland (23%) have not been included, as it is not possible to ascertain their positive biodiversity benefits but are often associated with negative biodiversity benefits (though there are many examples of good practice in our area). Condition is an important aspect with regard to ecosystem service. However, we currently do not have this information available. \n\n2.2.4 Coastal Flooding - * https://assets.publishing.service.gov.uk/media/660447bbf9ab41001aeea41b/Scarborough.pdf\nhttps://www.datanorthyorkshire.org/JSNA/articles/indices-of-deprivation-summary/#:~:text=Scarborough%20continues%20to%20be%20the,it%20was%20in%2083rd%20place.\n",
2025 Disclosure Cycle,779465,CDP,917931,Region of Powys,City,UKWW,United Kingdom,Public,Q11.1,Use this field to provide any additional information or context that you feel is relevant to your jurisdiction's response. Please note that this field is optional and is not scored/assessed.,1,,Powys PSB is not an legal entity - this work is hosted by BBNPA and supported by a range of public partner organisations to deliver a Climate Action Plan. ,
2025 Disclosure Cycle,779465,CDP,918239,City of Reșița,City,Europe,Romania,Public,Q11.1,Use this field to provide any additional information or context that you feel is relevant to your jurisdiction's response. Please note that this field is optional and is not scored/assessed.,1,,www.primariaresita.ro,
2025 Disclosure Cycle,779465,CDP,918264,Municipality of Ilion,City,Europe,Greece,Public,Q11.1,Use this field to provide any additional information or context that you feel is relevant to your jurisdiction's response. Please note that this field is optional and is not scored/assessed.,1,,"Ilion Municipality is taking part in the CDP disclosure project for the first time. We strongly acknowledge the importance of collecting and reporting environmental data both for data-driven decision making and transparency and accountability reasons as well as for tracking our progress towards a climate resilient future. \n\nGiven:\n-\tthe increased workload and the multiple competencies and duties of municipal personnel in Greece, \n-\tthe demanding character of the project and the cost to outsource it, \n-\tthe fact that environmental data are scattered in many different sources/ databases\n-\tthe importance of data comparability of different reporting authorities and organizations in order to register and monitor our common progress,\n-\tthe fact that we face gaps and inconsistencies in collecting environmental data, monitoring and updating existing plans and strategies, \n\nwe would very much appreciate if we could have support and guidance in this direction. Data sources/ tools that would gather and make available the most important environmental data broken down at the lowest possible level (municipal/ city level) using AI technology would be very helpful in this direction. In such a case reporting/ disclosing would be easier for all reporting organizations and authorities and would incentivize more to participate in CDP project. Furthermore, we would have a valuable tool to support the everyday functioning of our organization and to support data-driven decision-making from municipal authorities' part. \n\nAs a closing remark, Ilion Municipality would like to express its strong support to the CDP project and our availability to receiving further assistance and guidance in the future.\n",
2025 Disclosure Cycle,779465,CDP,918366,City of Gradiška,City,Europe,Bosnia and Herzegovina,Public,Q11.1,Use this field to provide any additional information or context that you feel is relevant to your jurisdiction's response. Please note that this field is optional and is not scored/assessed.,1,,"The City of Gradiška is strategically committed to evolving into a sustainable, smart city modelled after small Central European cities that balance environmental protection, social development, and technological innovation. The city has developed several strategic documents such as the SECAP, the Development Strategy, the Local Waste Managment Plan, and the Smart Mobility Study.\nSignificant progress has been made through the complete replacement of public lighting with energy-efficient LED technology, and development of a smart city program supported by the implementation of the LoRaWAN network for remote management of public infrastructure, particularly in the sectors of energy efficiency and public lighting.\nAdditionally, the city has successfully constructed a solar power plant at the water source site, enhancing the energy independence and sustainability of the water supply system while reducing its carbon footprint.\nGradiška is actively preparing and designing further projects in the areas of energy efficiency, renewable energy, urban green infrastructure, and sustainable mobility. The city is open to partnerships with international institutions and investors and is seeking financial support through grants and dedicated funding programs to realize its vision of becoming a resilient, green, and smart city aligned with European sustainability standards.",Catalog of Investment Projects.pdf
2025 Disclosure Cycle,779465,CDP,918430,Municipality of Athienou,City,Europe,Cyprus,Public,Q11.1,Use this field to provide any additional information or context that you feel is relevant to your jurisdiction's response. Please note that this field is optional and is not scored/assessed.,1,,"Athienou Municipality is a small, rural community with limited financial and human resources, but with strong commitment to addressing climate change. Despite its size, the Municipality has already implemented important actions, including LED street lighting, photovoltaic installations on public buildings, expanded recycling, and tree planting initiatives. These measures demonstrate that even small jurisdictions can contribute meaningfully to climate mitigation and adaptation.\nA key strength of Athienou is the high level of community engagement. Schools, residents, NGOs, and vulnerable groups are regularly involved in awareness campaigns, environmental activities, and intercultural events such as “Yoga in the Park,” which combine social inclusion with sustainability. This participatory approach ensures that climate action is equitable and inclusive, strengthening resilience at the community level.\nAthienou also benefits from partnerships with national ministries, the Larnaca District Administration, and EU-funded projects such as “SEE THE SEA,” which provide technical expertise and financial support. The Municipality is eager to expand such collaborations in order to deliver larger-scale projects on energy efficiency, water conservation, sustainable mobility, and circular economy.\nIn conclusion, while Athienou faces challenges due to its limited resources, its proactive approach, strong community spirit, and willingness to engage with higher levels of government and international partners provide a solid foundation for future climate action.",
2025 Disclosure Cycle,779465,CDP,918783,City of Békéscsaba,City,Europe,Hungary,Public,Q11.1,Use this field to provide any additional information or context that you feel is relevant to your jurisdiction's response. Please note that this field is optional and is not scored/assessed.,1,,.,
2025 Disclosure Cycle,779465,CDP,918804,City of Budaörs,City,Europe,Hungary,Public,Q11.1,Use this field to provide any additional information or context that you feel is relevant to your jurisdiction's response. Please note that this field is optional and is not scored/assessed.,1,,BUDAÖRS SUSTAINABLE URBAN MOBILITY PLAN,budaors-fenntarthato-varosi-mobilitasi-terve-sump.pdf
2025 Disclosure Cycle,779465,CDP,918805,City of Ajka,City,Europe,Hungary,Public,Q11.1,Use this field to provide any additional information or context that you feel is relevant to your jurisdiction's response. Please note that this field is optional and is not scored/assessed.,1,,"The resilience analysis is available for many major climate-related projects. For example, see the attached doc. ",Klimareziliencia_Ajka_Elheto.pdf
2025 Disclosure Cycle,779465,CDP,924872,"Colón, Entre Rios",City,Latin America,Argentina,Public,Q11.1,Use this field to provide any additional information or context that you feel is relevant to your jurisdiction's response. Please note that this field is optional and is not scored/assessed.,1,,no hay información adicional,
2025 Disclosure Cycle,779465,CDP,929491,Municipalidad de San Lucas Sacatepéquez,City,Latin America,Guatemala,Public,Q11.1,Use this field to provide any additional information or context that you feel is relevant to your jurisdiction's response. Please note that this field is optional and is not scored/assessed.,1,,"Ya se realizó el estudio de gases de efecto invernadero, pronto se podrá poner a disponibilidad dicho estudio. ",
2025 Disclosure Cycle,779465,CDP,929501,Algarrobo,City,Latin America,Chile,Public,Q11.1,Use this field to provide any additional information or context that you feel is relevant to your jurisdiction's response. Please note that this field is optional and is not scored/assessed.,1,,El Plan Comunal de Cambio Climático debiese aprobarse en el mes de octubre por lo cual cuando esté aprobado se subirá la versión final.\n\n\n,PPT PACCC Comisión de Medio Ambiente 15.sept25.pptx (1).pdf
2025 Disclosure Cycle,779465,CDP,929965,Çorlu Belediyesi,City,UKWW,Türkiye,Public,Q11.1,Use this field to provide any additional information or context that you feel is relevant to your jurisdiction's response. Please note that this field is optional and is not scored/assessed.,1,,"Çorlu Municipality's SECAP plan is aligned with the target of reducing greenhouse gas emissions by 40% by 2030 and covers the energy, transportation, buildings, waste management, and water sectors. The implementation of the plan is expected to reduce a total of 220,000 tons of CO₂ equivalent emissions. Under the Municipality's 2020-2024 Strategic Plan, energy efficiency investments are expected to achieve annual energy savings of approximately 10%, while the 2025-2029 Strategic Plan aims to increase the share of renewable energy to 20% of total consumption. In the field of waste management, plans include increasing the recycling rate from 11% to 25%, expanding source separation activities, and increasing biogas production. Furthermore, the goal is to increase urban resilience through disaster risk management and climate adaptation efforts; public health and social welfare are protected by developing early warning systems against floods, extreme temperatures, and air pollution. These targets are consistent with the national Climate Change Strategy and the EU Green Deal, offering additional benefits such as contributing to local development, creating employment, and reducing energy costs. With its climate-friendly city vision, Çorlu Municipality is progressing in parallel with national contribution statements (NDCs) and international climate targets, actively contributing to the global sustainability agenda.","2025--2029-yili-stratejik-plan_05112024135905.pdf,stratejik-plan_26112019160601.pdf,ÇORLU SECAP.pdf"
2025 Disclosure Cycle,779465,CDP,929994,Uskudar Municipality,City,UKWW,Türkiye,Public,Q11.1,Use this field to provide any additional information or context that you feel is relevant to your jurisdiction's response. Please note that this field is optional and is not scored/assessed.,1,,"As Üsküdar Municipality, we have adopted the “Vision Üsküdar” approach, a comprehensive strategic planning process in line with our district's 2050 vision. Within this framework, we reflect the foundations we lay today with the goal of a sustainable future in our daily policies and investments.\nWith the Vision Üsküdar approach, we ensure the effective and efficient use of resources with a holistic perspective that integrates all critical areas such as urban transformation, environmental management, social policy, and technology. In this way, we aim to support economic development while preserving ecological balance and social welfare.\nIn line with the goal of a disaster-resilient city, we are establishing the “Üsküdar is Renewing Platform” and making the urban transformation process economically sustainable. We are working to empower disadvantaged groups that are most affected during times of crisis. Accordingly, the Üsküdar Municipality Disaster Management Directorate was established in 2025.\n Under the coordination of the “Üsküdar Renewal Platform” and the Disaster Management Department, work is planned on many issues, such as disaster risk management and early warning systems, green infrastructure and natural solutions, energy efficiency and renewable energy use, sustainability in urban transformation, and reducing the carbon footprint. Thus, the goal is for our district to achieve a climate-resilient and sustainable structure.\nWe view education, technology, and entrepreneurship support for disadvantaged youth and women not as social assistance, but as fundamental tools for social and sustainable development. With this approach, we aim to increase economic independence and social resilience rather than alleviating poverty with temporary support. In addition, the number of female employees within our municipality has tripled.\nÜsküdar occupies an important position with its rich historical heritage, and the district has many cultural heritage elements of different types, such as the Maiden's Tower, tekkes, statues, fountains, mosques, tombs, and pavilions. Among these structures, there are 975 registered historical buildings, and there are also thousands of unregistered historical buildings in the district.\nDue to the density of historical structures and its tourist appeal, Üsküdar is an important destination. Istanbul hosts a record number of tourists during the summer months, welcoming a total of 5,345,835 tourists in June, July, and August 2024. This density is also reflected in Üsküdar.\nOur analysis based on TÜİK data shows that 10-20% of tourists visiting Istanbul during the summer months visit Üsküdar, and according to this, the estimated number of visitors to Üsküdar is around 1,069,167 people. At this point, the protection of historical heritage comes to the fore among the measures to be taken against the climate crisis. \nÜsküdar attracts attention not only with its historical and cultural heritage but also with its natural riches. The monumental trees within the district boundaries represent a living heritage that has survived from the past to the present day, preserving the city's ecological memory. Furthermore, bird watching spots and natural habitats along the coastline provide opportunities for both the preservation of biological diversity and the integration of city residents with nature. In this context, as Üsküdar Municipality, we are determinedly continuing our efforts to strengthen green infrastructure, protect natural resources, and pass them on to future generations.",
2025 Disclosure Cycle,779465,CDP,930073,Quang Binh Province,City,South East Asia & Oceania,Viet Nam,Public,Q11.1,Use this field to provide any additional information or context that you feel is relevant to your jurisdiction's response. Please note that this field is optional and is not scored/assessed.,1,,"Quảng Bình Province is deeply committed to advancing its climate resilience and sustainability goals, ensuring that our strategies are fully aligned with Vietnam's National Climate Change Strategy to 2050, as well as key international frameworks such as the Paris Agreement and the United Nations Sustainable Development Goals (SDGs). As a coastal province in central Vietnam, Quảng Bình faces significant vulnerabilities to climate change impacts, including frequent typhoons, heavy rainfall leading to flash floods, riverine and urban flooding, drought, saline intrusion, coastal erosion, and rising sea levels. These hazards not only threaten our natural ecosystems—such as the UNESCO-listed Phong Nha-Ke Bang National Park and extensive mangrove forests—but also impact the livelihoods of our 924,757 residents (as of 2024), particularly in rural and coastal communities where agriculture, fisheries, and tourism are primary economic drivers. In response, our CDP submission highlights a holistic approach that integrates nature-based solutions (NbS), resilient infrastructure development, and robust community engagement into all aspects of provincial planning, budgeting, and implementation.\n\nOur governance structures reflect a strong emphasis on climate oversight, with the Provincial People's Committee (PPC) leading the charge through dedicated committees, management-level responsibilities, and integration of climate considerations into performance objectives, risk management policies, and major capital expenditures. For instance, we have established Provincial Project Management Units (PPMUs) to coordinate with departments like Agriculture and Environment, ensuring that climate-related issues inform everything from socio-economic master plans to sectoral strategies in agriculture, water resources, forestry, and urban development. This institutional framework has enabled us to develop and implement key initiatives, such as the Provincial Climate Change Action Response Plan for 2025-2030 with a vision to 2050, which builds on national directives like Decision No. 896/QD-TTg and incorporates projects under the VN-SIPA II program supported by GIZ and the International Climate Initiative (IKI).\n\nRecent collaborations have been pivotal in translating these plans into tangible actions. Partnerships with international organizations such as the United Nations Development Programme (UNDP), the Green Climate Fund (GCF), the Asian Development Bank (ADB), and the German Agency for International Cooperation (GIZ) have facilitated pilot projects that demonstrate innovative approaches to adaptation and mitigation. Notable examples include the construction of climate-resilient housing for poor and near-poor households in coastal districts, featuring flood-proof designs like raised mezzanines and reinforced roofing, which have already benefited hundreds of families and reduced disaster recovery costs. In urban areas, such as Đồng Hới City, we are advancing ecosystem-based adaptation through sustainable drainage systems, green infrastructure, and flood management initiatives funded under ADB's Urban Environment and Climate Change Adaptation Project. Additionally, nature-based solutions in communes like Tuyên Hóa, Bố Trạch, and Minh Hóa are promoting climate-smart agriculture, community-based forest management, and mangrove restoration, enhancing biodiversity while providing natural buffers against storms and erosion.\n\nOn the mitigation front, Quảng Bình is positioning itself as a renewable energy hub in Vietnam's central region. Our Provincial Master Plan for 2021-2030, with a vision to 2050, targets over 6,000 MW of renewable capacity by mid-century, dominated by wind and solar power. Current progress includes operational solar plants contributing around 380 MW, with ambitious proposals like Vingroup's 3,000 MW nearshore wind project underway, which could attract up to USD 3.9 billion in investment and significantly reduce greenhouse gas emissions. These efforts align with national targets for methane reduction in livestock and overall emissions cuts, while fostering green jobs and economic diversification.\n\nDespite these advancements, Quảng Bình acknowledges ongoing challenges that require continued attention. Securing sustained financing remains a key hurdle, as many projects rely on external ODA and grants, with provincial budgets stretched across competing priorities. Enhancing institutional capacity for monitoring, evaluation, and data-driven decision-making is another area of focus, particularly in developing robust M&E systems for river basin monitoring, emissions inventories, and vulnerability assessments. We are also committed to ensuring equitable distribution of benefits, with disaggregated data collection on gender, poverty, and geographic vulnerability guiding our actions to support frontline communities, ethnic minorities, and low-income groups.\n\nLooking ahead, Quảng Bình welcomes further partnerships and investments to scale up these initiatives. Opportunities abound in renewable energy expansion, including offshore wind surveys and grid integration; resilient infrastructure projects like urban drainage and reservoir safety rehabilitation; and community-driven adaptation models that incorporate indigenous knowledge and social equity. By fostering collaborations with national ministries, international donors, private sector investors, NGOs, and academia, we aim to accelerate our transition to a low-carbon, climate-resilient economy. This CDP submission not only reflects our ongoing efforts but also serves as a call to action for collective progress, ensuring that Quảng Bình contributes meaningfully to Vietnam's Nationally Determined Contributions (NDCs) while building a prosperous, inclusive future for all residents. We are grateful for the CDP platform in amplifying our voice and facilitating global knowledge exchange.","2025.6.25 Bao cao Tong hop DGKH tinh Quang Binh_final.pdf,235QĐ banhanh ke hoạch kk tinh Quang BInh.pdf,BC ứng phó BĐKH cho QB 2023 07.12.2023 15h15.pdf"
2025 Disclosure Cycle,779465,CDP,930236,Municipio Manuel Plácido Maneiro,City,Latin America,Venezuela (Bolivarian Republic of),Public,Q11.1,Use this field to provide any additional information or context that you feel is relevant to your jurisdiction's response. Please note that this field is optional and is not scored/assessed.,1,,Mapa de acceso a recursos varios,
2025 Disclosure Cycle,779465,CDP,930254,Thua Thien Hue Province,City,South East Asia & Oceania,Viet Nam,Public,Q11.1,Use this field to provide any additional information or context that you feel is relevant to your jurisdiction's response. Please note that this field is optional and is not scored/assessed.,1,,"Known as the land of the ancient capital with a rich cultural heritage, Thua Thien Hue is also one of the localities most severely impacted by climate change. However, rather than remaining passive, Thua Thien Hue has emerged as a bright spot and one of the leading provinces in Vietnam in addressing and adapting to climate change. In addition to the efforts previously mentioned in this Questionnaire, other notable efforts by Thua Thien Hue include:\n\nImplementation of the Paris Agreement Action Plan (2020)\n•\tThe Provincial People's Committee officially issued the Action Plan to implement the Paris Agreement in Thua Thien Hue under Decision No. 3283/QD-UBND dated December 25, 2020.\n•\tThis plan aligns with the spirit of Decision No. 2053/QD-TTg by the Prime Minister, aiming to reduce greenhouse gas (GHG) emissions, promote green growth, and enhance adaptation capacity.\n•\tKey tasks include: \no\tGHG Emission Reduction: Conducting periodic provincial GHG inventories, developing renewable energy (solar power on the Tam Giang - Cau Hai Lagoon, efficient lighting NAMA, LNG), and promoting afforestation and forest protection.\no\tAdaptation: Developing climate change scenarios, protecting coastal heritage sites, addressing river and coastal erosion, developing flood drainage infrastructure, upgrading reservoirs and the Thao Long Dam, establishing flood warning systems, and planting coastal and mangrove forests.\no\tResource Preparation: Training officials to implement the Paris Agreement, enhancing healthcare capacity to respond to natural disasters, and piloting new climate-adaptive technologies.\no\tMRV System (Measurement, Reporting, Verification): Establishing a provincial system for monitoring, reporting, and verifying GHG emission reductions and adaptation efforts.\n\nDevelopment of Climate-Resilient Agriculture\n•\tPromoting High-Tech and Sustainable Agriculture: \no\tThe city has implemented programs to restructure agriculture toward sustainability and climate change adaptation, focusing on: \n-\tDeveloping high-tech agriculture, organic farming, and production models adhering to VietGap standards.\n-\tSupporting large-scale field models through land consolidation, applying advanced scientific techniques, and developing biosafe livestock farming.\no\tOutcomes: Increased agricultural productivity and quality, enhanced resilience to harsh climate conditions such as droughts and floods, and contributions to ensuring food security.\nUrban Planning and Sustainable Development\n•\tRaising the Elevation of Roads and Buildings: \no\tThe city authorities have prioritized elevating major roads and construction sites, particularly in low-lying areas, to ensure accessibility during floods and reduce the impact of flooding on residential areas.\no\tOutcomes: Urban areas such as Phu Binh, Phu Hoi, and newly developed wards experience reduced flooding impacts, improving accessibility and safety for residents.\n•\tIntegrating Drainage Systems into New Projects: \no\tNew urban and infrastructure projects are required to include drainage systems connected to the city's overall network, ensuring no localized flooding or exacerbation of flooding in surrounding areas.\no\tOutcomes: More sustainable urban development, with reduced flood risks in newly expanded areas like An Van Duong.\n•\tLand Use and Zoning Control: \no\tThe city has implemented measures to regulate urban expansion to protect natural lakes, ponds, and green spaces, which play a critical role in water retention and natural drainage.\no\tOutcomes: Preservation of natural ecosystems like the Tam Giang - Cau Hai Lagoon, contributing to reduced flood risks and the maintenance of biodiversity.\n\nRaising Community Awareness and Education\n•\tPublic Awareness Campaigns on Drainage and Environmental Protection: \no\tThe city has launched local communication campaigns to raise public awareness about waste management, preventing littering in canals, lakes, and natural waterways. This helps reduce drainage system blockages and maintain clear water flow.\no\tOutcomes: Reduced clogging of drainage systems, improved drainage efficiency, and increased community participation in climate change adaptation efforts.\n•\tCollaboration with International Organizations: \no\tHue City has partnered with organizations such as JICA, the World Bank, and the Asian Development Bank to implement climate change response projects. These projects provide not only financial resources but also technology transfer and knowledge sharing.\no\tOutcomes: Enhanced local technical and managerial capacity to address climate challenges, thereby improving the effectiveness of adaptation and mitigation measures.\n\nContributions to National and International Goals\n•\tParticipation in International Agreements: \no\tThrough central government programs, Hue City has contributed to the goals of the United Nations Framework Convention on Climate Change (UNFCCC), the Kyoto Protocol, and the Paris Agreement. Activities include: \n\tImplementing Nationally Appropriate Mitigation Actions (NAMA).\n\tCommitting to reducing greenhouse gas emissions, with a target increase from 8% to 25% with international support.\no\tOutcomes: Contributed to national efforts to keep global temperature rise below 2°C compared to pre-industrial levels, while elevating the city's standing in global initiatives.\n•\tNational Climate Change Strategy: \no\tThe city has actively integrated disaster risk management and climate change adaptation into 90% of its socio-economic development plans, including initiatives for green urban development and sustainable industrial spaces.\no\tOutcomes: Enhanced resilience to climate change, reduced disaster risks, and promotion of sustainable development toward a low-carbon economy.\n\n\n\n","BC cac giai phap noi bat về ứng phó BĐKH.pdf,Các hoạt động giảm phát thải.pdf,Các hoạt động giảm phát thải.pdf,Thị trường carbon.pdf,Ứng phó với BĐKH bao gồm năng lượng, giao thông, ....pdf"
2025 Disclosure Cycle,779465,CDP,930270,Ilustre Municipalidad de Ancud,City,Latin America,Chile,Public,Q11.1,Use this field to provide any additional information or context that you feel is relevant to your jurisdiction's response. Please note that this field is optional and is not scored/assessed.,1,,PLAN DE ACCION COMUNAL DE CAMBIO CLIMATICO,PACCC ANCUD_VF CON MAPAS_180923 (1).pdf
2025 Disclosure Cycle,779465,CDP,930332,"City of Orillia, ON",City,North America,Canada,Public,Q11.1,Use this field to provide any additional information or context that you feel is relevant to your jurisdiction's response. Please note that this field is optional and is not scored/assessed.,1,,NA,
2025 Disclosure Cycle,779465,CDP,930502,San Francisco del Rincón,City,Latin America,Mexico,Public,Q11.1,Use this field to provide any additional information or context that you feel is relevant to your jurisdiction's response. Please note that this field is optional and is not scored/assessed.,1,,Se encuentra en elaboración el Programa de Acción Climática Municial.,
2025 Disclosure Cycle,779465,CDP,930758,City of Srebrenik,City,Europe,Bosnia and Herzegovina,Public,Q11.1,Use this field to provide any additional information or context that you feel is relevant to your jurisdiction's response. Please note that this field is optional and is not scored/assessed.,1,,Strategy of City of Srebrenik: chrome-extension://efaidnbmnnnibpcajpcglclefindmkaj/https://www.srebrenik.ba/wp-content/uploads/2024/11/Strategija-razvoja-Grada-Srebrenika_2024-2027-nacrt.pdf\n\nhttps://www.srebrenik.ba/plan-za-10/,"Strategija-razvoja-Grada-Srebrenika_2024-2027-nacrt.pdf,images_vijesti_2018_20180703_AZURIRANA_Procjena_ugrozenosti_od_prirodnih_i_drugih_nesreca__opstine_SREBRENIK.pdf"
2025 Disclosure Cycle,779465,CDP,931095,Lake District National Park Authority,City,UKWW,United Kingdom,Public,Q11.1,Use this field to provide any additional information or context that you feel is relevant to your jurisdiction's response. Please note that this field is optional and is not scored/assessed.,1,,LDNPA and the LDNPP work closely with the Zero Carbon Cumbria Partnership (ZCCP) that brings together everyone's efforts to reduce carbon emissions in the county. We have aligned and integrated our LDNPP Plan actions and targets with the relevant ZCCP sector emission groups. These are:\n- Buildings\n- Transport and Mobility\n- Farming other Land Use\n- Consumption and Waste\n\nEach sector group emission reduction plan (ERAP) which shows LDNPA and its partner's contributions is attached.\n\nhttps://zerocarboncumbria.co.uk/\n ,"ERAP-Buildings.pdf,ERAP-Consumption-and-Waste.pdf,ERAP-Transport-and-Mobility.pdf,ERSAP-Farming-and-Other-Land-Use.pdf"
2025 Disclosure Cycle,779465,CDP,2011429,Municipality of Belsh,City,Europe,Albania,Public,Q11.1,Use this field to provide any additional information or context that you feel is relevant to your jurisdiction's response. Please note that this field is optional and is not scored/assessed.,1,,N/A,
2025 Disclosure Cycle,779465,CDP,2012299,Warwick District Council,City,UKWW,United Kingdom,Public,Q11.1,Use this field to provide any additional information or context that you feel is relevant to your jurisdiction's response. Please note that this field is optional and is not scored/assessed.,1,,N/A,
2025 Disclosure Cycle,779465,CDP,2012306,Loch Lomond and the Trossachs National Park Authority,City,UKWW,United Kingdom,Public,Q11.1,Use this field to provide any additional information or context that you feel is relevant to your jurisdiction's response. Please note that this field is optional and is not scored/assessed.,1,,"The use of a questionnaire designed for Cities to submit as National Parks has limitations in it's efficacy. Some of the questionnaire, particularly question 4, are not a good fit with our remit/jurisdiction and where we can have the biggest impact on climate change (through land use change). We understand this is the current best approach but we would welcome improvements to ensure we are reporting to the fullest and best extent.\n\nWe could not easily align all the National Park activity and content of key plans with questions 1.6 and 9. In other words, the collaborations and/or actions and/or seeking of investment underway may well be greater than we have reported.",
2025 Disclosure Cycle,779465,CDP,2012309,Northumberland National Park Authority,City,UKWW,United Kingdom,Public,Q11.1,Use this field to provide any additional information or context that you feel is relevant to your jurisdiction's response. Please note that this field is optional and is not scored/assessed.,1,,Orientation map of Northumberland National Park (the jurisdiction) in relation to the County of Northumberland and the United Kingdom.\n\nLand use emissions baselines and targets\nfor UK National Parks. A report by Small World Consulting Ltd.\n\nSuggestions for future template of reporting.,"Map of the National Park.docx,Suggestions for future reporting to CDP.docx,UK National Parks Net Zero Synthesis Report 240725.pdf"
2025 Disclosure Cycle,779465,CDP,2012312,Yorkshire Dales National Park Authority,City,UKWW,United Kingdom,Public,Q11.1,Use this field to provide any additional information or context that you feel is relevant to your jurisdiction's response. Please note that this field is optional and is not scored/assessed.,1,,No further information.,
2025 Disclosure Cycle,779465,CDP,2023043,Nasushiobara City,City,Japan,Japan,Public,Q11.1,Use this field to provide any additional information or context that you feel is relevant to your jurisdiction's response. Please note that this field is optional and is not scored/assessed.,1,,なし,
2025 Disclosure Cycle,779465,CDP,2024876,Town of Lügde,City,Europe,Germany,Public,Q11.1,Use this field to provide any additional information or context that you feel is relevant to your jurisdiction's response. Please note that this field is optional and is not scored/assessed.,1,,"Lügde, a small but forward-looking city in the Kreis Lippe, has made significant strides in both climate protection (mitigation) and climate change adaptation, embracing a holistic approach across multiple sectors. Central to its efforts is a strong political and administrative commitment to decarbonization, energy efficiency, and sustainability, demonstrated by concrete projects, institutional structures, and forward-looking strategies.\n\nInstitutional and Strategic Foundations\n\nTo coordinate its climate actions, Lügde established a climate-protection manager (Klimaschutzmanager) position on 1 June 2021, funded partly through the German Federal Government's National Climate Initiative. \nluegde.de\n This role is tasked with implementing the city's climate protection concept and turning strategic ambitions into real measures. \nluegde.de\n+1\n\nLügde's climate efforts are embedded in the broader Masterplan 100 % Klimaschutz of the Kreis Lippe, a region-wide roadmap developed in close collaboration with all 16 municipalities, local energy providers, businesses, and civil society. \nKlimaschutz\n+1\n This inter-municipal coordination helps maximize synergies and avoid duplication, reinforcing Lügde's capacity to make a meaningful contribution to regional climate goals.\n\nAt the district level, the integrated climate strategy called “Lippe_Re-Klimatisiert” (LiReK) has played a central role. \nKreis Lippe\n This program combined 15 concrete measures in the domains of buildings, mobility, and behavioral change, backed by substantial funding (about 20 million €), mostly from EU regional development funds and state funds. \nKreis Lippe\n+1\n When LiReK concluded in 2023, it had already achieved estimated annual savings of 3,900 tons of CO₂ across its projects. \nKreis Lippe\n\nWind Energy and Renewable Power\n\nLügde's commitment to renewable energy is particularly evident in its wind energy projects. The city has approved and permitted multiple wind turbines in its outer areas. \nKreis Lippe\n+1\n For example, in 2024 the Kreis Lippe granted approval for two large Enercon E-160 turbines (each with a nominal capacity of 5.56 MW) in Lügde. \nKreis Lippe\n\nMoreover, a prominent repowering project is underway in the WindStrom Niese-Köterberg wind park, north of Niese (part of Lügde). In this initiative, nine old wind turbines are being replaced by three modern, high-capacity machines with a total output of 13.5 MW—sufficient to supply more than 11,000 two-person households. \nWindStrom Niese-Köterberg\n This reflects Lügde's clear will to increase renewable generation, improve efficiency, and phase out outdated fossil-heavy or inefficient infrastructure.\n\nTogether, these efforts contribute strongly to the decarbonization of Lügde's energy supply and reduce dependence on fossil fuels, showing that the city is not only embracing renewables but doing so in a smart, long-term, and scalable way.\n\nEnergy Management and Efficiency\n\nBeyond producing green power, Lügde is also focusing on energy efficiency and management. The climate-protection office promotes municipal energy management, including in city-owned buildings, public infrastructure, and services. \nluegde.de\n+1\n The city participates in regional energy networks (e.g., via KlimaPakt Lippe) to coordinate its efforts, share best practices, and benefit from advice, investments, and public-private partnerships. \nluegde.de\n+2\nklimapakt-lippe.de\n+2\n\nIn its buildings, Lügde supports energy-saving renovation: through its participation in the KlimaPakt Lippe, citizens and local businesses can access energy advice, funding, and expert support for thermal refurbishment, better insulation, efficient heating systems, and solar installations. \nluegde.de\n This contributes to reducing the city's carbon footprint while also saving money and improving residents' quality of life.\n\nFlood Protection and Heavy Rain Preparedness\n\nRecognizing that climate change brings not only gradual warming but more frequent extreme weather, Lügde has proactively addressed flood risk and heavy-rain (Starkregen) risk. In 2024, the city received a grant of €31,700 from the regional government to develop a Starkregen-risk management concept. \nLippische Landes-Zeitung\n This concept will map potential flood zones, identify vulnerable buildings and institutions (e.g., schools, senior homes), and recommend technical and planning measures to prevent or mitigate flash flooding. \nLippische Landes-Zeitung\n\nAt the broader district level, the Klimaschutzteilkonzept Anpassung (climate-adaptation sub-concept) elaborated by Lippe includes flood retention, natural stream restoration, and planning tools such as risk maps and local flood-hazard mapping. \nKreis Lippe\n These kinds of nature-based solutions help slow down runoff, create retention areas, and reduce the risk of damage during extreme rainfall.\n\nThrough these adaptation measures, Lügde shows that it takes climate resilience seriously: preparing for more volatile precipitation, protecting its infrastructure, and safeguarding its citizens.\n\nDecarbonizing Industry and Efficiency\n\nWhile Lügde is not a large industrial metropolis, its climate strategy explicitly emphasizes a strong willingness to decarbonize wherever possible, including in industry and commerce. Through its network with the KlimaPakt Lippe, the city engages local companies in energy- and climate-friendly transitions. \nluegde.de\n+1\n The KlimaPakt offers platforms for businesses to innovate, share best practices, and adopt efficiency-increasing technologies, renewable energy, and CO₂ reduction strategies.\n\nMoreover, through the Masterplan 100% Klimaschutz, Lügde aligns with regional ambitions to support a post-fossil economy. \nKlimaschutz\n The city fosters a culture in which sustainable industrial development is not just desirable, but feasible: combining climate ambition with economic viability, and encouraging companies to invest in low-carbon technologies, energy reuse, and smarter processes.\n\nForest and Natural Landscape Development\n\nIn addition to its energy and built-environment efforts, Lügde has a strong commitment to natural climate assets. The region includes important forest landscapes and protected natural areas, such as parts of the Schwalenberger Wald within the district's boundaries. \nWikipedia\n These forests not only serve biodiversity, but also act as carbon sinks, helping sequester CO₂ over time and contributing to climate mitigation.\n\nLügde and the Kreis Lippe also promote ecological development and preservation of natural areas, including stream restoration, river bank renaturation, and green corridor planning, in line with adaptation strategies. \nKreis Lippe\n Protected nature reserves such as the Ilsenbach Valley (Naturschutzgebiet Ilsenbach) underscore the city's dedication to preserving and enhancing natural habitats. \nWikipedia\n\nBy focusing on forest development, restoration, and the protection of natural ecosystems, Lügde integrates biodiversity, carbon storage, and risk management in a coherent climate strategy.\n\nPublic Engagement, Behavior Change, and Partnerships\n\nLügde's climate success also draws on public participation and effective partnerships. Through the KlimaPakt Lippe, the city involves citizens, businesses, schools, and other stakeholders in a shared commitment to climate action. \nklimapakt-lippe.de\n+1\n The KlimaPakt supports initiatives like energy advice, sustainable renovation, and knowledge exchange, making climate protection a collective effort.\n\nBehavior change is also part of the strategy: for instance, in the LiReK program, gamification tools were used to motivate energy-saving behavior among municipal employees, encouraging lower consumption through a playful digital platform. \nKreis Lippe\n\nAmbition, Vision, and the Road Ahead\n\nTaken together, Lügde's achievements reflect more than just small local projects. They embody a visionary will to decarbonize its energy systems, to raise energy efficiency across public and private sectors, and to prepare for the physical risks posed by climate change. By aligning energy production (wind), consumption (buildings, transport), and adaptation (flood, heavy rain, natural landscapes), Lügde demonstrates a systems thinking approach.\n\nMoreover, its engagement in regional structures such as the Kreis Lippe's Masterplan and Lippe_Re-Klimatisiert ensures that local actions are amplified and reinforced by shared goals. The support for heavy-rain risk management and flood resilience shows a realistic acknowledgment that climate change is already having effects—and that adaptation is as important as mitigation.\n\nIn its forest and nature efforts, Lügde recognizes the multi-faceted value of trees and ecosystems—not only for biodiversity, but also for carbon storage, water regulation, and climate resilience.\n\nFinally, the city's willingness to decarbonize industrial and commercial actors, to scale up renewable energy (especially modern wind turbines), to improve energy management, and to engage its citizens underscores a deep, long-term commitment. Lügde is not just reacting to climate change; it is proactively shaping a low-carbon, resilient future.",
2025 Disclosure Cycle,779465,CDP,2027109,Ilustre Municipalidad De El Quisco,City,Latin America,Chile,Public,Q11.1,Use this field to provide any additional information or context that you feel is relevant to your jurisdiction's response. Please note that this field is optional and is not scored/assessed.,1,,informe de gestión de residuos año 2024,REPORTE RESIDUOS Y OPERACIONES AÑO 2024.pdf
2025 Disclosure Cycle,779465,CDP,2027804,Kalasin Town Municipality,City,South East Asia & Oceania,Thailand,Public,Q11.1,Use this field to provide any additional information or context that you feel is relevant to your jurisdiction's response. Please note that this field is optional and is not scored/assessed.,1,,"เทศบาลเมืองกาฬสินธุ์มีการวางแผนงานด้านสภาพภูมิอากาศของเมือง ด้วยการจัดทำโครงการบรรจุไว้ในแผนพัฒนาท้องถิ่น (พ.ศ.2566-2570) เพื่อให้สอดคล้องกับแผนพัฒนาจังหวัดและเป็นกรอบในการจัดทำ งบประมาณรายจ่ายประจำปี ที่ทุกภาคส่วนมีส่วนร่วมพิจารณาโครงการพัฒนาในระยะเวลา 5 ปี ตามพัธกิจ ยุทธศาสตร์ในการพัฒนาเพื่อสนับสนุนการก้าวไปสู่วิสัยทัศน์ขององค์กร และสนองต่อความต้องการของประชาชนในพื้นที่ โดยเทศบาลเมืองกาฬสินธุ์จะต้องดำเนินการจากข้อเสนอของผู้นำชุมชนในเวทีประชาคมและแผนชุมชน ซึ่งคณะกรรมการชุมชน คณะกรรมการสนับสนุนการจัดทำแผนพัฒนาเทศบาล และคณะกรรมการพัฒนาเทศบาลได้ร่วมกันจัดทำขึ้น โดยมีแผนงานด้านต่างดังนี้\nเทศบาลเมืองกาฬสินธุ์มีการปรับปรุงเเก้มลิงหนองเพ็ญ หนองอีคูณ โครงการฝายชะลอน้ำ เพื่อระบายน้ำที่ไหลผ่านเมืองกาฬสินธุ์ ลงแม่น้ำลำพานที่ประตูน้ำดอนสงวน ตำบลหลุบ และมีโครงการวางระบบระบายน้ำ และรางระบายน้ำเพื่อแก้ปัญหาน้ำท่วมขังเมื่อเกิดฝนตกหนักในเขตเมือง การดูแลและใช้ประโยชน์ทรัพยากรธรรมชาติให้คงไว้ซึ่งระบบนิเวศที่ดี เพื่อพัฒนาโครงสร้างพื้นฐานของเมืองไม่ให้ส่งผลกระทบต่อทรัพยากรธรรมชาติและความหลากหลายทางชีวภาพและระบบนิเวศที่ดีของเมือง การจัดการขยะมูลฝอยชุมชนครบวงจรและเหมาะสม เพื่อลดปริมาณขยะมูลฝอยที่จะนำไปกำจัดให้ได้มากที่สุด โดยการคัดแยกจากต้นทางหรือแหล่งกำเนิดโดยใช้หลัก ๓, R กำจัดขยะมูลฝอยที่ปลายทางด้วยการฝังกลบทุกวันอย่างถูกวิธี (Sanitary Landfill) และมีประสิทธิภาพ ไม่ก่อให้เกิดผลกระทบต่อสิ่งแวดล้อมโดยรอบ การจัดการน้ำเสียอย่างเหมาะสม เพื่อกำจัดน้ำเสียอย่างมีส่วนร่วม และบังคับใช้เทศบัญญัติของเทศบาลเมืองกาฬสินธุ์ให้ประชาชนลดความสกปรกของน้ำเสียก่อนปล่อยลงสู่ระบบบำบัดน้ำเสียรวม การจัดการมลพิษทางอากาศอย่างเหมาะสม เพื่อป้องกัน ควบคุม และติดตามเฝ้าระวังมลพิษในพื้นที่อย่างสม่ำเสมอ โดยการตรวจวัดคุณภาพอากาศ การส่งเสริมการผลิต การบริการ และการบริโภค ที่เป็นมิตรกับสิ่งแวดล้อม\nการส่งเสริมการใช้พลังงานและน้ำอย่างมีประสิทธิภาพ เพื่อส่งเสริมให้ใช้พลังงานและน้ำอย่างประหยัดและคุ้มค่า สร้างจิตสำนึกและพฤติกรรมการประหยัดพลังงานให้กับเจ้าหน้าที่ของเทศบาลเมืองกาฬสินธุ์ \n","แผนพัฒนาท้องถิ่น (พ.ศ.2566-2570) ทบทวน ครั้งที่ 1 2567.pdf,แผนพัฒนาท้องถิ่น (พ.ศ.2566-2570) ทบทวน ครั้งที่ 1 2567.pdf"
2025 Disclosure Cycle,779465,CDP,2027823,Saen Suk Town Municipality,City,South East Asia & Oceania,Thailand,Public,Q11.1,Use this field to provide any additional information or context that you feel is relevant to your jurisdiction's response. Please note that this field is optional and is not scored/assessed.,1,,"- The Integrated Coastal Management (ICM) project which collaborated with PEMSEA: Partnerships in Environmental Management for the Seas of East Asia and National agencies. ICM demonstration sites, as Saensuk Municipality in Chonburi province, serve as breeding ground for local capacity building, then formulating management actions (coastal srategy) \n- Community-based tourism has been promoted in Saensuk Municipality, 'community-based tourism (CBT)' proposes the idea of 'tourism by the local people for the local people'. It is one of the solutions for sustainable tourism because, under this framework, local people are the key decision-makers of their tourism development and the ones to fully benefit from it. Being long-term residents of the areas, local communities are more incentivised to balance economic growth and socio-cultural and environmental impacts caused by tourism activities. The 7 Greens concept had promoted especially GREEN VALUE. \nIn related to private sector, Green hotels, also known as eco-friendly or sustainable hotels, are accommodations that prioritize environmental sustainability in their operations and practices. That City will encourage them for our Green Community. ","ICM Case Studies_CS43.pdf,form-วีลเลอร์ เบด แอนด์ ไบค์ โฮเต็ล.pdf,ชายหาดบางแสน EN.pdf,โรงแรมบางแสนเฮอริเทจ-certificate.pdf"
2025 Disclosure Cycle,779465,CDP,2027827,Su-ngai Kolok Town Municipality,City,South East Asia & Oceania,Thailand,Public,Q11.1,Use this field to provide any additional information or context that you feel is relevant to your jurisdiction's response. Please note that this field is optional and is not scored/assessed.,1,,-,ไม่มีข้อคิดเห็น.pdf
2025 Disclosure Cycle,779465,CDP,2027830,Pak Poon Town Municipality,City,South East Asia & Oceania,Thailand,Public,Q11.1,Use this field to provide any additional information or context that you feel is relevant to your jurisdiction's response. Please note that this field is optional and is not scored/assessed.,1,,-,
2025 Disclosure Cycle,779465,CDP,2027854,"City of Lafayette, IN",City,North America,United States of America,Public,Q11.1,Use this field to provide any additional information or context that you feel is relevant to your jurisdiction's response. Please note that this field is optional and is not scored/assessed.,1,,"The City of Lafayette is reporting voluntarily to CDP to set precedent within the jurisdiction for climate-related reporting as well as provide transparency and accountability toward progressing the Greater Lafayette Climate Action Plan. The City is in the early stages of implementation of the plan and is not only proud of the shared progress that has already been made, but also looks forward to the progress still to come. There's much work to be done, and we're looking forward to reporting updates in the next CDP reporting period!",
2025 Disclosure Cycle,779465,CDP,2027856,Cañada Rosquín,City,Latin America,Argentina,Public,Q11.1,Use this field to provide any additional information or context that you feel is relevant to your jurisdiction's response. Please note that this field is optional and is not scored/assessed.,1,,no hay,
2025 Disclosure Cycle,779465,CDP,2027869,San Salvador de Jujuy,City,Latin America,Argentina,Public,Q11.1,Use this field to provide any additional information or context that you feel is relevant to your jurisdiction's response. Please note that this field is optional and is not scored/assessed.,1,,no hay,
2025 Disclosure Cycle,779465,CDP,2027876,Tual City,City,South East Asia & Oceania,Indonesia,Public,Q11.1,Use this field to provide any additional information or context that you feel is relevant to your jurisdiction's response. Please note that this field is optional and is not scored/assessed.,1,,Sebagian besar data bersumber dari Data BPS Daerah Kota Tual. dan kami akan melampirkannya,kota-tual-dalam-angka-2024.pdf
2025 Disclosure Cycle,779465,CDP,2027923,Barva,City,Latin America,Costa Rica,Public,Q11.1,Use this field to provide any additional information or context that you feel is relevant to your jurisdiction's response. Please note that this field is optional and is not scored/assessed.,1,,"Por el momento solo se reporta el Plan de adaptación, el análisis de vulnerabilidad del cantón y las metas de adaptación de Barva 2019 - 2030. Posteriormente cuando el municipio cuente con el Inventario de Gases de efecto invernadero y las metas y objetivos de mitigación se estará realizando el reporte correspondiente. ",
2025 Disclosure Cycle,779465,CDP,2027926,Salinas,City,Latin America,Ecuador,Public,Q11.1,Use this field to provide any additional information or context that you feel is relevant to your jurisdiction's response. Please note that this field is optional and is not scored/assessed.,1,,Línea base de Municipio Saludable,LINEA BASE MUNICIPIO DE SALINAS 2024-LB 11.xlsx
2025 Disclosure Cycle,779465,CDP,2033711,Prefeitura de Arapiraca,City,Latin America,Brazil,Public,Q11.1,Use this field to provide any additional information or context that you feel is relevant to your jurisdiction's response. Please note that this field is optional and is not scored/assessed.,1,,"A cidade de Arapiraca possui ainda diversas ações em recuperação de nascentes, conservação de fauna, educação ambiental e licenciamento. Participamos de diversas entidades e espaços de governança como a Associação de Créditos de Carbono do Bioma Caatinga, a Rede Craibeira de coletores de sementes, o Fórum Alagoano de Mudanças Climáticas, a rede ICLEI e o Programa Cidades Sustentáveis",Meio Ambiente - Arapiraca Verde.pdf
2025 Disclosure Cycle,779465,CDP,2033737,Prefeitura de Crato,City,Latin America,Brazil,Public,Q11.1,Use this field to provide any additional information or context that you feel is relevant to your jurisdiction's response. Please note that this field is optional and is not scored/assessed.,1,,"O Prefeito do município do Crato, Ceará, assinou o Pacto Global de Prefeitos pelo Clima e Energia (GCoM) e vem se comprometendo em diversas políticas voltadas a mitigação das mudanças climáticas e melhoria qualidade de vida para a população.",Pacto-Global-Prefeitos-Crato-2025.pdf
2025 Disclosure Cycle,779465,CDP,2033765,Prefeitura de Sinop,City,Latin America,Brazil,Public,Q11.1,Use this field to provide any additional information or context that you feel is relevant to your jurisdiction's response. Please note that this field is optional and is not scored/assessed.,1,,"O Município de Sinop encontra-se em um processo contínuo de fortalecimento de sua gestão ambiental e climática. Embora ainda esteja estruturando um plano climático formal, a cidade já desenvolve diversas ações que contribuem direta e indiretamente para a mitigação e adaptação aos impactos das mudanças climáticas.\n\nSinop possui importantes ativos ambientais, como o Parque Florestal, as Reservas R1, R2 e R3 e extensas áreas verdes distribuídas pela malha urbana. Esses espaços funcionam como reguladores climáticos naturais, auxiliam na redução de ilhas de calor e protegem nascentes e cursos d'água essenciais para o equilíbrio ecológico urbano.\n\nA cidade também enfrenta desafios típicos de municípios com rápido crescimento populacional, como expansão urbana acelerada, pressão sobre áreas de preservação, pontos de alagamento e aumento da vulnerabilidade a queimadas e eventos extremos. Em contrapartida, o município realiza ações permanentes de fiscalização ambiental, prevenção de queimadas, manejo de resíduos, ampliação da arborização e melhorias de drenagem urbana, fortalecendo sua capacidade de adaptação climática.\n\nParcerias com instituições como a UFMT, órgãos estaduais e organizações ambientais têm contribuído para pesquisas, educação ambiental, desenvolvimento de projetos e fortalecimento das políticas públicas locais.\n\nPor fim, o município tem potencial para avançar em projetos de energia renovável, monitoramento ambiental digital, soluções baseadas na natureza, revitalização de APPs urbanas, expansão de infraestrutura verde e elaboração de planos setoriais que subsidiem um futuro Plano Climático Municipal. Esses elementos demonstram o comprometimento crescente de Sinop com a sustentabilidade, com a redução de riscos climáticos e com a construção de uma cidade mais resiliente.",
2025 Disclosure Cycle,779465,CDP,2044301,Tayabas City,City,South East Asia & Oceania,Philippines,Public,Q11.1,Use this field to provide any additional information or context that you feel is relevant to your jurisdiction's response. Please note that this field is optional and is not scored/assessed.,1,,https://drive.google.com/file/d/1fDvAltFoipgjgnsURuq4Z7fY1-Uui-ul/view?usp=drive_link\n\nhttps://www.canva.com/design/DAGryXzb3SU/jLrMi6gF32ZNeO3WEmFmuA/edit?utm_content=DAGryXzb3SU&utm_campaign=designshare&utm_medium=link2&utm_source=sharebutton,
2025 Disclosure Cycle,779465,CDP,2044302,Oroquieta City,City,South East Asia & Oceania,Philippines,Public,Q11.1,Use this field to provide any additional information or context that you feel is relevant to your jurisdiction's response. Please note that this field is optional and is not scored/assessed.,1,,"t present, no other data is being submitted. The available data is limited, but further datasets will be available in the coming years. \nWe are a developing city that needs more guidance to be able to align with international guidelines. ",CommunicationPlan.pdf
2025 Disclosure Cycle,779465,CDP,2044700,Municipality of Escobar,City,Latin America,Argentina,Public,Q11.1,Use this field to provide any additional information or context that you feel is relevant to your jurisdiction's response. Please note that this field is optional and is not scored/assessed.,1,,no hay,
2025 Disclosure Cycle,779465,CDP,2044708,Municipality of Otavalo,City,Latin America,Ecuador,Public,Q11.1,Use this field to provide any additional information or context that you feel is relevant to your jurisdiction's response. Please note that this field is optional and is not scored/assessed.,1,,Convenio CDR,"CONVENIO UNACEM DESECHOS_CDR.pdf,PROYECTO_GESTION_INTEGRAL_DE_RESIDUOS _ SOLIDOS-signed (1)-signed.pdf"
2025 Disclosure Cycle,779465,CDP,2044709,Municipality of Pasaje,City,Latin America,Ecuador,Public,Q11.1,Use this field to provide any additional information or context that you feel is relevant to your jurisdiction's response. Please note that this field is optional and is not scored/assessed.,1,,Plan de Desarrollo y Ordenamiento Territorial 2024-2027,"PDOT2024-2027 (1)-comprimido.pdf,PDOT2024-2027 (1)-comprimido.pdf"
2025 Disclosure Cycle,779465,CDP,2044738,City of Balanga,City,South East Asia & Oceania,Philippines,Public,Q11.1,Use this field to provide any additional information or context that you feel is relevant to your jurisdiction's response. Please note that this field is optional and is not scored/assessed.,1,,"The City of Balanga formulated its Forest Land Use Plan (FLUP) for 2018-2023 as a strategic framework to ensure the sustainable management of its forestlands and upland resources. The plan identified and classified approximately 4,730 hectares of forest land and more than 2,300 hectares of alienable and disposable land, providing a clear basis for land allocation and conservation measures. It highlights programs for forest protection, reforestation, and biodiversity conservation, while also supporting agroforestry and community-based livelihood initiatives that balance environmental integrity with socio-economic development.\n\nThe FLUP is anchored on the need to strengthen the city's resilience to climate change and natural disasters by reducing flood, erosion, and landslide risks through improved forest cover and watershed protection. By integrating forest management into the City Development Plan, Local Climate Change Action Plan (LCCAP), and Disaster Risk Reduction strategies, the FLUP contributes not only to the preservation of ecological services such as clean water supply and carbon sequestration but also to the long-term sustainability of Balanga's natural resources.",City of Balanga - FLUP.pdf
2025 Disclosure Cycle,779465,CDP,2044739,City of Carmona,City,South East Asia & Oceania,Philippines,Public,Q11.1,Use this field to provide any additional information or context that you feel is relevant to your jurisdiction's response. Please note that this field is optional and is not scored/assessed.,1,,"The Local Government of Carmona acknowledges that while significant progress has been made in advancing climate resilience and adaptation programs, it remains in the early stages of implementing broader climate actions, particularly those aimed at reducing carbon emissions. Current initiatives provide a foundation, but sustained efforts and scaled-up interventions are still needed to transition toward a low-carbon future.",
2025 Disclosure Cycle,779465,CDP,2044740,City of Samal,City,South East Asia & Oceania,Philippines,Public,Q11.1,Use this field to provide any additional information or context that you feel is relevant to your jurisdiction's response. Please note that this field is optional and is not scored/assessed.,1,,"The Island Garden City of Samal (IGaCoS) in Davao del Norte was nominated and later recognized as the Philippines' sole recipient of the 6th ASEAN Environmentally Sustainable Cities (ESC) Award 2025. This prestigious award highlights the city's excellence in Clean Air, Clean Water, Clean Land, Urban Biodiversity & Green Spaces, and Circular Economy.\n\nEnvironmental Achievements\n\nWaste Management\n- Operational sanitary landfill & septage treatment facility.\n\n- Strict enforcement of “No Segregation, No Collection” policy → 43.22% waste diversion rate (above the national 25% target).\n\n- Ban on single-use plastics (aligned with RA 11898).\n\nMarine & Coastal Protection\n- 18 Marine Protected Areas (MPAs).\n\n- Creative use of plastic waste bottles as sea barriers.\n\nSustainability Innovations\n\n- Environmental User Fee (EUF) Program funds mangrove rehab, MPAs, and waste facilities.\n\n- TrashCash PH (mobile platform incentivizing plastic collection).\n\n- Pure Oceans partnership - plastic waste converted into construction materials.\n\nEducation & Community Engagement\n\n- Strong implementation of CEPA (communication, education, and public awareness) campaigns.\n\nAwards for environmental education (Gawad Galing Kamalayan).\n\n- Frequent coastal clean-ups and school-based advocacy.\n\nInternational Partnerships\n\n- Collaborations with EU, UNDP, WWF, UNCDF.\n\n- Candidate city for SMART ASEAN Green Cities Programme.\n\n- Shortlisted by DENR for a €60M EU grant on circular economy and climate resilience.\n\nAwards & Recognitions\n\n- ASEAN ESC Award 2025 (Langkawi, Malaysia).\n\n- DENR-EMB XI Environment Summit (Aug 2025) - Four major awards, including ASEAN Distinguished Award and recognition for landfill contribution, waste management, and circular economy initiatives.\n\n- Water Forum 2025 - Plaque & certificate for Septage Treatment Facility and Septage Management Ordinance.\n\n- PLLENRO National Convention 2024 - Awards for:\n\nCoastal Resource Management (Gawad Galing Katubigan)\n\nSolid Waste Management (Gawad Galing Kalinisan)\n\nEnvironmental Education (Gawad Galing Kamalayan).\n\nIGaCoS has emerged as a national and regional model of eco-governance. Its integrated approach, waste management, marine protection, innovative sustainability programs, and active community participation, has earned it prestigious ASEAN and national awards. The city is now benchmarked by other LGUs seeking to replicate its environmental strategies.",AESC AWARD and other Awards and Recognitions.pdf
2025 Disclosure Cycle,779465,CDP,2044752,Ystad Municipality,City,Europe,Sweden,Public,Q11.1,Use this field to provide any additional information or context that you feel is relevant to your jurisdiction's response. Please note that this field is optional and is not scored/assessed.,1,,Waste fractions as described in 4.7. ,Ystad statistik.xlsx
2025 Disclosure Cycle,779465,CDP,2044754,Karatay Municipality,City,UKWW,Türkiye,Public,Q11.1,Use this field to provide any additional information or context that you feel is relevant to your jurisdiction's response. Please note that this field is optional and is not scored/assessed.,1,,Sustainable Development Goals Voluntary Local Report- 2021\n,SDG VLR 2021 - Karatay v2.0_mod1.pdf
2025 Disclosure Cycle,779465,CDP,2044758,Cà Mau City,City,South East Asia & Oceania,Viet Nam,Public,Q11.1,Use this field to provide any additional information or context that you feel is relevant to your jurisdiction's response. Please note that this field is optional and is not scored/assessed.,1,,"Key Achievements of Cà Mau Province in Climate Change Adaptation and Mitigation\nBelow are the notable achievements of Cà Mau Province in addressing climate change (adaptation and mitigation):\n1. Building Infrastructure for Disaster Prevention and Sustainable Adaptation\nConstruction of a 55.7 km Western Sea Dike: This robust dike system has been built to combat coastal erosion and protect the shoreline, laying the foundation for mangrove forest restoration and enhancing resilience against storms, storm surges, and sea-level rise.\nDikes and salinity control structures have protected approximately 123,058 ha of agricultural land in Ngọc Hiển and Năm Căn districts from saltwater intrusion.\nThe Western Sea Dike Project marks a milestone in efforts to strengthen erosion prevention and climate change adaptation.\n2. Ecosystem Restoration — \'Nature-Based Solutions\' and Emission Reduction\nRestored over 4,000 ha of mangrove forests, contributing to climate change mitigation, biodiversity conservation, and the promotion of sustainable livelihoods.\n3. Enhancing Disaster Warning and Forecasting Systems\nEstablished early warning systems in 24 high-risk communes, enabling communities to proactively respond and minimize damage during natural disasters.\n4. Establishing Planning, Raising Awareness, and Promoting Green Transformation\nThe Provincial Party Standing Committee issued a directive emphasizing:\nIntegration of proactive climate change response policies and resource protection.\nPromotion of green transformation, circular economy, renewable energy, low-carbon economy, and sustainable development.\nCompetitions, educational activities, and communication campaigns on climate-resilient housing and salinity intrusion prevention have been organized, fostering collaboration between communities and authorities.\n5. Research and Policy Development for Water Resource Management\n2025 Scientific Conference: Focused on “integrated groundwater management for climate change adaptation,” proposing technology models, policies, and community-driven sustainable water management solutions.\nCoastal adaptation projects in collaboration with GIZ, the World Bank, IUCN/SNV, and others, focusing on:\nConstruction of dikes and flood-prevention structures.\nRestoration of mangrove forests integrated with shrimp farming under the forest canopy.\nImproving livelihoods for coastal communities.",Relevant links.pdf
2025 Disclosure Cycle,779465,CDP,2044818,Municipalidad de Melipilla,City,Latin America,Chile,Public,Q11.1,Use this field to provide any additional information or context that you feel is relevant to your jurisdiction's response. Please note that this field is optional and is not scored/assessed.,1,,"Se adjunta el Plan de Acción Comunal de Cambio Climático de Melipilla, aprobado en Concejo Municipal del 5 de agosto del 2025","PACCC Melipilla rev final muni.pdf,TABLA CONCEJO ORDINARIO 05 DE AGOSTO DE 2025 (1).pdf"
2025 Disclosure Cycle,779465,CDP,2045054,Gunung Kidul Regency,City,South East Asia & Oceania,Indonesia,Public,Q11.1,Use this field to provide any additional information or context that you feel is relevant to your jurisdiction's response. Please note that this field is optional and is not scored/assessed.,1,,,"Analisis Potensi Bencana Kekeringan di Kabupaten Gunungkidul MenggunakanSistemInformasiGeografis.pdf,KERENTANAN DAN ADAPTASI RUMAH TANGGA PETANI TERHADAP.pdf,Pengaruh Iklim terhadap Produksi Kakao di Kabupaten.pdf"
2025 Disclosure Cycle,779465,CDP,2045062,Pemalang Regency,City,South East Asia & Oceania,Indonesia,Public,Q11.1,Use this field to provide any additional information or context that you feel is relevant to your jurisdiction's response. Please note that this field is optional and is not scored/assessed.,1,,Masih banyak nya data yang belum tersedia,PPT Laporan Antara 22072025.pdf
2025 Disclosure Cycle,779465,CDP,2045064,Magelang City,City,South East Asia & Oceania,Indonesia,Public,Q11.1,Use this field to provide any additional information or context that you feel is relevant to your jurisdiction's response. Please note that this field is optional and is not scored/assessed.,1,,"Kota Magelang merupakan kota kecil di Jawa Tengah dengan luas wilayah ±18,5 km² dan jumlah penduduk sekitar 121.000 jiwa. Sebagai kota dengan ruang terbatas dan topografi berbukit, Magelang menghadapi tantangan unik dalam adaptasi iklim seperti genangan, keterbatasan ruang terbuka hijau, serta ketergantungan pada sumber air mata air.\n\nMeski memiliki keterbatasan fiskal dan sumber daya, Kota Magelang telah menunjukkan komitmen terhadap pembangunan berketahanan iklim melalui program Kampung Iklim (ProKlim), keterlibatan dalam inisiatif internasional Plastic Smart Cities bersama WWF, serta penguatan integrasi isu iklim ke dalam dokumen perencanaan seperti RPJMD, KLHS, dan RAD-GRK.\n\nAksi-aksi iklim di Kota Magelang banyak mengandalkan pendekatan berbasis komunitas dan kolaborasi lintas sektor, termasuk dengan pemerintah provinsi, kementerian, serta mitra non-pemerintah. Dukungan lebih lanjut untuk penguatan kapasitas teknis, data emisi yang terintegrasi, serta mekanisme pembiayaan hijau sangat penting untuk mempercepat transisi menuju kota rendah karbon dan tangguh iklim.\n\nKota Magelang siap menjadi percontohan untuk kota kecil yang tangguh dan berkomitmen terhadap aksi iklim berkelanjutan.","Laporan Utama KLHS RPJMD Kota Magelang 2025-2029.pdf,Laporan Utama KLHS RPJPD Kota Magelang 2025-2045.docx"
2025 Disclosure Cycle,779465,CDP,2045081,Municipalidad de Humberto Primo,City,Latin America,Argentina,Public,Q11.1,Use this field to provide any additional information or context that you feel is relevant to your jurisdiction's response. Please note that this field is optional and is not scored/assessed.,1,,No hay comentarios adicionales ,
2025 Disclosure Cycle,779465,CDP,2045446,Phu Yen City,City,South East Asia & Oceania,Viet Nam,Public,Q11.1,Use this field to provide any additional information or context that you feel is relevant to your jurisdiction's response. Please note that this field is optional and is not scored/assessed.,1,,"The following additional information provides relevant context to Phu Yen Province's climate change response, particularly for a CDP Cities, States and Regions (or similar) questionnaire:\nClimate Change Vulnerability and Adaptation Focus\nPhu Yen, as a south-central coastal province of Vietnam, is highly vulnerable to climate change impacts, which dictate its adaptation priorities:\n•\tKey Hazards: The province is highly susceptible to sea-level rise, heavy rainfall, and an increasing frequency and intensity of storms and tropical depressions. The inland areas also face issues like drought and unpredictable rainfall patterns.\n•\tVulnerable Sectors/Communities: The local economy and livelihoods are directly threatened. Research in the region highlights specific vulnerabilities in agriculture (especially rice farming impacted by drought and floods), fisheries, and the livelihoods of rural/coastal communities due to the high exposure to natural disasters.\n•\tAdaptation Projects: The province is actively engaged in climate-resilient infrastructure development. This includes projects focused on:\no\tUpgrading and constructing climate- and disaster-resilient transport infrastructure (roads).\no\tImproving water resource infrastructure to ensure reliable supply for communities, especially in upland and ethnic minority areas.\no\tDeveloping robust data systems for climate and disaster risk management to improve early warnings and forecasting capacity.\n Strategic Integration with Provincial Master Plan\nPhu Yen's climate action is officially integrated into its long-term economic strategy, giving it significant policy weight:\n•\tMaster Plan (2021-2030, Vision 2050): The approved provincial Master Plan mandates a shift towards a modern, sustainable, and blue economy growth model.\n•\tPillars of Growth: The core economic pillars are designed to be climate-aligned, focusing on:\no\tIndustry and Green Energy (as previously discussed, with a focus on solar, wind, and green hydrogen/ammonia).\no\tHigh-quality services and Green Tourism (tapping natural heritage while minimizing impact).\no\tHigh-tech agriculture and maritime logistics.\n•\tNational Alignment: The provincial strategy is a localized application of Vietnam's overarching national strategies, including the National Green Growth Strategy (2021-2030) and the National Strategy on Climate Change to 2050, ensuring a consistent policy framework for both mitigation and adaptation.\nMitigation Context: Renewable Energy and Grid Issues\nWhile mitigation efforts are strong on the generation side, the challenge of delivering that clean energy remains a key context point for any CDP disclosure:\n•\tHigh Renewable Potential: The province has excellent potential for solar and wind generation, attracting significant investment.\n•\tGrid Constraint: A critical limiting factor is the existing grid congestion and limited transmission capacity. This has historically led to curtailment (wasting clean power) and is the main driver for Phu Yen's focus on Green Hydrogen/Ammonia production—a strategy that converts otherwise \'stranded\' renewable electricity into an exportable, low-carbon product, effectively bypassing the domestic grid issue.\n\n",FURTHER ATTACHMENTS.pdf
2025 Disclosure Cycle,779465,CDP,2045884,São Lourenço do Sul,City,Latin America,Brazil,Public,Q11.1,Use this field to provide any additional information or context that you feel is relevant to your jurisdiction's response. Please note that this field is optional and is not scored/assessed.,1,,"O município de São Lourenço do Sul, com população inferior a 50 mil habitantes e IDH alto (0,7-0,799), possui emissões per capita estimadas abaixo de 3 tCO2e. Reconhecendo sua vulnerabilidade às mudanças climáticas, especialmente a enchentes, estiagens, vendavais e elevação do nível da Lagoa dos Patos, o município aderiu ao Pacto Global de Prefeitos e ao ICLEI, iniciando a estruturação de um Plano Climático Integrado.\n\nForam identificados como grupos mais expostos a população rural, comunidades ribeirinhas, crianças e idosos, com setores críticos como agricultura, saúde, infraestrutura urbana e recursos hídricos. A proporção da população exposta a riscos climáticos é considerada significativa (30-40%).\n\nEntre os principais fatores que desafiam a adaptação estão as limitações financeiras e técnicas, mas também há suporte por meio de parcerias com universidades, ICLEI, ONU-Habitat e redes de cidades resilientes.\n\nO município já estabeleceu metas iniciais: ampliar a participação de energias renováveis no consumo público de 10% (2023) para 30% até 2030, avançar na reciclagem de resíduos sólidos, ampliar a mobilidade ativa e recuperar áreas degradadas. Essas metas estão alinhadas aos ODS e ao compromisso de reduzir emissões de GEE no médio e longo prazo.\n\nO Plano Climático Integrado aborda mitigação (energia limpa, mobilidade sustentável, gestão de resíduos e agricultura de baixo carbono) e adaptação (defesa civil, infraestrutura verde, proteção hídrica e saúde preventiva). Cenários climáticos regionais e projeções do IPCC deram consistência às estratégias, priorizando riscos já recorrentes e projeções futuras.\n\nPor fim, São Lourenço do Sul reforça sua governança climática com a criação de comitês intersetoriais, conferências municipais e mecanismos de monitoramento periódico, demonstrando comprometimento com a resiliência local e com as metas globais de enfrentamento da crise climática.",CDP ICLEI - Report Prefeitura de São Lourenço do Sul .pdf
2025 Disclosure Cycle,779465,CDP,2046070,Municipalidad de Esperanza,City,Latin America,Argentina,Public,Q11.1,Use this field to provide any additional information or context that you feel is relevant to your jurisdiction's response. Please note that this field is optional and is not scored/assessed.,1,,no hay,
2025 Disclosure Cycle,779465,CDP,35913,City of Nairobi,City,UKWW,Kenya,Public,Q11.1,Use this field to provide any additional information or context that you feel is relevant to your jurisdiction's response. Please note that this field is optional and is not scored/assessed.,1,, city is woking on a policy to support clean construction and green buildings,KGBS X NCG GUIDELINES (22102024).docx
2025 Disclosure Cycle,779465,CDP,50543,"Halifax Regional Municipality, NS",City,North America,Canada,Public,Q11.1,Use this field to provide any additional information or context that you feel is relevant to your jurisdiction's response. Please note that this field is optional and is not scored/assessed.,1,,NA,
2025 Disclosure Cycle,779465,CDP,55371,Municipalidad de Vicente López,City,Latin America,Argentina,Public,Q11.1,Use this field to provide any additional information or context that you feel is relevant to your jurisdiction's response. Please note that this field is optional and is not scored/assessed.,1,,no hay,
2025 Disclosure Cycle,779465,CDP,58485,"Abington Township, PA",City,North America,United States of America,Public,Q11.1,Use this field to provide any additional information or context that you feel is relevant to your jurisdiction's response. Please note that this field is optional and is not scored/assessed.,1,,"In 2024, Abington Township was certified by the U.S. Green Building Council as a LEED Gold for Existing Cities. It is the first such certified city in Pennsylvania and the results may be viewed at https://drive.google.com/file/d/1KF_O7qPcDurzELteIHPcM_Qsweo9a3BW/view?usp=sharing \nAND \nhttps://www.usgbc.org/projects/abington-township",
2025 Disclosure Cycle,779465,CDP,60391,Municipalidad de San Borja,City,Latin America,Peru,Public,Q11.1,Use this field to provide any additional information or context that you feel is relevant to your jurisdiction's response. Please note that this field is optional and is not scored/assessed.,1,,"Obtencion de certificacion Iso 14001\n\nLa Municipalidad de San Borja refuerza la gestión y trabajo hacia el cuidado de nuestro medio ambiente.La Municipalidad con fecha 01 de julio recibió la certificación ISO: 14001-2015, en su Sistema de Gestión Ambiental. Este paso refleja el continuo esfuerzo y dedicación de la institución hacia la promoción del cuidado de nuestro planeta.\n\nNuestra trayectoria se ha caracterizado por la implementación de iniciativas innovadoras que promueven la sostenibilidad ambiental y el bienestar de nuestros vecinos y colaboradores. Gracias a proyectos como los biohuertos urbanos, la Casa de Energía Kallpa Wasi y las plantas de tratamiento del agua, hemos asegurado una mejora continua en la calidad de vida de nuestra comunidad.\n\nLa política establecida, refleja nuestro compromiso con la excelencia en la prestación de servicios públicos y la protección del medio ambiente, brindando servicios innovadores, sensibles y participativos que satisfagan las necesidades y expectativas de todas nuestras partes interesadas.\n\nConociendo San Borja \n\nEl distrito de San Borja se encuentra ubicado en la zona sureste de la provincia de Lima. El distrito de San Borja cuenta con 113247 mil habitantes (INEI, 2017). San Borja cuenta con una superficie aproximada de 9,96 km2. \n\nEl 13.5% de la superficie del distrito de San Borja está representado por áreas verdes de uso público, de las cuales los parques y las bermas centrales de avenidas son los espacios que poseen una mayor cobertura arbórea, caso contrario al de las bermas laterales de calles, jirones y avenidas del distrito. El distrito se ha dividido en 12 sectores que a su vez se han dividido en subsectores A, B y C. \n\n La Municipalidad de San Borja ha ratificado su participación en el Pacto Global de Alcaldes por el Clima y la Energía1, por medio del cual, la Municipalidad se comprometió a implementar políticas y tomar medidas para reducir (o limitar cuando relevante) las emisiones de gases de efecto invernadero, prepararse para los impactos del cambio climático, aumentar acceso a energía sostenibles y el seguimiento del progreso hacia los objetivos. \n\n\n",6241313-resolucion-de-alcaldia-n-135-2024-msb-a.pdf
2025 Disclosure Cycle,779465,CDP,68375,Prefeitura de Abaetetuba,City,Latin America,Brazil,Public,Q11.1,Use this field to provide any additional information or context that you feel is relevant to your jurisdiction's response. Please note that this field is optional and is not scored/assessed.,1,,"Em 2016, o Município já detinha de ações setoriais que auxiliam o desenvolvimento e o fortalecimento de uma capacidade técnica, institucional e política que possibilita o amadurecimento e o avanço da cidade para a ação local ao combate à mudança climática como a Política Municipal de Resíduos Sólidos (Lei n.º 482/2016) e o Plano de Gestão Integrada de Resíduos Sólidos com atualização periódica alinhada ao Plano Plurianual. \nEm 2019, elaborou o Plano Municipal de Saneamento Básico, tendo como princípios fundamentais a universalização dos serviços de saneamento básico, para que todos tenham acesso ao abastecimento de água com qualidade e em quantidade suficientes às suas necessidades, à coleta e tratamento adequados do esgoto e dos resíduos sólidos, e ao manejo correto das águas pluviais, e o Plano de Mobilidade (PLANMOB), com propostas e diretrizes com ações de curto, médio e longo prazo, visando atender o disposto na Política Nacional de Mobilidade Urbana (Lei Federal n.º 12.587/12).\nO compromisso público com a agenda de enfrentamento da crise climática vem direcionando esforços de Abaetetuba mais fortemente desde o início de 2021. Em 2023, Abaetetuba criou o Grupo de Trabalho de Ação Climática Municipal (Decreto Municipal n°. 180/2023) subsidiado pela Política Estadual sobre Mudanças Climáticas do Pará (Lei nº 9048, de 29 de abril de 2020), com o intuito de implementar estruturas institucionais a fim de assegurar a construção do processo de implementação o seu plano estratégico de ação climática. Em complemento, o município também passou, no mesmo ano, a adotar a Agenda 2030 para o Desenvolvimento Sustentável da Organização das Nações Unidas (ONU) como diretriz de políticas públicas em âmbito municipal (Lei Municipal n.º 683/2023) e criou a Comissão Municipal para o Desenvolvimento Sustentável (Decreto Municipal n.º 193/2023), resultado da pactuação realizada pela gestão municipal a Coalização Estratégia ODS. \nOutras ações enquanto políticas públicas e projetos demostram que Abaetetuba já vem desenvolvendo um trabalho intersetorial e não está partindo do zero na atuação climática, dentre estas:\nNo setor de Energia, o Município passou, em 2022, a realizar a troca de luminárias antigas por lâmpadas de LED em todo o município. Essa iniciativa visa modernizar o parque de iluminação pública, reduzir gastos e aumentar a eficiência energética na cidade. \nNo Setor de Transporte, o Município vem esforçando-se para melhorar toda sua infraestrutura viária, visando desde a implementação de transporte público coletivo a melhorias no sistema cicloviário propostos no Plano de Mobilidade (PANMOB, 2019).\nNo Setor de Resíduos, Abaetetuba implementou, em 2022, a rota da Coleta Seletiva, com o objetivo de melhorar as condições ambientais, e recupera 2,52% do total de resíduos coletados no município. No estado, a taxa de recuperação é de 0,5%, e no país é de 3,31% (SNIS, 2022). \n",
2025 Disclosure Cycle,779465,CDP,73734,Envigado,City,Latin America,Colombia,Public,Q11.1,Use this field to provide any additional information or context that you feel is relevant to your jurisdiction's response. Please note that this field is optional and is not scored/assessed.,1,,"Envigado actualizó su Plan de Gestión Ambiental, el cual hace parte del Sistema de Gestión Ambiental Municipal .SIGAM. en el cual se incluyen las políticas, estrategias y programas que permitirán y orientarán la gestión ambiental de todos los actores estratégicos del Municipio, con el propósito de que los procesos de desarrollo propendan por la sostenibilidad en el territorio municipal y en la región. (...)”, documento en donde se “(...) presenta una identificación de la situación actual del Municipio en materia ambiental, así como la política específica, estrategias, programas, proyectos y acciones recomendadas para subsanar los problemas ambientales identificados con el fin de mejorar la calidad ambiental del Municipio, lo que tendrá una incidencia positiva en el mejoramiento de los aspectos sociales, económicos y de competitividad local y regional y cuyo objetivo es “(...) Garantizar la gestión integral de los recursos naturales en el municipio de Envigado, a través del mejoramiento en la oferta de bienes y servicios ambientales de manera armónica con los procesos de desarrollo urbano - rural. (...)”.\nComo líneas de acción se adoptan los siguientes planes específicos:\n• Gestión integral del agua.\n• Conservación y recuperación de la Biodiversidad y específicamente de la Estructura Ecológica Principal.\n• Gestión integral del riesgo.\n• Servicios públicos domiciliarios básicos con calidad.\n• Mitigación y adaptación al cambio climático.\n• Construcción sostenible.\n• Educación y sensibilización ambiental contextualizada al territorio municipal.\n• Desarrollo rural y consumo sostenible.\nGestión de la calidad del aire.\n• Seguimiento al estado de los recursos naturales.\nEl PGAM regula, conserva, protege, administra y promueve los recursos naturales. Así mismo, previene y corrige las afectaciones de los mismos a través de programas y proyectos liderados y asesorados por los actores que lo integran. Las acciones y estrategias que guíen el funcionamiento del SIGAM deben estar enmarcadas en las diferentes líneas temáticas de la política ambiental, definida en el Plan de Gestión Ambiental Municipal -PGAM, cuyos ejes temáticos son: Conservación y Recuperación de la Biodiversidad, específicamente de la Estructura Ecológica Principal, las áreas protegidas, la mitigación y adaptación al cambio climático, la Construcción Sostenible, la Educación y sensibilización ambiental, producción limpia y consumo sostenible, la gestión de la calidad del aire, la gestión integral de los residuos sólidos, el bienestar animal y el recurso hídrico con el fin de armonizar los objetivos de la política y la gestión ambiental del municipio de Envigado y cuya revisión, según el protocolo de Planeación, es el reto de este cuatrienio.\nSe adjunta también el Plan Agropecuario Municipal, adoptado mediante Decreto No.20240000229 el cual es una apuesta para la sostenibilidad ambiental en el territorio rural en un horizonte de 12 años.\n\nSe adjunta el Plan de Desarrollo: Acuerdo No.017 del 27 de mayo de 2024, Plan de Desarrollo Municipal 2024-2027 \'Envigado Vamos Adelante, Amor por la Gente, Amor por Envigado\', en el cual puede revisarse la integración y compromiso con la temática de cambio climático, en el Componente: Línea 3. Envigado Sostenible e Inteligente. Nodo Bienestar Animal, Ambiente y Desarrollo Sostenible; Programa: 3.3.1 Gestión Ambiental y Acción por el Cambio Climático y Proyecto: 3.3.1.3 Compromiso con el Desarrollo Bajo en Carbono y Resiliente al Cambio Climático \n\nSe presenta el Acuerdo No.001 de 0224 de incentivos a la construcción sostenible\n\nSe adjunta acta de los Premios Progreso que reconocen al Proyecto Ecozonas como una de las mejores prácticas ambientales.\nAdemás se presenta la evaluación aprobatoria del seguimiento a la Carbono Neutralidad del municipio de Envigado\n","ACTUALIZACIÓN PMGRD ENVIGADO 2024-2035 1.pdf,ACUERDO-001-2023-ENERO-24-DE-2023.Incentivos construccion sostenible.pdf,Acuerdo-017-de-2024.pdf,DECRETO 20240000229 PAM.pdf,FPS507v0.-I-CCN-SMADA_Periodo_2023.V01F.VoBo (1).pdf,PLan-Gestion-Ambiental-2024-2035.pdf,Premio Envigado (1).pdf"
2025 Disclosure Cycle,779465,CDP,73793,La Estrella,City,Latin America,Colombia,Public,Q11.1,Use this field to provide any additional information or context that you feel is relevant to your jurisdiction's response. Please note that this field is optional and is not scored/assessed.,1,,Se adjunta Presentación sobre las principales acciones que se están ejecutando en la jurisdicción con relación a la conservación y protección del medio ambiente. \nAdicionalmente se adjunta el Plan de desarrollo municipal del periodo 2024-2027 donde se establecen unos lineamientos y unas metas para el cuidado la conservación y la protección del medio ambiente.,Presentación secretaria de medio ambiente 2024 - Completa.pdf
2025 Disclosure Cycle,779465,CDP,74309,Nakhon Sawan City Municipality,City,South East Asia & Oceania,Thailand,Public,Q11.1,Use this field to provide any additional information or context that you feel is relevant to your jurisdiction's response. Please note that this field is optional and is not scored/assessed.,1,,การดำเนินการเก็บข้อมูลการปล่อยก๊าซเรือนกระจกของเทศบาลนครนครสวรรค์ ยังไม่คลอบคลุมทั้งหมด ทุกภาคส่วน เนื่องด้วยมีหน่วยงาน ภาคประชาชน ภาคเอกชน และภาครัฐเป็นจำนวนมาก การให้ความร่วมมือในการให้ข้อมูลและการรวบรวมข้อมูลทำได้ค่อนข้างยาก ข้อมูลที่เก็บได้บางส่วน ผู้เชี่ยวชาญ ได้มีการนำข้อมูลมาจากฐานข้อมูลของหน่วยงานราชการ ,
2025 Disclosure Cycle,779465,CDP,826201,Ayuntamiento de Zapopan,City,Latin America,Mexico,Public,Q11.1,Use this field to provide any additional information or context that you feel is relevant to your jurisdiction's response. Please note that this field is optional and is not scored/assessed.,1,,"En el año 2023, el Pacto Global de Alcaldes por el Clima y la Energía otorgó al municipio de Zapopan 3 medallas de Adaptación, 3 medallas de Mitigación, la medalla de Conformidad y 2 medallas de Energía. Por lo que, somos una de las 4 ciudades de México que han sido honradas con medallas en los 4 pilares y la primera y única ciudad en el Estado de Jalisco que cuenta con medallas de Adaptación, Mitigación, Conformidad y Energía. Al otorgarnos estas medallas, el Pacto Global de Alcaldes por el Clima y la Energía reconoce el compromiso de Zapopan en la lucha global contra el cambio climático, considerando que hemos demostrado un liderazgo ejemplar en la construcción de un futuro más sostenible y resiliente para las generaciones futuras\n\nEn diciembre del año 2022, el municipio de Zapopan fue seleccionado como una de las 15 Ciudades Emblemáticas de América Latina; esta iniciativa promovida por el Pacto Global de Alcaldes por el Clima y la Energía consistió en la selección de un grupo de ciudades de América Latina, como un reconocimiento por nuestra ambición en la mitigación y adaptación climática. Cabe señalar que solamente fueron seleccionadas 2 ciudades de México, siendo Ciudad de México y Zapopan. El objetivo fue desarrollar un proyecto de acción climática bajo un programa de tutoría, desde la fase de conceptualización hasta el diseño de implementación, preparándolo para ser financiado. El proyecto que fue desarrollado durante este programa de mentoría fue \'Sistemas fotovoltaicos en Edificios Públicos de Zapopan\'.\n\nEl 23 de julio del año 2023, Zapopan fue seleccionada para participar en el Programa de \'Cities Meet Cities\' o \'Intercambio de Expertos\', como resultado de la Convocatoria lanzada por el Pacto Global de Alcaldes por el Clima y la Energía (GCom), este programa consiste en el intercambio técnico entre ciudades que han desarrollado y/o están desarrollando e implementando un Plan de Acción Climática (PAC) consistente con los requisitos del Marco Común de Reporte del GCoM. El objetivo principal es fomentar el intercambio de conocimientos y mejores prácticas entre las ciudades signatarias de las diferentes regiones del GCoM, el cual se centrará en los aspectos técnicos y prácticos de la implementación de los Planes de Acción Climática (PAC) desarrollados previamente por las ciudades cada intercambio permitirá que dos expertos de cada ciudad visiten la ciudad signataria del GCoM emparejada respectivamente. Fuimos emparejados con la ciudad de Dakar, Senegal y estamos realizando las gestiones para realizar los intercambios entre ciudades en los próximos 6 meses.\n\nZapopan resultó ganador de la convocatoria para el acompañamiento técnico y financiero de proyectos climático liderado por la Comunidad Climática Mexicana e impulsado por WRI México en conjunto con la Iniciativa Climática de México (ICM) y la Asociación Nacional de Autoridades Ambientales Estatales (ANAAE), a través del cual desarrollamos el proyecto de movilidad activa \'Paseo Alcalde\'.\n\nEn febrero del año 2024, Zapopan fue pre-seleccionada por WWF como una de las 3 ciudades de México para ganar el Desafío de Ciudades (One Planet City Challenge OPCC) en su edición 2023-2024; en virtud de lo anterior, estaremos participando en la Campaña \'We Love Cities\', que busca impulsar la acción climática y la sostenibilidad en las ciudades mediante un concurso amistoso que inspire a ciudades y personas. Esta edición se celebrará del 1 al 31 de octubre de 2024.\n\nEl municipio de Zapopan participó por invitación de ICELI, Gobiernos Locales por la Sustentabilidad (red internacional de la que somos miembros desde septiembre del año 2023) para participar en 2 importantes foros: en la Semana del Clima de América Latina y el Caribe de 2023 (LACCW 2023), que se realizó en la ciudad de Panamá, Panamá y tuvo lugar del 8 al 12 de octubre de 2023. Así como en la 28ª Conferencia de las Partes de la Convención Marco de las Naciones Unidas sobre el Cambio Climático (COP28), que se llevó a cabo del 30 de noviembre al 12 de diciembre de 2023 en Dubái, Emiratos Árabes. \n\n",Medallas GCoM 2023 Zapopan.pdf
2025 Disclosure Cycle,779465,CDP,834373,"Town of York, ME",City,North America,United States of America,Public,Q11.1,Use this field to provide any additional information or context that you feel is relevant to your jurisdiction's response. Please note that this field is optional and is not scored/assessed.,1,,"The Town of York, Maine, is actively pursuing a sustainable future through the implementation of its Climate Action Plan. Despite the challenges posed by limited staffing and resources, the town has made substantial progress, with 37% of the plan currently underway. By focusing on key initiatives and leveraging community engagement, York is demonstrating a strong commitment to reducing its carbon footprint and building a more resilient community. The town's aspirations extend beyond the current phase of the plan, envisioning a future where York is a model of sustainable living and environmental stewardship.",
2025 Disclosure Cycle,779465,CDP,840915,Prefeitura de Curvelo,City,Latin America,Brazil,Public,Q11.1,Use this field to provide any additional information or context that you feel is relevant to your jurisdiction's response. Please note that this field is optional and is not scored/assessed.,1,,"We don't have any more information to add.\nCurvelo-MG está fortalecendo suas políticas ambientais e climáticas, com foco em sustentabilidade, redução de emissões e adaptação às mudanças climáticas. A cidade implementa programas educativos e projetos de jovens, revisa seu Plano Diretor com diretrizes ambientais, gerencia resíduos sólidos e participa de redes de cidades sustentáveis (ex.: ICLEI). Embora alguns dados municipais ainda sejam limitados, a cidade utiliza referências estaduais e nacionais e busca aprimorar inventários e monitoramento ambiental, garantindo base sólida para futuras estratégias e captação de recursos climáticos.",
2025 Disclosure Cycle,779465,CDP,845128,Prefeitura de Campo Largo,City,Latin America,Brazil,Public,Q11.1,Use this field to provide any additional information or context that you feel is relevant to your jurisdiction's response. Please note that this field is optional and is not scored/assessed.,1,,,"PQ CAMBUI_CAMINHOS 3 de 9.pdf,PQ CAMBUI_CAMINHOS 4 de 9.pdf,PQ CAMBUI_CAMINHOS 5 de 9.pdf,PQ CAMBUI_CAMINHOS 6 de 9.pdf,PQ CAMBUI_CAMINHOS 7 de 9.pdf,PQ CAMBUI_CAMINHOS 8 de 9.pdf,PQ CAMBUI_CAMINHOS 9 de 9.pdf,Projeto Fotovoltaico - Carport do Parque Newton Puppi.pdf,Projeto Fotovoltaico - Termainal Rodoviário.pdf,inventory-BR CLO-2022.csv"
2025 Disclosure Cycle,779465,CDP,866903,Prefeitura de Itapipoca,City,Latin America,Brazil,Public,Q11.1,Use this field to provide any additional information or context that you feel is relevant to your jurisdiction's response. Please note that this field is optional and is not scored/assessed.,1,,Plano de arborização ,Plano de ArborizaÃ§Ã£o da Ã_rea Urbana Consolidada no MunicÃ_pio de Itapipoca.vp.pdf
2025 Disclosure Cycle,779465,CDP,867329,Prefeitura de Cametá,City,Latin America,Brazil,Public,Q11.1,Use this field to provide any additional information or context that you feel is relevant to your jurisdiction's response. Please note that this field is optional and is not scored/assessed.,1,,"Cametá possui muitos instrumentos de planejamento e de políticas públicas mas é estrangulado na capacidade de financiar grandes projetos. Temos uma geografia de difícil gestão pois somos o único município que é cortado ao meio por uma grande massa de água (rio Tocantins) e a qual define nossa cultura e nossa territorialidade (urbana, ribeirinha, e Rural de Terra Firme)\n\nNossa agricultura é de corte e queima e isso leva a grandes emissões de CO2eq que é de longe nossa maior parcela de contribuição para as mudanças climáticas. Gostaríamos de contar com qualquer apoio institucional para que possamos seguir trabalhando para melhorar nosso meio ambiente e a vida na nossa população.","Final - Aterro vs WtE - Estudo de viabilidade econômico, social e ambiental - 2021 - Cametá.pdf,LEI 086-PLANO DIRETOR- ORIGINAL.pdf,LEI Nº 484 - 2025 DE 30 DE JUNHO DE 2025 - PMDRS.pdf,PMGIRS _PLANO_FINAL_JUNHO_2016_CAMETA.pdf,Projeto Recuperação de Nascentes- Educação Ambiental - 2025.pdf,SEMMA - RELATÓRIO QUEIMADAS EM CAMETÁ 2024_Assinado 1.pdf,final - PMSB - PLANO MUNICIPAL DE SANEAMENTO BÁSICO DO MUNICÍPIO DE CAMETÁ - 2025.pdf"
2025 Disclosure Cycle,779465,CDP,2033709,Prefeitura de Altamira,City,Latin America,Brazil,Public,Q11.1,Use this field to provide any additional information or context that you feel is relevant to your jurisdiction's response. Please note that this field is optional and is not scored/assessed.,1,,"A Secretaria Municipal de Meio Ambiente de Altamira (SEMMA) atua de forma estratégica na gestão ambiental do município, desenvolvendo ações, projetos e programas voltados à proteção dos recursos naturais, à adaptação climática e ao fortalecimento da sustentabilidade urbana e rural.\nEntre suas principais atividades estão a fiscalização ambiental, o licenciamento, o monitoramento de áreas verdes, a educação ambiental, a gestão de resíduos sólidos, além da coordenação de iniciativas voltadas à resiliência climática e à conservação dos ecossistemas urbanos e rurais.\nAltamira também participa de programas e redes nacionais e internacionais que fortalecem sua agenda ambiental, tais como:\n•\tPrograma União com Municípios - parceria que amplia a capacidade de financiamento, suporte técnico e governança ambiental local, permitindo estruturar projetos estratégicos em áreas como restauração florestal, combate ao desmatamento e fortalecimento da gestão municipal.\n•\tCidades Verdes e Resilientes - iniciativa que apoia a construção de políticas públicas de adaptação climática, gestão integrada de riscos, infraestrutura verde e planejamento urbano orientado às mudanças climáticas.\n•\tDUSA - Coalização para o desenvolvimento sustentável urbano da Amazonia - programa que fortalece a cooperação entre municípios amazônicos, com foco na sustentabilidade urbana, habitação, mobilidade, justiça climática e inovação territorial.\nEm conjunto, esses programas ampliam a capacidade técnica da SEMMA para acessar financiamentos, implementar projetos e adotar práticas modernas de gestão ambiental.\nA atuação da SEMMA é ainda mais relevante considerando que Altamira-PA possui uma das maiores extensões territoriais do Brasil, abrangendo áreas críticas para a conservação da Amazônia, incluindo florestas, rios, biodiversidade única e importantes zonas de amortecimento. O município desempenha papel estratégico na agenda ambiental regional, contribuindo para a proteção dos ecossistemas, o enfrentamento da crise climática, a promoção de cidades mais resilientes e a melhoria da qualidade de vida da população.\n",
