disclosure_cycle,cdp_requesting_org_number,requesting_organization,cdp_disclosing_org_number,disclosing_organization,disclosing_org_type,cdp_region,discloser_country_or_area,public_status,question_number,question_text,row_order,row_name,col1_Main community-wide emissions inventory attachment (spreadsheet)^,col2_URL link (with unrestricted access)^,col3_Status of main community-wide inventory attachment and/or direct link,col4_Year covered by main inventory^,col5_Boundary of main inventory relative to jurisdiction boundary^,col6_Population in year covered by main inventory,col7_Primary protocol/framework used to compile main inventory,col8_GCoM: Primary protocol/framework used to compile main inventory^,col9_Tool used to compile main inventory,col10_Gases included in main inventory^,col11_Primary source of emission factors^^,col12_Source of global warming potential values,col13_Has the main inventory been audited/verified?,col14_Overall level of data quality,col15_Have any of the calculation methodologies and/or boundary used for this inventory changed when compared to the previously reported inventory?,col16_Additional/historical inventories and other relevant attachments,"col17_Further documentation, links and comments"
2025 Disclosure Cycle,779465,CDP,1093,"City of Atlanta, GA",City,North America,United States of America,Public,Q3.1.1,Provide information on and an attachment (in spreadsheet format)/ direct link to your main community-wide GHG emissions inventory.,1,Response,cdp_report_GHG_2023.xlsx,Atlanta Community GHG Emissions Inventory - GCOM Report,The emissions inventory has been attached,2023,Same - covers entire jurisdiction and nothing else,510823,,Global Protocol for Community-Scale Greenhouse Gas Emissions Inventories (GPC),ICLEI ClearPath,N2O|CH4|CO2,"Local emission factors: Factor sets within ClearPath, for electricity the Georgia Power Grid factors for 2023 were used as a more upgraded methodology change.",IPCC Sixth Assessment Report (2021),"Yes, internally and externally audited/verified",Emissions factors - High data quality|Activity data - Medium data quality,"Yes, due to changes in calculation methodology or improvements in data access and/or accuracy but this has not triggered a recalculation of historic emissions data",,https://www.100atl.com/greenhouse-gas-inventories
2025 Disclosure Cycle,779465,CDP,1184,"City of Austin, TX",City,North America,United States of America,Public,Q3.1.1,Provide information on and an attachment (in spreadsheet format)/ direct link to your main community-wide GHG emissions inventory.,1,Response,Austin 2023_CIRIS Tool.xlsx,Not available,The emissions inventory has been attached,2023,Other: Some ETJ areas and extended service areas from our public electric and water utilities,1025668,,Global Protocol for Community-Scale Greenhouse Gas Emissions Inventories (GPC),CIRIS,NF3|PFCs|CO2|N2O|HFCs|CH4|SF6,Local emission factors: ERCOT,IPCC Sixth Assessment Report (2021),"Yes, internally audited/verified (self-verification)",Emissions factors - High data quality|Activity data - High data quality,"Yes, due to changes in calculation methodology or improvements in data access and/or accuracy but this has not triggered a recalculation of historic emissions data",Austin 2022_CIRIS Tool_No Macros.xlsx,Attached 2022 inventory to be compared with 2023 in terms of overall emission increase/decrease. The inventory does not currently include emissions from agriculture sector due to having negligible agricultural activities.
2025 Disclosure Cycle,779465,CDP,1499,City of Barcelona,City,Europe,Spain,Public,Q3.1.1,Provide information on and an attachment (in spreadsheet format)/ direct link to your main community-wide GHG emissions inventory.,1,Response,eCRF_Export_Barcelona_2023.xlsx,--,The emissions inventory has been attached,2023,Same - covers entire jurisdiction and nothing else,1660435,,Global Protocol for Community-Scale Greenhouse Gas Emissions Inventories (GPC) reported in the format of GCoM Common Reporting Framework (CRF),CIRIS,CO2|CH4|N2O,Default IPCC emission factors,IPCC Fourth Assessment Report (2007),"Yes, externally audited/verified (third-party verification)",Activity data - High data quality,No changes to the methodology and/or boundary used when compared to the previously reported inventory,"2018_Inventory.xlsx,2019_Inventory.xlsx,2020_Inventory.xlsx,eCRF_Export_Barcelona_2021.xlsx,eCRF_Export_Barcelona_2022.xlsx","Attached also 2021 and 2022 eCRF file with updated and final information, alongside 2018 to 2020 inventories. We attach all of them again using spanish electricity grid emission factor instead regional one, as it is the new criteria in the Climate Plan. 2023 inventory also uses spanish emission factor."
2025 Disclosure Cycle,779465,CDP,1850,Birmingham City Council,City,UKWW,United Kingdom,Public,Q3.1.1,Provide information on and an attachment (in spreadsheet format)/ direct link to your main community-wide GHG emissions inventory.,1,Response,SCATTER_birmingham_CDP-report-inventory_2020 (1).xlsx,N/A,The emissions inventory has been attached,2023,Same - covers entire jurisdiction and nothing else,1149000,,Global Protocol for Community-Scale Greenhouse Gas Emissions Inventories (GPC),SCATTER,CH4|N2O|CO2,Default IPCC emission factors,IPCC Fourth Assessment Report (2007),"Yes, externally audited/verified (third-party verification)",Activity data - High data quality,No changes to the methodology and/or boundary used when compared to the previously reported inventory,"Appendix 1 - Birmingham Route to Net Zero Carbon Annual Report 2024.docx,Appendix 1 - Birmingham Route to Net Zero Carbon Annual Report 2024.docx,Appendix 1 - Birmingham Route to Net Zero Carbon Annual Report 2025_SS (8).pdf","The Council's scope 1 and 2 emissions have been calculated in 2024 for the 23/24 financial year and scope 3 emissions have been screened to identify the council's greatest emissions sources. These emissions are the focus of the Council's decarbonisation efforts, and the Route to Net Zero team are working with the relevant council's directorates, departments and services to identify emissions reductions opportunities. The team will also continue to improve the scope, availability and quality of emissions data. The council monitors and reports its carbon footprint on an annual basis.24/25 data will be published in Q1 2026."
2025 Disclosure Cycle,779465,CDP,2621,Cambridgeshire County Council,City,UKWW,United Kingdom,Public,Q3.1.1,Provide information on and an attachment (in spreadsheet format)/ direct link to your main community-wide GHG emissions inventory.,1,Response,,https://www.gov.uk/government/statistics/uk-local-authority-and-regional-greenhouse-gas-emissions-statistics-2005-to-2023,The emissions inventory can be accessed (unrestricted) on the link provided,2023,Same - covers entire jurisdiction and nothing else,699573,Regional or country/area specific methodology,,Other regionally/nationally developed tool/process: UK Government published local authority area emissions. Technical report outlining methodology: https://assets.publishing.service.gov.uk/media/686554d9e6c3cc9242289453/local-authority-ghg-technical-report-2023.pdf,CO2|CH4|N2O,National/sub-national emission factors: Emissions factors used as set out in the accompanying technical report: https://assets.publishing.service.gov.uk/media/686554d9e6c3cc9242289453/local-authority-ghg-technical-report-2023.pdf,IPCC Fifth Assessment Report (2013),"Yes, externally audited/verified (third-party verification)",Activity data - High data quality|Emissions factors - High data quality,"Yes, due to changes in calculation methodology or improvements in data access and/or accuracy and this has triggered a recalculation of historic emissions data",,"All years from 2005 to 2023 are in the same dataset (spreadsheet), the data for Cambridgeshire can be found by filtering to the relevant rows. Technical report also linked which details methodology: https://assets.publishing.service.gov.uk/media/686554d9e6c3cc9242289453/local-authority-ghg-technical-report-2023.pdf"
2025 Disclosure Cycle,779465,CDP,3203,City of Chicago,City,North America,United States of America,Public,Q3.1.1,Provide information on and an attachment (in spreadsheet format)/ direct link to your main community-wide GHG emissions inventory.,1,Response,chicago_illiveboard_2024_GPC_REPORT_2025-10-16_20-27.xlsx,The City's GHG inventory is not available online,The emissions inventory has been attached,2024,Same - covers entire jurisdiction and nothing else,2746388,,Global Protocol for Community-Scale Greenhouse Gas Emissions Inventories (GPC),"Consultancy-developed tool/process: A custom, consultant-developed, Excel-based tool consisting of four linked workbooks.",CH4|N2O|CO2,Local emission factors: The 2019 inventory uses a custom electricity emissions factor developed in consultation with the local electricity utility (Commonwealth Edison). Transportation emissions calculated via MOVES3. All other factors come from IPCC Guidelines.,IPCC Fifth Assessment Report (2013),"Yes, externally audited/verified (third-party verification)",Emissions factors - High data quality|Activity data - High data quality,"Other: The 2017 inventory used the eGRID RFCW emissions factor. The 2019 inventory uses a custom emissions factor, developed with the local utility, that better accounts for the high proportion of electricity coming from nuclear energy in the region.",,Links to attachments \n\n2017 City of Chicago GHG Inventory Report (https://www.chicago.gov/content/dam/city/progs/env/GHG_Inventory/Chicago-2017-GHG-Report_Final.pdf); \n\n2019 CMAP Regional GHG Inventory Report (https://cmap.illinois.gov/wp-content/uploads/Greenhouse_Gas_Emission_Inventory_2022.pdf);\n\n2019 CMAP GHG Inventory Summary (file:///C:/Users/440269/Downloads/2019 Chicago GHG-Emissions-Summary.pdf);\n\n2019 CMAP GHG Emissions Methodology Memo\n(https://datahub.cmap.illinois.gov/documents/7739c26c4bec47ada7a794d09fcd9ac5/explore). 
2025 Disclosure Cycle,779465,CDP,3417,"New York City, NY",City,North America,United States of America,Public,Q3.1.1,Provide information on and an attachment (in spreadsheet format)/ direct link to your main community-wide GHG emissions inventory.,1,Response,,https://www.nyc.gov/content/climate/pages/initiatives/nyc-greenhouse-gas-inventories,The emissions inventory can be accessed (unrestricted) on the link provided,2023,Same - covers entire jurisdiction and nothing else,8258000,,Global Protocol for Community-Scale Greenhouse Gas Emissions Inventories (GPC),Internal tool/process,CH4|CO2|N2O,"National/sub-national emission factors: EPA Hub factors, and internal process to develop electricity factor.",Other: NYS Department of Environmental Conservation (DEC). NYS Inventory. EPA. GWPs from IPCC 5.,"No, not audited/verified",Emissions factors - High data quality|Activity data - High data quality,No changes to the methodology and/or boundary used when compared to the previously reported inventory,,"The City is mandated under Local Law 22 to compile an annual GHG emissions inventory. There are 4 inventories updated yearly:1.City Government - Municipal Operations Emissions including but not limited to buildings, fleet, water and waste treatment.2.Citywide (GPC) - all activities within the city's limits, including buildings, waste and water treatment, transportation, and power generation.3.Citywide (CLCPA) - all activities within the city's limits including buildings, waste and water treatment, transportation, and power generation, using the methods outlined in the NYC CLCPA to consider upstream impacts from the production of energy to the point of extraction and distribution). In this inventory there is a GWP multiplier that looks at a 20-year timeframe as opposed to the 100-year timeframe industry standard.4.Integrated Citywide & Consumption - measures the emissions from household consumption and integrates that into the Citywide (GPA) inventory for a close to complete view of how New Yorkers drive carbon emissions. (this is a new inventory as of 2021)\n\nWeblink for all historical NYC GHG emissions inventories --> https://www.nyc.gov/content/climate/pages/initiatives/nyc-greenhouse-gas-inventories"
2025 Disclosure Cycle,779465,CDP,3422,Greater London Authority,City,UKWW,United Kingdom,Public,Q3.1.1,Provide information on and an attachment (in spreadsheet format)/ direct link to your main community-wide GHG emissions inventory.,1,Response,"LEGGI 2022.xlsx,LEGGI 2022_v3.xlsx,London 2022 GPC.xlsx,London 2022 GPC_v3 - XLSX.xlsx",https://data.london.gov.uk/dataset/leggi \n\nand\n\nhttps://apps.london.gov.uk/leggi-explorer/,The emissions inventory has been attached and can be accessed (unrestricted) on the link provided,2022,Same - covers entire jurisdiction and nothing else,8866180,,Global Protocol for Community-Scale Greenhouse Gas Emissions Inventories (GPC),CIRIS,N2O|CH4|CO2|SF6|PFCs|NF3|HFCs,National/sub-national emission factors: https://www.gov.uk/government/collections/government-conversion-factors-for-company-reporting,IPCC Fifth Assessment Report (2013),"Yes, internally and externally audited/verified",Emissions factors - High data quality|Activity data - Medium data quality,No changes to the methodology and/or boundary used when compared to the previously reported inventory,,Download previous versions of the London Energy and Greenhouse Gas emissions Inventory (LEGGI) here: https://data.london.gov.uk/dataset/leggi\n\nWe also report inventory under Global Protocol for Community-Scale Greenhouse Gas Emissions Inventories (GPC) reported in the format of GCoM Common Reporting Framework (CRF) - see GCoM tab in attached spreadsheet. 
2025 Disclosure Cycle,779465,CDP,3429,City of Stockholm,City,Europe,Sweden,Public,Q3.1.1,Provide information on and an attachment (in spreadsheet format)/ direct link to your main community-wide GHG emissions inventory.,1,Response,GPC Stockholm 2023.xlsx,GPC 2023 Stockholm attached,The emissions inventory has been attached,2023,Same - covers entire jurisdiction and nothing else,988943,,Global Protocol for Community-Scale Greenhouse Gas Emissions Inventories (GPC) reported in the format of GCoM Common Reporting Framework (CRF),CIRIS,NF3|PFCs|CH4|N2O|CO2|SF6|HFCs,"Local emission factors: Local emission factors are mainly used, in some cases are national emission factor used",IPCC Sixth Assessment Report (2021),"Yes, internally audited/verified (self-verification)",Emissions factors - High data quality|Activity data - High data quality,No changes to the methodology and/or boundary used when compared to the previously reported inventory,,-
2025 Disclosure Cycle,779465,CDP,5871,Essex County Council,City,UKWW,United Kingdom,Public,Q3.1.1,Provide information on and an attachment (in spreadsheet format)/ direct link to your main community-wide GHG emissions inventory.,1,Response,WB_Decon_CDP_v0.3 (22).xlsx,\nn/a,The emissions inventory has been attached,2022,Same - covers entire jurisdiction and nothing else,1519509,Global Protocol for Community-Scale Greenhouse Gas Emissions Inventories (GPC),,Internal tool/process,CO2|N2O|CH4,Default IPCC emission factors,IPCC Fourth Assessment Report (2007),"Yes, internally audited/verified (self-verification)",Activity data - High data quality|Emissions factors - High data quality,No changes to the methodology and/or boundary used when compared to the previously reported inventory,,"Essex County Council (ECC) is reporting the Emissions Inventory produced in-house using the 2019 SCATTER workbook as a template. In nearly every instance, the same data sources, emission factor sources and calculations were used. However, the Scope 3 emission figures have been taken directly from the latest (2020) SCATTER inventory. "
2025 Disclosure Cycle,779465,CDP,10495,"City of Las Vegas, NV",City,North America,United States of America,Public,Q3.1.1,Provide information on and an attachment (in spreadsheet format)/ direct link to your main community-wide GHG emissions inventory.,1,Response,Las Vegas GHG Report R2.pdf,n/a,The emissions inventory has been attached,2022,Same - covers entire jurisdiction and nothing else,659236,,Global Protocol for Community-Scale Greenhouse Gas Emissions Inventories (GPC),Internal tool/process,N2O|CO2|CH4,National/sub-national emission factors: EPA eGRID & EPA Emissions Factors Hub,IPCC Fifth Assessment Report (2013),"No, not audited/verified",Activity data - Medium data quality,Other: ,,N/A
2025 Disclosure Cycle,779465,CDP,10894,"City of Los Angeles, CA",City,North America,United States of America,Public,Q3.1.1,Provide information on and an attachment (in spreadsheet format)/ direct link to your main community-wide GHG emissions inventory.,1,Response,LA Community 2023 CIRIS Tool - VALUES ONLY.xlsx,https://sanitation.lacity.gov/cs/groups/public/documents/document/y250/mta2/~edisp/cnt106346.pdf,The emissions inventory has been attached,2023,Same - covers entire jurisdiction and nothing else,3820914,,Global Protocol for Community-Scale Greenhouse Gas Emissions Inventories (GPC) reported in the format of GCoM Common Reporting Framework (CRF),CIRIS,PFCs|CH4|HFCs|NF3|CO2|N2O|SF6,"Other: Our inventory uses a combination of IPCC defaults, national/subnational EFs, and local EFs.",IPCC Fourth Assessment Report (2007),"Yes, internally audited/verified (self-verification)",Activity data - Medium data quality|Emissions factors - Medium data quality|Activity data - High data quality|Emissions factors - High data quality,No changes to the methodology and/or boundary used when compared to the previously reported inventory,2023 Community Greenhouse Gas Inventory Report.pdf,"The population used for the 2023 Inventory was 3,820,914. "
2025 Disclosure Cycle,779465,CDP,11315,City of Manchester,City,UKWW,United Kingdom,Public,Q3.1.1,Provide information on and an attachment (in spreadsheet format)/ direct link to your main community-wide GHG emissions inventory.,1,Response,SCATTER_manchester_Inventory_2020.xlsx,"No public URL available, please see the attachment",The emissions inventory has been attached,2020,Same - covers entire jurisdiction and nothing else,561482,,Global Protocol for Community-Scale Greenhouse Gas Emissions Inventories (GPC) reported in the format of GCoM Common Reporting Framework (CRF),SCATTER,CO2|CH4|N2O,Default IPCC emission factors,IPCC Fourth Assessment Report (2007),"Yes, externally audited/verified (third-party verification)",Emissions factors - High data quality|Activity data - High data quality,No changes to the methodology and/or boundary used when compared to the previously reported inventory,SCATTER_manchester_Inventory_2019.xlsx,https://scattercities.com/
2025 Disclosure Cycle,779465,CDP,13067,"City of New Orleans, LA",City,North America,United States of America,Public,Q3.1.1,Provide information on and an attachment (in spreadsheet format)/ direct link to your main community-wide GHG emissions inventory.,1,Response,New Orleans 2023 CIRIS GHG Inventory _ CDP Upload.xlsx,New Orleans 2023 CIRIS GHG Inventory,The emissions inventory has been attached,2023,Same - covers entire jurisdiction and nothing else,364136,,Global Protocol for Community-Scale Greenhouse Gas Emissions Inventories (GPC) reported in the format of GCoM Common Reporting Framework (CRF),CIRIS,N2O|CO2|CH4,National/sub-national emission factors: Primarily US EPA emissions factors,IPCC Fifth Assessment Report (2013),"Yes, internally audited/verified (self-verification)",Emissions factors - Medium data quality|Activity data - Medium data quality,"Yes, due to changes in calculation methodology or improvements in data access and/or accuracy and this has triggered a recalculation of historic emissions data",On-road Transportation Methodology Change - New Orleans GHG Inventory.docx,"The City of New Orleans updated its GHG inventory in 2024 using 2023 data. The City has also completed inventories in 2014, 2017, and 2021. Changes in methodology in the calculation of on-road transportation emissions resulted in revised inventories for 2014, 2017, and 2021. See attached for the methodology changes."
2025 Disclosure Cycle,779465,CDP,13113,Newcastle City Council,City,UKWW,United Kingdom,Public,Q3.1.1,Provide information on and an attachment (in spreadsheet format)/ direct link to your main community-wide GHG emissions inventory.,1,Response,"BUCI Input Sheet 2023 with DOS1 (1).xlsx,BUCI Input Sheet 2023 with DOS1.xlsx,BUCI Methodology (3).docx",N/A,The emissions inventory has been attached,2023,Same - covers entire jurisdiction and nothing else,300200,,Global Protocol for Community-Scale Greenhouse Gas Emissions Inventories (GPC) reported in the format of GCoM Common Reporting Framework (CRF),Internal tool/process,CO2|CH4|N2O,National/sub-national emission factors: UK Government conversion factors for reporting of greenhouse gas emissions are applied,IPCC Fourth Assessment Report (2007),"Yes, internally audited/verified (self-verification)",Activity data - High data quality|Emissions factors - High data quality,"Yes, due to changes in calculation methodology or improvements in data access and/or accuracy but this has not triggered a recalculation of historic emissions data",BUCI Methodology (3).docx,N/A
2025 Disclosure Cycle,779465,CDP,13490,Northumberland County Council,City,UKWW,United Kingdom,Public,Q3.1.1,Provide information on and an attachment (in spreadsheet format)/ direct link to your main community-wide GHG emissions inventory.,1,Response,2005-22-uk-local-authority-ghg-emissions.xlsx,https://www.gov.uk/government/statistics/uk-local-authority-and-regional-greenhouse-gas-emissions-statistics-2005-to-2022,The emissions inventory can be accessed (unrestricted) on the link provided,2022,Same - covers entire jurisdiction and nothing else,324400,,Regional or country/area specific methodology,Other regionally/nationally developed tool/process: UK Department for Energy Security and Net Zero UK local authority greenhouse gas emissions estimates 2022,CO2|CH4|N2O,National/sub-national emission factors: DESNZ GHG Conversion Factors for Company Reporting UK Greenhouse Gas Inventory (GHGI) National Atmospheric Emissions Inventory (NAEI) COPERT 5 IPCC,IPCC Fifth Assessment Report (2013),"Other: Externally produced inventory, accredited statistics",Activity data - High data quality|Emissions factors - High data quality,"Yes, due to changes in calculation methodology or improvements in data access and/or accuracy and this has triggered a recalculation of historic emissions data",local-authority-ghg-technical-report-2022 (1).pdf,"The UK Department for Energy Security and Net Zero (DESNZ) UK local authority greenhouse gas emissions estimates 2022 by DESNZ and estimates emissions for each Local Authority for the years 2005 - 2022. This data is published yearly, with a two year lag. The entire timeframe is revised with each new release to reflect improvements to data and methods as part of a continuous effort to improve accuracy. \n\nThe linked data covers the whole of the UK, but can be broken down to local authority level. \n\nSupporting technical report has been attached for the local authority emissions estimates released by DESNZ."
2025 Disclosure Cycle,779465,CDP,13506,Nottingham City Council,City,UKWW,United Kingdom,Public,Q3.1.1,Provide information on and an attachment (in spreadsheet format)/ direct link to your main community-wide GHG emissions inventory.,1,Response,SCATTER_nottingham_CDP-report-inventory_2020.xlsx,NA,The emissions inventory has been attached and can be accessed (unrestricted) on the link provided,2020,Same - covers entire jurisdiction and nothing else,331077,,Global Protocol for Community-Scale Greenhouse Gas Emissions Inventories (GPC),SCATTER,N2O|CO2|CH4,Default IPCC emission factors,IPCC Fourth Assessment Report (2007),"Yes, internally audited/verified (self-verification)",Activity data - High data quality|Emissions factors - High data quality,No changes to the methodology and/or boundary used when compared to the previously reported inventory,,
2025 Disclosure Cycle,779465,CDP,14088,Oslo Municipality,City,Europe,Norway,Public,Q3.1.1,Provide information on and an attachment (in spreadsheet format)/ direct link to your main community-wide GHG emissions inventory.,1,Response,"CIRIS_Standard_v2.5_Oslo_2023.xlsx,Oslo emission inventory 2023.xlsx,Oslo emission inventory 2023.xlsx",\nhttps://www.miljodirektoratet.no/tjenester/klimagassutslipp-kommuner/?area=426&sector=-2,The emissions inventory has been attached,2023,Same - covers entire jurisdiction and nothing else,699827,,Global Protocol for Community-Scale Greenhouse Gas Emissions Inventories (GPC),CIRIS,CO2|N2O|CH4,National/sub-national emission factors: Emission inventory and emission factors are compiled at the national level by the Norwegian Environment Agency,IPCC Fifth Assessment Report (2013),"No, not audited/verified",Activity data - High data quality|Emissions factors - High data quality,"Yes, due to changes in calculation methodology or improvements in data access and/or accuracy and this has triggered a recalculation of historic emissions data",,IPPU emissions included for the first time. Therefore increase in emissions from previous reporting. The entire historic inventory is included in the attached inventory. \n
2025 Disclosure Cycle,779465,CDP,14136,Oxford City Council,City,UKWW,United Kingdom,Public,Q3.1.1,Provide information on and an attachment (in spreadsheet format)/ direct link to your main community-wide GHG emissions inventory.,1,Response,,https://scattercities.com/data/crf-reporting-download-city-wide-emissions/323/2020,The emissions inventory can be accessed (unrestricted) on the link provided,2020,Same - covers entire jurisdiction and nothing else,161556,,Global Protocol for Community-Scale Greenhouse Gas Emissions Inventories (GPC) reported in the format of GCoM Common Reporting Framework (CRF),SCATTER,CH4|CO2|N2O,National/sub-national emission factors: BEIS GHG reporting conversion factors & UK average livestock emissions factors,IPCC Fifth Assessment Report (2013),"Yes, externally audited/verified (third-party verification)",Emissions factors - High data quality|Activity data - High data quality,"Other: A conversion discrepancy was corrected for LULUCF and LULUCF Non CO2 values for all years. This will increase values for LULUCF Non CO2 values significantly, while decreasing LULUCF values.",,N/A
2025 Disclosure Cycle,779465,CDP,14874,"City of Portland, OR",City,North America,United States of America,Public,Q3.1.1,Provide information on and an attachment (in spreadsheet format)/ direct link to your main community-wide GHG emissions inventory.,1,Response,"Aviation_Emissions_workbook_2025_update.xlsx,CO2 and Energy Summary 1990-2023-6th-100GWP-public.xlsx,portland_2023_cdp_report_9_16_25.xlsx",https://www.portland.gov/bps/climate-action/progress-toward-carbon-reductions,The emissions inventory has been attached and can be accessed (unrestricted) on the link provided,2023,Other: Multnomah County scale,805007,,Global Protocol for Community-Scale Greenhouse Gas Emissions Inventories (GPC) reported in the format of GCoM Common Reporting Framework (CRF),ICLEI ClearPath,N2O|CH4|CO2,National/sub-national emission factors: US EPA,IPCC Sixth Assessment Report (2021),"Yes, internally audited/verified (self-verification)",Activity data - High data quality|Emissions factors - High data quality,"Yes, due to changes in calculation methodology or improvements in data access and/or accuracy and this has triggered a recalculation of historic emissions data","cdp_report_2012.xlsx,cdp_report_2013.xlsx,cdp_report_2014.xlsx,cdp_report_2015.xlsx,cdp_report_2016.xlsx,cdp_report_2018.xlsx,cdp_report_2019.xlsx,cdp_report_2020.xlsx,cdp_report_2021.xlsx,cdp_report_2022.xlsx","Attached to this record are Portland's inventory for 2023 in GPC format, Portland's spreadsheet tracking emissions from 1990-2023, and our air travel emissions workbook for 2023.\n\nPortland revised the transportation sector methodology to obtain transportation subsector data. However, there are some data errors showing up this year that we have been unable to resolve. As such the data attached and reported below utilizes our prior transportation methodology (with sources like offroad, rail, and water transport included elsewhere, under the fuel type). The only exception is air travel, which has been attached separately as those emissions were not included elsewhere. Air travel emissions have also been added to the table below. \n\nFor Portland's new transportation methodology, data sets are not available to apply this method to all historic inventories. BPS is currently working on a methodology to reverse forecast those emissions back to the 1990 base year and will submit these inventories to CDP and C40 upon completion. \n\nIn addition, Portland updated all historical inventories with 6th Assessment 100 Yr GWP. We are unable to attach all the historic inventories to this question as they exceed the max file size allowed, but we have attached 2018 through 2022 updated inventories. Please contact us to receive copies of inventories back to 1990. "
2025 Disclosure Cycle,779465,CDP,15515,Reading Borough Council,City,UKWW,United Kingdom,Public,Q3.1.1,Provide information on and an attachment (in spreadsheet format)/ direct link to your main community-wide GHG emissions inventory.,1,Response,Reading GHG data (borough) .xlsx,,The emissions inventory has been attached,2023,Same - covers entire jurisdiction and nothing else,178200,,Global Protocol for Community-Scale Greenhouse Gas Emissions Inventories (GPC),SCATTER,CH4|NF3|N2O|SF6|HFCs|CO2|PFCs,Emission Factor Database (EFDB),IPCC Fourth Assessment Report (2007),"No, not audited/verified",,No changes to the methodology and/or boundary used when compared to the previously reported inventory,,"Please note, XL attached. The figures have also been entered manually. Please email ben.burfoot@reading.gov.uk if any issues with data/file? "
2025 Disclosure Cycle,779465,CDP,16581,"City of Seattle, WA",City,North America,United States of America,Public,Q3.1.1,Provide information on and an attachment (in spreadsheet format)/ direct link to your main community-wide GHG emissions inventory.,1,Response,CityofSeattleEmissionsInputMaster-2022Draft.xlsx,https://www.seattle.gov/documents/Departments/OSE/2022%20GHG%20Inventory%20Report%20-%20Final%2012-13-24%20%281%29.pdf,The emissions inventory has been attached,2022,Same - covers entire jurisdiction and nothing else,749256,,Global Protocol for Community-Scale Greenhouse Gas Emissions Inventories (GPC),Other: Excel and PowerBI,CO2|N2O|CH4|SF6|HFCs|PFCs,Default IPCC emission factors,IPCC Sixth Assessment Report (2021),"No, not audited/verified",Activity data - Medium data quality|Emissions factors - High data quality,"Yes, due to changes in calculation methodology or improvements in data access and/or accuracy and this has triggered a recalculation of historic emissions data",,Additional historic inventories can be found at this link: https://www.seattle.gov/environment/climate-change/climate-planning-and-data/performance-monitoring\n\n
2025 Disclosure Cycle,779465,CDP,18078,Swale Borough Council,City,UKWW,United Kingdom,Public,Q3.1.1,Provide information on and an attachment (in spreadsheet format)/ direct link to your main community-wide GHG emissions inventory.,1,Response,,https://assets.publishing.service.gov.uk/media/686539026569be0acf74db5a/2005-23-uk-local-authority-ghg-emissions.xlsx,The emissions inventory has been attached,2023,Other: The report covers Kent County but contains data that is specific to Swale,150100.0,2006 IPCC Guidelines for National Greenhouse Gas Inventories,,SCATTER,HFCs|CH4|N2O|CO2,National/sub-national emission factors: sub-national emission factors,,,Activity data - High data quality,,,
2025 Disclosure Cycle,779465,CDP,19233,Municipality of Torres Vedras,City,Europe,Portugal,Public,Q3.1.1,Provide information on and an attachment (in spreadsheet format)/ direct link to your main community-wide GHG emissions inventory.,1,Response,PAESC-Torres-Vedras-2050_.pdf,https://www.cm-tvedras.pt/assets/upload/paginas/2023/05/16/paesc-torres-vedras-2050/paesc-torres-vedras-2050.pdf,The emissions inventory has been attached and can be accessed (unrestricted) on the link provided,2019,Same - covers entire jurisdiction and nothing else,78530.0,,Global Protocol for Community-Scale Greenhouse Gas Emissions Inventories (GPC) reported in the format of GCoM Common Reporting Framework (CRF),Consultancy-developed tool/process: IrRadiare,CO2,Default IPCC emission factors,IPCC Fifth Assessment Report (2013),"Yes, externally audited/verified (third-party verification)",Activity data - Medium data quality,No changes to the methodology and/or boundary used when compared to the previously reported inventory,PASE_TV.pdf,"Informação do Inventário de Emissões disponível no Relatório do Plano de Ação para Energia Sustentável e Clima (no link de acesso direto) consta na página 57 e Anexos - página 82, Quadro 16.\n\nInventário anterior elaborado no âmbito do Plano de Ação para a Sustentabilidade Energética do Município de Torres Vedras (2013).\n\nInforma-se que o município está atualmente a trabalhar no inventário de emissões ao nível do concelho para obter informação mais atualizada.\n"
2025 Disclosure Cycle,779465,CDP,20113,"City of Vancouver, BC",City,North America,Canada,Public,Q3.1.1,Provide information on and an attachment (in spreadsheet format)/ direct link to your main community-wide GHG emissions inventory.,1,Response,"2024-DOC 2021 184247 PDS - SUS - Community GHG Inventory - CIRIS_Standard_v2.4__EN MULTI-YEAR (XLS).xlsx,Copy of DOC 2021 184247 PDS - SUS - Community GHG Inventory - CIRIS_Standard_v2.4__EN MULTI-YEAR (XLS)(3).xlsx",Attached file,The emissions inventory has been attached,2024,Same - covers entire jurisdiction and nothing else,680848,,Global Protocol for Community-Scale Greenhouse Gas Emissions Inventories (GPC),CIRIS,N2O|CO2|CH4,National/sub-national emission factors: Emissions Factors Database by the province of British Columbia,IPCC Fifth Assessment Report (2013),"No, not audited/verified",Emissions factors - High data quality|Activity data - High data quality,No changes to the methodology and/or boundary used when compared to the previously reported inventory,,See tab 'CoV Data' from uploaded inventory for historical data from 2007 to 2024
2025 Disclosure Cycle,779465,CDP,31009,Copenhagen Municipality,City,Europe,Denmark,Public,Q3.1.1,Provide information on and an attachment (in spreadsheet format)/ direct link to your main community-wide GHG emissions inventory.,1,Response,co2-regnskab-for-kbenhavns-kommune-2023-_2880.pdf,https://kk.sites.itera.dk/apps/kk_pub2/index.asp?mode=detalje&id=2880,The emissions inventory has been attached and can be accessed (unrestricted) on the link provided,2023,Same - covers entire jurisdiction and nothing else,659350,,Global Protocol for Community-Scale Greenhouse Gas Emissions Inventories (GPC),Internal tool/process,N2O|CH4|CO2|NF3|SF6|HFCs|PFCs,"National/sub-national emission factors: HOFOR, Energinet, DTU",IPCC Sixth Assessment Report (2021),"Yes, internally audited/verified (self-verification)",Activity data - High data quality|Emissions factors - High data quality,"Yes, due to changes in calculation methodology or improvements in data access and/or accuracy and this has triggered a recalculation of historic emissions data",,"Better data source for electricity consumption has triggered recalculation of emissions in previous years. Emission factor for electricity is now more local (from Denmark to the DK2 area, and now to the municipality level, following an EU decision that our transmission system operator needed to calculate the emission factor per electricity supply area). Also change in emission factor for car and van transport, to include higher proportion of electric vehicles in and around Copenhagen, which has also triggered recalculation of emissions."
2025 Disclosure Cycle,779465,CDP,31051,Coventry City Council,City,UKWW,United Kingdom,Public,Q3.1.1,Provide information on and an attachment (in spreadsheet format)/ direct link to your main community-wide GHG emissions inventory.,1,Response,SCATTER_coventry_CDP-report-inventory_2020 (1).xlsx,https://scattercities.com/\nhttps://www.gov.uk/government/collections/uk-local-authority-and-regional-greenhouse-gas-emissions-national-statistics,The emissions inventory has been attached,2020/2021,Same - covers entire jurisdiction and nothing else,345324,Regional or country/area specific methodology,,SCATTER,CO2|CH4|N2O,Default IPCC emission factors,IPCC Fourth Assessment Report (2007),"No, not audited/verified",Activity data - High data quality,No changes to the methodology and/or boundary used when compared to the previously reported inventory,,Use of Scatter data
2025 Disclosure Cycle,779465,CDP,31052,City of Cardiff,City,UKWW,United Kingdom,Public,Q3.1.1,Provide information on and an attachment (in spreadsheet format)/ direct link to your main community-wide GHG emissions inventory.,1,Response,"DESNZ data Cardiff 2005_23.xlsx,DESNZ data Cardiff 2005_23.xlsx","This dataset provides a detailed overview of greenhouse gas emissions in Cardiff from 2005 to 2023, utilising figures from the Department for Energy Security and Net Zero (DESNZ). It includes annual emissions data across key sectors such as industry, commercial, public sector, domestic, transport, agriculture, waste, and land use. In addition to tracking changes over time, the dataset offers comparative insights with other UK regions and core cities, helping to contextualise Cardiff's performance within broader national trends and climate objectives.\n\nThe data is reported two years in arrears.",The emissions inventory has been attached,2023,Same - covers entire jurisdiction and nothing else,383536,,Regional or country/area specific methodology,Other regionally/nationally developed tool/process: DESNZ data (UK Govt),CH4|CO2|N2O,National/sub-national emission factors: DESNZ Data (UK Govt),Do not know,"Yes, externally audited/verified (third-party verification)",Activity data - Medium data quality,"Yes, due to changes in calculation methodology or improvements in data access and/or accuracy and this has triggered a recalculation of historic emissions data",DESNZ data Cardiff 2005_22.xlsx,"To facilitate year-on-year comparisons and enhance contextual understanding, data from the preceding year (as published by the Department for Energy Security and Net Zero (DESNZ)) has also been included."
2025 Disclosure Cycle,779465,CDP,31054,Belfast City Council,City,UKWW,United Kingdom,Public,Q3.1.1,Provide information on and an attachment (in spreadsheet format)/ direct link to your main community-wide GHG emissions inventory.,1,Response,,https://www.gov.uk/government/collections/uk-local-authority-and-regional-greenhouse-gas-emissions-national-statistics#:~:text=These%20statistics%20provide%20the%20most%20reliable%20and%20consistent,The emissions inventory can be accessed (unrestricted) on the link provided,2023,Other: Northern Ireland wide. Local Government District data available on the same link from,345346,2006 IPCC Guidelines for National Greenhouse Gas Inventories,,"Consultancy-developed tool/process: The estimates are produced by Ricardo Energy & Environment and Aether on behalf of the Department for Business, Energy and Industrial Strategy, the Scottish Government, the Welsh Assembly Government and the Northern Ireland DAERA",CO2|N2O|CH4,Default IPCC emission factors,IPCC Fifth Assessment Report (2013),,,,,"https://datavis.nisra.gov.uk/daera/northern-ireland-greenhouse-gas-inventory.html#user-notes\n\nAll 7 GHG are reported at the regional level and were collected at a Belfast level for the Belfast Carbon Roadmap in 2020. DEZNZ local authority updates include carbon dioxide, methane and nitrous oxide."
2025 Disclosure Cycle,779465,CDP,31055,Glasgow City Council,City,UKWW,United Kingdom,Public,Q3.1.1,Provide information on and an attachment (in spreadsheet format)/ direct link to your main community-wide GHG emissions inventory.,1,Response,2005-23-uk-local-authority-ghg-emissions-CSV-dataset - Glasgow dataset only.csv,https://www.data.gov.uk/dataset/723c243d-2f1a-4d27-8b61-cdb93e5b10ff/local_authority_carbon_dioxide_emissions,The emissions inventory can be accessed (unrestricted) on the link provided,2023,Same - covers entire jurisdiction and nothing else,632000,,Regional or country/area specific methodology,Other regionally/nationally developed tool/process: UK Government Department for Energy Security and Net Zero (DESNZ),N2O|CO2|CH4,National/sub-national emission factors: UK Department for Energy and Net Zero emissions data used.,IPCC Fourth Assessment Report (2007),Other: The city level emissions are produced nationally by the UK Government,Activity data - Medium data quality,No changes to the methodology and/or boundary used when compared to the previously reported inventory,Glasgow City Council PBCCD 2024.xlsx,"Glasgow City Council uses the UK Government Department for Energy and Net Zero (DESNZ) UK local and regional greenhouse gas emissions data released annually two years in arrears. The data returned in this report are sourced from this government data for Glasgow City Council. The data spreadsheet has been attached and a link to access online provided. Within the DESNZ data, emissions from CO2 only, and emissions for CO2, CH4 and NO2 are published. Previously, Glasgow City Council has only reported CO2 to the CDP. However, we decided from 2024 (inclusive) to use the data which also includes CH4 and NO2. This does not align with the emissions reported as Glasgow City emissions on a wider basis, that includes only CO2. Complete reporting at a city-wide scale on all greenhouse gases has been identified as an action that we would like to progress within the upcoming revised Climate Plan.\n\nGlasgow City Council is currently undergoing a review of scope 3 emissions calculations, including emissions from waste and procurement. This work aligns with recommendations from the Scottish Government to incorporate scope 3 emissions into statutory Public Bodies Climate Change Duties Reporting."
2025 Disclosure Cycle,779465,CDP,31090,"District of Columbia, DC",City,North America,United States of America,Public,Q3.1.1,Provide information on and an attachment (in spreadsheet format)/ direct link to your main community-wide GHG emissions inventory.,1,Response,"2023 Inventory for CDP report (1).xlsx,GHG Inventory for CDP.pdf",https://doee.dc.gov/service/greenhouse-gas-inventories,The emissions inventory has been attached,2023,Same - covers entire jurisdiction and nothing else,678972,,Global Protocol for Community-Scale Greenhouse Gas Emissions Inventories (GPC),ICLEI ClearPath,CO2|CH4|N2O,Default IPCC emission factors,IPCC Sixth Assessment Report (2021),"Yes, internally audited/verified (self-verification)",Emissions factors - Medium data quality|Activity data - Medium data quality,No changes to the methodology and/or boundary used when compared to the previously reported inventory,,Inventories from 2006 onward available at: https://doee.dc.gov/service/greenhouse-gas-inventories
2025 Disclosure Cycle,779465,CDP,31109,City of Melbourne,City,South East Asia & Oceania,Australia,Public,Q3.1.1,Provide information on and an attachment (in spreadsheet format)/ direct link to your main community-wide GHG emissions inventory.,1,Response,CoM_GPC_Inventory_2024_Reporting_Year_-_CIRIS_Standard_v2_5.xlsx,https://cityofmelbourne-my.sharepoint.com/:x:/g/personal/nicholas_carrazzo_melbourne_vic_gov_au/ERspwNlMK-dCtXt2e21VnpkBzSMvFuvXyn6PoUtUrdy8lQ?e=3jXYV8,The emissions inventory has been attached and can be accessed (unrestricted) on the link provided,2024,Same - covers entire jurisdiction and nothing else,189381,,Global Protocol for Community-Scale Greenhouse Gas Emissions Inventories (GPC),CIRIS,CO2|CH4|N2O,National/sub-national emission factors: https://www.dcceew.gov.au/sites/default/files/documents/national-greenhouse-account-factors-2023.pdf,IPCC Sixth Assessment Report (2021),"No, not audited/verified",Emissions factors - High data quality|Activity data - High data quality,"Yes, due to changes in calculation methodology or improvements in data access and/or accuracy but this has not triggered a recalculation of historic emissions data",,N/A
2025 Disclosure Cycle,779465,CDP,31110,City of Rome,City,Europe,Italy,Public,Q3.1.1,Provide information on and an attachment (in spreadsheet format)/ direct link to your main community-wide GHG emissions inventory.,1,Response,CIRIS_v2.5_Inventory 2022.xlsx,,The emissions inventory has been attached,2022,Same - covers entire jurisdiction and nothing else,2813365,,Global Protocol for Community-Scale Greenhouse Gas Emissions Inventories (GPC),CIRIS,CO2|N2O|CH4,National/sub-national emission factors: EF are generally country specific,IPCC Fourth Assessment Report (2007),"Yes, internally audited/verified (self-verification)",Emissions factors - Medium data quality|Activity data - Medium data quality,No changes to the methodology and/or boundary used as this is the jurisdictions first year reporting an emissions inventory,,Self-verification carried out with support of the national Superior Institute for Environmental Protection and Research (ISPRA). Previous main community-wide GHG emissions inventory for 2019 is also attached (see additional/historical field). (Danila)
2025 Disclosure Cycle,779465,CDP,31111,Tokyo Metropolitan Government,City,Japan,Japan,Public,Q3.1.1,Provide information on and an attachment (in spreadsheet format)/ direct link to your main community-wide GHG emissions inventory.,1,Response,CIRIS_Standard_v2.5_EN_2022（2025年度作成）.xlsx,,The emissions inventory has been attached,2022/2023,Same - covers entire jurisdiction and nothing else,14099993,,Global Protocol for Community-Scale Greenhouse Gas Emissions Inventories (GPC),CIRIS,PFCs|CH4|NF3|SF6|CO2|HFCs|N2O,Default IPCC emission factors,IPCC Fifth Assessment Report (2013),"No, not audited/verified",Activity data - Medium data quality|Emissions factors - Medium data quality,"Yes, due to changes in calculation methodology or improvements in data access and/or accuracy but this has not triggered a recalculation of historic emissions data",,"東京都は、CIRISを用いたインベントリに加えて、環境省マニュアルを基としたインベントリ（「東京都における最終エネルギー消費及び温室効果ガス排出量総合調査」）も作成している。後者の調査結果については、下記を参照。https://www.kankyo.metro.tokyo.lg.jp/climate/zenpan/emissions_tokyo.html\nIn addition to the CIRIS-based inventory, the TMG is also creating an inventory (\'Final Energy Consumption and Greenhouse Gas Emissions in Tokyo\') based on the Government of Japan Ministry of Environment Manual. For details: https://www.kankyo.metro.tokyo.lg.jp/en/climate/index.html"
2025 Disclosure Cycle,779465,CDP,31112,Kaohsiung City Government,City,China,East Asia,Public,Q3.1.1,Provide information on and an attachment (in spreadsheet format)/ direct link to your main community-wide GHG emissions inventory.,1,Response,3-1-1-1_KHinventory2023.xlsx,The link is restricted. Please refer to the attachment.,The emissions inventory has been attached,2023,Same - covers entire jurisdiction and nothing else,2737941,,Global Protocol for Community-Scale Greenhouse Gas Emissions Inventories (GPC) reported in the format of GCoM Common Reporting Framework (CRF),Other regionally/nationally developed tool/process: Excel,CO2|CH4|PFCs|HFCs|NF3|N2O|SF6,Default IPCC emission factors,IPCC Fourth Assessment Report (2007),"Yes, externally audited/verified (third-party verification)",Activity data - High data quality,No changes to the methodology and/or boundary used when compared to the previously reported inventory,3-1-1-16_BSI_OpinionStatement.pdf,Previous inventory data is included in the attachment
2025 Disclosure Cycle,779465,CDP,31113,City of Yokohama,City,Japan,Japan,Public,Q3.1.1,Provide information on and an attachment (in spreadsheet format)/ direct link to your main community-wide GHG emissions inventory.,1,Response,CIRIS Standard v2.5r.xlsx,なし,The emissions inventory has been attached,2022/2023,Same - covers entire jurisdiction and nothing else,3778318,,Global Protocol for Community-Scale Greenhouse Gas Emissions Inventories (GPC),CIRIS,CH4|SF6|CO2|HFCs|N2O|PFCs|NF3,Default IPCC emission factors,IPCC Fifth Assessment Report (2013),"Yes, internally audited/verified (self-verification)",Emissions factors - Medium data quality|Activity data - Medium data quality,No changes to the methodology and/or boundary used when compared to the previously reported inventory,2024 CIRIS Standard v2.5.xlsx,特になし
2025 Disclosure Cycle,779465,CDP,31114,City of Sydney,City,South East Asia & Oceania,Australia,Public,Q3.1.1,Provide information on and an attachment (in spreadsheet format)/ direct link to your main community-wide GHG emissions inventory.,1,Response,"GPC gpc_report_FY2023-24.csv,factors_FY2023-24.csv,gpc_report_FY2023-24.csv",See attached,The emissions inventory has been attached,2023/2024,Same - covers entire jurisdiction and nothing else,237278,,Global Protocol for Community-Scale Greenhouse Gas Emissions Inventories (GPC) reported in the format of GCoM Common Reporting Framework (CRF),Kinesis CCAP City Tool,CO2|SF6|CH4|NF3|N2O|HFCs|PFCs,National/sub-national emission factors: https://www.dcceew.gov.au/climate-change/publications/national-greenhouse-accounts-factors,IPCC Sixth Assessment Report (2021),"No, not audited/verified",Activity data - Medium data quality|Emissions factors - High data quality,No changes to the methodology and/or boundary used when compared to the previously reported inventory,,"Non-residential transport emissions are based on data collected during census taken every 5-years and adjusted to number of workers in between years. On Census night, 10 August 2021, Sydney was in lockdown. As such, the data recorded in the census doesn't provide a reliable, representative record of commuting patterns. Mode specific correction factors have been applied with data from FY24- public transport use, mobility data, and a state governmenet travel survey."
2025 Disclosure Cycle,779465,CDP,31115,City of Johannesburg,City,UKWW,South Africa,Public,Q3.1.1,Provide information on and an attachment (in spreadsheet format)/ direct link to your main community-wide GHG emissions inventory.,1,Response,CoJ 2021 GPC GHGI_GM .xlsx,The GHG emissions inventory has been attached. There is no link associated with the inventory.,The emissions inventory has been attached,2021,Same - covers entire jurisdiction and nothing else,5610003,,Global Protocol for Community-Scale Greenhouse Gas Emissions Inventories (GPC),CIRIS,CH4|CO2|N2O,Default IPCC emission factors,IPCC Fifth Assessment Report (2013),"Yes, externally audited/verified (third-party verification)",Emissions factors - High data quality|Activity data - Medium data quality,No changes to the methodology and/or boundary used when compared to the previously reported inventory,,"The 2019 GHG emissions inventory and a comparative analysis of the 2016 (base year) inventory with the 2020 inventory have been included. \n\nGases such as HFCs, PFCs, SF6, and NF3 have not been estimated due to the lack of data or because the associated activities are considered too negligible to warrant estimation. The city reports under BASIC+. "
2025 Disclosure Cycle,779465,CDP,31117,"City of Toronto, ON",City,North America,Canada,Public,Q3.1.1,Provide information on and an attachment (in spreadsheet format)/ direct link to your main community-wide GHG emissions inventory.,1,Response,"2022-Toronto-CIRIS Standard v2.5_filled.xlsx,eCRF_Export_Toronto_2022.xlsx",2022-Toronto-CIRIS Standard v2.5_filled.xlsx,The emissions inventory has been attached,2022,Same - covers entire jurisdiction and nothing else,2983889,,Global Protocol for Community-Scale Greenhouse Gas Emissions Inventories (GPC) reported in the format of GCoM Common Reporting Framework (CRF),CIRIS,CH4|N2O|CO2,National/sub-national emission factors: National Inventory Report - 1990-2022,IPCC Fifth Assessment Report (2013),"Yes, internally audited/verified (self-verification)",Emissions factors - High data quality|Activity data - High data quality,No changes to the methodology and/or boundary used when compared to the previously reported inventory,,"Population source: https://www150.statcan.gc.ca/t1/tbl1/en/tv.action?pid=1710015201\n\nFor our emission factors, we use IPCC Fifth Assessment Report (2013) AR5 is used with a GWP for methane at 34 to take into account carbon feedback, we use the NIR Emission Factors and then adjust them to reflect 5AR, using GWP of 34 for CH4.\n\nWe currently do NOT have the capability to report at BASIC +, but we do include and report more info than what is required for BASIC, but still not enough to meet the BASIC + level. In our annual Toronto Sector-based Greenhouse Gas Emissions Inventory we report all emissions we have data for, which is more than BASIC and not enough to meet BASIC+ requirements:\n\nhttps://www.toronto.ca/services-payments/water-environment/environmentally-friendly-city-initiatives/transformto/sector-based-emissions-inventory/\n"
2025 Disclosure Cycle,779465,CDP,31146,Addis Ababa City Administration,City,UKWW,Ethiopia,Public,Q3.1.1,Provide information on and an attachment (in spreadsheet format)/ direct link to your main community-wide GHG emissions inventory.,1,Response,"GHG Notes for Addis Ababa GHG Inventory.docx,GHG Notes for Addis Ababa GHG Inventory.docx",https://drive.google.com/drive/u/0/folders/1llLq0tWJO9MmH-iGgLGX5xVC_HBhItkF,The emissions inventory has been attached,2023,Same - covers entire jurisdiction and nothing else,5774000.0,,Global Protocol for Community-Scale Greenhouse Gas Emissions Inventories (GPC),CIRIS,CO2|CH4|N2O,Default IPCC emission factors,IPCC Fifth Assessment Report (2013),"No, not audited/verified",Activity data - Medium data quality|Emissions factors - Medium data quality,"Yes, due to changes in calculation methodology or improvements in data access and/or accuracy but this has not triggered a recalculation of historic emissions data",,https://drive.google.com/drive/folders/1llLq0tWJO9MmH-iGgLGX5xVC_HBhItkF
2025 Disclosure Cycle,779465,CDP,31149,Municipality of Athens,City,Europe,Greece,Public,Q3.1.1,Provide information on and an attachment (in spreadsheet format)/ direct link to your main community-wide GHG emissions inventory.,1,Response,1.CIRIS_2023_v2.5_v01_08.09.25 revised.xlsx,"Athens 2023 CIRIS, Ν/Α\n",The emissions inventory has been attached,2023,Same - covers entire jurisdiction and nothing else,636269,,Global Protocol for Community-Scale Greenhouse Gas Emissions Inventories (GPC) reported in the format of GCoM Common Reporting Framework (CRF),CIRIS,NF3|HFCs|SF6|N2O|CH4|PFCs|CO2,Default IPCC emission factors,IPCC Fifth Assessment Report (2013),"Yes, externally audited/verified (third-party verification)",Emissions factors - High data quality|Activity data - High data quality,No changes to the methodology and/or boundary used when compared to the previously reported inventory,"Athens_2017_CIRIS_v2.0_v08.xlsx,Athens_2019_CIRIS_v2.4_v04.xlsx,Athens_2020_CIRIS_v2.4_v02.xlsx,Athens_2021_CIRIS_v2.4_v01_RQ (3).xlsx,Athens_2022_CIRIS_v2.5_v01_RQ_update.xlsx","- the inventories the City has (CIRIS) are from 2014 until 2023. Most of these inventories can be found in the specified field. However, some technical issues with the platform did not allow us to successfully upload years 2016,2015 and 2018. We can send them electronically, upon request."
2025 Disclosure Cycle,779465,CDP,31150,Bangkok Metropolitan Administration,City,South East Asia & Oceania,Thailand,Public,Q3.1.1,Provide information on and an attachment (in spreadsheet format)/ direct link to your main community-wide GHG emissions inventory.,1,Response,CIRIS_BKK_2022_V4 - 20052025.xlsx,,The emissions inventory has been attached,2022,Same - covers entire jurisdiction and nothing else,5494932,,Global Protocol for Community-Scale Greenhouse Gas Emissions Inventories (GPC),CIRIS,CH4|N2O|CO2,Other: Use EF from IPCC and use net calorific value from report in Thailand,IPCC Fifth Assessment Report (2013),"Yes, internally audited/verified (self-verification)",Emissions factors - High data quality|Activity data - High data quality,No changes to the methodology and/or boundary used when compared to the previously reported inventory,Final_CIRIS_BKK_2020 V.Mar2023.xlsx,-
2025 Disclosure Cycle,779465,CDP,31153,City-State of Berlin,City,Europe,Germany,Public,Q3.1.1,Provide information on and an attachment (in spreadsheet format)/ direct link to your main community-wide GHG emissions inventory.,1,Response,Berlin CIRIS_2022.xlsx,CIRIS inventory,The emissions inventory has been attached,2022,Same - covers entire jurisdiction and nothing else,3850809,,Global Protocol for Community-Scale Greenhouse Gas Emissions Inventories (GPC),CIRIS,CO2|CH4|N2O,National/sub-national emission factors: by agreed on by working group of all German federal states,IPCC Fifth Assessment Report (2013),"No, not audited/verified",Activity data - High data quality|Emissions factors - High data quality,"Yes, due to changes in calculation methodology or improvements in data access and/or accuracy but this has not triggered a recalculation of historic emissions data",,"The inventory compiled in the CIRIS tool has been originally set up with support by C40 in 2022. The inventory is supposed to fulfill the GPC Standard's 'BASIC' requirements, meaning Scope 1 and Scope 2 Stationary Energy and Transportation, along with Scope 1 and 3 Waste emissions. It has been updated in 2024.The second inventory attached is the annual energy and CO2 inventory of the Office for Statistic of Berlin-Brandenburg. The energy inventory provides information on the development of the energy industry in the City of Berlin, with statements on the consumption of energy sources in individual sectors as well as their flow from generation to use in the various conversion and consumption areas. In the CO2 inventory, the total amount of carbon dioxide emitted, separated by energy source, is shown in the sectors. The balancing of energy-related CO2 emissions is carried out according to a methodology agreed upon by the German Federal States (\'Länderarbeitskreis Energiebilanzen). In addition, specific CO2 factors related to the calorific value of an energy source are required, which are provided by the Federal Environment Agency."
2025 Disclosure Cycle,779465,CDP,31154,Bogotá Distrito Capital,City,Latin America,Colombia,Public,Q3.1.1,Provide information on and an attachment (in spreadsheet format)/ direct link to your main community-wide GHG emissions inventory.,1,Response,INGEI BOGOTÁ 2010-2023_CDP_.xlsx,"Inventario distrital de emisiones 2023 disponible en el archivo adjunto, no se relaciona link puesto que está en proceso de publicación. ",The emissions inventory has been attached,2023,Same - covers entire jurisdiction and nothing else,7883928,,Global Protocol for Community-Scale Greenhouse Gas Emissions Inventories (GPC),"Other regionally/nationally developed tool/process: Herramienta para la estimación de emisiones GEI a nivel Nacional desarrollado por el IDEAM y la WWF, adaptada para la ciudad",CO2|CH4|N2O,National/sub-national emission factors: Factores de emisión de combustibles fósiles provenientes de la Unidad de Planeación Minero Energética - UPME,IPCC Fifth Assessment Report (2013),"Yes, externally audited/verified (third-party verification)",Activity data - High data quality|Emissions factors - High data quality,"Yes, due to changes in calculation methodology or improvements in data access and/or accuracy and this has triggered a recalculation of historic emissions data",INGEI BOGOTÁ 2010-2023_CDP_.xlsx,"El inventario del año 2023 se encuentra en proceso de publicación, razón por la cual, por lo pronto, no se incluye un enlace para su consulta."
2025 Disclosure Cycle,779465,CDP,31155,City of Buenos Aires,City,Latin America,Argentina,Public,Q3.1.1,Provide information on and an attachment (in spreadsheet format)/ direct link to your main community-wide GHG emissions inventory.,1,Response,CIRIS_BuenosAires_2022_AR5.xlsx,Informes de resultados de inventarios de GEI de la Ciudad de Buenos Aires en: https://buenosaires.gob.ar/inventario-y-mitigacion/inventario-de-gases-de-efecto-invernadero\n\n,The emissions inventory has been attached,2022,Same - covers entire jurisdiction and nothing else,3121707,,Global Protocol for Community-Scale Greenhouse Gas Emissions Inventories (GPC) reported in the format of GCoM Common Reporting Framework (CRF),CIRIS,CO2|N2O|CH4,Default IPCC emission factors,IPCC Fifth Assessment Report (2013),"Yes, internally audited/verified (self-verification)",Activity data - High data quality|Emissions factors - Medium data quality,"Yes, due to changes in calculation methodology or improvements in data access and/or accuracy and this has triggered a recalculation of historic emissions data",Informe IGEI 2022 CABA.pdf,"En esta oportunidad se envía en adjunto el detalle de los datos cargados en la herramienta CIRIS, que ha sido realizado con la metodología AR5. A pesar de ello, dejamos constancia de que también hemos realizado el cálculo con la metodología de la última Evaluación del IPCC (2021), AR6, cuyo informe de resultados puede ser consultado en el enlace de la web y se envía adjunto. En dicho documento se indica, en la Tabla 3, la serie histórica de emisiones de la CABA utilizando los potenciales de calentamiento global del AR5 y AR6.\n\nLa Ciudad de Buenos Aires publica sus inventarios en los planes de acción climática y en su sitio web (https://buenosaires.gob.ar/inventario-y-mitigacion/resultados-de-los-inventarios-de-gases-de-efecto-invernadero). Además, el portal de Datos Abierto del GCBA incorpora los datasets que contienen los resultados del IGEI de la ciudad (https://data.buenosaires.gob.ar/dataset/inventario-gases-efecto-invernadero)\n"
2025 Disclosure Cycle,779465,CDP,31156,Municipality of Curitiba,City,Latin America,Brazil,Public,Q3.1.1,Provide information on and an attachment (in spreadsheet format)/ direct link to your main community-wide GHG emissions inventory.,1,Response,"Curitiba_CIRIS_Standard_v2.5_EN_Inventario_2020_12042023_v4_Felipe_RQ - Copia corrigida 30-04-2024 - Copia.xlsx,Curitiba_CIRIS_Standard_v2.5_EN_Inventario_2020_12042023_v4_Felipe_RQ - Copia corrigida 30-04-2024 - Copia.xlsx,Planilha_Curitiba_Selo_Clima_2025.xlsx,inventario GEE 2017-2020.pdf",https://mid.curitiba.pr.gov.br/2025/00461419.pdf\n,The emissions inventory has been attached,2020,Same - covers entire jurisdiction and nothing else,1770064,,Global Protocol for Community-Scale Greenhouse Gas Emissions Inventories (GPC),CIRIS,CO2|CH4|N2O,Default IPCC emission factors,IPCC Fifth Assessment Report (2013),"Yes, externally audited/verified (third-party verification)",Activity data - Medium data quality|Emissions factors - Medium data quality,No changes to the methodology and/or boundary used when compared to the previously reported inventory,,"Curitiba começou a contabilizar suas emissões de GEE em 2011 e, desde então, elaborou quatro Inventários de Emissões de Gases de Efeito Estufa, e o 5º inventário será publicado em breve:- 1º Inventário: Ano base 2008 / Elaborado em 2011;- 2º Inventário: Ano base 2012 / Elaborado em 2015;- 3º Inventário: Ano base 2013 / Elaborado em 2015;- 4º Inventário: Ano base 2016 / Elaborado em 2019.Os inventários aplicaram diferentes metodologias, de acordo com os instrumentos disponíveis em cada momento. O 1º Inventário utilizou a metodologia do IPCC (versões 1996 e 2006) e o Guia de Boas Práticas de 2000 (IPCC). A 2ª e 3ª seguiram a metodologia do Protocolo Global para Inventário de Comunidades e Cidades - Protocolo Global para Inventários de Emissões de Gases de Efeito Estufa em Escala Comunitária (GPC) (PMC; ICLEI; 2016). O 4º Inventário, que serviu de base para a construção de cenários de redução de emissões para o PlanClima, manteve a metodologia GPC. Em 2025, foram disponibilizados os Inventários de Emissões de GEE para os anos de 2017, 2018, 2019 e 2020."
2025 Disclosure Cycle,779465,CDP,31163,Istanbul Metropolitan Municipality,City,UKWW,Türkiye,Public,Q3.1.1,Provide information on and an attachment (in spreadsheet format)/ direct link to your main community-wide GHG emissions inventory.,1,Response,CIRIS 2024 (November Update).xls,ISTANBUL - CIRIS 2024,The emissions inventory has been attached,2024,Same - covers entire jurisdiction and nothing else,15701602,,Global Protocol for Community-Scale Greenhouse Gas Emissions Inventories (GPC),CIRIS,CH4|N2O|CO2,Default IPCC emission factors,IPCC Fifth Assessment Report (2013),Other: in verification progress by C40 Team,Emissions factors - High data quality|Activity data - High data quality,No changes to the methodology and/or boundary used when compared to the previously reported inventory,,"Our inventory calculations are made by us in each year, and it is validated by C40 Team according to GPC Basic Standards."
2025 Disclosure Cycle,779465,CDP,31164,Ho Chi Minh City,City,South East Asia & Oceania,Viet Nam,Public,Q3.1.1,Provide information on and an attachment (in spreadsheet format)/ direct link to your main community-wide GHG emissions inventory.,1,Response,[FINAL] [ENG] Output 7.1-b HCMC Inventory Report.docx,The GHG emission inventory of HCMC has been attached ,The emissions inventory has been attached,2020,Same - covers entire jurisdiction and nothing else,9227600,Global Protocol for Community-Scale Greenhouse Gas Emissions Inventories (GPC),,CIRIS,CH4|SF6|N2O|CO2,Default IPCC emission factors,IPCC Fifth Assessment Report (2013),"Yes, internally audited/verified (self-verification)",Activity data - Medium data quality,No changes to the methodology and/or boundary used when compared to the previously reported inventory,,"Data collection and final report for GHG emission inventory in 2020, 2021 with support from C40"
2025 Disclosure Cycle,779465,CDP,31165,City of Heidelberg,City,Europe,Germany,Public,Q3.1.1,Provide information on and an attachment (in spreadsheet format)/ direct link to your main community-wide GHG emissions inventory.,1,Response,"CO2 Bilanz_HD_2022_final.xlsx,CO2 Bilanz_HD_2023_preliminary.xlsx",pdf-file of the inventory is accessible here: https://www.heidelberg.de/HD/Leben/masterplan+100+prozent+klimaschutz.html,The emissions inventory has been attached and can be accessed (unrestricted) on the link provided,2022,Same - covers entire jurisdiction and nothing else,153809,,Regional or country/area specific methodology,Other: BICO 2 BW (specific for the State of Baden-Württemberg),N2O|CO2|CH4,Default IPCC emission factors,IPCC Fifth Assessment Report (2013),"No, not audited/verified",Activity data - High data quality|Emissions factors - High data quality,No changes to the methodology and/or boundary used when compared to the previously reported inventory,,"BISKO emission bugeting includes CO2 and equivalents of N20 and CH4, but it does not include F-gases, yet.In general, F-gases account for 1.3% of Germany's GHG balance. HFCs and PFCs: Used as refrigerants and in industry (e.g. magnesium production). The effort required to record all refrigerant leaks in Heidelberg would be disproportionately high. This might still be conceivable for municipal buildings (air conditioning systems and heat pumps). There, all maintenance logs would have to be recorded centrally and the refill quantities of refrigerants would have to be summed up. The industrial sector plays a minor role in Heidelberg's GHG balance sheet, accounting for 5%. In order to collect HFCs and PFCs, all industrial companies in Heidelberg would have to be surveyed. However, the impact on the GHG balance would probably not be visible. SF6: Occurs in power transmission (e.g. in switchgear) and in industry. So far, SF6 has not been included in the emission factor of the federal electricity mix. If this is the case in the future, SF6 can be included in the upstream emissions of electricity. The same applies to SF6 in industry as to HFCs and PFCs. NF3: Mainly used in the semiconductor industry, for example in the production of flat panel displays and solar cells. Since there is no such production in Heidelberg, it can be assumed that NF3 has no relevance in Heidelberg. "
2025 Disclosure Cycle,779465,CDP,31166,Jakarta City Government,City,South East Asia & Oceania,Indonesia,Public,Q3.1.1,Provide information on and an attachment (in spreadsheet format)/ direct link to your main community-wide GHG emissions inventory.,1,Response,"Laporan Emisi GRK Tahun 2024.pdf,Signmart Chart_2025.pdf",https://lingkunganhidup.jakarta.go.id/publikasi/gas-rumah-kaca,The emissions inventory has been attached,2023,Same - covers entire jurisdiction and nothing else,10679951,,2006 IPCC Guidelines for National Greenhouse Gas Inventories,SIGN-SMART (Indonesia),N2O|CH4|CO2,Default IPCC emission factors,IPCC Second Assessment Report (1995),"Yes, internally and externally audited/verified",Activity data - Medium data quality|Emissions factors - Medium data quality,No changes to the methodology and/or boundary used when compared to the previously reported inventory,"Chart Sign Smart 2023.pdf,Jakarta Dalam Angka - 2025.pdf,Signmart Chart_2025.pdf",Jumlah penduduk DKI Jakarta tahun 2023 berdasarkan hasil proyeksi penduduk SP2020 (Laporan BPS 2024)
2025 Disclosure Cycle,779465,CDP,31167,City of Lagos,City,UKWW,Nigeria,Public,Q3.1.1,Provide information on and an attachment (in spreadsheet format)/ direct link to your main community-wide GHG emissions inventory.,1,Response,2021 Lagos GHGI - 26 Feb (1).xlsx,https://docs.google.com/spreadsheets/d/1y3jxfIzynNZS6Zw-RftODBbhS4MF-SS9/edit?usp=sharing&ouid=115623157137267583767&rtpof=true&sd=true,The emissions inventory has been attached,2021,Same - covers entire jurisdiction and nothing else,24443298,,Global Protocol for Community-Scale Greenhouse Gas Emissions Inventories (GPC),CIRIS,CO2|CH4|N2O,Default IPCC emission factors,IPCC Fifth Assessment Report (2013),"Yes, externally audited/verified (third-party verification)",Activity data - High data quality|Activity data - Low data quality|Activity data - Medium data quality|Emissions factors - High data quality,"Yes, due to changes in calculation methodology or improvements in data access and/or accuracy and this has triggered a recalculation of historic emissions data",2019 GHG INVENTORY Lagos_07_10_Final.xlsx,The historical Inventory attached is the 2019 Inventory which shows a reduction in the total result to 24443298tonnes CO2e 
2025 Disclosure Cycle,779465,CDP,31168,City District Government Karachi,City,UKWW,Pakistan,Public,Q3.1.1,Provide information on and an attachment (in spreadsheet format)/ direct link to your main community-wide GHG emissions inventory.,1,Response,CIRIS Standard v2.5 (12-3-2024).xlsm.xlsx,https://urbanunit.gov.pk/Download/Project%20files/8/KCAP_Deliverables%20B%20&%20C%20GHG%20inventory%20Pathway%20Projects.pdf,The emissions inventory can be accessed (unrestricted) on the link provided,2022,Same - covers entire jurisdiction and nothing else,,,Global Protocol for Community-Scale Greenhouse Gas Emissions Inventories (GPC),,CH4|CO2|N2O,,,,,,,
2025 Disclosure Cycle,779465,CDP,31169,Government of Hong Kong Special Administrative Region,City,China,"China, Hong Kong Special Administrative Region",Public,Q3.1.1,Provide information on and an attachment (in spreadsheet format)/ direct link to your main community-wide GHG emissions inventory.,1,Response,CIRIS Standard v2.5 - 20250814.xlsx,Attached CIRIS file ,The emissions inventory has been attached,2023,Same - covers entire jurisdiction and nothing else,7536100,,Global Protocol for Community-Scale Greenhouse Gas Emissions Inventories (GPC),CIRIS,N2O|HFCs|SF6|CO2|PFCs|CH4,"Other: Default IPCC emission factors , Local emission factors, please specify (derived by fuel properties data from local fuel supplier)",IPCC Fifth Assessment Report (2013),"Yes, internally audited/verified (self-verification)",Activity data - Medium data quality|Emissions factors - Medium data quality,Other: recalculation of historical data only due to the change of adoption of global warming potential values of IPCC Fifth Assessment Report,3.1.1.16The Hong Kong Greenhouse Gases Emission Inventory in Hong Kong.pdf,The Hong Kong GHG emissions inventory is also compiled annually in accordance with to 2006 IPCC Guidelines for National Greenhouse Gas Inventories. 
2025 Disclosure Cycle,779465,CDP,31170,Metropolitan Municipality of Lima,City,Latin America,Peru,Public,Q3.1.1,Provide information on and an attachment (in spreadsheet format)/ direct link to your main community-wide GHG emissions inventory.,1,Response,,https://drive.google.com/drive/folders/1QUPGeyTCn90U_dC19qM1v-o1e7sirbR1?usp=sharing,The emissions inventory can be accessed (unrestricted) on the link provided,2021,Same - covers entire jurisdiction and nothing else,9846795,,Global Protocol for Community-Scale Greenhouse Gas Emissions Inventories (GPC),CIRIS,CO2|CH4|N2O,Default IPCC emission factors,IPCC Fifth Assessment Report (2013),Other: Fue verificado por el equipo de Medición y Planeamiento de C40,Emissions factors - High data quality|Activity data - High data quality,No changes to the methodology and/or boundary used when compared to the previously reported inventory,,"No se lograron adjuntar los inventarios de los años 2012, 2015 y 2018; sin embargo estos se pueden visualizar en el siguiente enlace: https://www.c40knowledgehub.org/s/article/C40-cities-greenhouse-gas-emissions-interactive-dashboard?language=en_US\n"
2025 Disclosure Cycle,779465,CDP,31171,City of Madrid,City,Europe,Spain,Public,Q3.1.1,Provide information on and an attachment (in spreadsheet format)/ direct link to your main community-wide GHG emissions inventory.,1,Response,"2022_CIRIS Standard v2.5_Español_MADRID.xlsx,AYTOMAD-EmissionsInvt_2022.pdf,AYTOMAD-EmissionsInvt_2022.pdf,AYTOMAD_InventarioGEI_2022.pdf",https://www.madrid.es/portales/munimadrid/es/Inicio/Medio-ambiente/Energia-y-cambio-climatico/?vgnextfmt=default&vgnextoid=db3bc925b8116810VgnVCM2000001f4a900aRCRD&vgnextchannel=3edd31d3b28fe410VgnVCM1000000b205a0aRCRD&idCapitulo=6877178,The emissions inventory has been attached and can be accessed (unrestricted) on the link provided,2022,Same - covers entire jurisdiction and nothing else,3280782,,2006 IPCC Guidelines for National Greenhouse Gas Inventories,CIRIS,CH4|N2O|HFCs|CO2|PFCs|NF3|SF6,Default IPCC emission factors,IPCC Fifth Assessment Report (2013),"No, not audited/verified",Activity data - High data quality|Emissions factors - High data quality,No changes to the methodology and/or boundary used when compared to the previously reported inventory,AYTOMAD_PollutantInvt_2022.pdf,https://www.madrid.es/portales/munimadrid/es/Inicio/Medio-ambiente/Energia-y-cambio-climatico/?vgnextfmt=default&vgnextoid=db3bc925b8116810VgnVCM2000001f4a900aRCRD&vgnextchannel=3edd31d3b28fe410VgnVCM1000000b205a0aRCRD&idCapitulo=6877178
2025 Disclosure Cycle,779465,CDP,31172,Mexico City,City,Latin America,Mexico,Public,Q3.1.1,Provide information on and an attachment (in spreadsheet format)/ direct link to your main community-wide GHG emissions inventory.,1,Response,"CIRIS v2.5 IE2022 CDMX CDP25.xlsx,CIRIS v2.5 IE2022 CDMX CDP25.xlsx,revisión CIRIS emisiones para CDP2025.xlsx",https://drive.google.com/drive/folders/12FhtzM0BNI9Rwny_ol7VbOvadIx2nbKQ?usp=sharing,The emissions inventory has been attached and can be accessed (unrestricted) on the link provided,2022,Same - covers entire jurisdiction and nothing else,9209944,,Global Protocol for Community-Scale Greenhouse Gas Emissions Inventories (GPC),CIRIS,PFCs|SF6|N2O|HFCs|CO2|CH4|NF3,Default IPCC emission factors,IPCC Fifth Assessment Report (2013),"No, not audited/verified",Emissions factors - High data quality|Activity data - High data quality,"Yes, due to changes in calculation methodology or improvements in data access and/or accuracy but this has not triggered a recalculation of historic emissions data",,"Los PFC, SF6 y NF3 no fueron reportados por las fuentes fijas."
2025 Disclosure Cycle,779465,CDP,31173,City of Milan,City,Europe,Italy,Public,Q3.1.1,Provide information on and an attachment (in spreadsheet format)/ direct link to your main community-wide GHG emissions inventory.,1,Response,Milan_inventory_2023_ver_20241008.xlsx,The city wide emission inventory referred to year 2023 is attached. The inventory is GPC compliant,The emissions inventory has been attached,2023,Same - covers entire jurisdiction and nothing else,1417597,,Global Protocol for Community-Scale Greenhouse Gas Emissions Inventories (GPC),CIRIS,CH4|CO2|N2O,National/sub-national emission factors: The source of the emission factors are detailed in the 'emission factor sheet' of the CIRIS tool,IPCC Fifth Assessment Report (2013),"Yes, internally audited/verified (self-verification)",Emissions factors - High data quality|Activity data - Medium data quality,"Yes, due to changes in calculation methodology or improvements in data access and/or accuracy and this has triggered a recalculation of historic emissions data",,"The main difference from the previous versions regards emissionions of the mobility sector, as the calculation methodology has beeen updated and is based on more solid data"
2025 Disclosure Cycle,779465,CDP,31175,City of Paris,City,Europe,France,Public,Q3.1.1,Provide information on and an attachment (in spreadsheet format)/ direct link to your main community-wide GHG emissions inventory.,1,Response,"CIRIS Standard v2.5_Paris_2023.xlsx,CIRIS Standard v2.5_Paris_2023.xlsx,CIRIS Standard v2.5_Paris_2023.xlsx,CIRIS Standard v2.5_Paris_2023.xlsx,CIRIS Standard v2.5_Paris_2023.xlsx,CIRIS Standard v2.5_Paris_2023.xlsx",https://www.paris.fr/pages/le-bilan-carbone-de-paris-2018-7479,The emissions inventory has been attached,2023,Other: Including whole emissions from Paris carbon footprint: local emissions and outer emissions,2087600,,Global Protocol for Community-Scale Greenhouse Gas Emissions Inventories (GPC) reported in the format of GCoM Common Reporting Framework (CRF),CIRIS,CO2|N2O|NF3|HFCs|SF6|CH4|PFCs,National/sub-national emission factors: Emissions factors from French database ADEME,IPCC Sixth Assessment Report (2021),"Yes, internally audited/verified (self-verification)",Activity data - High data quality|Emissions factors - High data quality,No changes to the methodology and/or boundary used when compared to the previously reported inventory,"CIRIS Standard v2.5_Paris_2023.xlsx,CIRIS Standard v2.5_Paris_2023.xlsx,CIRIS Standard v2.5_Paris_2023.xlsx,CIRIS Standard v2.5_Paris_2023.xlsx",https://www.paris.fr/pages/les-emissions-de-gaz-a-effet-de-serre-de-paris-29491\n\nhttps://www.paris.fr/pages/le-bilan-carbone-de-paris-2018-7479
2025 Disclosure Cycle,779465,CDP,31176,Prefeitura do Rio de Janeiro,City,Latin America,Brazil,Public,Q3.1.1,Provide information on and an attachment (in spreadsheet format)/ direct link to your main community-wide GHG emissions inventory.,1,Response,CIRIS_Standard_v2.5_2023_v1.1.xlsx,Inventario de emissões de GEE da Cidade do Rio de Janeiro 2023,The emissions inventory has been attached and can be accessed (unrestricted) on the link provided,2023,Same - covers entire jurisdiction and nothing else,6211223,,Global Protocol for Community-Scale Greenhouse Gas Emissions Inventories (GPC),CIRIS,N2O|CO2|CH4,Default IPCC emission factors,IPCC Fifth Assessment Report (2013),"No, not audited/verified",Activity data - Medium data quality|Emissions factors - Medium data quality,No changes to the methodology and/or boundary used when compared to the previously reported inventory,"CIRIS_Standard_v2.5_2019_v1.4.xlsx,CIRIS_Standard_v2.5_2020_v1.1.xlsx,CIRIS_Standard_v2.5_2021_v1.3.xlsx,CIRIS_Standard_v2.5_2021_v1.3.xlsx,CIRIS_Standard_v2.5_2022_v1.1.xlsx",Os resultados de toda a série histórica de inventário pode ser acessado através dos links: https://datariov2-pcrj.hub.arcgis.com/documents/d242a8866bb64769a00958e925f43350/about e \nhttps://datariov2-pcrj.hub.arcgis.com/documents/13d728498440473c89d5b7c066d7a6bd\n\nA população de 2022/2023 é a população medida no Censo de 2022 e destoa do restante da série das estimativas que são enviadas para o TCU anualmente. \n
2025 Disclosure Cycle,779465,CDP,31177,"Salt Lake City, UT",City,North America,United States of America,Public,Q3.1.1,Provide information on and an attachment (in spreadsheet format)/ direct link to your main community-wide GHG emissions inventory.,1,Response,Community Carbon Footprint All Categories - Update Annually Sep 25.xlsx,,The emissions inventory has been attached,2024,Same - covers entire jurisdiction and nothing else,204657,,U.S. Community Protocol for Accounting and Reporting of Greenhouse Gas Emissions (ICLEI USA),Internal tool/process,CH4|CO2|N2O,National/sub-national emission factors: The Climate Registry,,,,"Yes, due to changes in calculation methodology or improvements in data access and/or accuracy and this has triggered a recalculation of historic emissions data",,
2025 Disclosure Cycle,779465,CDP,31178,City of Mumbai,City,India,India,Public,Q3.1.1,Provide information on and an attachment (in spreadsheet format)/ direct link to your main community-wide GHG emissions inventory.,1,Response,$$$2__CIRIS_Standard_Mumbai 2022-23-v03.xls,GHG Inventory CIRIS tool 2022-23\n \n\nhttps://docs.google.com/spreadsheets/d/1c41TRUN7EH8HkTfnxq4WiXCLYC0TUBEP/edit?usp=sharing&ouid=110055000578606243954&rtpof=true&sd=true,The emissions inventory can be accessed (unrestricted) on the link provided,2022/2023,Same - covers entire jurisdiction and nothing else,13018049,,Global Protocol for Community-Scale Greenhouse Gas Emissions Inventories (GPC),CIRIS,N2O|CO2|CH4,Other: Default IPCC Emissions Factor; National Emission Factor; https://cea.nic.in/wp-content/uploads/baseline/2024/01/User_Guide__Version_19.0-1.pdf,IPCC Fourth Assessment Report (2007),"Yes, internally and externally audited/verified",Activity data - Medium data quality|Activity data - Low data quality|Emissions factors - High data quality|Emissions factors - Medium data quality,"Yes, due to changes in calculation methodology or improvements in data access and/or accuracy and this has triggered a recalculation of historic emissions data",FY_2019-20 Mumbai Baseline_CIRIS_Standard.xls,"2019 Baseline GHG inventory data\n\nhttps://docs.google.com/spreadsheets/d/13CABBxnFpqbCZFLIt3VTWn8COUMZV-7w/edit?usp=sharing&ouid=110055000578606243954&rtpof=true&sd=true.\n\nFor reference, please use the GHG emission inventory from the provided link. Kindly note that due to version discrepancies, the file and the link contain different values.\n"
2025 Disclosure Cycle,779465,CDP,31179,Municipality of Rotterdam,City,Europe,Netherlands,Public,Q3.1.1,Provide information on and an attachment (in spreadsheet format)/ direct link to your main community-wide GHG emissions inventory.,1,Response,CIRIS_CDP2025_RotterdamEmissionsInventory2023_attachmentCDP.xlsx,NO,The emissions inventory has been attached,2023,Same - covers entire jurisdiction and nothing else,663900,,Global Protocol for Community-Scale Greenhouse Gas Emissions Inventories (GPC),CIRIS,N2O|CH4|CO2,National/sub-national emission factors: National emission factors,IPCC Fifth Assessment Report (2013),"Yes, internally audited/verified (self-verification)",Emissions factors - High data quality|Activity data - High data quality|Activity data - Medium data quality,No changes to the methodology and/or boundary used when compared to the previously reported inventory,,
2025 Disclosure Cycle,779465,CDP,31180,Región Metropolitana de Santiago,City,Latin America,Chile,Public,Q3.1.1,Provide information on and an attachment (in spreadsheet format)/ direct link to your main community-wide GHG emissions inventory.,1,Response,2024_IRGEI_07MET_GPC_NL.xlsx,"Importante indicar que toda la información se encuentra publicada en la página web del Sistema Nacional de Inventarios de Gases de Efecto Invernadero (SNIGEI), https://snichile.mma.gob.cl/\n\n•\tInventario GEI en GPC - resumen Región Metropolitana de Santiago https://snichile.mma.gob.cl/metropolitana/\n\n•\tBases de datos https://snichile.mma.gob.cl/Documentos/\n\nSe debe revisar el archivo denominado \'Base de Datos Inventarios Regionales de GEI GPC-Basic 1990-2022\', autor: Ministerio de Medio Ambiente, Año 2024. En especifico el archivo \'2024_IRGEI_07MET_GPC_NL.xlsx\n",The emissions inventory has been attached,2022,Same - covers entire jurisdiction and nothing else,8310984,,Global Protocol for Community-Scale Greenhouse Gas Emissions Inventories (GPC),"Other regionally/nationally developed tool/process: El inventario GEI a nivel regional es elaborado por el Ministerio de Medio Ambiente, quienes por Ley Marco de Cambio Climático N° 21.455, son los responsables de su elaboración y públicación. https://snichile.mma.gob.cl/metropolitana/",CH4|CO2|HFCs|PFCs|N2O|SF6,Default IPCC emission factors,IPCC Fifth Assessment Report (2013),"Other: Los inventarios nacionales y regionales GEI son elaborados por el Ministerio de Medio Ambiente, solo los nacionales pasan por un proceso de consulta y análisis. Ley 21.455, articulo 28, establecerá un reglamento para los inventarios regionales.",Activity data - High data quality|Emissions factors - High data quality,"Yes, due to changes in calculation methodology or improvements in data access and/or accuracy and this has triggered a recalculation of historic emissions data",2024_DIN_CL.pdf,"La Ley marco de cambio climático N°21.455, artículo 28, establece la creación del Sistema Nacional de Inventarios de Gases de Efecto Invernadero, el cual será administrado por el Ministerio del Medio Ambiente, y su objetivo es la elaboración y actualización del Inventario Nacional de Gases de Efecto Invernadero y otros forzantes climáticos de vida corta, velar por la coherencia de las emisiones reportadas y asegurar la calidad de su estimación; respondiendo a los compromisos internacionales de reporte ante la Convención. En relación a la elaboración de los inventarios regionales de gases de efecto invernadero y forzantes climáticos de vida corta serán determinadas mediante un reglamento del Ministerio del Medio Ambiente, en base a las metodologías más recientes y aceptadas por el Panel Intergubernamental de Cambio Climático. Actualmente este reglamento se encuentra en proceso de elaboración. El Ministerio de Medio Ambiente, ha actualizado el Inventario Nacional y Regionales, utilizando los Potenciales de\nCalentamiento Atmosférico (PCA) publicados en Quinto Informe de Evaluación (AR5) del IPCC, y los inventarios GEI anteriores fueron\npresentados considerando los PCA presentados en el Cuarto Informe de Evaluación (AR4) del IPCC, por lo que los resultados totales tendrán variaciones dependiendo de los nuevos factores."
2025 Disclosure Cycle,779465,CDP,31181,"City of Philadelphia, PA",City,North America,United States of America,Public,Q3.1.1,Provide information on and an attachment (in spreadsheet format)/ direct link to your main community-wide GHG emissions inventory.,1,Response,City of Philadelphia Inventory 2022.xlsx,https://www.phila.gov/media/20250326100034/2022-greenhouse-gas-inventory-report.pdf ,The emissions inventory has been attached and can be accessed (unrestricted) on the link provided,2022,Same - covers entire jurisdiction and nothing else,1584064.0,,Global Protocol for Community-Scale Greenhouse Gas Emissions Inventories (GPC),Internal tool/process,HFCs|CO2|PFCs|CH4|SF6|N2O,Default IPCC emission factors,IPCC Fifth Assessment Report (2013),"No, not audited/verified",Emissions factors - High data quality|Activity data - High data quality,Other: The 2019 Inventory uses the GPC protocol in compliance with BASIC+ reporting standard. The baseline 2006 inventory used the U.S. Protocol for Cities but was updated to use GPC protocol to allow for appropriate measurement of changes in emissions.,2019 GHG INVENTORY FINAL REPORT.pdf,"2022 inventory uploaded in spreadsheet format with full report linked. GWP-100 values are using data from IPCC's Fifth Assessment Report; however, GP-20 values are presented using values from IPCC's Sixth Assessment Report to address the greater short-term impact of methane."
2025 Disclosure Cycle,779465,CDP,31182,"City of San Francisco, CA",City,North America,United States of America,Public,Q3.1.1,Provide information on and an attachment (in spreadsheet format)/ direct link to your main community-wide GHG emissions inventory.,1,Response,SFCY2022CIRISEmissionsInventory.xlsx,SFCY2022CIRISEmissionsInventory (attached),The emissions inventory has been attached,2022,Same - covers entire jurisdiction and nothing else,808437,,Global Protocol for Community-Scale Greenhouse Gas Emissions Inventories (GPC),CIRIS,CH4|N2O|CO2,Default IPCC emission factors,IPCC Fifth Assessment Report (2013),"Yes, internally audited/verified (self-verification)",Activity data - High data quality|Emissions factors - High data quality,"Yes, due to changes in calculation methodology or improvements in data access and/or accuracy but this has not triggered a recalculation of historic emissions data",SFCY2020CIRISEmissionsInventory.xlsx,Former Inventory file (SFCY2020CIRISEmissionsInventory) is also attached
2025 Disclosure Cycle,779465,CDP,31184,Prefeitura de São Paulo,City,Latin America,Brazil,Public,Q3.1.1,Provide information on and an attachment (in spreadsheet format)/ direct link to your main community-wide GHG emissions inventory.,1,Response,NOVO_Planilha sIntese InventArio 2021(2).pdf,https://www.prefeitura.sp.gov.br/cidade/secretarias/upload/meio_ambiente/NOVO_Planilha%20sIntese%20InventArio%202021(2).pdf,The emissions inventory has been attached and can be accessed (unrestricted) on the link provided,2021,Same - covers entire jurisdiction and nothing else,11480900,,Global Protocol for Community-Scale Greenhouse Gas Emissions Inventories (GPC),CIRIS,CO2|CH4|N2O,Default IPCC emission factors,IPCC Fifth Assessment Report (2013),"Yes, externally audited/verified (third-party verification)",Activity data - Medium data quality|Emissions factors - Medium data quality,No changes to the methodology and/or boundary used when compared to the previously reported inventory,"Inventário GEE 2010-2018 - versão final(1).pdf,Inventário GEE 2010-2018 - versão final(1).pdf","O dado da população no ano abrangido pelo inventário mais recente se refere ao valor projetado pelo sistema SEADE de projeção populacional, com base no censo de 2022 (https://populacao.seade.gov.br/). Link disponível para acesso dos inventários publicados da cidade até 2024: https://capital.sp.gov.br/web/meio_ambiente/w/comite_do_clima/284393"
2025 Disclosure Cycle,779465,CDP,31185,City of Warsaw,City,Europe,Poland,Public,Q3.1.1,Provide information on and an attachment (in spreadsheet format)/ direct link to your main community-wide GHG emissions inventory.,1,Response,CIRIS Standard - 2022_Warsaw_final.xlsx,file attached,The emissions inventory has been attached,2022,Same - covers entire jurisdiction and nothing else,2370000,,Global Protocol for Community-Scale Greenhouse Gas Emissions Inventories (GPC),CIRIS,CO2|N2O|CH4,Default IPCC emission factors,IPCC Fifth Assessment Report (2013),"No, not audited/verified",Activity data - Medium data quality|Emissions factors - High data quality,"Yes, due to changes in calculation methodology or improvements in data access and/or accuracy and this has triggered a recalculation of historic emissions data","CIRIS Standard - 2018_Warsaw_final.xlsx,CIRIS Standard - 2020_Warsaw_final.xlsx","The number of population in 2022 was estimated based on official data from the Polish Statistical Office and people using the city, including war refugees from Ukraine. Due to the war situation in Ukraine that started in February 2022, we estimate that the number of residents staying in the city and \'using the city\' is much higher. From March 2022, Warsaw became the largest place of temporary residence in Poland, and in the following months also permanent residence and a transfer point for war refugees from Ukraine. We estimate that in 2022 the number of residents using the city will increase to over 2.3 million people. "
2025 Disclosure Cycle,779465,CDP,31186,Changwon City,City,South East Asia & Oceania,Korea (The Republic of),Public,Q3.1.1,Provide information on and an attachment (in spreadsheet format)/ direct link to your main community-wide GHG emissions inventory.,1,Response,2024년 창원시 온실가스 배출량(2010-2022) 시범산정 결과.xlsx,https://www.gir.go.kr/home/board/read.do?pagerOffset=0&maxPageItems=10&maxIndexPages=10&searchKey=title&searchValue=%EC%A7%80%EC%97%AD+%EC%98%A8%EC%8B%A4%EA%B0%80%EC%8A%A4&menuId=36&boardId=81&boardMasterId=2&boardCategoryId=,The emissions inventory has been attached,2022,Same - covers entire jurisdiction and nothing else,1020000,,Global Protocol for Community-Scale Greenhouse Gas Emissions Inventories (GPC) reported in the format of GCoM Common Reporting Framework (CRF),Carbon Monitor Cities,SF6|CH4|CO2|N2O|PFCs|HFCs,Default IPCC emission factors,IPCC Sixth Assessment Report (2021),"Yes, externally audited/verified (third-party verification)",Emissions factors - High data quality,"Yes, due to changes in calculation methodology or improvements in data access and/or accuracy but this has not triggered a recalculation of historic emissions data",2024년 창원시 온실가스 배출량(2010-2022) 데이터.xlsx,"1. 지역 인벤토리 현황\n-「지역온실가스 통계 관리위원회(2025년 개최)」심의를 통해 2010~2022년 창원시 온실가스 배출량 시범 산정결과가 확정됨.\n- 산정 범위: 창원시 행정구역 전역(Scopes 1+2).\n- 산정 주체: 환경부 온실가스종합정보센터, 창원시 기후환경국, 창원시탄소중립지원센터 공동 수행.\n\n2. 첨부파일 및 링크 제공\n- 2010~2022년 창원시 온실가스 배출량 시범 산정결과 데이터(스프레드시트 형식) 첨부.\n- 온실가스종합정보센터(GIR) 공식 플랫폼 URL 공유(추후 외부 공개 가능).\n- 관련 보고자료: 「창원시 기후위기 대응 기본계획」 부속 문서 포함.\n\n3. 보고 인벤토리 적용년도\n- 보고 인벤토리 적용연도: 2010년 ~ 2022년.\n- 기준 인구 및 에너지 활동자료 반영, 국가 통계와 일치 검증 완료.\n\n4. 보고 인벤토리가 포함하는 면적\n- 창원시 전체 행정구역 포함.\n- Scope 1: 고정연소, 이동연소, 폐기물, 농축산 부문.\n- Scope 2: 전력, 지역난방 간접배출 포함.\n\n5. 프로토콜 및 프레임워크\n- 사용 기준: GPC(Global Protocol for Community-Scale GHG Emission Inventories) + IPCC 2006 가이드라인.\n- 검증: 환경부 GIR 검증 완료.\n\n6. 도구 및 방법론\n- 한국형 GIR 온실가스 인벤토리 툴 사용.\n- 에너지 통계, 교통량 자료, 폐기물 처리량 자료, 건물 에너지 사용량 등 부문별 DB 연계.\n- 과거 인벤토리 대비 산정방법 일부 개선(교통부문 연료소비 추정방식 보완).\n- 전력 소비량 Scope2 산정 시 국가 전력계통 배출계수 최신값 적용.\n\n7. 추가 코멘트\n-「2010~2022 창원시 온실가스 배출량 시범 산정결과」첨부.\n- 향후 2023년 배출량은 2026년 관리위원회에서 심의 예정.\n- 본 자료는 창원시의 CDP 및 GCoM 보고 시 공식 제출 데이터로 활용."
2025 Disclosure Cycle,779465,CDP,31187,Seoul Metropolitan Government,City,South East Asia & Oceania,Korea (The Republic of),Public,Q3.1.1,Provide information on and an attachment (in spreadsheet format)/ direct link to your main community-wide GHG emissions inventory.,1,Response,"2021 서울시 온실가스 인벤토리 보고서(최종).pdf,서울시 온실가스 인벤토리 보고서(2022년도분) (2).pdf",https://news.seoul.go.kr/env/climate-environment/climate-change-strategy/green-inventory-report#view/427515 ,The emissions inventory can be accessed (unrestricted) on the link provided,2022,Same - covers entire jurisdiction and nothing else,9667669,,Regional or country/area specific methodology,Other regionally/nationally developed tool/process: Greenhouse Gas Emissions Calculation Protocol Developed by the Korea Environment Corporation for Local Governments,HFCs|CO2|SF6|N2O|PFCs|CH4,Default IPCC emission factors,IPCC Fifth Assessment Report (2013),"Yes, externally audited/verified (third-party verification)",Activity data - High data quality|Emissions factors - High data quality,"Yes, due to changes in calculation methodology or improvements in data access and/or accuracy and this has triggered a recalculation of historic emissions data","서울시 온실가스 인벤토리 보고서(2022년도분) (1).pdf,서울시 온실가스 인벤토리 보고서(2022년도분).pdf",https://news.seoul.go.kr/env/climate-environment/climate-change-strategy/green-inventory-report#view/427515 
2025 Disclosure Cycle,779465,CDP,31446,Taipei City Government,City,China,East Asia,Public,Q3.1.1,Provide information on and an attachment (in spreadsheet format)/ direct link to your main community-wide GHG emissions inventory.,1,Response,2024 Taipei City Greenhouse Gas Inventory (Inventory Data) - Third-party Verification Completed.xlsx,https://www.cca.gov.tw/information-service/info/33254.html,The emissions inventory has been attached,2024,Same - covers entire jurisdiction and nothing else,2490869,,Global Protocol for Community-Scale Greenhouse Gas Emissions Inventories (GPC) reported in the format of GCoM Common Reporting Framework (CRF),CIRIS,N2O|CH4|HFCs|CO2|NF3|PFCs|SF6,Default IPCC emission factors,IPCC Fifth Assessment Report (2013),"Yes, externally audited/verified (third-party verification)",Activity data - High data quality,"Yes, due to changes in calculation methodology or improvements in data access and/or accuracy but this has not triggered a recalculation of historic emissions data",770364-GHG1-VS-2024 - Eng.pdf,"Taipei City conducts a city-level, voluntary greenhouse gas (GHG) inventory, summarized in the “GHG Emissions Analysis Report.” Total emissions decreased from 13.074 million tCO2e in 2005 to 11.955 million tCO2e in 2013, then gradually increased to 12.616 million tCO2e in 2017. Following the implementation of energy-saving and carbon reduction measures, GHG emissions have steadily declined. \nIn 2024, total city-wide emissions were 10.5381 million tCO2e, calculated using the 2024 electricity emission factor of 0.474 kgCO2e/kWh. This represents a reduction of approximately 2.5355 million tCO2e (19.39%) compared to the 2005 baseline.\nComparing 2024 to 2023, emissions decreased by 393,400 tCO2e (3.6%). Total electricity consumption slightly increased by 196 million kWh in 2024 due to the shift from fossil-fuel transport to low-carbon electric vehicles. Despite this increase in electricity use, reduced fossil fuel consumption and a lower electricity emission factor (from 0.494 kgCO2e/kWh in 2023 to 0.474 kgCO2e/kWh in 2024) contributed to the net decline in total city-wide GHG emissions."
2025 Disclosure Cycle,779465,CDP,32480,City of Adelaide,City,South East Asia & Oceania,Australia,Public,Q3.1.1,Provide information on and an attachment (in spreadsheet format)/ direct link to your main community-wide GHG emissions inventory.,1,Response,City of Adelaide community emissions inventory FY2024 for CDP 2025.xlsx,,The emissions inventory has been attached,2023/2024,Same - covers entire jurisdiction and nothing else,29118,,Global Protocol for Community-Scale Greenhouse Gas Emissions Inventories (GPC) reported in the format of GCoM Common Reporting Framework (CRF),Internal tool/process,CO2|N2O|CH4|HFCs,"National/sub-national emission factors: National Greenhouse Accounts Factors, Green Industries South Australia emission factors",IPCC Sixth Assessment Report (2021),"No, not audited/verified",Emissions factors - High data quality|Activity data - Medium data quality,"Yes, due to changes in calculation methodology or improvements in data access and/or accuracy and this has triggered a recalculation of historic emissions data",,"Improvements were made to the calculation methodology of aviation and IPPU emissions, resulting in a back calculation of historical emissions to the base year of FY2020. Changes to the total community emissions were <5%."
2025 Disclosure Cycle,779465,CDP,32550,"City of Denver, CO",City,North America,United States of America,Public,Q3.1.1,Provide information on and an attachment (in spreadsheet format)/ direct link to your main community-wide GHG emissions inventory.,1,Response,2023_Denver_GHG_Inventory.xlsx,Protected version of inventory attached,The emissions inventory has been attached,2023,Same - covers entire jurisdiction and nothing else,716577,,Global Protocol for Community-Scale Greenhouse Gas Emissions Inventories (GPC) reported in the format of GCoM Common Reporting Framework (CRF),"Consultancy-developed tool/process: Lotus Engineering and Sustainability, LLC",SF6|PFCs|CO2|NF3|N2O|CH4|HFCs,National/sub-national emission factors: US EPA Emissions Factor Hub,IPCC Sixth Assessment Report (2021),Other: Lotus (3rd party consultant) provides two levels of Quality Assurance and Quality Control. Lotus relies on other third party verification for activity data and emission factors.,Emissions factors - High data quality|Activity data - High data quality,No changes to the methodology and/or boundary used when compared to the previously reported inventory,,The link provides access to inventories 2005-2021 and the attached is our final for 2023. https://opendata-geospatialdenver.hub.arcgis.com/search?q=ghg Denver is in the process of updating its GHG Inventory for 2024 and anticipates it will be finalized in October of 2025.
2025 Disclosure Cycle,779465,CDP,35268,"City of Boston, MA",City,North America,United States of America,Public,Q3.1.1,Provide information on and an attachment (in spreadsheet format)/ direct link to your main community-wide GHG emissions inventory.,1,Response,2023 Final CIRIS.xlsx,https://docs.google.com/spreadsheets/d/1tZ5wTeqHy8I0FgcNQmJdH37SH6k5XbjW/edit?usp=sharing&ouid=115219700293465707227&rtpof=true&sd=true,The emissions inventory has been attached and can be accessed (unrestricted) on the link provided,2023,Same - covers entire jurisdiction and nothing else,706000,,Global Protocol for Community-Scale Greenhouse Gas Emissions Inventories (GPC),CIRIS,CO2|CH4|N2O,National/sub-national emission factors: U.S. Environmental Protection Agency & IPCC Fifth Assessment Report,IPCC Fifth Assessment Report (2013),"No, not audited/verified",Activity data - High data quality|Emissions factors - Medium data quality|Activity data - Medium data quality|Emissions factors - High data quality,"Yes, due to changes in calculation methodology or improvements in data access and/or accuracy and this has triggered a recalculation of historic emissions data",,"The City of Boston has obtained electricity emissions factors that include cleaner imported electricity, sparking a recalculation of every inventory since 2005. Additionally, data corrections have changed the electricity estimates from 2016 - 2021. Other small data improvement changes have been made as well. CIRIS Files from 2005-2009 have been attached, the remainder can be accessed at the following link with all historical (updated) CIRIS files: https://drive.google.com/drive/folders/1a8gQKYlYz_Ns3m6e238qgfyS-4hnFlJ3?usp=drive_link"
2025 Disclosure Cycle,779465,CDP,35274,"City of Portland, ME",City,North America,United States of America,Public,Q3.1.1,Provide information on and an attachment (in spreadsheet format)/ direct link to your main community-wide GHG emissions inventory.,1,Response,GHG Inventories Memo.pdf,https://www.oneclimatefuture.org/wp-content/uploads/2021/02/Appendix-A.pdf,The emissions inventory has been attached,2017,Same - covers entire jurisdiction and nothing else,66715.0,Global Protocol for Community-Scale Greenhouse Gas Emissions Inventories (GPC) reported in the format of GCoM Common Reporting Framework (CRF),,CIRIS,CH4|N2O|CO2,Default IPCC emission factors,IPCC Fifth Assessment Report (2013),"Yes, internally audited/verified (self-verification)",Emissions factors - High data quality|Activity data - High data quality,No changes to the methodology and/or boundary used when compared to the previously reported inventory,,An initial inventory was conducted in 2016 for municipal operations. Our community-wide inventory was completed in 2019. We have completed an update to our community-wide greenhouse gas inventory (2023 data) but have not published it publicly at this time. The updated inventory follows the same Global Protocol for Community-Scale Greenhouse Gas Emissions Inventories. Portland's total GHG emissions for 2023 are down 4.6% since 2017.
2025 Disclosure Cycle,779465,CDP,35449,City of Zürich,City,Europe,Switzerland,Public,Q3.1.1,Provide information on and an attachment (in spreadsheet format)/ direct link to your main community-wide GHG emissions inventory.,1,Response,"klimabilanz-gesamtstadt-datenherkunft-2024.pdf,klimaschutzplan-2024.pdf,net-zero-progress-report-2024.pdf",https://netto-null-cockpit.stadt-zuerich.ch/,The emissions inventory can be accessed (unrestricted) on the link provided,2023,Same - covers entire jurisdiction and nothing else,447082,,Global Protocol for Community-Scale Greenhouse Gas Emissions Inventories (GPC),Other: Kausal Paths,HFCs|PFCs|NF3|CH4|CO2|SF6|N2O,National/sub-national emission factors: The most specific and up-to-date EFs were used. Stationary energy and waste treatment: EFs published by the Swiss Federal Office for the Environment (FOEN) Transportation: Handbook for emission factors (HBEFA),IPCC Fifth Assessment Report (2013),"Yes, internally audited/verified (self-verification)",Emissions factors - High data quality|Activity data - High data quality,No changes to the methodology and/or boundary used when compared to the previously reported inventory,,https://www.stadt-zuerich.ch/netto-null
2025 Disclosure Cycle,779465,CDP,35475,"City of Calgary, AB",City,North America,Canada,Public,Q3.1.1,Provide information on and an attachment (in spreadsheet format)/ direct link to your main community-wide GHG emissions inventory.,1,Response,2024 Calgary GHG Emissions Inventory - submitted.xlsx,2024 Calgary GHG Emissions Inventory ,The emissions inventory has been attached,2024,Same - covers entire jurisdiction and nothing else,1509800,,Global Protocol for Community-Scale Greenhouse Gas Emissions Inventories (GPC),Data Portal for Cities,CO2|CH4|N2O,Default IPCC emission factors,IPCC Fifth Assessment Report (2013),"Yes, internally audited/verified (self-verification)",Emissions factors - High data quality|Activity data - High data quality,No changes to the methodology and/or boundary used when compared to the previously reported inventory,Historical Inventory.xlsx,"It covers administrative boundary of a local government. This does not include the adjoining areas of the city. \n\nPerformance measures and indicators tracked to monitor progress, adjust the approach and ensure transparency in climate and environmental actions.\nhttps://climate-and-environment-dashboard-thecityofcalgary.hub.arcgis.com/pages/metrics"
2025 Disclosure Cycle,779465,CDP,35848,Municipality of Belo Horizonte,City,Latin America,Brazil,Public,Q3.1.1,Provide information on and an attachment (in spreadsheet format)/ direct link to your main community-wide GHG emissions inventory.,1,Response,Monitoramento Emissões GEE (2).xlsx,https://prefeitura.pbh.gov.br/meio-ambiente/8o-inventario-de-emissoes-de-gases-de-efeito-estufa,The emissions inventory can be accessed (unrestricted) on the link provided,2022/2023,Same - covers entire jurisdiction and nothing else,2315560,,Global Protocol for Community-Scale Greenhouse Gas Emissions Inventories (GPC),CLIMAS Inventory Tool,CO2,Default IPCC emission factors,IPCC Fifth Assessment Report (2013),"Yes, internally audited/verified (self-verification)",Activity data - High data quality|Emissions factors - High data quality,No changes to the methodology and/or boundary used when compared to the previously reported inventory,"InventarioGEE_BH_2000-2010.pdf,InventarioGEE_BH_2000-2013.pdf,InventarioGEE_BH_2009-2019.pdf,InventarioGEE_BH_2009-2020.pdf,InventarioGEE_BH_2009-2021.pdf",O link para acesso ao Inventário de GEE mais recente foi disponibilizado e os dados podem ser acessados pelo mesmo. Outros documentos com o histórico dos dados de emissões desde o ano 2000 também foi anexado.
2025 Disclosure Cycle,779465,CDP,35852,Ankara Metropolitan Municipality,City,UKWW,Türkiye,Public,Q3.1.1,Provide information on and an attachment (in spreadsheet format)/ direct link to your main community-wide GHG emissions inventory.,1,Response,Ankara_GHG_Inventory_2019.xlsx,,The emissions inventory has been attached,2019,Same - covers entire jurisdiction and nothing else,5056,,Global Protocol for Community-Scale Greenhouse Gas Emissions Inventories (GPC),"Consultancy-developed tool/process: The inventory was developed with the support of external consultants, using the 2006 Intergovernmental Panel on Climate Change (IPCC) Guidelines and the Global Protocol for Community-Scale Greenhouse Gas Emissions Inventories (GPC).",CH4|CO2|N2O,Default IPCC emission factors,IPCC Fifth Assessment Report (2013),"Yes, internally audited/verified (self-verification)",Activity data - Medium data quality|Emissions factors - High data quality,No changes to the methodology and/or boundary used as this is the jurisdictions first year reporting an emissions inventory,"ANKARA CLIMATE CHANGE ACTION PLAN.pdf,Ankara Green City Action Plan.pdf,SECAP.pdf","The community-wide Greenhouse Gas (GHG) emissions inventory of Ankara Metropolitan Municipality has been prepared to provide a comprehensive overview of emissions across all major sectors and to serve as a foundation for climate mitigation and adaptation planning. The inventory is consistent with the Global Protocol for Community-Scale Greenhouse Gas Emissions Inventories (GPC) and reported under the Global Covenant of Mayors (GCoM) Common Reporting Framework (CRF), ensuring international comparability and methodological robustness. This inventory forms an integral part of the Sustainable Energy and Climate Action Plan (SECAP, 2021), which outlines emission reduction strategies, and is further reinforced by the Ankara Green City Action Plan (GCAP, 2021), which provides sectoral action pathways and financing strategies. Together, these plans ensure coherence between data reporting, mitigation actions, and long-term sustainable development goals.\n\nThe inventory covers the entire jurisdiction boundary of Ankara Metropolitan Municipality, aligning with administrative boundaries and including both urban and peri-urban areas. The population data used for the inventory year is based on official statistics provided by the Turkish Statistical Institute (TÜİK). The methodology incorporates activity data from local institutions such as ASKİ (Ankara Water and Sewerage Administration), EGO (Electricity, Gas and Bus Operations Organization), and relevant municipal directorates (e.g., disaster management, health services, strategy departments), as well as affiliated companies and industrial zones. Collaboration with external stakeholders, including universities (notably Middle East Technical University - METU), professional chambers, organized industrial zones, and rural services, was essential in compiling accurate and sector-specific data.\n\nThe emissions inventory encompasses a wide range of sectors, including:\n\nEnergy supply and use: electricity consumption, heating and cooling, and energy use in public facilities.\n\nTransportation: private vehicles, public transport systems, freight, and non-motorized mobility.\n\nBuildings: residential, commercial, and public buildings, with attention to energy efficiency and heating systems.\n\nWaste management: solid waste disposal, landfill gas, waste treatment, and recycling initiatives.\n\nWater supply and wastewater management: pumping, treatment, and distribution operations.\n\nCross-cutting sectors: food security, biodiversity, green spaces, and rural activities, including agricultural support such as distribution of drought-resistant seeds and solar irrigation systems.\n\nEmission factors used in the inventory are primarily drawn from the 2006 IPCC Guidelines for National Greenhouse Gas Inventories, ensuring alignment with international standards. Where available, national and local emission factors were used to reflect the specific energy mix and waste composition of Ankara. Global warming potential (GWP) values were taken from the IPCC Fifth Assessment Report (AR5, 2013). The gases included in the inventory are carbon dioxide (CO₂), methane (CH₄), and nitrous oxide (N₂O), which together account for the majority of urban GHG emissions.\n\nThe tool used to compile the inventory was developed internally by Ankara Metropolitan Municipality with support from consultancy and academic partners, relying on spreadsheet-based calculations following GPC and CRF requirements. This internal process allowed for consistency with local data sources and flexibility in integrating sector-specific information. The inventory has undergone internal review for accuracy and coherence across sectors. Although not externally verified, the inventory was cross-checked with data from national and international sources to ensure credibility and reliability.\n\nThe inventory not only provides a baseline of current emissions but also supports long-term climate planning by identifying high-emission sectors, enabling targeted actions, and tracking progress over time. It is directly connected with Ankara's strategic commitments under the Global Covenant of Mayors (GCoM), the Green City Program, and Turkey's national climate strategies. In addition, it contributes to multiple international frameworks, including the Sustainable Development Goals (SDG 11: Sustainable Cities and Communities, and SDG 13: Climate Action), and aligns with the principles of TCFD (Task Force on Climate-related Financial Disclosures) for transparency in climate data reporting. \nSupporting documents that provide additional methodological details and sectoral actions include:\n•\tSustainable Energy and Climate Action Plan (SECAP, 2021) - https://s.ankara.bel.tr/files/2025/08/15/f42313fc846b7ea1e79493e25be5e4d7.pdf\n•\tAnkara Green City Action Plan (GCAP, 2021) - https://www.ankara.bel.tr/files/2022/06/22/e6828f0c69930859c92414b0657fa2cd.pdf"
2025 Disclosure Cycle,779465,CDP,35853,"City of Baltimore, MD",City,North America,United States of America,Public,Q3.1.1,Provide information on and an attachment (in spreadsheet format)/ direct link to your main community-wide GHG emissions inventory.,1,Response,CPRG CCAP - Baltimore City 2021 GHGI - Detailed Report(Residential Energy).csv,,The emissions inventory has been attached,2021,Same - covers entire jurisdiction and nothing else,592211,,Global Protocol for Community-Scale Greenhouse Gas Emissions Inventories (GPC),"Consultancy-developed tool/process: Inventory compiled by Dylan C. Gaeta , Julia Alumbro , Krittika Negandhi , Cheryl Liang , Daniel Moon , and Scot M. Miller with the Department of Environmental Health and Engineering at Johns Hopkins University using both 100-year and 20-year GWPs.",CH4|N2O|CO2,"Other: his GHG emissions inventory satisfies the BASIC level reporting under the GPC, which includes Scope 1 and Scope 2 emissions from Stationary Energy and Transportation, as well as generated waste emissions within the City boundary.",IPCC Fifth Assessment Report (2013),"No, not audited/verified",Activity data - High data quality,"Yes, due to changes in calculation methodology or improvements in data access and/or accuracy but this has not triggered a recalculation of historic emissions data",JHU_Baltimore_GHG_inventory.xlsx,"The inventory was produced as part of a Baltimore Metropolitan Region greenhouse gas emissions inventory by jurisdiction. It uses a different methodology and accounts for several sources of emissions not previously differentiated as a source of emissions in previous inventories to create a standard inventory across all jurisdictions in the Metropolitan Area. As a result, the overall greenhouse gas emissions seem to have increased however, the sources that were included in previous inventories have decreased. City of Baltimore will conduct another GHG emission inventory in 2025-26 with contactors from Johns Hopkins University who had developed our previous inventories so we may better compare progress toward Baltimore's carbon neutrality goals using the same measures of our inventories aside from the 2021 inventory included in this report.\n\nThe protocol used to create this community scale breakdown adheres to the US Protocol for Community for Accounting and Reporting of Greenhouse Gas Emissions. It represents CO2e values calculated using Global Warmings Potentials for methane and nitrous oxide from IPCC 5th Assesment report.\n\nThe inventory does not differentiate direct and indirect emissions. It was not audited but the Scope 1 emissions totals are in close agreement with the emissions inventory data for Baltimore from Crosswalk Labs (https://open.crosswalk.io/?layers=%5B%22census%22%5D&geoid=%222404000%22&level=place&scope=scope1&year=%222020%22&sector=total). \n\nThe work is licensed under a Creative Commons Attribution- Non-Commercial Non-Derivatives 4.0 International License and is attributed to ICLEI local Government for Sustainability USA. "
2025 Disclosure Cycle,779465,CDP,35856,Busan Metropolitan City,City,South East Asia & Oceania,Korea (The Republic of),Public,Q3.1.1,Provide information on and an attachment (in spreadsheet format)/ direct link to your main community-wide GHG emissions inventory.,1,Response,2. 2024 지역 온실가스 통계_부산.xlsx,https://www.gir.go.kr/home/board/read.do?pagerOffset=0&maxPageItems=10&maxIndexPages=10&searchKey=&searchValue=&menuId=36&boardId=81&boardMasterId=2&boardCategoryId=,The emissions inventory has been attached and can be accessed (unrestricted) on the link provided,2022,Same - covers entire jurisdiction and nothing else,3319812,,2006 IPCC Guidelines for National Greenhouse Gas Inventories,Internal tool/process,HFCs|PFCs|SF6|CH4|CO2|N2O,Default IPCC emission factors,IPCC Fifth Assessment Report (2013),"Yes, externally audited/verified (third-party verification)",Emissions factors - Medium data quality|Activity data - Medium data quality,No changes to the methodology and/or boundary used when compared to the previously reported inventory,"2. 지역 온실가스 배출량_부산광역시_CO2eq..xlsx,2. 지역 온실가스 배출량_부산광역시_CO2eq..xlsx",온실가스종합정보센터에서 제공한 이전 통계자료인 2023년 지역 온실가스 배출량(2010년-2021년) 시범산정 결과를 첨부함.\nhttps://www.gir.go.kr/home/board/read.do?pagerOffset=10&maxPageItems=10&maxIndexPages=10&searchKey=&searchValue=&menuId=36&boardId=61&boardMasterId=2&boardCategoryId=
2025 Disclosure Cycle,779465,CDP,35857,"City of Cincinnati, OH",City,North America,United States of America,Public,Q3.1.1,Provide information on and an attachment (in spreadsheet format)/ direct link to your main community-wide GHG emissions inventory.,1,Response,,https://app.climateview.global/v3/public/board/eaf363ce-0ad5-4d27-b686-4ee5ea070149,The emissions inventory can be accessed (unrestricted) on the link provided,2023,Same - covers entire jurisdiction and nothing else,311097,,Other: ClimateView,ClimateView - ClimateOS,N2O|CO2|CH4,Do not know,IPCC Fifth Assessment Report (2013),"No, not audited/verified",Emissions factors - Medium data quality|Activity data - Medium data quality,No changes to the methodology and/or boundary used when compared to the previously reported inventory,"2006 Green House Gas Inventory.pdf,2015 Greenhouse Gas Emissions Inventory.pdf",
2025 Disclosure Cycle,779465,CDP,35858,City of Cape Town,City,UKWW,South Africa,Public,Q3.1.1,Provide information on and an attachment (in spreadsheet format)/ direct link to your main community-wide GHG emissions inventory.,1,Response,CIRIS CCT 2023_Final_MacrosDisabled.xlsx,Inventory is attached. \n\nThe current year's inventory (2023 data year) is only published online following our CDP submission review. Previous online inventories are available on the City's Open Data Portal: Previous inventories: https://odp-cctegis.opendata.arcgis.com/content/083e44674f7c4e8cb23131d1c02c8afa/about and the Outputs database and State of Energy Carbon Report data (2022) is available here CPT State of Energy and Carbon | Open Data Portal (arcgis.com).\n,The emissions inventory has been attached,2023,Same - covers entire jurisdiction and nothing else,4890218,,Global Protocol for Community-Scale Greenhouse Gas Emissions Inventories (GPC) reported in the format of GCoM Common Reporting Framework (CRF),CIRIS,N2O|HFCs|SF6|CO2|CH4,Local emission factors: Local EFs were derived for the City of Cape Town supply area as well as the Eskom distribution area falling within the City's distribution area. These EFs are referenced in the CIRIS tool.,IPCC Sixth Assessment Report (2021),"Yes, internally audited/verified (self-verification)",Activity data - Medium data quality|Emissions factors - Medium data quality,"Yes, due to a change to the inventory boundary but this has not triggered a recalculation of historic emissions data","CCT_CIRIS_GHG_INVENTORY_2015.xlsx,CCT_CIRIS_GHG_INVENTORY_2016.xlsx,CCT_CIRIS_GHG_INVENTORY_2017.xlsx,CCT_CIRIS_GHG_INVENTORY_2019.xlsx,CCT_CIRIS_GHG_INVENTORY_2022.xlsx","The City is continuously improving the accuracy and quality of the data it collects to calculate its inventory. At the time of reporting the City is in the process of a complete review of data sources and estimation methodologies as part of its State of Energy and Carbon 2025 publication. Funding for an extensive program of enhancements supported by an external technical specialist was obtained in 2023 and a contract awarded in November 2024 after an open tender process, the first for this exercise. Previous iterations have either been internal or grant funded.\n\nThe service provider has developed new accounting tools to address the many data challenges that occur at local level jurisdictions in developing countries. Methodologies have been revised to better integrate newer higher quality data sources such as the survey of larger scheduled emitters (SAGERS) by the Department of Forestry Fisheries and the Environment with older sources and insights from stakeholder engagement with the oil industry. Significantly, the service provider has increased the scope of the inventory to BASIC+ through estimating AFOLU and IPPU emissions, including the significant contribution of demand-side HFCs from air-conditioning units. In certain cases, assumptions, such as transmission loss factors have been reviewed, introducing significant changes. Additionally, the reporting year, 2023 saw very large step changes in the energy system, foremost amongst them extreme levels of power cuts imposed by the national system operator with some level of national load curtailment being imposed for 6335 hours and customers being disconnected on average for 792 hours during the year. As a result of this national supply crisis, the large peaking plant within the jurisdiction operated at a very high capacity factor. This combined with the accelerating recovery of the aviation industry after COVID and the resumption of full operations by the local refinery after a fire related closure, caused petroleum fuel energy use to increase within the jurisdiction even while electricity demand was severely impaired. \n\nWhile there are continuous improvements in the quality of data and estimation methodologies for internal operations, and for the sectors which the City has its own data such as solid waste, wastewater, and electricity (CCT electricity sales data), there continues to be inconsistencies in the data collected from external stakeholders (national entities in particular). Our dependence on these data sources for key sectors such as transport, and a proportion of electricity consumption supplied by the national distribution subsidiary of state utility, Eskom, remain ongoing challenges.\n\nThe City of Cape Town (CCT) CIRIS GHG inventory is reporting a 2023 base year for 2025 CDP reporting. The 2023 base year results are based on updates of key sector datasets that are readily accessible, such as CCT Electricity sales data, national liquid fuels by trade category, solid waste, wastewater and population. The rest of the data is scaled with the appropriate methodologies based on the aforementioned newly developed accounting tools. The City publishes a Cape Town State of Energy and Carbon Report every 5 years as a detailed analysis, which requires significant resources. The City is currently conducting the next update of the CT State of Energy and Carbon report which will include a detailed revision of all data domains, with base year 2023/2024, and documentation of new accounting methodologies. \n\nThe City is committed to transparent and full scientific methodologies as such we have an extensive list of data products and archives. Additionally we have a detailed workbook that illustrates how each calculation was made and with all assumption used. This Outputs database as well the State of Energy and Carbon Report is available here: https://odp-cctegis.opendata.arcgis.com/content/46c2d508166042d0acac9ae87d528e9b/about .The City's historical inventories have been attached, and are available on the City's Open Data Portal: https://odp-cctegis.opendata.arcgis.com/content/083e44674f7c4e8cb23131d1c02c8afa/about \n\nCurrent CDP reporting year inventories are uploaded online once CDP scoring is complete.\n"
2025 Disclosure Cycle,779465,CDP,35859,"City of Cleveland, OH",City,North America,United States of America,Public,Q3.1.1,Provide information on and an attachment (in spreadsheet format)/ direct link to your main community-wide GHG emissions inventory.,1,Response,"CAP IMS 2023 v5.12.xlsx,CIRIS Standard v2.5_revised 082525 no macros.xlsx,CIRIS Standard v2.5_revised 082525 no macros.xlsx",CIRIS 2.5 and IMS Reporting Summary for 2023 Inventory Years are attached,The emissions inventory has been attached,2023,Same - covers entire jurisdiction and nothing else,367523,,Global Protocol for Community-Scale Greenhouse Gas Emissions Inventories (GPC),CIRIS,CO2|CH4|N2O,,IPCC Fifth Assessment Report (2013),"Yes, internally audited/verified (self-verification)",Emissions factors - High data quality|Activity data - High data quality,No changes to the methodology and/or boundary used when compared to the previously reported inventory,,
2025 Disclosure Cycle,779465,CDP,35860,"City of Dallas, TX",City,North America,United States of America,Public,Q3.1.1,Provide information on and an attachment (in spreadsheet format)/ direct link to your main community-wide GHG emissions inventory.,1,Response,City of Dallas 2019 GHG Summary Table.xlsx,https://www.dallasclimateaction.com/_files/ugd/349b65_34bc8827485f4a37a30dad2fb5d6c74b.pdf,The emissions inventory has been attached,2019,"Other: It covers the City and the region, the North Central Texas Council of Governments provided data and written description for the regional transportation modeling that was utilized in this report. Electricity and waterthat is produced out of region.",1304379.0,Global Protocol for Community-Scale Greenhouse Gas Emissions Inventories (GPC),,Other: Clear Path,HFCs|SF6|CO2|N2O|CH4|PFCs,,IPCC Fifth Assessment Report (2013),,,,,
2025 Disclosure Cycle,779465,CDP,35862,"City of Detroit, MI",City,North America,United States of America,Public,Q3.1.1,Provide information on and an attachment (in spreadsheet format)/ direct link to your main community-wide GHG emissions inventory.,1,Response,DCS_TR_2.1_CIRIS - Communitywide_As Submitted.xlsx,,The emissions inventory has been attached,2019,Same - covers entire jurisdiction and nothing else,672681,,Global Protocol for Community-Scale Greenhouse Gas Emissions Inventories (GPC),CIRIS,CO2|N2O|CH4,National/sub-national emission factors: EPA,IPCC Fifth Assessment Report (2013),"No, not audited/verified",Emissions factors - Medium data quality|Activity data - Medium data quality,No changes to the methodology and/or boundary used when compared to the previously reported inventory,DCS_TR_2.1_Communitywide GHGI Methodology.pdf,N/A
2025 Disclosure Cycle,779465,CDP,35863,eThekwini Municipality,City,UKWW,South Africa,Public,Q3.1.1,Provide information on and an attachment (in spreadsheet format)/ direct link to your main community-wide GHG emissions inventory.,1,Response,eThekwini 2023 CIRIS.xlsx,eThekwini CIRIS 2023,The emissions inventory has been attached,2023,Same - covers entire jurisdiction and nothing else,4399650,,Global Protocol for Community-Scale Greenhouse Gas Emissions Inventories (GPC),CIRIS,N2O|CH4|CO2,Default IPCC emission factors,IPCC Fifth Assessment Report (2013),"Yes, internally audited/verified (self-verification)",Activity data - Medium data quality|Emissions factors - Medium data quality|Activity data - Low data quality|Activity data - High data quality,No changes to the methodology and/or boundary used when compared to the previously reported inventory,eThekwini 2022 CIRIS.xlsx,CIRIS DBN 2021
2025 Disclosure Cycle,779465,CDP,35864,Ekurhuleni Metropolitan Municipality,City,UKWW,South Africa,Public,Q3.1.1,Provide information on and an attachment (in spreadsheet format)/ direct link to your main community-wide GHG emissions inventory.,1,Response,Ekurhuleni GHG Emissions Inventory-2022 - 2023-no macros.xlsx,See attachment ,The emissions inventory has been attached,2023,Same - covers entire jurisdiction and nothing else,3926677,,Global Protocol for Community-Scale Greenhouse Gas Emissions Inventories (GPC),CIRIS,CH4|N2O|CO2,"Other: IPPC Default Emission factors, Eskom",IPCC Fifth Assessment Report (2013),"No, not audited/verified",Activity data - Low data quality,No changes to the methodology and/or boundary used when compared to the previously reported inventory,Ekurhuleni GHG Emissions Inventory-2019-no macros.xlsx,There are no additional comments\n
2025 Disclosure Cycle,779465,CDP,35865,Municipality of Fortaleza,City,Latin America,Brazil,Public,Q3.1.1,Provide information on and an attachment (in spreadsheet format)/ direct link to your main community-wide GHG emissions inventory.,1,Response,"eCRF_Export_FORTALEZA_2020.xlsx,eCRF_Export_FORTALEZA_2021.xlsx","__ - Link Ciris para inventários 2018, 2020 e 2021 auditoria C40 https://drive.google.com/drive/folders/12YEXvs3HgPs3qyLnncXL8aeG0xRG39Cx",The emissions inventory has been attached and can be accessed (unrestricted) on the link provided,2020/2021,Same - covers entire jurisdiction and nothing else,2703391,,Global Protocol for Community-Scale Greenhouse Gas Emissions Inventories (GPC) reported in the format of GCoM Common Reporting Framework (CRF),CIRIS,CH4|CO2|N2O,Default IPCC emission factors,IPCC Fourth Assessment Report (2007),"Yes, externally audited/verified (third-party verification)",Emissions factors - High data quality|Activity data - Medium data quality,"Yes, due to changes in calculation methodology or improvements in data access and/or accuracy but this has not triggered a recalculation of historic emissions data","1° Inventário de Emissões de GEE 2012.pdf,2° Inventário de Emissões de GEE 2014.pdf,3° Inventário de Emissões de GEE 2016.pdf,4° Inventário de Emissões de GEE 2018_R-C40.pdf","Os inventários de 2018, 2020 e 2021 passaram por auditoria técnica do C40 em 2025. No campo de link, foi disponibilizada uma pasta com os cálculos na CIRIS para cada ano; no campo de anexo, as tabelas exportadas eCRF do inventário mais recente, que compreende os anos de 2020 e 2021.\n\nNo campo de histórico e inventários adicionais, foram incluídos anexos referentes aos documentos anteriores, incluindo o relatório revisado de 2018 (4º inventário). Os relatórios de 2020 e 2021 (5º inventário) estão em fase de formatação e serão adicionados posteriormente, caso a plataforma CDP permita.\n\nEm 2020, Fortaleza registrou 3,64 milhões tCO₂e, com intensidade de 1,4 tCO₂e/hab. Em 2021, as emissões subiram para 4,13 milhões tCO₂e, correspondendo a 1,5 tCO₂e/hab, aumento relacionado principalmente às emissões dos setores de energia estacionária e transporte."
2025 Disclosure Cycle,779465,CDP,35867,Region Metropolitana de Guadalajara,City,Latin America,Mexico,Public,Q3.1.1,Provide information on and an attachment (in spreadsheet format)/ direct link to your main community-wide GHG emissions inventory.,1,Response,IMEPLAN 2022 CIRIS Light_15.08.2024.xlsx,"Se ha adjuntado el inventario de emisiones. \nEl Reporte de Resultados del Inventario de Gases de Efecto Invernadero del Área Metropolitana de\nGuadalajara. Año Base 2022, puede consultarse en el siguiente enlace: https://www.imeplan.mx/api/documents/467/Reporte_de_resultados_IGEI_a%C3%B1o_base_2022_versi%C3%B3n_p%C3%BAblica_docx_1.pdf",The emissions inventory has been attached,2022,Same - covers entire jurisdiction and nothing else,5448784,,Global Protocol for Community-Scale Greenhouse Gas Emissions Inventories (GPC),CIRIS,CH4|CO2|N2O,Other: Se utilizaron: Factores de Emisión Nacionales Factores de Emisión Locales (metropolitanos) Factores de Emisión del IPCC por defecto,IPCC Fifth Assessment Report (2013),"Yes, externally audited/verified (third-party verification)",Activity data - High data quality|Emissions factors - Medium data quality,"Yes, due to changes in calculation methodology or improvements in data access and/or accuracy and this has triggered a recalculation of historic emissions data","C40_letter_IMEPLAN_GPC_2024.pdf,Reporte CIRIS +Escenarios _VF.pdf,Reporte_de_resultados_IGEI_año_base_2022_versión_pública_docx_1.pdf,Reporte_final_AMG_2018.pdf","El cálculo, síntesis y revisión de los resultados en la Herramienta CIRIS, se realizó con el apoyo técnico de C40, para llegar a la validación el 19 de agosto de 2024, mediante la carta de C40 Cities que aprueba la validez del Inventario GEI, cumpliendo con los Estándares de Reporte de GPC y el Estándar de Liderazgo climático de C40 1.b."
2025 Disclosure Cycle,779465,CDP,35870,"City of Miami, FL",City,North America,United States of America,Public,Q3.1.1,Provide information on and an attachment (in spreadsheet format)/ direct link to your main community-wide GHG emissions inventory.,1,Response,2023 CIRIS Standard v2.5-csv.csv,No public link currently.,The emissions inventory has been attached,2023,Same - covers entire jurisdiction and nothing else,455955,Global Protocol for Community-Scale Greenhouse Gas Emissions Inventories (GPC),,ICLEI ClearPath,CO2|CH4|N2O,Other: Global Protocol for Community-Scale Greenhouse Gas Emission Inventories (GPC),IPCC Fifth Assessment Report (2013),"No, not audited/verified",Activity data - Medium data quality|Emissions factors - High data quality,"Yes, due to changes in calculation methodology or improvements in data access and/or accuracy and this has triggered a recalculation of historic emissions data","CIRIS Standard v2.5 2019 (updated)- csv.csv,CIRIS Standard v2.5 2021 (updated)-csv.csv,CIRIS_Standard_v2 4__EN_Miami_2018 - csv.csv","2018, 2019, and 2021 CIRIS files attached."
2025 Disclosure Cycle,779465,CDP,35871,City of Monterrey,City,Latin America,Mexico,Public,Q3.1.1,Provide information on and an attachment (in spreadsheet format)/ direct link to your main community-wide GHG emissions inventory.,1,Response,Inventario Municipal de Emisiones de Gases y Compuestos de Efecto Invernadero de Monterrey.pdf,https://mide.monterrey.gob.mx/catalogue/#/document/251\n,The emissions inventory has been attached,2020,Same - covers entire jurisdiction and nothing else,1142994,,2006 IPCC Guidelines for National Greenhouse Gas Inventories,"Other regionally/nationally developed tool/process: Se utilizó el Sistema de Gestión de Calidad del Inventario Nacional de Emisiones de Gases y Compuestos de Efecto Invernadero 1990-2019, diseñado por el Instituto Nacional de Ecología y Cambio Climático, para cumplir con las metodologías del IPCC.",HFCs|N2O|CO2|PFCs|CH4|SF6,Default IPCC emission factors,IPCC Fifth Assessment Report (2013),"Yes, internally and externally audited/verified",Emissions factors - High data quality|Activity data - High data quality,No changes to the methodology and/or boundary used as this is the jurisdictions first year reporting an emissions inventory,,"El Inventario de Emisiones de Gases y Compuestos de Efecto Invernadero de Monterrey, se elaboró para el año base 2010-2020. \n\nEl reporte incluye la cuantificación de las emisiones y absorciones de gases y compuestos de efecto invernadero por fuentes y sumideros para los cuatro sectores de emisión definidos por el IPCC: \n\n1. Energía\n2. Procesos industriales y uso de productos\n3. Agricultura, silvicultura y otros usos de la tierra\n4. Residuos "
2025 Disclosure Cycle,779465,CDP,35872,Municipality of Recife,City,Latin America,Brazil,Public,Q3.1.1,Provide information on and an attachment (in spreadsheet format)/ direct link to your main community-wide GHG emissions inventory.,1,Response,"10-recife-inventarioogee-iclei.pdf,10-recife-inventarioogee-iclei.pdf",https://americadosul.iclei.org/documentos/inventario-de-emissoes-de-gases-de-efeito-estufa-do-recife-pe/,The emissions inventory has been attached and can be accessed (unrestricted) on the link provided,2020,Same - covers entire jurisdiction and nothing else,1653461,,International Emissions Analysis Protocol (ICLEI),CLIMAS Inventory Tool,CH4|SF6|N2O|CO2,Default IPCC emission factors,IPCC Fourth Assessment Report (2007),"Yes, internally and externally audited/verified",Activity data - High data quality,No changes to the methodology and/or boundary used when compared to the previously reported inventory,"1º-Inventário-de-Emissões-de-Gases-de-Efeito-Estufa-para-a-Cidade-do-Recife-2014.pdf,plano_de_baixo_co2_recife.pdf",https://www2.recife.pe.gov.br/sites/default/files/plano_de_baixo_co2_recife.pdf\n\nhttps://observatoriodabicicleta.org.br/acervo/1o-inventario-de-emissoes-de-gases-de-efeito-estufa-para-a-cidade-do-recife/
2025 Disclosure Cycle,779465,CDP,35873,Medellín,City,Latin America,Colombia,Public,Q3.1.1,Provide information on and an attachment (in spreadsheet format)/ direct link to your main community-wide GHG emissions inventory.,1,Response,"Reporte 2022_20241120.pdf,eCRF_Export_Medellín_2022_20250902.xlsx",https://medellingovco-my.sharepoint.com/:x:/g/personal/1044100469_medellin_gov_co/EYGRn0rvcv5AjMVT75A7QvUBTFK_QQuKeMwAmjHQqsFXsw?e=UXZ85W,The emissions inventory has been attached,2022,Same - covers entire jurisdiction and nothing else,2612958,,Global Protocol for Community-Scale Greenhouse Gas Emissions Inventories (GPC),CIRIS,CO2|CH4|N2O,National/sub-national emission factors: Factores Unidad Nacional de Planeación Minero Energética. http://www.upme.gov.co/Calculadora_Emisiones/aplicacion/acercade.html https://www1.upme.gov.co/siame/Paginas/factores-de-emision.aspx,IPCC Fifth Assessment Report (2013),"No, not audited/verified",Emissions factors - High data quality|Activity data - High data quality,No changes to the methodology and/or boundary used when compared to the previously reported inventory,"GPC BASICO_MED_2015_2020.pdf,Reporte 2021_INGEI_Vfinal.pdf,Reporte 2022_20241120.pdf","Se adjunta archivo exportado en formato eCRF del marco de divulgación del GCoM. El enlace proporciona descarga de archivo CIRIS. Como inventario adicional, se comparte inventario año 2021"
2025 Disclosure Cycle,779465,CDP,35874,"City of Phoenix, AZ",City,North America,United States of America,Public,Q3.1.1,Provide information on and an attachment (in spreadsheet format)/ direct link to your main community-wide GHG emissions inventory.,1,Response,,https://www.phoenix.gov/content/dam/phoenix/oepsite/documents/ghg-inventories/final-2022-community-ghg-report-english-08132024.pdf \n\nhttp://phoenix.gov/content/dam/phoenix/oepsite/documents/climate/cdp/FINAL_2022_City_of_Phoenix_Community_CIRIS_ENGLISH_080132024.xlsm,The emissions inventory can be accessed (unrestricted) on the link provided,2022,Other: Includes disposal and treatment of waste and wastewater processes outside the boundary.,1654675.0,,Global Protocol for Community-Scale Greenhouse Gas Emissions Inventories (GPC) reported in the format of GCoM Common Reporting Framework (CRF),CIRIS,CH4|CO2|N2O,Default IPCC emission factors,IPCC Sixth Assessment Report (2021),"Yes, internally audited/verified (self-verification)",Activity data - High data quality|Emissions factors - High data quality,"Yes, due to changes in calculation methodology or improvements in data access and/or accuracy and this has triggered a recalculation of historic emissions data",,All historical GHG Inventory Reports cam be found online at: https://www.phoenix.gov/administration/departments/oep/climate-change/greenhouse-gas-emissions.html\n\nFor inventory spreaadsheet files for prior inventories pleaase contact the City of Phoenix.
2025 Disclosure Cycle,779465,CDP,35877,"City of Pittsburgh, PA",City,North America,United States of America,Public,Q3.1.1,Provide information on and an attachment (in spreadsheet format)/ direct link to your main community-wide GHG emissions inventory.,1,Response,pgh-2022-ghg-inventory.pdf,2022 GHG Inventory attached,The emissions inventory has been attached,2021/2022,Same - covers entire jurisdiction and nothing else,302898,,U.S. Community Protocol for Accounting and Reporting of Greenhouse Gas Emissions (ICLEI USA),ICLEI ClearPath,CO2|N2O|CH4,Default IPCC emission factors,IPCC Fifth Assessment Report (2013),"Yes, internally audited/verified (self-verification)",Activity data - High data quality|Emissions factors - Medium data quality,"Yes, due to changes in calculation methodology or improvements in data access and/or accuracy but this has not triggered a recalculation of historic emissions data",,"No changes in boundary. For energy, utilized the same methodology as previous years. Since previous calculations/data files were not available, new calculations were conducted using the most recent data for zipcodes, building footprint, and parcel data. See attachment for the methodology followed. For transportation, previous ghg inventories utilized data provided by MPO. Due to data availability, the 2022 ghg update includes data from Google Environmnetnal Insights: https://insights.sustainability.google/places/ChIJA4UGSG_xNIgRNBuiWqEV-Y0/transportation?hl=en-US\nAll other sectors utilized the same methodology as previous updates."
2025 Disclosure Cycle,779465,CDP,35878,"City of Sacramento, CA",City,North America,United States of America,Public,Q3.1.1,Provide information on and an attachment (in spreadsheet format)/ direct link to your main community-wide GHG emissions inventory.,1,Response,,https://www.cityofsacramento.gov/content/dam/portal/cdd/Planning/General-Plan/2040-General-Plan/Adopted%20CAAP.pdf,The emissions inventory can be accessed (unrestricted) on the link provided,2016,Same - covers entire jurisdiction and nothing else,472692,U.S. Community Protocol for Accounting and Reporting of Greenhouse Gas Emissions (ICLEI USA),,Do not know,N2O|CH4|CO2,National/sub-national emission factors: US Community Protocol,,,,,,Please refer to Chapter 2 and Appendix A of the Climate Action and Adaptation Plan for the most up-to-date community emissions inventory.
2025 Disclosure Cycle,779465,CDP,35880,Municipality of Porto Alegre,City,Latin America,Brazil,Public,Q3.1.1,Provide information on and an attachment (in spreadsheet format)/ direct link to your main community-wide GHG emissions inventory.,1,Response,RELATORIO_INVENTARIO_POA_WEB (1).pdf,https://prefeitura.poa.br/sites/default/files/usu_doc/noticias/2021/08/12/RELATORIO_INVENTARIO_POA_WEB.pdf,The emissions inventory has been attached and can be accessed (unrestricted) on the link provided,2019,Same - covers entire jurisdiction and nothing else,1483771,,Global Protocol for Community-Scale Greenhouse Gas Emissions Inventories (GPC),CLIMAS Inventory Tool,N2O|CH4|CO2,"Other: Foram utilizados fatores de emissão padrão do IPCC, mas também fatores de emissões nacionais (EPE, FGV, MCTIC, WRI, UNICAMP, SINDUSCON)",IPCC Fourth Assessment Report (2007),,Emissions factors - High data quality|Activity data - High data quality,Other: Não houve alteração pois o inventário é o mesmo reportado anteriormente.,,"As emissões do Município de Porto Alegre em 2019 totalizaram 2,4 MtCO2, sendo que o setor de Transportes configurou-se como o mais representativo, sendo responsável por cerca de 67% das emissões, seguido do setor de Energia Estacionária (cerca de 23%), Resíduos (cerca de 9%) e AFOLU (cerca de 1%)."
2025 Disclosure Cycle,779465,CDP,35882,"City of Tampa, FL",City,North America,United States of America,Public,Q3.1.1,Provide information on and an attachment (in spreadsheet format)/ direct link to your main community-wide GHG emissions inventory.,1,Response,,https://www.tampa.gov/document/city-tampa-green-house-gas-inventory-86621,The emissions inventory can be accessed (unrestricted) on the link provided,2019,Same - covers entire jurisdiction and nothing else,387196,,Global Protocol for Community-Scale Greenhouse Gas Emissions Inventories (GPC),US EPA Greenhouse Gas Inventory Tool (US),CO2|CH4|HFCs|N2O,"Other: Standard emission factors: ● The GHG Protocol (Standard emission factors) ● Custom Emission Factors (i.e., TECO based on actual fuel mix) (See Appendix B for emission factor calculations for electricity and natural gas from TECO) ● Direct Emissions",IPCC Fifth Assessment Report (2013),"Yes, externally audited/verified (third-party verification)",Emissions factors - Medium data quality|Activity data - Medium data quality,No changes to the methodology and/or boundary used when compared to the previously reported inventory,,
2025 Disclosure Cycle,779465,CDP,35883,"City of San José, CA",City,North America,United States of America,Public,Q3.1.1,Provide information on and an attachment (in spreadsheet format)/ direct link to your main community-wide GHG emissions inventory.,1,Response,,https://www.sanjoseca.gov/home/showpublisheddocument/122510,The emissions inventory can be accessed (unrestricted) on the link provided,2023,Same - covers entire jurisdiction and nothing else,970772,,U.S. Community Protocol for Accounting and Reporting of Greenhouse Gas Emissions (ICLEI USA),ICLEI ClearPath,PFCs|CO2|CH4|HFCs|N2O|NF3|SF6,Other: IPCC 6th Assessment Report (2021),IPCC Sixth Assessment Report (2021),"Yes, externally audited/verified (third-party verification)",Activity data - High data quality|Emissions factors - High data quality,"Yes, due to changes in calculation methodology or improvements in data access and/or accuracy and this has triggered a recalculation of historic emissions data",,Past inventory reports for San Jose can be viewed at this link: https://www.sanjoseca.gov/your-government/departments-offices/environmental-services/climate-smart-san-jos/climate-smart-data-dashboard (scroll down to Resources section for links to our past inventories.)
2025 Disclosure Cycle,779465,CDP,35884,"City of San Diego, CA",City,North America,United States of America,Public,Q3.1.1,Provide information on and an attachment (in spreadsheet format)/ direct link to your main community-wide GHG emissions inventory.,1,Response,"2025 GHG Inventory Spreadsheet (CY23).xlsx,2025 GHG Inventory Spreadsheet (CY23).xlsx",https://www.sandiego.gov/sites/default/files/2025-08/2024_cap_annual_report_appendices_v2.pdf,The emissions inventory has been attached and can be accessed (unrestricted) on the link provided,2022/2023,Same - covers entire jurisdiction and nothing else,1387001,,U.S. Community Protocol for Accounting and Reporting of Greenhouse Gas Emissions (ICLEI USA),Internal tool/process,CO2|CH4|N2O,Other: EPA eGRID2019 database specific plant level emission factors; CARB statewide mobile source emissions model EMFAC2021; CEC Power Source Disclosure Program; CARB GHG Current California Emission Inventory Data; EPA Waste Reduction Model,IPCC Fourth Assessment Report (2007),"No, not audited/verified",Emissions factors - High data quality|Activity data - High data quality,"Yes, due to changes in calculation methodology or improvements in data access and/or accuracy and this has triggered a recalculation of historic emissions data",,"The City's total GHG emissions breakdown can be found in Appendix B (section B3.1, Table 3) in the linked document (https://www.sandiego.gov/sites/default/files/2025-08/2024_cap_annual_report_appendices_v2.pdf). The City's emissions total differs from the spreadsheet uploaded here in Column 1. While the uploaded spreadsheet includes emissions from rail, waterborne navigation, and aviation, these sources are not included in the GHG inventories developed to prepare the Climate Action Plan and report on progress toward the City's GHG reduction goals. The GHG emissions categories and inventory methodology for the City of San Diego are based on the U.S. Communities Protocol, which requires five basic emissions-generating activities to be included in a Community GHG inventory. These categories are generally recognized as being under the collective control and management of the community whereas other emissions-generating activities such as air travel or shipping are not considered as such. Therefore, allocating emissions from these categories is better handled at a higher geographic level of aggregation. Aviation, rail, and waterborne navigation activities and emissions are not within the jurisdiction of the City of San Diego but are the responsibility of other public agencies, and therefore included in GHG inventories for those entities (including the San Diego Regional Association of Governments, San Diego Unified Port District, and others)."
2025 Disclosure Cycle,779465,CDP,35885,Tel Aviv-Yafo Municipality,City,UKWW,Israel,Public,Q3.1.1,Provide information on and an attachment (in spreadsheet format)/ direct link to your main community-wide GHG emissions inventory.,1,Response,עותק של CIRIS Standard v4.0.xlsx,,The emissions inventory has been attached,2023,Same - covers entire jurisdiction and nothing else,474560,Global Protocol for Community-Scale Greenhouse Gas Emissions Inventories (GPC),,CIRIS,CH4|N2O|CO2,National/sub-national emission factors: Emission factor from the Israeli Environmental Protection Ministry,Do not know,"Yes, externally audited/verified (third-party verification)",Activity data - High data quality,No changes to the methodology and/or boundary used when compared to the previously reported inventory,Tel Aviv - Yafo _CIRIS Report_1.pdf,
2025 Disclosure Cycle,779465,CDP,35886,City of Turin,City,Europe,Italy,Public,Q3.1.1,Provide information on and an attachment (in spreadsheet format)/ direct link to your main community-wide GHG emissions inventory.,1,Response,CO2_emissions_inventory_2019_Turin.pdf,http://www.comune.torino.it/ambiente/bm~doc/piano_azione_energia_sostenibile_clima_paesc.pdf,The emissions inventory has been attached,2019,Same - covers entire jurisdiction and nothing else,860793.0,,2006 IPCC Guidelines for National Greenhouse Gas Inventories,Internal tool/process,CO2,Default IPCC emission factors,Do not know,"Yes, externally audited/verified (third-party verification)",Emissions factors - High data quality|Activity data - High data quality,No changes to the methodology and/or boundary used when compared to the previously reported inventory,,The emissions of methane CH4 and nitrous oxide N2O have been studied but are to be considered negligible with respect to CO2 emissions occuring within the city.\nThe contribution of agriculture and breeding to the emissions of CH4 is negligible due to the fact that very little part of the city is covered by farms.\n
2025 Disclosure Cycle,779465,CDP,35894,"Ville de Montreal, QC",City,North America,Canada,Public,Q3.1.1,Provide information on and an attachment (in spreadsheet format)/ direct link to your main community-wide GHG emissions inventory.,1,Response,Inventaire GES collectivité MTL 2023-V4.pdf,https://mtl.ged.montreal.ca/constellio/?collection=mtlca&portal=REPDOCVDM#!displayDocument/00000114010,The emissions inventory can be accessed (unrestricted) on the link provided,2023,Same - covers entire jurisdiction and nothing else,2109525,,Global Protocol for Community-Scale Greenhouse Gas Emissions Inventories (GPC),CIRIS,N2O|SF6|HFCs|CH4|NF3|PFCs|CO2,National/sub-national emission factors: Canadian National Inventory Report,IPCC Fourth Assessment Report (2007),"Yes, internally audited/verified (self-verification)",Emissions factors - High data quality|Activity data - Medium data quality|Activity data - High data quality,No changes to the methodology and/or boundary used when compared to the previously reported inventory,ciraig_vdm_inventaire_ges_conso_2017.pdf,Consumption-based inventory for 2017 : https://portail-m4s.s3.montreal.ca/pdf/ciraig_vdm_inventaire_ges_conso_2017.pdf
2025 Disclosure Cycle,779465,CDP,35897,Municipality of Campinas,City,Latin America,Brazil,Public,Q3.1.1,Provide information on and an attachment (in spreadsheet format)/ direct link to your main community-wide GHG emissions inventory.,1,Response,CIRIS_Campinas 2023_29072023.xlsx,https://campinas.sp.gov.br/sites/portaldoclima/inicio,The emissions inventory has been attached and can be accessed (unrestricted) on the link provided,2022/2023,Same - covers entire jurisdiction and nothing else,1139047,,Global Protocol for Community-Scale Greenhouse Gas Emissions Inventories (GPC),CIRIS,CH4|CO2|N2O,Default IPCC emission factors,IPCC Fifth Assessment Report (2013),"Yes, internally audited/verified (self-verification)",Activity data - Medium data quality|Emissions factors - High data quality,No changes to the methodology and/or boundary used when compared to the previously reported inventory,Inventário de Emissões de Gases de Efeito Estufa (GEE) - Produto 3.pdf,"Campinas já tem 6 Inventários de Emissões elaborados. O 1º Inventário foi elaborado pela metodologia GPC, por meio da ferramenta CLIMAS, ano base de 2016. Os 5 anos mais recentes (2023, 2022, 2021, 2020 e 2019), de Inventário de Emissões foram elaborado com a metodologia GPC, utilizando a CIRIS."
2025 Disclosure Cycle,779465,CDP,35898,Greater Manchester Combined Authority,City,UKWW,United Kingdom,Public,Q3.1.1,Provide information on and an attachment (in spreadsheet format)/ direct link to your main community-wide GHG emissions inventory.,1,Response,SCATTER_greater_manchester_CDP-report-inventory_2020.xlsx,Inventory attached,The emissions inventory has been attached,2020,Same - covers entire jurisdiction and nothing else,2835686,,Global Protocol for Community-Scale Greenhouse Gas Emissions Inventories (GPC),SCATTER,CO2|CH4|N2O,Default IPCC emission factors,IPCC Fourth Assessment Report (2007),"Yes, externally audited/verified (third-party verification)",Emissions factors - High data quality,No changes to the methodology and/or boundary used when compared to the previously reported inventory,,
2025 Disclosure Cycle,779465,CDP,35914,Greater Hyderabad Municipal Corporation,City,India,India,Public,Q3.1.1,Provide information on and an attachment (in spreadsheet format)/ direct link to your main community-wide GHG emissions inventory.,1,Response,Final_Hyderabad CRF Community Inventory_GCOM CRF Report.xlsx,https://docs.google.com/spreadsheets/d/1QyH65qV0byqCm2K3FhfWObAC_g41kysz/edit?usp=sharing&ouid=102211542208476293707&rtpof=true&sd=true,The emissions inventory has been attached,2022/2023,Same - covers entire jurisdiction and nothing else,10602887,,Global Protocol for Community-Scale Greenhouse Gas Emissions Inventories (GPC) reported in the format of GCoM Common Reporting Framework (CRF),Other: Harmonized Emissions Analysis Tool (HEAT+) by ICLEI,CO2|CH4|N2O,Default IPCC emission factors,IPCC Fourth Assessment Report (2007),"Yes, internally audited/verified (self-verification)",Activity data - Medium data quality|Emissions factors - High data quality,No changes to the methodology and/or boundary used as this is the jurisdictions first year reporting an emissions inventory,,GHG emissions inventory for FY 2022-23 which is the baseline year for Hyderabad CRCAP was uploaded
2025 Disclosure Cycle,779465,CDP,35993,Singapore Government,City,South East Asia & Oceania,Singapore,Public,Q3.1.1,Provide information on and an attachment (in spreadsheet format)/ direct link to your main community-wide GHG emissions inventory.,1,Response,nid-2024.pdf,https://www.nea.gov.sg/docs/default-source/cmd-documents/ghg-documents/nid-2024.pdf\n,The emissions inventory has been attached and can be accessed (unrestricted) on the link provided,2022,Same - covers entire jurisdiction and nothing else,5637022,2006 IPCC Guidelines for National Greenhouse Gas Inventories,,Internal tool/process,NF3|SF6|CH4|CO2|N2O|HFCs|PFCs,Default IPCC emission factors,IPCC Fifth Assessment Report (2013),"Other: For each Biennial Transparency Report (BTR) submitted to the UNFCCC, a Quality Assurance/Quality Control check is performed on the reporting inventory year by an independent QA team. The same process is implemented for past BURs submitted to UNFCCC.",Activity data - Medium data quality|Emissions factors - Medium data quality|Emissions factors - High data quality|Activity data - High data quality|Activity data - Low data quality|Emissions factors - Low data quality,"Yes, due to changes in calculation methodology or improvements in data access and/or accuracy and this has triggered a recalculation of historic emissions data",,"Navigate to Society > Environment > Air Quality and Climate > Greenhouse Gas Emissions by Gas Type, Annual\nhttps://tablebuilder.singstat.gov.sg/table/TS/M891321 (Emissions by Gas Type)\nhttps://www.tablebuilder.singstat.gov.sg/table/TS/M891491 (Emissions by Sector)"
2025 Disclosure Cycle,779465,CDP,36032,Ville de Dakar,City,UKWW,Senegal,Public,Q3.1.1,Provide information on and an attachment (in spreadsheet format)/ direct link to your main community-wide GHG emissions inventory.,1,Response,Rapport_Final_Emission_GES_Dakar_2024.pdf,Document joint,The emissions inventory can be accessed (unrestricted) on the link provided,2016,Same - covers entire jurisdiction and nothing else,1514793.0,,Global Protocol for Community-Scale Greenhouse Gas Emissions Inventories (GPC),CIRIS,CH4,"Local emission factors: Cet inventaire couvre les émissions de GES issues de divers secteurs, notamment le secteur de l'énergie stationnaire avec la consommation d'énergie dans les bâtiments résidentiels, les bâtiments publics, les activités commerciales et industrielles,",Do not know,"Yes, externally audited/verified (third-party verification)",Emissions factors - Medium data quality|Activity data - Medium data quality,"Yes, due to a change to the inventory boundary but this has not triggered a recalculation of historic emissions data",Rapport Diagnostic_Ver. finale-GAIC 13août2020 (1).pdf,L'année de référence de l'inventaire des GES de la Ville de Dakar est 2016 et l'année de reporting est 2019 
2025 Disclosure Cycle,779465,CDP,36037,Santiago de Cali,City,Latin America,Colombia,Public,Q3.1.1,Provide information on and an attachment (in spreadsheet format)/ direct link to your main community-wide GHG emissions inventory.,1,Response,HojaCalculo INGEI -Cali_2016_2021_Final.pdf,https://drive.google.com/drive/u/2/folders/1wyXeIXTRr14b1MdZPBHf0b1EBczGfZyV,The emissions inventory has been attached,2020/2021,"Other: Límite para energía estacionaria y residuos(Área urbana y rural del municipio de Santiago de Cali) Límite para transporte y AFOLU (Área urbana y rural de los municipios de Santiago de Cali, Jamundí, Yumbo, Palmira, Candelaria, Florida y Pradera.)",2264748.0,,2006 IPCC Guidelines for National Greenhouse Gas Inventories,"Consultancy-developed tool/process: Guía para la elaboración o actualización de inventarios de emisiones de GEI en ciudades colombianas publicada en 2021 por WWF, MADS, IDEAM y UK Pact.",CH4|N2O|CO2,Default IPCC emission factors,Other: Las fuentes nacionales para comparar los datos nacionales son los Inventarios Nacionales de GEI (INGEI) y los Reportes Bienales de Actualización (BUR por sus siglas en inglés) e internacionalmente las Guías de las Buenas Prácticas (GBP) del IPCC,"No, not audited/verified",Emissions factors - Medium data quality|Activity data - High data quality,"Yes, due to changes in calculation methodology or improvements in data access and/or accuracy but this has not triggered a recalculation of historic emissions data",2022- Inventario de GEI Santiago de Cali WWF COL.pdf,Se presenta el inventario de gases de efecto invernadero de Santiago de Cali actualizado a 2021
2025 Disclosure Cycle,779465,CDP,36039,Accra Metropolitan Assembly,City,UKWW,Ghana,Public,Q3.1.1,Provide information on and an attachment (in spreadsheet format)/ direct link to your main community-wide GHG emissions inventory.,1,Response,Accra GHGI 2020_29.04.2024 1.xlsx,URL link not available,The emissions inventory has been attached,2020,Same - covers entire jurisdiction and nothing else,2138833,,Global Protocol for Community-Scale Greenhouse Gas Emissions Inventories (GPC),CIRIS,N2O|CH4|CO2,Default IPCC emission factors,IPCC Fifth Assessment Report (2013),"No, not audited/verified",Activity data - High data quality,No changes to the methodology and/or boundary used when compared to the previously reported inventory,,Abridged report on Municipal Solis Waste Characterization and Landfill Emission Measurement report attached.
2025 Disclosure Cycle,779465,CDP,36045,Santiago de Guayaquil,City,Latin America,Ecuador,Public,Q3.1.1,Provide information on and an attachment (in spreadsheet format)/ direct link to your main community-wide GHG emissions inventory.,1,Response,ANEXO 1_2_Hoja de cálculo ILGEI.xlsx,Favor solicitar acceso al mail institucional katmorap@guayaquil.gov.ec \nhttps://municipioguayaquil-my.sharepoint.com/:f:/r/personal/katmorap_guayaquil_gov_ec/Documents/CDP%20Cities%20GYE/Hoja%20de%20c%C3%A1lculo%20ILGEI?csf=1&web=1&e=YZeDYV\n,The emissions inventory has been attached and can be accessed (unrestricted) on the link provided,2023,Same - covers entire jurisdiction and nothing else,2784853,,Global Protocol for Community-Scale Greenhouse Gas Emissions Inventories (GPC) reported in the format of GCoM Common Reporting Framework (CRF),Consultancy-developed tool/process: ANEXO 1_2Hoja de cálculo ILGEI,CH4|CO2|N2O|HFCs,Default IPCC emission factors,IPCC Sixth Assessment Report (2021),"Yes, internally audited/verified (self-verification)",Emissions factors - Medium data quality|Activity data - High data quality,"Yes, due to changes in calculation methodology or improvements in data access and/or accuracy but this has not triggered a recalculation of historic emissions data","INFORME HUELLA DE CARBONO_FINAL_CORR-signed.pdf,P3_Formulario_de_Reporte_estimaciones_2022_ILGEI_Guayaquil_V09092024.xlsx",El inventario del año base 2023 consistió en una actualización del inventario de GEI de la ciudad de Guayaquil. Se adjuntó el histórico del inventario GEI del 2022 y el informe de la actualización del inventario año base 2023. 
2025 Disclosure Cycle,779465,CDP,36152,City of Tallinn,City,Europe,Estonia,Public,Q3.1.1,Provide information on and an attachment (in spreadsheet format)/ direct link to your main community-wide GHG emissions inventory.,1,Response,Tallinn GHG inventory EST.pdf,https://uuringud.tallinn.ee/file_download/1684,The emissions inventory has been attached and can be accessed (unrestricted) on the link provided,2021,Same - covers entire jurisdiction and nothing else,445688,,2006 IPCC Guidelines for National Greenhouse Gas Inventories,Internal tool/process,CO2|CH4|N2O,National/sub-national emission factors: ,IPCC Sixth Assessment Report (2021),"Yes, internally audited/verified (self-verification)",Emissions factors - High data quality|Activity data - Medium data quality,"Yes, due to changes in calculation methodology or improvements in data access and/or accuracy and this has triggered a recalculation of historic emissions data",,The recalculation has been done in the latest inventory.
2025 Disclosure Cycle,779465,CDP,36159,City of Lisbon,City,Europe,Portugal,Public,Q3.1.1,Provide information on and an attachment (in spreadsheet format)/ direct link to your main community-wide GHG emissions inventory.,1,Response,"LIS GHG GPC 2002-2022_250821.xlsx,LIS GHG GPC 2002-2022_250821.xlsx,LIS GHG GPC 2002-2022_250821.xlsx",https://lisboaenova-my.sharepoint.com/:x:/g/personal/admin_lisboaenova_org/EU4pXiaYS7JAtXmqSOhgrDMB7a2a8ZYq4QriuGmXMvIPfg?e=pszhmI,The emissions inventory has been attached,2022,Same - covers entire jurisdiction and nothing else,557519,,Global Protocol for Community-Scale Greenhouse Gas Emissions Inventories (GPC),"Other: Set of sectoral spreadsheets based on GPC reporting. Additionally, the inventory is reproduced with the CIRIS tool.",CH4|N2O|CO2,National/sub-national emission factors: NATIONAL INVENTORY REPORT (NIR) SUBMITTED UNDER THE ARTº 26 OF REGULATION (EU) NO. 2018/1999: https://apambiente.pt/clima/inventario-nacional-de-emissoes-por-fontes-e-remocao-por-sumidouros-de-poluentes-atmosfericos,IPCC Fifth Assessment Report (2013),"No, not audited/verified",Activity data - High data quality|Emissions factors - High data quality,No changes to the methodology and/or boundary used when compared to the previously reported inventory,"LIS GHG GPC 2002-2022_250821.xlsx,LIS GHG GPC 2002-2022_250821.xlsx,LIS GHG GPC 2002-2022_250821.xlsx",Historical data (GHG emissions 2002-2022) is also available in the attached inventory
2025 Disclosure Cycle,779465,CDP,36218,Fukuoka City,City,Japan,Japan,Public,Q3.1.1,Provide information on and an attachment (in spreadsheet format)/ direct link to your main community-wide GHG emissions inventory.,1,Response,02_shiryo1.pdf,資料1：2022年度の福岡市域の温室効果ガス排出量等について\nhttps://www.city.fukuoka.lg.jp/kankyo/s-suishin/shisei/tikyuondankataisakujikkoukeikakukyougikai20241009.html,The emissions inventory has been attached,2022,Same - covers entire jurisdiction and nothing else,1619893,Regional or country/area specific methodology,,Internal tool/process,SF6|NF3|PFCs|CH4|CO2|HFCs|N2O,,IPCC Fourth Assessment Report (2007),,Activity data - High data quality|Emissions factors - High data quality,No changes to the methodology and/or boundary used when compared to the previously reported inventory,,
2025 Disclosure Cycle,779465,CDP,36219,City of Sapporo,City,Japan,Japan,Public,Q3.1.1,Provide information on and an attachment (in spreadsheet format)/ direct link to your main community-wide GHG emissions inventory.,1,Response,"算出方法概要.docx,電源構成等算出方法.docx,（CDP提出用）2021速報・2019確定_エネルギー消費量・温室効果ガス排出量算出フォーム.xlsx,（CDP提出用）2022速報・2020確定_エネルギー消費量・温室効果ガス排出量算出フォーム.xlsx",https://www.city.sapporo.jp/kankyo/ondanka/kikouhendou_plan2020/documents/01_2022_report.pdf\n\nhttps://www.city.sapporo.jp/kankyo/ondanka/kikouhendou_plan2020/documents/02_2022_report_material.pdf,The emissions inventory has been attached,2022/2023,Same - covers entire jurisdiction and nothing else,1973011,Regional or country/area specific methodology,,Internal tool/process,HFCs|PFCs|CO2|NF3|CH4|SF6|N2O,National/sub-national emission factors: 地方公共団体実行計画（区域施策編）策定・実施マニュアル,IPCC Fourth Assessment Report (2007),"Yes, externally audited/verified (third-party verification)",Activity data - High data quality|Emissions factors - High data quality,No changes to the methodology and/or boundary used as this is the jurisdictions first year reporting an emissions inventory,（CDP提出用）2021速報・2019確定_エネルギー消費量・温室効果ガス排出量算出フォーム.xlsx,・市は1990年以降の排出量を追跡しています ・PFCs、NF3については市内に半導体製造工場などの立地がなく取扱いがないため排出はありません\n・参考までに、過去のインベントリ（昨年度提出データ）を添付します。
2025 Disclosure Cycle,779465,CDP,36247,City of Arezzo,City,Europe,Italy,Public,Q3.1.1,Provide information on and an attachment (in spreadsheet format)/ direct link to your main community-wide GHG emissions inventory.,1,Response,,https://www.comune.arezzo.it/sites/default/files/tec_paesc_arezzo_30.09.22_finale_.pdf,The emissions inventory can be accessed (unrestricted) on the link provided,2019,Same - covers entire jurisdiction and nothing else,98259.0,2006 IPCC Guidelines for National Greenhouse Gas Inventories,,Internal tool/process,CO2,"Local emission factors: private residential, private mobility",IPCC Fourth Assessment Report (2007),,,,,x
2025 Disclosure Cycle,779465,CDP,36254,City of Venice,City,Europe,Italy,Public,Q3.1.1,Provide information on and an attachment (in spreadsheet format)/ direct link to your main community-wide GHG emissions inventory.,1,Response,,https://www.comune.venezia.it/it/content/inventario-delle-emissioni-gas-serra-c40-gpc-compliant,The emissions inventory can be accessed (unrestricted) on the link provided,2020,Same - covers entire jurisdiction and nothing else,256146.0,,Global Protocol for Community-Scale Greenhouse Gas Emissions Inventories (GPC),CIRIS,CH4|CO2|N2O,Default IPCC emission factors,IPCC Fifth Assessment Report (2013),"Yes, externally audited/verified (third-party verification)",,No changes to the methodology and/or boundary used when compared to the previously reported inventory,,https://www.comune.venezia.it/it/content/inventario-delle-emissioni-gas-serra-c40-gpc-compliant
2025 Disclosure Cycle,779465,CDP,36262,City of Genoa,City,Europe,Italy,Public,Q3.1.1,Provide information on and an attachment (in spreadsheet format)/ direct link to your main community-wide GHG emissions inventory.,1,Response,,https://smart.comune.genova.it/sites/default/files/archivio/documenti/Report%20Monitoraggio%20SECAP%20GE%20completo.pdf,The emissions inventory can be accessed (unrestricted) on the link provided,2022,Same - covers entire jurisdiction and nothing else,586655.0,,2006 IPCC Guidelines for National Greenhouse Gas Inventories,Internal tool/process,CO2,Default IPCC emission factors,IPCC Fifth Assessment Report (2013),"Yes, internally audited/verified (self-verification)",Activity data - Medium data quality,No changes to the methodology and/or boundary used when compared to the previously reported inventory,,
2025 Disclosure Cycle,779465,CDP,36410,"City of Memphis, TN",City,North America,United States of America,Public,Q3.1.1,Provide information on and an attachment (in spreadsheet format)/ direct link to your main community-wide GHG emissions inventory.,1,Response,2023_Inventory CIRIS Standard v2.5.xlsx,Attached,The emissions inventory has been attached,2023,"Other: Due to our office being a joint office of City and County government, our inventory covers all of Shelby County.",922125,,Global Protocol for Community-Scale Greenhouse Gas Emissions Inventories (GPC) reported in the format of GCoM Common Reporting Framework (CRF),CIRIS,CO2|CH4|N2O,National/sub-national emission factors: EPA's GHG Emission Factors Hub,IPCC Fifth Assessment Report (2013),"No, not audited/verified",Activity data - Medium data quality|Emissions factors - High data quality,"Yes, due to changes in calculation methodology or improvements in data access and/or accuracy but this has not triggered a recalculation of historic emissions data",,
2025 Disclosure Cycle,779465,CDP,36469,City of L'Aquila,City,Europe,Italy,Public,Q3.1.1,Provide information on and an attachment (in spreadsheet format)/ direct link to your main community-wide GHG emissions inventory.,1,Response,,The emission inventory is being revised in agreement with the European Climate Change Mission. The one available dates back to 2018,Unable to provide an attachment and/or direct link to my emissions inventory,2018,Same - covers entire jurisdiction and nothing else,70.0,,Other: Covenant of Mayor,,CO2,,,"Yes, internally audited/verified (self-verification)",Activity data - Medium data quality|Emissions factors - Medium data quality,No changes to the methodology and/or boundary used when compared to the previously reported inventory,,
2025 Disclosure Cycle,779465,CDP,36496,City of Palermo,City,Europe,Italy,Public,Q3.1.1,Provide information on and an attachment (in spreadsheet format)/ direct link to your main community-wide GHG emissions inventory.,1,Response,,https://www.paesc-sicilia.enea.it/comune_p.php?cod_istat=082053\n\n\n,The emissions inventory has been attached and can be accessed (unrestricted) on the link provided,2022,Same - covers entire jurisdiction and nothing else,655875,2006 IPCC Guidelines for National Greenhouse Gas Inventories,,Other: Calculated manually on the basis of energy consumption data obtained from the sources and emission factors referred to in the IPCC 2006 Standard methodology and Guidebook and ISPRA,CO2,,IPCC Fourth Assessment Report (2007),,,"Other: The basic inventory of emissions referring to 1990 which is always found within the SEAP at the link:https://www.comune.palermo.it/js/server/uploads/trasparenza_all/_25012014143227.pdf;With this basic inventory of emissions, it is expected to report",PAES Palermo.pdf,
2025 Disclosure Cycle,779465,CDP,36501,City of Prato,City,Europe,Italy,Public,Q3.1.1,Provide information on and an attachment (in spreadsheet format)/ direct link to your main community-wide GHG emissions inventory.,1,Response,20231231 IME 2023.xls,20231231 IME 2023,The emissions inventory has been attached,2023,Same - covers entire jurisdiction and nothing else,196277,,Global Protocol for Community-Scale Greenhouse Gas Emissions Inventories (GPC),Other: Data collection on energy and fuel consumption; emissions are obtained by multiplying consumption by the respective emission factors (conversion from MWh to tCO2,N2O|CH4|CO2,Default IPCC emission factors,IPCC Fifth Assessment Report (2013),"No, not audited/verified",Activity data - Medium data quality,No changes to the methodology and/or boundary used when compared to the previously reported inventory,2.1a Calcolo IBE-IME 2020 CDP rev1.xls,"We consider a negligible contribution of CH4 and N2O emissions in IME 2023 because by analysing the data of methane CH4 and nitrous oxide N2O we can assume them negligible to CO2 emissions, especially in the key sectors (where they account for 0,2% of total emissions). This assumption depend on by analysing last data of 2017 obtained by the Settore Centro Regionale per la Tutela della Qualità dell'Aria (C.R.T.Q.A.) (c/o Dipartimento Provinciale ARPAT di Livorno) "
2025 Disclosure Cycle,779465,CDP,36517,City of Treviso,City,Europe,Italy,Public,Q3.1.1,Provide information on and an attachment (in spreadsheet format)/ direct link to your main community-wide GHG emissions inventory.,1,Response,PAESC_Approvato.pdf,https://www.comune.treviso.it/myportal/C_L407/api/content/download?id=61b3278c934146b088eecafb,The emissions inventory has been attached,2017,Same - covers entire jurisdiction and nothing else,83950.0,2006 IPCC Guidelines for National Greenhouse Gas Inventories,,Internal tool/process,CO2,,IPCC Fifth Assessment Report (2013),"Yes, externally audited/verified (third-party verification)",,No changes to the methodology and/or boundary used when compared to the previously reported inventory,,Verification of inventory was made by Covenant Mayor team.
2025 Disclosure Cycle,779465,CDP,37261,City of Pietermaritzburg,City,UKWW,South Africa,Public,Q3.1.1,Provide information on and an attachment (in spreadsheet format)/ direct link to your main community-wide GHG emissions inventory.,1,Response,20170529_CESC-expert-report-Msunduzi_BM.pdf,20170529_CESC-expert-report-Msunduzi_BM 41100867_Msunduzi AQMP_Baseline Assessment_DRAFT_20180531 GHGI 2015_Summary 41101492_Msunduzi AQMP_BID_20181214_FINAL.pdf,The emissions inventory has been attached,2015,Same - covers entire jurisdiction and nothing else,832000.0,,Global Protocol for Community-Scale Greenhouse Gas Emissions Inventories (GPC),ICLEI ClearPath,CH4|CO2|N2O,Do not know,Do not know,"Yes, externally audited/verified (third-party verification)",Emissions factors - Low data quality|Activity data - Low data quality,No changes to the methodology and/or boundary used when compared to the previously reported inventory,,data for population taken from https://populationstat.com/south-africa/pietermaritzburg 
2025 Disclosure Cycle,779465,CDP,42120,City of Salvador,City,Latin America,Brazil,Public,Q3.1.1,Provide information on and an attachment (in spreadsheet format)/ direct link to your main community-wide GHG emissions inventory.,1,Response,PLANO DE AÇÃO CLIMÁTICA DE SALVADOR.pdf,https://drive.google.com/file/d/14kbSu9LwvppwuPHVM3lbiGQ-QEE8uzJY/view,The emissions inventory has been attached and can be accessed (unrestricted) on the link provided,2022,Same - covers entire jurisdiction and nothing else,2417678,,Global Protocol for Community-Scale Greenhouse Gas Emissions Inventories (GPC),CIRIS,CH4|CO2|N2O,Default IPCC emission factors,IPCC Fifth Assessment Report (2013),Other: Verificado pelo C40.,Emissions factors - High data quality|Activity data - High data quality,No changes to the methodology and/or boundary used when compared to the previously reported inventory,INVENTARIO DE GEE 2019-2022 (1).pdf,"Em 2020, Salvador elaborou os inventários de emissões referentes ao período de 2014 a 2018, sendo 2018 o ano mais recente com dados disponíveis de todas as fontes mapeadas. Em 2023, a cidade atualizou o inventário, abrangendo os anos de 2019 a 2022. Para o próximo inventário, previsto para 2025, que contemplará os dados de 2023 e 2024, está sendo avaliada a inclusão dos gases HFC, PFC, SF₆ e NF₃."
2025 Disclosure Cycle,779465,CDP,42123,City of Goiânia,City,Latin America,Brazil,Public,Q3.1.1,Provide information on and an attachment (in spreadsheet format)/ direct link to your main community-wide GHG emissions inventory.,1,Response,PGE_Produto_1_1.pdf,https://www.goiania.go.gov.br/amma/wp-content/uploads/sites/22/2022/07/PGE_Produto_1_1.pdf?utm_source=chatgpt.com\n\nhttps://cap.openearth.dev/#/city/Goi%C3%A2nia,The emissions inventory has been attached,2016,Same - covers entire jurisdiction and nothing else,1448639,,2006 IPCC Guidelines for National Greenhouse Gas Inventories,Do not know,CH4|HFCs|CO2|PFCs|SF6|N2O,Default IPCC emission factors,Do not know,"No, not audited/verified",Activity data - High data quality,No changes to the methodology and/or boundary used when compared to the previously reported inventory,Orientações para Estimativa de Emissões de Gases de Efeito Estufa por Automóveis (1).pdf,"O inventário municipal de Goiânia foi elaborado seguindo as diretrizes do GHG Protocol - City-Scale Guidance, conforme recomendado pelo Global Covenant of Mayors (GCoM). As emissões foram quantificadas por escopo (1, 2 e 3) e por setores de atividade (transporte, energia, resíduos, saneamento e indústria)."
2025 Disclosure Cycle,779465,CDP,42178,Distrito Metropolitano de Quito,City,Latin America,Ecuador,Public,Q3.1.1,Provide information on and an attachment (in spreadsheet format)/ direct link to your main community-wide GHG emissions inventory.,1,Response,,https://mdmqdireccioninformatica-my.sharepoint.com/:x:/g/personal/secretaria_ambiente_quito_gob_ec/Ee0s4R1V_xRPlHBVYiuKdMEB-_gygG5tYxc77jVjZb2d3A?e=rfg9sJ,The emissions inventory can be accessed (unrestricted) on the link provided,2023,Same - covers entire jurisdiction and nothing else,2827106.0,,Global Protocol for Community-Scale Greenhouse Gas Emissions Inventories (GPC),CIRIS,N2O|CO2|CH4,Default IPCC emission factors,IPCC Fifth Assessment Report (2013),"Yes, externally audited/verified (third-party verification)",Emissions factors - Medium data quality|Activity data - High data quality,No changes to the methodology and/or boundary used when compared to the previously reported inventory,,El inventario 2023 ha sido verificado y validado por el C40. 
2025 Disclosure Cycle,779465,CDP,42388,Intendencia de Montevideo,City,Latin America,Uruguay,Public,Q3.1.1,Provide information on and an attachment (in spreadsheet format)/ direct link to your main community-wide GHG emissions inventory.,1,Response,,https://montevideo.gub.uy/sites/default/files/biblioteca/reporteinventariogeimdeo2021final.pdf,The emissions inventory can be accessed (unrestricted) on the link provided,2021,Same - covers entire jurisdiction and nothing else,1383601.0,,Global Protocol for Community-Scale Greenhouse Gas Emissions Inventories (GPC),Internal tool/process,CO2|N2O|CH4,Default IPCC emission factors,IPCC Fourth Assessment Report (2007),"Yes, internally audited/verified (self-verification)",Activity data - High data quality,No changes to the methodology and/or boundary used when compared to the previously reported inventory,,El ultimo inventario publicado es de 2021.\nSe calcularon los inventarios 2022 y 2023 pero aun no están publicados
2025 Disclosure Cycle,779465,CDP,43905,"City of San Antonio, TX",City,North America,United States of America,Public,Q3.1.1,Provide information on and an attachment (in spreadsheet format)/ direct link to your main community-wide GHG emissions inventory.,1,Response,"2023 GHG Inventory CPS Energy Data_FINAL (Data Sorted).xlsx,Community Quality Checked Inventory 2021 vs 2023.xlsx",,The emissions inventory has been attached,2023,Same - covers entire jurisdiction and nothing else,1495295,,Global Protocol for Community-Scale Greenhouse Gas Emissions Inventories (GPC),ICLEI ClearPath,HFCs|CH4|PFCs|CO2|SF6|N2O|NF3,Default IPCC emission factors,IPCC Fifth Assessment Report (2013),"No, not audited/verified",Emissions factors - High data quality|Activity data - High data quality,No changes to the methodology and/or boundary used when compared to the previously reported inventory,,N/A
2025 Disclosure Cycle,779465,CDP,43907,"City of Indianapolis, IN",City,North America,United States of America,Public,Q3.1.1,Provide information on and an attachment (in spreadsheet format)/ direct link to your main community-wide GHG emissions inventory.,1,Response,Indianapolis-Marion County 2022 Community GHG Inventory.xlsx,n/a,The emissions inventory has been attached,2022,Same - covers entire jurisdiction and nothing else,880621,,U.S. Community Protocol for Accounting and Reporting of Greenhouse Gas Emissions (ICLEI USA),ICLEI ClearPath,CH4|N2O|CO2,National/sub-national emission factors: US National Defaults,IPCC Sixth Assessment Report (2021),"No, not audited/verified",Emissions factors - Medium data quality,No changes to the methodology and/or boundary used when compared to the previously reported inventory,,
2025 Disclosure Cycle,779465,CDP,43908,"City of Milwaukee, WI",City,North America,United States of America,Public,Q3.1.1,Provide information on and an attachment (in spreadsheet format)/ direct link to your main community-wide GHG emissions inventory.,1,Response,OnePager_City of Milwaukee_Formattedv4 - 2022 inventory.docx,City of Milwaukee 2022 Community GHG Emissions Inventory,The emissions inventory has been attached,2022,Same - covers entire jurisdiction and nothing else,592025.0,,U.S. Community Protocol for Accounting and Reporting of Greenhouse Gas Emissions (ICLEI USA),ICLEI ClearPath,N2O|CO2|CH4,National/sub-national emission factors: Federal EPA GHG Emission Factors Hub: Used to compile emission factors for the 2019 GHG Emission Inventory Report; Bureau of Transportation Statistics and EIA; & Local Government,IPCC Fifth Assessment Report (2013),"Yes, internally and externally audited/verified",Emissions factors - High data quality|Activity data - High data quality,"Yes, due to changes in calculation methodology or improvements in data access and/or accuracy but this has not triggered a recalculation of historic emissions data",2021_MKE_WedgeAnalysis_ResultsMemo (1).docx,"Regarding the historical (2018) GHG Emissions Inventory, please refer to p. 6 where commercial energy makes up 25.5% of the total GHG emissions in the City of Milwaukee.\n"
2025 Disclosure Cycle,779465,CDP,43909,"City of Orlando, FL",City,North America,United States of America,Public,Q3.1.1,Provide information on and an attachment (in spreadsheet format)/ direct link to your main community-wide GHG emissions inventory.,1,Response,Community-wide_Inventory - City of Orlando (2024) - Final.xlsx,,The emissions inventory has been attached,2024,Same - covers entire jurisdiction and nothing else,334490,,Global Protocol for Community-Scale Greenhouse Gas Emissions Inventories (GPC),Internal tool/process,CH4|CO2|N2O,"Local emission factors: Emissions factors provided by local utilities for electricity. Also used national E-Grid emissions factor, and for transit they were provided by ICLEI based on EPA data.",IPCC Fifth Assessment Report (2013),"Yes, internally audited/verified (self-verification)",Emissions factors - High data quality|Activity data - High data quality,"Yes, due to a change to the inventory boundary but this has not triggered a recalculation of historic emissions data",,"The city-wide GHG emissions inventory for 2024 was developed in accordance with the Global Protocol for Community-Scale Greenhouse Gas Emission Inventories (GPC) and its associated guidelines. The inventory incorporates new emission sources, including fuel oil, district cooling, and process emissions from wastewater treatment plants.\n\nTransportation emissions were refined to include 50% of transboundary trips for on-road (using Google EIE data) and aviation, consistent with GPC guidance to ensure emissions within jurisdictional boundaries are appropriately represented.\n\nWastewater treatment plant emissions were estimated using the Local Government Operations Protocol (LGOP) and the U.S. Inventory of Greenhouse Gas Emissions and Sinks. Of the three facilities serving the city, two are located within the jurisdictional boundary.\nIndirect emissions from wastewater treatment, airport ground operations, and solid waste-generating activities are included under stationary sources. Because solid waste disposal facilities are located outside city limits, only emissions from in-jurisdiction activities occurring beyond the boundary are accounted for.\n\nThese methodological updates did not require recalculation of historical inventories, though the city is evaluating whether to update past inventories to reflect the refinements introduced in 2024.\n\nOverall, the 2024 city-wide inventory maintains consistency with GPC standards, ensuring transparency, accuracy, and comparability in emissions reporting. \n"
2025 Disclosure Cycle,779465,CDP,43910,"City of Columbus, OH",City,North America,United States of America,Public,Q3.1.1,Provide information on and an attachment (in spreadsheet format)/ direct link to your main community-wide GHG emissions inventory.,1,Response,"CDP 3.1.3 - 2024.xlsx,Columbus Inventory x Sector_GPC_reference_number - 2024.xlsx",,The emissions inventory has been attached,2024,Same - covers entire jurisdiction and nothing else,913985,,Global Protocol for Community-Scale Greenhouse Gas Emissions Inventories (GPC) reported in the format of GCoM Common Reporting Framework (CRF),ICLEI ClearPath,CO2|N2O|CH4,National/sub-national emission factors: eGrid ICLEI's 'National Default Vehicle Fuel Efficiency & Emissions Factors',IPCC Sixth Assessment Report (2021),"Yes, internally audited/verified (self-verification)",Activity data - High data quality|Activity data - Medium data quality|Emissions factors - Medium data quality,No changes to the methodology and/or boundary used when compared to the previously reported inventory,Columbus - 3.1.3 - 2023.xlsx,
2025 Disclosure Cycle,779465,CDP,43911,"City of Ottawa, ON",City,North America,Canada,Public,Q3.1.1,Provide information on and an attachment (in spreadsheet format)/ direct link to your main community-wide GHG emissions inventory.,1,Response,Community Inventory.xlsx,https://ottawa.ca/en/living-ottawa/environment-conservation-and-climate/reducing-greenhouse-gas-emissions#section-5fcac04c-428a-4b77-b558-f6fddae3fa1b,The emissions inventory has been attached,2024,Same - covers entire jurisdiction and nothing else,1097760,,Global Protocol for Community-Scale Greenhouse Gas Emissions Inventories (GPC),Internal tool/process,N2O|CH4|CO2,National/sub-national emission factors: National Inventory Report,IPCC Fifth Assessment Report (2013),"Yes, internally audited/verified (self-verification)",Activity data - Low data quality|Activity data - Medium data quality|Emissions factors - Medium data quality|Activity data - High data quality,"Yes, due to changes in calculation methodology or improvements in data access and/or accuracy and this has triggered a recalculation of historic emissions data",,"Historical inventories are available through the City's community inventory dashboard from 2012, 2016 to current year (2024)."
2025 Disclosure Cycle,779465,CDP,43912,"City of Edmonton, AB",City,North America,Canada,Public,Q3.1.1,Provide information on and an attachment (in spreadsheet format)/ direct link to your main community-wide GHG emissions inventory.,1,Response,,https://public.tableau.com/app/profile/change.for.climate/viz/TheCityofEdmontonsCommunityGHGEmissions/EdmontonsCommunityEmissions,The emissions inventory can be accessed (unrestricted) on the link provided,2023,"Other: Inventory also includes the Edmonton international airport, which is located outside of the City of Edmonton boundary.",1142400,,Global Protocol for Community-Scale Greenhouse Gas Emissions Inventories (GPC),Consultancy-developed tool/process: Stantec Consulting internal GHG Inventory calculator,N2O|CH4|CO2,National/sub-national emission factors: Emissions factors generally sourced from Canada's National Inventory Report,IPCC Fifth Assessment Report (2013),"No, not audited/verified",Emissions factors - Medium data quality|Activity data - High data quality,No changes to the methodology and/or boundary used when compared to the previously reported inventory,,
2025 Disclosure Cycle,779465,CDP,43914,"City of Charlotte, NC",City,North America,United States of America,Public,Q3.1.1,Provide information on and an attachment (in spreadsheet format)/ direct link to your main community-wide GHG emissions inventory.,1,Response,Charlotte_2023 GHG Inventory CIRIS_vF.xlsx,https://community.charlottenc.gov/pages/seap-dashboard,The emissions inventory has been attached and can be accessed (unrestricted) on the link provided,2023,Same - covers entire jurisdiction and nothing else,911311,,Global Protocol for Community-Scale Greenhouse Gas Emissions Inventories (GPC) reported in the format of GCoM Common Reporting Framework (CRF),CIRIS,CO2|CH4|N2O,Other: EPA Center for Corporate Climate Leadership,IPCC Fifth Assessment Report (2013),"Yes, internally and externally audited/verified",Activity data - High data quality|Emissions factors - High data quality,No changes to the methodology and/or boundary used when compared to the previously reported inventory,,The city updated its community-wide GHG emissions inventory for calendar year 2023. 
2025 Disclosure Cycle,779465,CDP,43917,Capital Municipality of Sofia,City,Europe,Bulgaria,Public,Q3.1.1,Provide information on and an attachment (in spreadsheet format)/ direct link to your main community-wide GHG emissions inventory.,1,Response,Sofia GHG.pdf,https://doc-0g-04-apps-viewer.googleusercontent.com/viewer/secure/pdf/fs66vfrft1q61kkoq7rvvr93u85jhfac/39t7qqa2p48mq2ggt1o2nmierq9jrsjk/1756129050000/drive/15831225252856921089/ACFrOgCjX2nWsBrzCFNAIlLuXkkrw1BB1gnBaJkHtJXkmKzoU2dnk6MX7D3nd_PeoTSlfFJf0AIIuG1O7dcxND6k_s5N8ZS4Q2R0BU5EbPjRmSgCzDnraiLazWmAqavMfKWxI1xvt5_d-chJAP793L1IHO0sbWOEpxEFb8dBHpSRf3oT-SgFs2yODj5zqplsCJNaP_VNX41R5KMk0vv467CVoVfi2LMehPXOPRqpow==?print=true&nonce=8alsq0lcc4s82&user=15831225252856921089&hash=f872ud5gv0e9n0lj7c3a6stgj2d1djas\\,The emissions inventory has been attached,2025,Same - covers entire jurisdiction and nothing else,1308412.0,,Global Protocol for Community-Scale Greenhouse Gas Emissions Inventories (GPC),Internal tool/process,CH4|CO2|N2O,"National/sub-national emission factors: National emission factors from Bulgaria's National GHG Inventory submitted to UNFCCC, including grid electricity emission factor, fuel-specific factors, and waste treatment parameters.",IPCC Sixth Assessment Report (2021),"Yes, internally audited/verified (self-verification)",Emissions factors - High data quality|Activity data - High data quality,"Yes, due to changes in calculation methodology or improvements in data access and/or accuracy but this has not triggered a recalculation of historic emissions data",2023-03-09-1. Annex 1_SECAP_Sofia_2021-2030-EN.pdf,https://www.sofia.bg/documents/d/guest/2023-03-09-1-annex-1_secap_sofia_2021-2030-en\n
2025 Disclosure Cycle,779465,CDP,43920,City of Ljubljana,City,Europe,Slovenia,Public,Q3.1.1,Provide information on and an attachment (in spreadsheet format)/ direct link to your main community-wide GHG emissions inventory.,1,Response,"GHG_emissions_inventory_Ljubljana_2024.xlsx,GHG_emissions_inventory_Ljubljana_2024.xlsx,GHG_emissions_inventory_Ljubljana_2024.xlsx",/,The emissions inventory has been attached,2024,Same - covers entire jurisdiction and nothing else,297575,,Global Protocol for Community-Scale Greenhouse Gas Emissions Inventories (GPC),Internal tool/process,CO2|N2O|HFCs|CH4,"Local emission factors: The local emission factor was calculated for electricity and district heating emissions, while national emission factors and default IPCC emission factors were used for emissions from other energy sources.",IPCC Sixth Assessment Report (2021),"Yes, internally and externally audited/verified",Activity data - High data quality|Emissions factors - High data quality,"Yes, due to changes in calculation methodology or improvements in data access and/or accuracy and this has triggered a recalculation of historic emissions data",,"The main inventory was audited and verified by Net Zero and Smart City as well as by the EU Commission during the validation of the city's suitability for obtaining the EU Mission Label, which the city was awarded on October 8, 2024. The city also received a comprehensive report on the Climate City Contract (CCC), in which it was noted by the commission that:\n\n\'The city is lauded for its outstanding transparency regarding emission sources and accounting methodologies across sectors, notably in IPPU and AFOLU. The baseline emissions inventory is robust and comprehensive, raising no major concerns. Noteworthy is the city's provision of detailed algorithms, input data, emission factors, and scenarios in both the action plan and the supplementary materials, along with its demonstrated ability to handle both positive and negative emissions in the AFOLU sector in a transparent and well-documented manner.\'"
2025 Disclosure Cycle,779465,CDP,43921,City of Zagreb,City,Europe,Croatia,Public,Q3.1.1,Provide information on and an attachment (in spreadsheet format)/ direct link to your main community-wide GHG emissions inventory.,1,Response,Energetska_bilanca_GZ_2023.pdf,https://agram365-my.sharepoint.com/:b:/g/personal/tbogovac_zagreb_hr/EfCqNTIezJBAhe0oEXWyI-UBOCqp3KHlCFMp_K6DaNlpdA?e=Mxz8dU,The emissions inventory has been attached and can be accessed (unrestricted) on the link provided,2023/2024,Same - covers entire jurisdiction and nothing else,772122,,2006 IPCC Guidelines for National Greenhouse Gas Inventories,Internal tool/process,CO2,Default IPCC emission factors,Do not know,"Yes, internally audited/verified (self-verification)",Activity data - High data quality|Emissions factors - Medium data quality,No changes to the methodology and/or boundary used when compared to the previously reported inventory,,
2025 Disclosure Cycle,779465,CDP,43926,City of Mannheim,City,Europe,Germany,Public,Q3.1.1,Provide information on and an attachment (in spreadsheet format)/ direct link to your main community-wide GHG emissions inventory.,1,Response,"attachment_mannheim_ghg inventory_secap_2022.xlsx,attachment_mannheim_ghg inventory_secap_2022.xlsx",The results report of the ghg-inventory from the 2022 reporting year can be accessed publicly here:\n\nhttps://buergerinfo.mannheim.de/buergerinfo/getfile.asp?id=8214768&type=do\n,The emissions inventory has been attached and can be accessed (unrestricted) on the link provided,2022,Same - covers entire jurisdiction and nothing else,325691,,Regional or country/area specific methodology,Klimaschutz Planer,N2O|NF3|CO2|CH4|PFCs|SF6|HFCs,National/sub-national emission factors: The German Federal Environment Agency publishes emission factors that are used uniformly by local authorities.,IPCC Sixth Assessment Report (2021),"Yes, internally and externally audited/verified",Activity data - Medium data quality|Emissions factors - High data quality,No changes to the methodology and/or boundary used when compared to the previously reported inventory,"attachment_mannheim_ghg inventory summary report_2021.pdf,attachment_mannheim_ghg inventory summary report_2022.pdf","We update our emissions inventory annually with a time lag of about 1.5 - 2 years, which is common throughout Germany. This means that we will have the next emissions inventory for the year 2023 in late autumn/winter 2025."
2025 Disclosure Cycle,779465,CDP,43930,Municipality of The Hague,City,Europe,Netherlands,Public,Q3.1.1,Provide information on and an attachment (in spreadsheet format)/ direct link to your main community-wide GHG emissions inventory.,1,Response,,This document is not published on any of our website. ClimateView is an internally used system. The data for the year 2024 will be available in the fall of 2025. ,Unable to provide an attachment and/or direct link to my emissions inventory,2022/2023,Same - covers entire jurisdiction and nothing else,563122,,Other: 100 CNSC framework,Internal tool/process,CO2,National/sub-national emission factors: National government,IPCC Sixth Assessment Report (2021),"Yes, internally audited/verified (self-verification)",Activity data - High data quality|Emissions factors - High data quality,No changes to the methodology and/or boundary used when compared to the previously reported inventory,,We have separate GHG monitors. The monitor for CO2-emissions is ClimateView. The monitor in the following link is the N2O monitor https://www.arcgis.com/apps/webappviewer/index.html?id=16cf8a4566394d21bab7b6f0bad109db&extent=463606.0588%2C6803684.7169%2C500295.8324%2C6821437.2167%2C102100All other GHGs are being monitored by the National Institute of Public Health and Climate: https://www.luchtmeetnet.nl/\n\nNote that the CO2 monitor shows the previous year and is calculated the year after. So at the moment our most recent data comes from 2022
2025 Disclosure Cycle,779465,CDP,43932,Auckland Council,City,South East Asia & Oceania,New Zealand,Public,Q3.1.1,Provide information on and an attachment (in spreadsheet format)/ direct link to your main community-wide GHG emissions inventory.,1,Response,CIRIS_2023.xlsx,attached,The emissions inventory has been attached,2023,Same - covers entire jurisdiction and nothing else,1739300,,Global Protocol for Community-Scale Greenhouse Gas Emissions Inventories (GPC) reported in the format of GCoM Common Reporting Framework (CRF),CIRIS,SF6|N2O|PFCs|CO2|HFCs|NF3|CH4,National/sub-national emission factors: New Zealand national emission factors,IPCC Fifth Assessment Report (2013),"Yes, internally audited/verified (self-verification)",Activity data - Medium data quality|Emissions factors - Medium data quality,No changes to the methodology and/or boundary used when compared to the previously reported inventory,CIRIS_Standard_v2.5_EN_CDP 2023 reporting.xlsx,The technical report \'Auckland's greenhouse gas inventory to 2023\' https://www.knowledgeauckland.org.nz/search/?query=greenhouse
2025 Disclosure Cycle,779465,CDP,43937,Wellington City Council,City,South East Asia & Oceania,New Zealand,Public,Q3.1.1,Provide information on and an attachment (in spreadsheet format)/ direct link to your main community-wide GHG emissions inventory.,1,Response,WEEB7B~1.XLS,https://wellington.govt.nz/-/media/environment-and-sustainability/climate-change/files/emissions-inventory/wellington-city-fy2024-emissions-inventory-report.pdf,The emissions inventory can be accessed (unrestricted) on the link provided,2023/2024,Same - covers entire jurisdiction and nothing else,209905,,Global Protocol for Community-Scale Greenhouse Gas Emissions Inventories (GPC),Consultancy-developed tool/process: AECOM NZ developed tool/process,CO2|CH4|PFCs|HFCs|SF6|N2O|NF3,"National/sub-national emission factors: National emissions factors published by the Ministry for the Environment, New Zealand",IPCC Sixth Assessment Report (2021),"No, not audited/verified",Activity data - High data quality|Emissions factors - High data quality,No changes to the methodology and/or boundary used when compared to the previously reported inventory,Wellington City GHG Emissions Inventory 2023_FINAL.pdf,"Wellington City Council publishes its city emissions inventory based on the financial year rather than the calendar year. This year's emissions inventory report covers the period from 1 July 2023 to 30 June 2024 (FY2024). We also note that Wellington City's emissions inventory includes all greenhouse gases i.e. CO2, CH4, N2O, HFCs, SF6, PFCs, NF3. However, it is important to note that there are no PFCs and NF3 emissions in Wellington City. Wellington City has reported its emissions inventory every year since FY2019. All reports from the past six years are available online and can be accessed here: https://wellington.govt.nz/climate-change-sustainability-environment/climate-change/what-were-doing-about-climate-change/tracking-city-emissions "
2025 Disclosure Cycle,779465,CDP,43938,"Environment and Climate Change Authority, Govt of Dubai",City,UKWW,United Arab Emirates,Public,Q3.1.1,Provide information on and an attachment (in spreadsheet format)/ direct link to your main community-wide GHG emissions inventory.,1,Response,2023 Emissions - Summary City Wide Emissions.pdf,Attachement,The emissions inventory has been attached,2022/2023,Same - covers entire jurisdiction and nothing else,3655000,,2006 IPCC Guidelines for National Greenhouse Gas Inventories,Internal tool/process,CO2|CH4|N2O,Default IPCC emission factors,IPCC Fifth Assessment Report (2013),"Yes, externally audited/verified (third-party verification)",Activity data - High data quality,No changes to the methodology and/or boundary used when compared to the previously reported inventory,2023 Emissions - Summary City Wide Emissions.pdf,NA
2025 Disclosure Cycle,779465,CDP,43940,City of Malmö,City,Europe,Sweden,Public,Q3.1.1,Provide information on and an attachment (in spreadsheet format)/ direct link to your main community-wide GHG emissions inventory.,1,Response,CIRIS Standard v2.5_2025.xlsx,https://miljobarometern.malmo.se/,The emissions inventory has been attached,2023/2024,Same - covers entire jurisdiction and nothing else,365644,,Global Protocol for Community-Scale Greenhouse Gas Emissions Inventories (GPC) reported in the format of GCoM Common Reporting Framework (CRF),CIRIS,PFCs|N2O|NF3|SF6|CO2|HFCs|CH4,National/sub-national emission factors: ,IPCC Sixth Assessment Report (2021),"Yes, internally audited/verified (self-verification)",Emissions factors - High data quality|Activity data - High data quality,No changes to the methodology and/or boundary used when compared to the previously reported inventory,"Base year inventory 1990.pdf,CIRIS Standard v2.5_2024_FINAL_xlsx.xlsx",No
2025 Disclosure Cycle,779465,CDP,43970,Alcaldía Distrital de Barranquilla,City,Latin America,Colombia,Public,Q3.1.1,Provide information on and an attachment (in spreadsheet format)/ direct link to your main community-wide GHG emissions inventory.,1,Response,INVENTARIOGEI.pdf,extension://efaidnbmnnnibpcajpcglclefindmkaj/https://api.barranquillaverde.gov.co/storage/app/media/cambio-climatico/INVENTARIOGEI.pdf,The emissions inventory has been attached,2021,Same - covers entire jurisdiction and nothing else,1311856.0,,International Emissions Analysis Protocol (ICLEI),ICLEI ClearPath,N2O|SF6|CH4|HFCs|CO2,,,"No, not audited/verified",Emissions factors - Medium data quality|Activity data - Low data quality,No changes to the methodology and/or boundary used as this is the jurisdictions first year reporting an emissions inventory,INVENTARIOGEI.pdf,extension://efaidnbmnnnibpcajpcglclefindmkaj/https://api.barranquillaverde.gov.co/storage/app/media/cambio-climatico/INVENTARIOGEI.pdf
2025 Disclosure Cycle,779465,CDP,44076,Bursa Metropolitan Municipality,City,UKWW,Türkiye,Public,Q3.1.1,Provide information on and an attachment (in spreadsheet format)/ direct link to your main community-wide GHG emissions inventory.,1,Response,2023 yılı envanteri.xlsx,,The emissions inventory has been attached,2023,Same - covers entire jurisdiction and nothing else,3214571,,2006 IPCC Guidelines for National Greenhouse Gas Inventories,Other: International GHG Protocol methods and standards adopted by the United Nations were applied.,CO2|N2O|CH4,Default IPCC emission factors,IPCC Fifth Assessment Report (2013),"Yes, internally audited/verified (self-verification)",Activity data - Medium data quality|Emissions factors - Medium data quality,No changes to the methodology and/or boundary used when compared to the previously reported inventory,,
2025 Disclosure Cycle,779465,CDP,44080,City of Kitakyushu,City,Japan,Japan,Public,Q3.1.1,Provide information on and an attachment (in spreadsheet format)/ direct link to your main community-wide GHG emissions inventory.,1,Response,,https://www.city.kitakyushu.lg.jp/kankyou/file_0366.html,The emissions inventory has been attached and can be accessed (unrestricted) on the link provided,2022,Same - covers entire jurisdiction and nothing else,924143,,Regional or country/area specific methodology,Government of Japan Ministry of Environment Manual (Japan),NF3|PFCs|N2O|CO2|CH4|HFCs|SF6,Other: 日本の環境省の算定マニュアル,IPCC Fifth Assessment Report (2013),Other: 年に一度、温室効果ガス排出量の進捗状況の評価を実施している,Activity data - Medium data quality|Emissions factors - Medium data quality,"Yes, due to changes in calculation methodology or improvements in data access and/or accuracy and this has triggered a recalculation of historic emissions data",,なし
2025 Disclosure Cycle,779465,CDP,44082,Surabaya City Municipality,City,South East Asia & Oceania,Indonesia,Public,Q3.1.1,Provide information on and an attachment (in spreadsheet format)/ direct link to your main community-wide GHG emissions inventory.,1,Response,,https://edata.surabaya.go.id/2022/storage/file_pendukung/2024/12/YNzcUcd47f.pdf,The emissions inventory has been attached,,,,,Global Protocol for Community-Scale Greenhouse Gas Emissions Inventories (GPC),,,,,,,,,
2025 Disclosure Cycle,779465,CDP,44180,Daegu Metropolitan City,City,South East Asia & Oceania,Korea (The Republic of),Public,Q3.1.1,Provide information on and an attachment (in spreadsheet format)/ direct link to your main community-wide GHG emissions inventory.,1,Response,2024년 대구광역시 온실가스 통계 보고서_합치기.pdf,https://www.dcnc.or.kr/bbs/board.php?bo_table=report,The emissions inventory can be accessed (unrestricted) on the link provided,2022,Same - covers entire jurisdiction and nothing else,2357997,,2006 IPCC Guidelines for National Greenhouse Gas Inventories,Other regionally/nationally developed tool/process: Greenhouse Gas Emissions Calculation Protocol Developed by the Korea Environment Corporation for Local Governments,SF6|PFCs|CO2|N2O|CH4|HFCs,Default IPCC emission factors,IPCC Sixth Assessment Report (2021),"Yes, externally audited/verified (third-party verification)",Emissions factors - High data quality|Activity data - High data quality,"Yes, due to changes in calculation methodology or improvements in data access and/or accuracy and this has triggered a recalculation of historic emissions data",2023년 지역 온실가스 통계 보고서.pdf,https://www.dcnc.or.kr/bbs/board.php?bo_table=report
2025 Disclosure Cycle,779465,CDP,44181,Gwangju Metropolitan City,City,South East Asia & Oceania,Korea (The Republic of),Public,Q3.1.1,Provide information on and an attachment (in spreadsheet format)/ direct link to your main community-wide GHG emissions inventory.,1,Response,"inventory_2022.xlsx,inventory_2022.xlsx",https://www.gir.go.kr/home/board/read.do?pagerOffset=0&maxPageItems=10&maxIndexPages=10&searchKey=&searchValue=&menuId=36&boardId=81&boardMasterId=2&boardCategoryId=,The emissions inventory can be accessed (unrestricted) on the link provided,2022,Same - covers entire jurisdiction and nothing else,1431050,,2006 IPCC Guidelines for National Greenhouse Gas Inventories,Other: Korea GIR Inventory Tool,HFCs|PFCs|CO2|SF6|CH4|N2O,Default IPCC emission factors,IPCC Fifth Assessment Report (2013),"Yes, internally and externally audited/verified",Activity data - High data quality|Emissions factors - High data quality,"Yes, due to changes in calculation methodology or improvements in data access and/or accuracy and this has triggered a recalculation of historic emissions data",inventory_2021.xlsx,-
2025 Disclosure Cycle,779465,CDP,44184,Ulsan Metropolitan City,City,South East Asia & Oceania,Korea (The Republic of),Public,Q3.1.1,Provide information on and an attachment (in spreadsheet format)/ direct link to your main community-wide GHG emissions inventory.,1,Response,2024년(2022년 기준) 지역 온실가스 통계(울산).xlsx,붙임 파일 참조,The emissions inventory has been attached,2022,Same - covers entire jurisdiction and nothing else,1110663,,2006 IPCC Guidelines for National Greenhouse Gas Inventories,Do not know,CO2|SF6|CH4|PFCs|HFCs|N2O,Default IPCC emission factors,IPCC Second Assessment Report (1995),"Yes, internally audited/verified (self-verification)",Activity data - Medium data quality,"Yes, due to changes in calculation methodology or improvements in data access and/or accuracy and this has triggered a recalculation of historic emissions data",2023년(2021년 기준) 지역 온실가스 배출량(울산).xlsx,붙임 참조
2025 Disclosure Cycle,779465,CDP,44185,Suwon City,City,South East Asia & Oceania,Korea (The Republic of),Public,Q3.1.1,Provide information on and an attachment (in spreadsheet format)/ direct link to your main community-wide GHG emissions inventory.,1,Response,2024 지역 온실가스 통계_경기_수원시_GIR 기본 공개데이터.xlsx,https://www.gir.go.kr/home/board/read.do?pagerOffset=0&maxPageItems=10&maxIndexPages=10&searchKey=&searchValue=&menuId=36&boardId=81&boardMasterId=2&boardCategoryId=,The emissions inventory has been attached,2022,Same - covers entire jurisdiction and nothing else,1225058,,2006 IPCC Guidelines for National Greenhouse Gas Inventories,Other: 한국 GIR 온실가스 인벤토리 툴(Korea GIR Inventory Tool),SF6|CO2|HFCs|CH4|PFCs|N2O,Default IPCC emission factors,IPCC Fifth Assessment Report (2013),"Yes, externally audited/verified (third-party verification)",Activity data - High data quality|Emissions factors - Medium data quality,No changes to the methodology and/or boundary used when compared to the previously reported inventory,"2024 지역 온실가스 통계_경기 수원시_GIR 비공개데이터.xlsx,2025년 GCoM 보고용 배출 인벤토리_수원시(2022년).xlsx","[파일 업로드]\n좌측(1개): GIR 기본 공개데이터\n우측(2개): GIR 비공개데이터, GCoM 보고용 인벤토리\n* 3.1.3 내용은 GIR 비공개데이터의 2022년 내역을 참조하되, GCoM 보고용 인벤토리 양식에 맞게 작성함\n* GIR 비공개데이터는 온실가스종합정보센터에 요청 후 이메일로 수령함"
2025 Disclosure Cycle,779465,CDP,44187,Goyang City,City,South East Asia & Oceania,Korea (The Republic of),Public,Q3.1.1,Provide information on and an attachment (in spreadsheet format)/ direct link to your main community-wide GHG emissions inventory.,1,Response,"24년(22년배출량) 고양시 온실가스 인벤토리.xlsx,24년(22년배출량) 고양시 온실가스 인벤토리.xlsx", https://www.gir.go.kr/home/board/read.do?pagerOffset=0&maxPageItems=10&maxIndexPages=10&searchKey=&searchValue=&menuId=36&boardId=81&boardMasterId=2&boardCategoryId=\n,The emissions inventory can be accessed (unrestricted) on the link provided,2022,Same - covers entire jurisdiction and nothing else,1061752,,Global Protocol for Community-Scale Greenhouse Gas Emissions Inventories (GPC) reported in the format of GCoM Common Reporting Framework (CRF),Other: Korea GIR Inventory Toll,HFCs|CH4|CO2|SF6|PFCs|N2O,Default IPCC emission factors,IPCC Fifth Assessment Report (2013),"Yes, externally audited/verified (third-party verification)",Emissions factors - Medium data quality|Activity data - High data quality,No changes to the methodology and/or boundary used when compared to the previously reported inventory,"24년_지역 온실가스 배출량_경기도_ GIS다운로드.xlsx,경기_고양시_센터자료_2025_시작성.xlsx",https://www.gir.go.kr/home/board/read.do?pagerOffset=0&maxPageItems=10&maxIndexPages=10&searchKey=&searchValue=&menuId=36&boardId=81&boardMasterId=2&boardCategoryId=
2025 Disclosure Cycle,779465,CDP,44188,Yongin City,City,South East Asia & Oceania,Korea (The Republic of),Public,Q3.1.1,Provide information on and an attachment (in spreadsheet format)/ direct link to your main community-wide GHG emissions inventory.,1,Response,2022년 용인시 인벤토리(GCoM_GIR).xlsx,https://www.gir.go.kr/home/board/read.do?pagerOffset=0&maxPageItems=10&maxIndexPages=10&searchKey=&searchValue=&menuId=36&boardId=81&boardMasterId=2&boardCategoryId=,The emissions inventory has been attached,2022,Same - covers entire jurisdiction and nothing else,1092294,,Global Protocol for Community-Scale Greenhouse Gas Emissions Inventories (GPC) reported in the format of GCoM Common Reporting Framework (CRF),Other: Korea GIR Inventory Tool,CO2|HFCs|N2O|SF6|CH4|PFCs,Default IPCC emission factors,IPCC Fifth Assessment Report (2013),"Yes, externally audited/verified (third-party verification)",Activity data - High data quality|Emissions factors - Medium data quality,No changes to the methodology and/or boundary used when compared to the previously reported inventory,,
2025 Disclosure Cycle,779465,CDP,44191,Ansan City,City,South East Asia & Oceania,Korea (The Republic of),Public,Q3.1.1,Provide information on and an attachment (in spreadsheet format)/ direct link to your main community-wide GHG emissions inventory.,1,Response,2023 국가 온실가스 인벤토리 보고서 (1).pdf,https://www.gir.go.kr/home/board/read.do?pagerOffset=0&maxPageItems=10&maxIndexPages=10&searchKey=&searchValue=&menuId=36&boardId=77&boardMasterId=2&boardCategoryId=,The emissions inventory has been attached and can be accessed (unrestricted) on the link provided,2021,Same - covers entire jurisdiction and nothing else,700138,,2006 IPCC Guidelines for National Greenhouse Gas Inventories,Other: 한국 GIR 온실가스 인벤토리 툴(Korea GIR Inventory Tool),N2O|HFCs|SF6|PFCs|CO2|CH4,Default IPCC emission factors,IPCC Fifth Assessment Report (2013),"Yes, externally audited/verified (third-party verification)",Activity data - High data quality|Emissions factors - High data quality,No changes to the methodology and/or boundary used when compared to the previously reported inventory,,배출계수와 활동자료의 직접적인 데이터는 국가온실가스종합정보센터(GIR)의 비공개자료로 파일첨부 불가
2025 Disclosure Cycle,779465,CDP,44194,Jeonju City,City,South East Asia & Oceania,Korea (The Republic of),Public,Q3.1.1,Provide information on and an attachment (in spreadsheet format)/ direct link to your main community-wide GHG emissions inventory.,1,Response,(기초) 전북 전주시.xlsx,https://www.gir.go.kr/home/main.do,The emissions inventory has been attached,2022,Same - covers entire jurisdiction and nothing else,661259,,Global Protocol for Community-Scale Greenhouse Gas Emissions Inventories (GPC) reported in the format of GCoM Common Reporting Framework (CRF),Other: Korea GIR Inventory Tool,SF6|HFCs|CH4|N2O|CO2|PFCs,Default IPCC emission factors,IPCC Fifth Assessment Report (2013),"Yes, externally audited/verified (third-party verification)",Activity data - High data quality|Emissions factors - Medium data quality,No changes to the methodology and/or boundary used when compared to the previously reported inventory,전주시 탄소중립 녹색성장 기본계획 최종보고서(안).pdf,none
2025 Disclosure Cycle,779465,CDP,44205,Gwangmyeong City,City,South East Asia & Oceania,Korea (The Republic of),Public,Q3.1.1,Provide information on and an attachment (in spreadsheet format)/ direct link to your main community-wide GHG emissions inventory.,1,Response,(기초) 경기 광명시.xlsx,https://www.gir.go.kr/home/board/read.do?pagerOffset=0&maxPageItems=10&maxIndexPages=10&searchKey=&searchValue=&menuId=36&boardId=81&boardMasterId=2&boardCategoryId=,The emissions inventory has been attached,2022,Same - covers entire jurisdiction and nothing else,283124,,2006 IPCC Guidelines for National Greenhouse Gas Inventories,Other: 한국 GIR 온실가스 인벤토리 툴(Korea GIR Inventory Tool),CH4|PFCs|CO2|N2O|SF6|HFCs,Default IPCC emission factors,IPCC Fifth Assessment Report (2013),"Yes, externally audited/verified (third-party verification)",Emissions factors - High data quality|Activity data - High data quality,"Yes, due to changes in calculation methodology or improvements in data access and/or accuracy but this has not triggered a recalculation of historic emissions data",,첨부외에 gir추가자료 입력 완료
2025 Disclosure Cycle,779465,CDP,44299,Dangjin City,City,South East Asia & Oceania,Korea (The Republic of),Public,Q3.1.1,Provide information on and an attachment (in spreadsheet format)/ direct link to your main community-wide GHG emissions inventory.,1,Response,"(As of 2023) Local greenhouse gas inventory_Dangjin City only_CDP.xlsx,(As of 2024) Local greenhouse gas inventory_Dangjin City only_CDP.xlsx,(As of 2024) Local greenhouse gas inventory_Dangjin City only_CDP.xlsx",gir.go.kr,The emissions inventory has been attached,2022/2023,Same - covers entire jurisdiction and nothing else,172816.0,,1996 IPCC Guidelines for National Greenhouse Gas Inventories,Other: National Greenhouse Gas Inventory(Statistics by basic local government),N2O|PFCs|CO2|SF6|HFCs|CH4,Default IPCC emission factors,IPCC Sixth Assessment Report (2021),"Yes, externally audited/verified (third-party verification)",Activity data - High data quality,No changes to the methodology and/or boundary used when compared to the previously reported inventory,(As of 2023) Local greenhouse gas inventory_Dangjin City only_CDP.xlsx,No opinion
2025 Disclosure Cycle,779465,CDP,46263,Amdavad Municipal Corporation (Ahmedabad),City,India,India,Public,Q3.1.1,Provide information on and an attachment (in spreadsheet format)/ direct link to your main community-wide GHG emissions inventory.,1,Response,Ahmedabad_Community Inventory_CDP Reporting Summary_2021-22.xlsx,Ahmedabad_Community Inventory_CDP Reporting Summary_2021-22,The emissions inventory has been attached,2021/2022,Same - covers entire jurisdiction and nothing else,7181773.0,,Global Protocol for Community-Scale Greenhouse Gas Emissions Inventories (GPC) reported in the format of GCoM Common Reporting Framework (CRF),Other: Harmonized Emissions Analysis Tool (HEAT+) by ICLEI,CH4|N2O|CO2,Default IPCC emission factors,IPCC Fourth Assessment Report (2007),"Yes, internally audited/verified (self-verification)",Emissions factors - High data quality|Activity data - Medium data quality,No changes to the methodology and/or boundary used when compared to the previously reported inventory,Ahmedabad_Community Inventory_CDP Reporting Summary_2020-21.xlsx,"GHG emissions inventory for FY 2020-21 was uploaded in 2022. As Ahmedabad city has prepared Ahmedabad Climate Resilient City Action Plan (Towards A Net Zero Future), GHG emissions inventory is updated for FY 2021-22, which is also baseline year for Ahmedabad Climate Resilient City Action Plan. Historical GHG emission inventory for FY 2020-21 is attached here."
2025 Disclosure Cycle,779465,CDP,46470,Municipality of Vitoria-Gasteiz,City,Europe,Spain,Public,Q3.1.1,Provide information on and an attachment (in spreadsheet format)/ direct link to your main community-wide GHG emissions inventory.,1,Response,GEIs AVG 2022.xlsx,https://www.vitoria-gasteiz.org/docs/wb021/contenidosEstaticos/adjuntos/es/41/57/94157.pdf\n,The emissions inventory has been attached,2022,Same - covers entire jurisdiction and nothing else,248106,,Global Protocol for Community-Scale Greenhouse Gas Emissions Inventories (GPC),Internal tool/process,N2O|CH4|CO2,Default IPCC emission factors,IPCC Fourth Assessment Report (2007),"No, not audited/verified",Activity data - High data quality|Emissions factors - Medium data quality,No changes to the methodology and/or boundary used when compared to the previously reported inventory,,"El nivel de confiabilidad del inventario debe considerarse medio-alto ya que los datos de consumos de energía para los diferentes sectores para cada año son obtenidos directamente a través de las propias empresas distribuidoras de energía en nuestro Municipio para el caso de la electricidad y el gas natural. En el caso de la movilidad interna en el Municipio, los cálculos de emisiones debidas a los derivados del petróleo se llevan a cabo en función de un modelo matemático de tráfico, que tiene en cuenta los datos de distribución de los viajes y la intensidad media diaria (IMD) en las distintas vías internas y de acceso a la ciudad.\n"
2025 Disclosure Cycle,779465,CDP,46473,Municipality of Zaragoza (Spain),City,Europe,Spain,Public,Q3.1.1,Provide information on and an attachment (in spreadsheet format)/ direct link to your main community-wide GHG emissions inventory.,1,Response,,https://www.zaragoza.es/sede/portal/medioambiente/servicio/publicacion-municipal/12400\n\nhttps://www.zaragoza.es/cont/paginas/catalogopublicaciones/doc/12400.pdf,The emissions inventory can be accessed (unrestricted) on the link provided,2023,Same - covers entire jurisdiction and nothing else,682513,,2006 IPCC Guidelines for National Greenhouse Gas Inventories,Internal tool/process,CO2|SF6|PFCs|HFCs|NF3|CH4|N2O,Default IPCC emission factors,IPCC Fifth Assessment Report (2013),"Yes, internally audited/verified (self-verification)",Activity data - High data quality|Emissions factors - High data quality|Activity data - Medium data quality,No changes to the methodology and/or boundary used when compared to the previously reported inventory,,"Actualmente, el Ayuntamiento está elaborando el Inventario de Emisiones correspondiente al año 2024, el cual se publicará de forma íntegra, detallando los datos de base, los resultados y la metodología de cálculo empleada. A partir del año 2024, el Inventario de Emisiones pasará a actualizarse anualmente, y esta dinámica de actualización anual se mantendrá en los años siguientes. Hasta ahora, los inventarios se elaboraban cada dos años, con años de referencia como: 2005, 2015, 2019, 2021 y 2023. "
2025 Disclosure Cycle,779465,CDP,46514,City of Porto,City,Europe,Portugal,Public,Q3.1.1,Provide information on and an attachment (in spreadsheet format)/ direct link to your main community-wide GHG emissions inventory.,1,Response,"3.1.1 e 4.1.1 eCRF_Export_Porto_2023.xlsx,3.1.1 e 4.1.1 eCRF_Export_Porto_2023_.xlsx","No link available. Please, check the attachement.",The emissions inventory has been attached,2023,Same - covers entire jurisdiction and nothing else,248769,,Global Protocol for Community-Scale Greenhouse Gas Emissions Inventories (GPC) reported in the format of GCoM Common Reporting Framework (CRF),CIRIS,CO2|CH4|N2O,"Other: Emission factors of petroleum products, natural gas and electricity consumption are published in the National Inventory published by APA.The factors for landfill, biological treatment and waste incineration are provided by the managing entity.",IPCC Fifth Assessment Report (2013),"Yes, internally audited/verified (self-verification)",Activity data - High data quality|Emissions factors - Medium data quality,"Yes, due to a change to the inventory boundary but this has not triggered a recalculation of historic emissions data",3.1.1 eCRF_Export_Porto_2022.xlsx,"This year, changes were made to the methodology used to calculate the municipality's emissions inventory in order to more closely comply with the European guidelines set out in the latest version of the Global Protocol for Community-Scale Greenhouse Gas Inventories. \n\nThis inventory continues to follow the Common Reporting Format, including CO2, CH4 and N2O emissions in the Stationary Energy, Transport, Waste and Wastewater, IPPU and AFOLU sectors, as well as distributing them across scopes 1, 2 and 3. \n\nThe biggest change compared to previous inventories is the source of data for the electricity emission factor, which is now provided by the Portuguese Environment Agency (APA), the entity that publishes the annual national inventories. This has also become the data source for emission factors associated with other energy vectors, in line with IPCC 2006, considering the 2019 Refinement. \n\nIn addition, there have been changes, namely to the methodology for accounting for electricity losses (scope 3 of Stationary Energy), the calculation of fugitive emissions from natural gas, and the methodology for calculating emissions associated with the disposal of solid waste in landfills, now following a First Order Decay model (FOD) recommended by GPC. \n\nThe attached file corresponds to the 2023 emissions inventory in tCO2 equivalent. The document also identifies the respective emission factors (in tCO2e/GWh) and activity data. "
2025 Disclosure Cycle,779465,CDP,49172,"City of St. Petersburg, FL",City,North America,United States of America,Public,Q3.1.1,Provide information on and an attachment (in spreadsheet format)/ direct link to your main community-wide GHG emissions inventory.,1,Response,2019 Inventory Results.xlsx,N/A,The emissions inventory has been attached,2019,Same - covers entire jurisdiction and nothing else,265463,,Global Protocol for Community-Scale Greenhouse Gas Emissions Inventories (GPC),ICLEI ClearPath,CO2|CH4|N2O,Default IPCC emission factors,IPCC Fifth Assessment Report (2013),"Yes, internally audited/verified (self-verification)",Emissions factors - High data quality|Activity data - Medium data quality,No changes to the methodology and/or boundary used when compared to the previously reported inventory,,2019 Inventory was completed as part of an ICLEI Cohort.
2025 Disclosure Cycle,779465,CDP,49326,"Ville de Quebec, QC",City,North America,Canada,Public,Q3.1.1,Provide information on and an attachment (in spreadsheet format)/ direct link to your main community-wide GHG emissions inventory.,1,Response,Inventaire2022_CIRIS_Standard_v2.5_FR.xlsx,,The emissions inventory has been attached,2022,"Other: Concerne l'agglomération de Québec , à savoir les municipalités de Québec, L'Ancienne-Lorette et Saint-Augustin de Desmaures",594556,Global Protocol for Community-Scale Greenhouse Gas Emissions Inventories (GPC) reported in the format of GCoM Common Reporting Framework (CRF),,CIRIS,PFCs|NF3|CH4|SF6|N2O|HFCs|CO2,,IPCC Fourth Assessment Report (2007),,,,,
2025 Disclosure Cycle,779465,CDP,49327,"City of Providence, RI",City,North America,United States of America,Public,Q3.1.1,Provide information on and an attachment (in spreadsheet format)/ direct link to your main community-wide GHG emissions inventory.,1,Response,"GHG Inventory 2021.pdf,Providence City-Wide 2021 - Detailed Report.xlsx",https://www.providenceri.gov/wp-content/uploads/2024/10/Providence-2021-Greenhouse-Gas-Inventory-Report_Final-DR-edits-1-PD-10.25.24.pdf,The emissions inventory has been attached,2021,Same - covers entire jurisdiction and nothing else,189697,,Global Protocol for Community-Scale Greenhouse Gas Emissions Inventories (GPC),ICLEI ClearPath,CO2|CH4|N2O,Default IPCC emission factors,IPCC Second Assessment Report (1995),"No, not audited/verified",Emissions factors - Medium data quality,"Yes, due to changes in calculation methodology or improvements in data access and/or accuracy but this has not triggered a recalculation of historic emissions data","2015 GHG inventory report.docx,Providence City-Wide 2015 (updated 2019) - Detailed Report.xlsx,Providence City-Wide 2018 - Detailed Report.xlsx,Providence Citywide GHG Inventory_9.25.2019.pdf",https://www.providenceri.gov/sustainability/annual-reports/\n\n2021 Report Summary\n2021 Methodology Handbook
2025 Disclosure Cycle,779465,CDP,49330,"Kansas City, MO",City,North America,United States of America,Public,Q3.1.1,Provide information on and an attachment (in spreadsheet format)/ direct link to your main community-wide GHG emissions inventory.,1,Response,GHG Inventory Summaries 2022.xlsx,,The emissions inventory has been attached,2022,Same - covers entire jurisdiction and nothing else,509297,,Global Protocol for Community-Scale Greenhouse Gas Emissions Inventories (GPC),Consultancy-developed tool/process: Detailed Excel document was developed by consultant and shared with the City. We have full access to update the tool.,CO2|N2O|CH4,,IPCC Sixth Assessment Report (2021),"No, not audited/verified",Emissions factors - High data quality|Activity data - High data quality,"Yes, due to changes in calculation methodology or improvements in data access and/or accuracy but this has not triggered a recalculation of historic emissions data",,"We are considering developing an inventory that includes HFCs, PFCs, SF6, NF3 emissions. \n\nThe additional inventory attached is our Municipal Inventory for 2022. This inventory accounts for the GHG emissions of the City of Kansas City's business operations. "
2025 Disclosure Cycle,779465,CDP,49333,"City of Louisville, KY",City,North America,United States of America,Public,Q3.1.1,Provide information on and an attachment (in spreadsheet format)/ direct link to your main community-wide GHG emissions inventory.,1,Response,,https://louisvilleky.gov/sustainability/document/2016-ghg-inventoryfinal,Unable to provide an attachment and/or direct link to my emissions inventory,2016,Same - covers entire jurisdiction and nothing else,765352,,Global Protocol for Community-Scale Greenhouse Gas Emissions Inventories (GPC),Other: Consultant Calculated GHG Emissions,HFCs|CO2|N2O|PFCs|SF6|NF3|CH4,Local emission factors: Provided by local utility,IPCC Fifth Assessment Report (2013),"Yes, externally audited/verified (third-party verification)",Activity data - High data quality|Emissions factors - High data quality,No changes to the methodology and/or boundary used when compared to the previously reported inventory,,CCAP process underway which will give us an updated GHG Inventory for our jurisdiction
2025 Disclosure Cycle,779465,CDP,49334,"City of Richmond, VA",City,North America,United States of America,Public,Q3.1.1,Provide information on and an attachment (in spreadsheet format)/ direct link to your main community-wide GHG emissions inventory.,1,Response,richmondacademyboard_2023_INVENTORY_2025-09-04_15-43.xlsx,N/A,The emissions inventory has been attached,2022,Same - covers entire jurisdiction and nothing else,260000,Global Protocol for Community-Scale Greenhouse Gas Emissions Inventories (GPC),,ICLEI ClearPath,CH4|N2O|CO2,Default IPCC emission factors,Do not know,"Yes, externally audited/verified (third-party verification)",Activity data - Medium data quality,"Yes, due to changes in calculation methodology or improvements in data access and/or accuracy but this has not triggered a recalculation of historic emissions data",Inventory By Activity Source and Sector 2008.csv,2008 Baseline inventory included
2025 Disclosure Cycle,779465,CDP,49335,"Metropolitan Government of Nashville and Davidson County, TN",City,North America,United States of America,Public,Q3.1.1,Provide information on and an attachment (in spreadsheet format)/ direct link to your main community-wide GHG emissions inventory.,1,Response,"MetroNashville_2022GHGInventory_CDP.xlsx,MetroNashville_2022GHGInventory_CDP.xlsx",https://dashboards.nashville.gov/t/Metro/views/MetroNashvilleGHGInventory_2014to2022Dashboards_17449086563830/Summary_DB?%3Aembed=y&%3Aiid=1&%3AisGuestRedirectFromVizportal=y,The emissions inventory can be accessed (unrestricted) on the link provided,2022,Same - covers entire jurisdiction and nothing else,708144,,U.S. Community Protocol for Accounting and Reporting of Greenhouse Gas Emissions (ICLEI USA),ICLEI ClearPath,N2O|CO2|CH4,Default IPCC emission factors,IPCC Sixth Assessment Report (2021),"Yes, internally and externally audited/verified",Emissions factors - High data quality|Activity data - Medium data quality|Activity data - High data quality,"Yes, due to changes in calculation methodology or improvements in data access and/or accuracy and this has triggered a recalculation of historic emissions data",2022_GHG_Inventory_Final.pdf,"https://dashboards.nashville.gov/t/Metro/views/MetroNashvilleGHGInventory_2014to2022Dashboards_17449086563830/Summary_DB?%3Aembed=y&%3Aiid=1&%3AisGuestRedirectFromVizportal=y\n\nThe link provided contains the data for the 2022 inventory as well as the re-baselined versions of the 2014 (base year), 2017 and 2019 inventories. This analysis was completed and released in 2025. Additionally, a 2-pager pdf fact sheet is in the additional relevant attachments."
2025 Disclosure Cycle,779465,CDP,49342,"City of Rochester, NY",City,North America,United States of America,Public,Q3.1.1,Provide information on and an attachment (in spreadsheet format)/ direct link to your main community-wide GHG emissions inventory.,1,Response,City of Rochester Community GHG Inventory Workbook.xlsx,https://www.cityofrochester.gov/departments/des/greenhouse-gas-emissions-inventories,The emissions inventory has been attached and can be accessed (unrestricted) on the link provided,2019,Same - covers entire jurisdiction and nothing else,206848.0,,U.S. Community Protocol for Accounting and Reporting of Greenhouse Gas Emissions (ICLEI USA),Internal tool/process,CH4|CO2|N2O,National/sub-national emission factors: US Community Protocol,IPCC Fifth Assessment Report (2013),"No, not audited/verified",Activity data - High data quality,No changes to the methodology and/or boundary used when compared to the previously reported inventory,Rochester CMPS_v2.1.0.xlsx,Most of the data is High Quality - detailed community activity data. There are a few instances where estimates were created from regional data.
2025 Disclosure Cycle,779465,CDP,49346,"City of Allentown, PA",City,North America,United States of America,Public,Q3.1.1,Provide information on and an attachment (in spreadsheet format)/ direct link to your main community-wide GHG emissions inventory.,1,Response,"Allentown 2023 Communitywide Inventory Report (1).pdf,Allentown 2023 GHG Inventory Data - ICLEI ClearPath.xlsx",Access to URL link is restricted: https://clearpath.icleiusa.org/community_scale/reports/cdp-report?jurisdiction_id=36&inventory_year_id=13026&planning_scenario_id=,The emissions inventory has been attached,2023,Same - covers entire jurisdiction and nothing else,124880,U.S. Community Protocol for Accounting and Reporting of Greenhouse Gas Emissions (ICLEI USA),,ICLEI ClearPath,CH4|N2O|CO2,National/sub-national emission factors: 2023 EPA GHG Emission Factors Hub,IPCC Sixth Assessment Report (2021),"Yes, internally audited/verified (self-verification)",Activity data - Medium data quality|Emissions factors - High data quality,"Yes, due to changes in calculation methodology or improvements in data access and/or accuracy but this has not triggered a recalculation of historic emissions data",Allentown 2023 GHG Inventory GCOM Framework - ICLEI ClearPath.csv,Attachment in column 16 includes emissions factors and activity data for GHG inventory provided in column 1.
2025 Disclosure Cycle,779465,CDP,49347,"City of Omaha, NE",City,North America,United States of America,Public,Q3.1.1,Provide information on and an attachment (in spreadsheet format)/ direct link to your main community-wide GHG emissions inventory.,1,Response,,https://onedrive.live.com/view.aspx?resid=CB639961CB98C435%21260822&authkey=!AOiMttESbDphRmI\n,The emissions inventory can be accessed (unrestricted) on the link provided,2022,Same - covers entire jurisdiction and nothing else,485146,Global Protocol for Community-Scale Greenhouse Gas Emissions Inventories (GPC),,,,,,,,,,"The main inventory includes/covers data from three years, 2014, 2018, and 2022."
2025 Disclosure Cycle,779465,CDP,49360,City of Tshwane,City,UKWW,South Africa,Public,Q3.1.1,Provide information on and an attachment (in spreadsheet format)/ direct link to your main community-wide GHG emissions inventory.,1,Response,Tshwane 2022-23 GHGEI.xlsx,City of Tshwane Greenhouse Gas Inventory 2022-2023,The emissions inventory has been attached,2022/2023,Same - covers entire jurisdiction and nothing else,4040315,,Global Protocol for Community-Scale Greenhouse Gas Emissions Inventories (GPC),CIRIS,CH4|N2O|CO2,Default IPCC emission factors,IPCC Third Assessment Report (2001),"Yes, externally audited/verified (third-party verification)",Activity data - Medium data quality|Emissions factors - High data quality,No changes to the methodology and/or boundary used when compared to the previously reported inventory,Tshwane 20222023 Results and Methodology.docx,Methodology report by C40 is attached. The team will submit trend report / analysis report once done.
2025 Disclosure Cycle,779465,CDP,49367,Freetown City,City,UKWW,Sierra Leone,Public,Q3.1.1,Provide information on and an attachment (in spreadsheet format)/ direct link to your main community-wide GHG emissions inventory.,1,Response,Freetown_2021_inventory_draft_1202_YY (1) (wecompress.com).csv,https://fcc.gov.sl/freetowns-first-climate-action-strategy/https://drive.google.com/file/d/1kIt6mZKf14-fs3ZHwL-pwM-OkZblTSUe/view?usp=drive_link,The emissions inventory has been attached,2023,Same - covers entire jurisdiction and nothing else,1171200.0,,International Emissions Analysis Protocol (ICLEI),Carbon Monitor Cities,CH4|N2O|CO2,Default IPCC emission factors,IPCC Fifth Assessment Report (2013),"Yes, internally audited/verified (self-verification)",Activity data - Medium data quality|Emissions factors - Medium data quality,No changes to the methodology and/or boundary used when compared to the previously reported inventory,Freetown 2018 2.4_Final_CO2b (7) (1) (wecompress.com).csv,The emissions inventory covers only the municipal area within the 82.1 km that makes up the Freetown city boundary where 30% is currently green space / has tree cover. https://drive.google.com/file/d/1kIt6mZKf14-fs3ZHwL-pwM-OkZblTSUe/view?usp=drive_link
2025 Disclosure Cycle,779465,CDP,49385,Bandung City,City,South East Asia & Oceania,Indonesia,Public,Q3.1.1,Provide information on and an attachment (in spreadsheet format)/ direct link to your main community-wide GHG emissions inventory.,1,Response,22 JULI 2024 - TARGET EMISI DAN INTENSITAS EMISI GRK KOTA BANDUNG(1).xlsx,https://signsmart.menlhk.go.id/v2.1/app/,The emissions inventory has been attached,2023,Same - covers entire jurisdiction and nothing else,2506600,,Regional or country/area specific methodology,SIGN-SMART (Indonesia),CO2,Do not know,Do not know,"Yes, internally and externally audited/verified",Emissions factors - Medium data quality,No changes to the methodology and/or boundary used when compared to the previously reported inventory,22 JULI 2024 - TARGET EMISI DAN INTENSITAS EMISI GRK KOTA BANDUNG(1).xlsx,Laporan Inventarisasi GRK
2025 Disclosure Cycle,779465,CDP,49389,Kyoto City,City,Japan,Japan,Public,Q3.1.1,Provide information on and an attachment (in spreadsheet format)/ direct link to your main community-wide GHG emissions inventory.,1,Response,houdo2023.pdf,https://www.city.kyoto.lg.jp/kankyo/cmsfiles/contents/0000344/344969/houdo2023.pdf,The emissions inventory has been attached,2023,Same - covers entire jurisdiction and nothing else,1443486,,2006 IPCC Guidelines for National Greenhouse Gas Inventories,Government of Japan Ministry of Environment Manual (Japan),SF6|HFCs|CO2|PFCs|CH4|N2O|NF3,,IPCC Sixth Assessment Report (2021),,,,,
2025 Disclosure Cycle,779465,CDP,50154,City of Turku,City,Europe,Finland,Public,Q3.1.1,Provide information on and an attachment (in spreadsheet format)/ direct link to your main community-wide GHG emissions inventory.,1,Response,Emission inventories - 2023 results.xlsx,https://paastot.hiilineutraalisuomi.fi/?_gl=1*12fesn2*_ga*MzE2MTMzODUxLjE3NTc4ODcxNjU.*_ga_398GYC3SMF*czE3NTc4OTc0NDAkbzMkZzEkdDE3NTc4OTc0NTIkajQ4JGwwJGgw#en_kunta853,The emissions inventory has been attached and can be accessed (unrestricted) on the link provided,2023,Same - covers entire jurisdiction and nothing else,201863,,Regional or country/area specific methodology,Other regionally/nationally developed tool/process: Finnish Environment Institute (Syke) has calculated the usage-based climate emissions for all Finnish municipalities.,CH4|PFCs|CO2|HFCs|N2O|NF3|SF6,National/sub-national emission factors: Emission factors are determined and updated annually based on national and local data to reach the most accurate results.,IPCC Fourth Assessment Report (2007),Other: The municipalities' total emissions calculated with the model correspond to Finland's official emissions that are in accordance with IPCC guidelines and that are reported to the UN and EU.,Emissions factors - High data quality|Activity data - High data quality,"Yes, due to changes in calculation methodology or improvements in data access and/or accuracy and this has triggered a recalculation of historic emissions data",,"In accordance with the Climate Law of Finland, Finnish Environment Institute (Syke) provides emission inventory services for the municipalities and regions. The Regional Calculation model (ALas) follows the guidelines of the international emission calculation standard GPC. The municipalities' total emissions calculated with the model correspond to Finland's official emissions that are in accordance with IPCC guidelines and that are reported to the UN and EU. The data and further information is available at: https://hiilineutraalisuomi.syke.fi/en/emission-data-and-tools/emissions-data-calculators-and-tools-for-municipalities/municipalities-and-regions-usage-based-greenhouse-gas-emissions/\n\nIn addition, supplementary data has been used for emissions from aviation and carbon sinks of municipal forests in Turku."
2025 Disclosure Cycle,779465,CDP,50203,Gaziantep Metropolitan Municipality,City,UKWW,Türkiye,Public,Q3.1.1,Provide information on and an attachment (in spreadsheet format)/ direct link to your main community-wide GHG emissions inventory.,1,Response,Excel_SECAP_Antep Monitoring Emission Inventory 2025 E.xlsx,"The 2024 greenhouse gas inventory of Gaziantep Metropolitan Municipality was prepared in line with the 2006 IPCC Guidelines and the Local GHG Mitigation methodology of the Ministry of Environment, Urbanization and Climate Change. Emissions were assessed under three scopes: direct emissions (Scope 1), indirect emissions from electricity/heat consumption (Scope 2), and other indirect emissions such as supply chain and waste management (Scope 3). The inventory covered stationary energy (residential, commercial, public, industrial, agricultural, and street lighting), transport (road, rail, air, etc.), waste, industrial processes and product use (IPPU), and agriculture-forestry-land use (AFOLU). Data sources included municipal records, national/local statistics, National emission factors, Ministry of Agriculture inventories, and local waste/biogas facilities. Standard IPCC emission factors were applied, with Tier 1 calculations conducted in line with the national greenhouse gas inventory. The IPCC notation system (0, NE, NA, IE) was used. This ensures comparability between the 2015 BEI, 2020 MEI, and 2024 MEI inventories. Notably, land use was excluded in 2015 and 2020 but included in 2024. Unit conversions and supporting documentation were provided as annexes.\n",The emissions inventory has been attached,2024/2025,Same - covers entire jurisdiction and nothing else,2193363,,2006 IPCC Guidelines for National Greenhouse Gas Inventories,Other regionally/nationally developed tool/process: Gaziantep Metropolitan Municipality's 2024 greenhouse gas emission inventory has been prepared based on the internationally recognized 2006 IPCC Guidelines for National Greenhouse Gas Inventories methodology and in alignment with the Local Greenhouse,CO2|CH4|N2O,Default IPCC emission factors,IPCC Sixth Assessment Report (2021),"Yes, internally audited/verified (self-verification)",Emissions factors - High data quality|Activity data - High data quality,No changes to the methodology and/or boundary used when compared to the previously reported inventory,"Second Monitoring Report of the Sustainable Energy and Climate Action Plan (SECAP).docx,ghg-conversion-factors-2025-full-set (1).xlsx,ySGEA_2021_Egitim_v1 belediye envanteri.xlsx,ySGEA_2024_Gaziantep.xlsx","The unit conversion factors are provided in the attached Excel file, while the emission conversion factors and data sources are additionally included in the YSGEA Excel file. \nGaziantep Metropolitan Municipality's 2024 greenhouse gas emission inventory was prepared based on the internationally recognized 2006 IPCC Guidelines for National Greenhouse Gas Inventories methodology and in line with the Local Greenhouse Gas Emission Reduction (LGGER) calculation methodology provided by the Ministry of Environment, Urbanization and Climate Change of the Republic of Türkiye.\n\nIn the study, emissions were evaluated under three main categories: direct emissions (Scope 1), indirect emissions from electricity and heat consumption (Scope 2), and other indirect emissions such as those from the supply chain and waste management (Scope 3). In this way, both emissions resulting from local fuel consumption and those associated with citywide energy use and other indirect effects were separately calculated.\n\nThe preparation process of the inventory was supported by the relevant units of Gaziantep Metropolitan Municipality, including the Department of Environmental Protection, Zero Waste and Climate Change - Zero Waste Branch, the Department of Transportation, GASKİ (Gaziantep Water and Sewerage Administration), the Department of Agricultural Services, the Department of Support Services, and Gazi Ulaş (urban transportation authority).\n\nThe scope of the inventory study was kept quite broad, and greenhouse gas emissions from various sectors of the city were examined in detail. Within this framework, the following sectors were included in the report: stationary energy (residential, commercial and public buildings, industrial facilities, agriculture, and street lighting), transportation (road, rail, maritime, air, and off-road vehicles), waste (solid waste management, biological treatment, waste incineration, wastewater treatment), industrial processes and product use, and agriculture-forestry-land use (AFOLU)."
2025 Disclosure Cycle,779465,CDP,50235,City of Kraków,City,Europe,Poland,Public,Q3.1.1,Provide information on and an attachment (in spreadsheet format)/ direct link to your main community-wide GHG emissions inventory.,1,Response,"GHGEmissionsReport_Summary_2024.xlsx,GHGEmissionsReport_Summary_2024.xlsx",File attached: GHGEmissionsReport_Summary_2024,The emissions inventory has been attached,2024,Same - covers entire jurisdiction and nothing else,809168,,Global Protocol for Community-Scale Greenhouse Gas Emissions Inventories (GPC) reported in the format of GCoM Common Reporting Framework (CRF),Internal tool/process,CH4|N2O|CO2,"National/sub-national emission factors: KOBiZE, Tauron",IPCC Fifth Assessment Report (2013),"No, not audited/verified",Emissions factors - Medium data quality|Activity data - Medium data quality,"Yes, due to changes in calculation methodology or improvements in data access and/or accuracy and this has triggered a recalculation of historic emissions data",GHGEmissionReport_Summary_2018-2023.xlsx,Historical inventories - recalculated after minor modifications of input data and methodology.An additional file for current Emissions Inventory Data with activity data and emission factors is attached.File attached: GHGEmissionReport_Summary_2018-2023”
2025 Disclosure Cycle,779465,CDP,50357,Ciudad de Mendoza,City,Latin America,Argentina,Public,Q3.1.1,Provide information on and an attachment (in spreadsheet format)/ direct link to your main community-wide GHG emissions inventory.,1,Response,"IGEI_Mendoza23_Reporte.xlsx,Reporte_Planilla de Cálculo_2023_Mendoza.xlsx",No hay,The emissions inventory has been attached,2023,Same - covers entire jurisdiction and nothing else,128265,,Global Protocol for Community-Scale Greenhouse Gas Emissions Inventories (GPC) reported in the format of GCoM Common Reporting Framework (CRF),Internal tool/process,CO2|CH4|N2O,Default IPCC emission factors,Other: Se obtienen del último informe del IPCC y de los informes Bienales de Argentina,"No, not audited/verified",Activity data - Medium data quality|Emissions factors - High data quality,No changes to the methodology and/or boundary used when compared to the previously reported inventory,IGEI Mendoza_Reporte.xlsx,"Se utilizó la herramienta de cálculo desarrollada por la Red Argentina de Municipios frente al Cambio Climático, que fue diseñada en base al protocolo GPC para inventarios de emisiones de GEI para ciudades argentinas."
2025 Disclosure Cycle,779465,CDP,50361,Ayuntamiento de Hermosillo,City,Latin America,Mexico,Public,Q3.1.1,Provide information on and an attachment (in spreadsheet format)/ direct link to your main community-wide GHG emissions inventory.,1,Response,CDP IGEI Hermosillo 2023.pdf,PLEASE REFER TO PAGE 11. The emissions inventory has been attached.,The emissions inventory has been attached,2023,Other: Covers urban and rural areas.,936263,,2006 IPCC Guidelines for National Greenhouse Gas Inventories,Internal tool/process,CO2|CH4|N2O,National/sub-national emission factors: Please refer to comments section.,IPCC Fifth Assessment Report (2013),"Yes, externally audited/verified (third-party verification)",Activity data - High data quality|Emissions factors - High data quality,"Yes, due to changes in calculation methodology or improvements in data access and/or accuracy but this has not triggered a recalculation of historic emissions data",3.1.1. CDP Inventario 2015 IDOMp48.pdf,"For Hermosillo's GHG Inventory (IGEI), direct emissions data for the Stationary Energy sector were scaled from the National Energy Balance (BNE) 2022 and the Energy Regulatory Commission (CRE), following the guidelines in “How to Develop a Climate Action Plan in Mexico.” Indirect emissions data were obtained from municipal electricity consumption records provided by the Federal Electricity Commission (CFE), categorized by tariff. Emission factors for fuels and activities were sourced from the Official Journal of the Federation (DOF, 2015), titled “Agreement on Technical Particularities and Formulas for Calculating Greenhouse Gas Emissions.” The 2022 Electric Emission Factor for the National Electric System (SEN), issued by CRE and SEMARNAT, was used for indirect emissions, set at 0.458 or 0.435 tCO₂e/MWh.\n\nIn 2023, with support from GCoM and the European Union, three key components were updated: the Municipal Climate Action Plan (PAC), now a binding planning tool aligned with the General Climate Change Law; the Climate Risk and Vulnerability Analysis; and the Inventory of Greenhouse Gases and Compounds, which supports both instruments."
2025 Disclosure Cycle,779465,CDP,50371,Municipalidad de Córdoba,City,Latin America,Argentina,Public,Q3.1.1,Provide information on and an attachment (in spreadsheet format)/ direct link to your main community-wide GHG emissions inventory.,1,Response,Inventario GEI 2022 (2).pdf,Inventario GEI 2021: https://drive.google.com/file/d/1FfEycfZ12Po91kXmFmeIj7cr8iIRWVDw/view?usp=sharing \n\nInventario GEI 2022: \nhttps://drive.google.com/file/d/11eAQIvC-HyVcQQ_ZYBTGtJghkJ3nyqng/view?usp=sharing \n,The emissions inventory has been attached,2022,Same - covers entire jurisdiction and nothing else,1498060,,Global Protocol for Community-Scale Greenhouse Gas Emissions Inventories (GPC),Internal tool/process,CH4|N2O|CO2,Default IPCC emission factors,IPCC Sixth Assessment Report (2021),"No, not audited/verified",Activity data - High data quality|Emissions factors - High data quality,"Yes, due to changes in calculation methodology or improvements in data access and/or accuracy but this has not triggered a recalculation of historic emissions data","Inventario GEI 2022 (2).pdf,Inventario_GEI_ Cordoba2021.pdf",En el inventario se anexa tabla de resultados.
2025 Disclosure Cycle,779465,CDP,50373,Municipalidad de Rosario,City,Latin America,Argentina,Public,Q3.1.1,Provide information on and an attachment (in spreadsheet format)/ direct link to your main community-wide GHG emissions inventory.,1,Response,Inventario GEIs Rosario 2022 - Tablas Abiertas (1).xlsx,https://www.rosario.gob.ar/inicio/sites/default/files/2024-02/INVENTARIO%20DE%20EMISIONES%20DE%20GASES%20EFECTO%20INVERNADERO%202021-2022-.pdf,The emissions inventory has been attached,2022,Same - covers entire jurisdiction and nothing else,1009037,,Global Protocol for Community-Scale Greenhouse Gas Emissions Inventories (GPC) reported in the format of GCoM Common Reporting Framework (CRF),Other regionally/nationally developed tool/process: Herramienta de cálculo propia desarrollada por la Red Argentina de Municipios frente al Cambio Climático que esta desarrollada en base al CIRIS. Además se realizaron cálculos propios a partir de las guías metodológicas del IPCC 2006,CH4|N2O|CO2,National/sub-national emission factors: Se utilizaron principalmente los factores de emisión nacionales y en los casos que no estaba se utilizo IPCC,IPCC Fifth Assessment Report (2013),"Yes, internally audited/verified (self-verification)",Activity data - Medium data quality|Emissions factors - Medium data quality,"Yes, due to changes in calculation methodology or improvements in data access and/or accuracy and this has triggered a recalculation of historic emissions data","INVENTARIO DE EMISIONES DE GASES EFECTO INVERNADERO 2021-2022- (2).pdf,INVENTARIO DE EMISIONES DE GASES EFECTO INVERNADERO 2021-2022-.pdf","El Documento adjunto como Inventario 2022 presenta diferentes pestañas con la información necesaria para desarrollar los cálculos pertinentes. Una de las pestañas es el Inventario 2022, otra pestaña FE, PCI y Densidades, en otra, se encuentran los Cálculos de Emisiones y Colecta de datos, información necesaria para poder desarrollar y calcular dicho Inventario.Además, ponemos a consideración el enlace que le permite a la ciudadanía en general, acceder al documento desarrollado: Inventario de Emisiones de Gases de Efecto Invernadero Rosario 2020:https://www.rosario.gob.ar/inicio/sites/default/files/2022-08/gei_2022.pdf Aclaración: En la pagina 19, apartados 1.4, están los datos de actividad para generación de energía, el combustible utilizado para la generación de energía, es Gas Natural. Los Factores de emisiones para el gas natural se encuentran en la pagina 21. "
2025 Disclosure Cycle,779465,CDP,50375,Ayuntamiento de Chihuahua,City,Latin America,Mexico,Public,Q3.1.1,Provide information on and an attachment (in spreadsheet format)/ direct link to your main community-wide GHG emissions inventory.,1,Response,SEGUNDA ACTUALIZACIÓN PACMUN CHIHUAHUA (Incluye Iventario GEI).pdf,"Actualmente no se cuenta con un enlace URL, se busca que sea publicado en la página oficial del Gobierno Municipal.",The emissions inventory has been attached,2020,Other: Para la elaboración del inventarios de GEI se solicitó información de dependencias de gobierno estatal y federal,937674,,1996 IPCC Guidelines for National Greenhouse Gas Inventories,Internal tool/process,CO2|N2O|CH4,Default IPCC emission factors,IPCC Fourth Assessment Report (2007),"No, not audited/verified",Emissions factors - High data quality|Activity data - High data quality,"Yes, due to changes in calculation methodology or improvements in data access and/or accuracy but this has not triggered a recalculation of historic emissions data",,No contamos con el documento digital del inventario de GEI anterior.
2025 Disclosure Cycle,779465,CDP,50381,Municipio de Torreón,City,Latin America,Mexico,Public,Q3.1.1,Provide information on and an attachment (in spreadsheet format)/ direct link to your main community-wide GHG emissions inventory.,1,Response,IMEGyCEI FINAL.xlsx,https://www.trcimplan.gob.mx/documentos/inventario-imeg-y-cei-oct-2023/inventario-imeg-y-cei-oct-2023.pdf,The emissions inventory can be accessed (unrestricted) on the link provided,2016,Same - covers entire jurisdiction and nothing else,687404,,2006 IPCC Guidelines for National Greenhouse Gas Inventories,Internal tool/process,CO2|N2O|SF6|NF3|HFCs|CH4|PFCs,Default IPCC emission factors,IPCC Fifth Assessment Report (2013),"Yes, externally audited/verified (third-party verification)",Activity data - Medium data quality|Emissions factors - Medium data quality,No changes to the methodology and/or boundary used as this is the jurisdictions first year reporting an emissions inventory,,Ninguno
2025 Disclosure Cycle,779465,CDP,50382,Municipio de Mérida,City,Latin America,Mexico,Public,Q3.1.1,Provide information on and an attachment (in spreadsheet format)/ direct link to your main community-wide GHG emissions inventory.,1,Response,IEGYCEI_2010-2020.pdf,https://www.merida.gob.mx/sustentable/contenidos/doc/IEGYCEI_2010-2020.pdf,The emissions inventory has been attached and can be accessed (unrestricted) on the link provided,2020,Same - covers entire jurisdiction and nothing else,995129,,2006 IPCC Guidelines for National Greenhouse Gas Inventories,Consultancy-developed tool/process: Con apoyo del Centro Mario Molina y conforme a las Directrices 2006 y su Refinamiento 2019,CH4|CO2|N2O,Default IPCC emission factors,"Other: INECC-IMP (2014). Factores de emisión para los diferentes tipos de combustibles fósiles y alternativos que se consumen en México, Ciudad de México: Instituto Nacional de Ecología y Cambio Climático.","Yes, externally audited/verified (third-party verification)",Activity data - Medium data quality|Emissions factors - Medium data quality|Activity data - Low data quality|Emissions factors - High data quality|Activity data - High data quality,"Yes, due to a change to the inventory boundary and this has triggered a recalculation of historic emissions data",,Ya no se cuenta con el documento en línea pero se adjunta el archivo.
2025 Disclosure Cycle,779465,CDP,50383,Prefeitura de Sorocaba,City,Latin America,Brazil,Public,Q3.1.1,Provide information on and an attachment (in spreadsheet format)/ direct link to your main community-wide GHG emissions inventory.,1,Response,eCRF-inventory-BR SOR-2022 (5).xlsx,https://plataforma.seeg.eco.br/territorio/sp-sorocaba,The emissions inventory can be accessed (unrestricted) on the link provided,2022/2023,Same - covers entire jurisdiction and nothing else,723682,,Other: Metodologia específica para o país segundo diretrizes do IPCC,Sistema de Estimativas de Emissões e Remoções de Gases de Efeito Estufa (SEEG) (Brazil),SF6|HFCs|N2O|NF3|PFCs|CH4|CO2,Default IPCC emission factors,IPCC Sixth Assessment Report (2021),"Yes, externally audited/verified (third-party verification)",Emissions factors - Low data quality|Activity data - Medium data quality,"Yes, due to changes in calculation methodology or improvements in data access and/or accuracy and this has triggered a recalculation of historic emissions data",2_inventario_gee_sorocaba_iclei.pdf,
2025 Disclosure Cycle,779465,CDP,50384,Prefeitura de Florianópolis,City,Latin America,Brazil,Public,Q3.1.1,Provide information on and an attachment (in spreadsheet format)/ direct link to your main community-wide GHG emissions inventory.,1,Response,,https://docs.google.com/spreadsheets/d/15GO67EdIUMzbaxydla89AsvBlXMrRzA_/edit?usp=drive_link&ouid=117327628459901262624&rtpof=true&sd=true,The emissions inventory can be accessed (unrestricted) on the link provided,2021/2022,Same - covers entire jurisdiction and nothing else,537211,,Global Protocol for Community-Scale Greenhouse Gas Emissions Inventories (GPC),Other: Excel spreadsheets,CO2|HFCs|CH4|SF6|N2O|PFCs,,IPCC Fifth Assessment Report (2013),"Yes, internally audited/verified (self-verification)",Activity data - Medium data quality|Emissions factors - Medium data quality,"Yes, due to a change to the inventory boundary but this has not triggered a recalculation of historic emissions data",,Boa tarde!\nAcrescentamos o inventário que está em elaboração pela empresa contratada EGis. O mesmo está em sua 3ª revisão e até final de outubro devemos ter a versão final revista.\n
2025 Disclosure Cycle,779465,CDP,50385,Prefeitura de Campo Grande,City,Latin America,Brazil,Public,Q3.1.1,Provide information on and an attachment (in spreadsheet format)/ direct link to your main community-wide GHG emissions inventory.,1,Response,,https://www.campogrande.ms.gov.br/planurb/grupo-tecnico-descarbonizacao/,The emissions inventory can be accessed (unrestricted) on the link provided,2022,Same - covers entire jurisdiction and nothing else,898100,,Global Protocol for Community-Scale Greenhouse Gas Emissions Inventories (GPC),Consultancy-developed tool/process: Ferramenta desenvolvida no MS Excel pela consultoria contratada,CO2|CH4|N2O,"National/sub-national emission factors: Ministério de Ciência, Tecnologia, Inovação e Comunicação - MCTI",Other: IPCC 2022,"No, not audited/verified",Emissions factors - High data quality|Activity data - Medium data quality,"Yes, due to changes in calculation methodology or improvements in data access and/or accuracy and this has triggered a recalculation of historic emissions data",,sem comentários.
2025 Disclosure Cycle,779465,CDP,50390,Prefeitura de Teresina,City,Latin America,Brazil,Public,Q3.1.1,Provide information on and an attachment (in spreadsheet format)/ direct link to your main community-wide GHG emissions inventory.,1,Response,"20221122_TERESINA_PROD2_INVENTARIO_DE_EMISSOES_VF.pdf,20221122_TERESINA_PROD2_INVENTARIO_DE_EMISSOES_VF.pdf",https://drive.google.com/file/d/1wFsOnUR8DVPYz5kqrUpX44JkVAcDtYAN/view,The emissions inventory has been attached and can be accessed (unrestricted) on the link provided,2020,"Other: As emissões da cidade de Timon/MA, foram consideradas dentro setor de transportes, uma vez que metodologia de cálculo para combustão móvel é baseada nos dados de venda de combustível.",868075,,Global Protocol for Community-Scale Greenhouse Gas Emissions Inventories (GPC),"Other: Protocolo Global para Inventários de Emissões de Gases de Efeito Estufa em Escala Comunitária (GPC, sigla em inglês).",HFCs|N2O|NF3|CO2|SF6|CH4|PFCs,Default IPCC emission factors,IPCC Sixth Assessment Report (2021),"Yes, externally audited/verified (third-party verification)",Emissions factors - Medium data quality|Activity data - Medium data quality,No changes to the methodology and/or boundary used as this is the jurisdictions first year reporting an emissions inventory,20230302_TERESINA_PROD3_APÊNDICE II - Ameaças climáticas no município de Teresina (1).pdf,https://semplan.pmt.pi.gov.br/climathe/\n\nhttps://dataportalforcities.org/pt/america-latina-e-caribe/brasil/piaui/teresina
2025 Disclosure Cycle,779465,CDP,50394,Prefeitura Municipal de João Pessoa,City,Latin America,Brazil,Public,Q3.1.1,Provide information on and an attachment (in spreadsheet format)/ direct link to your main community-wide GHG emissions inventory.,1,Response,Plano-de-Acao-Climatica de João Pessoa].pdf,https://americadosul.iclei.org/wp-content/uploads/sites/78/2023/06/sumario-joao-pessoa-web.pdf,The emissions inventory has been attached and can be accessed (unrestricted) on the link provided,2020,Same - covers entire jurisdiction and nothing else,825796.0,,Global Protocol for Community-Scale Greenhouse Gas Emissions Inventories (GPC),CLIMAS Inventory Tool,CO2|CH4|NF3|N2O,Default IPCC emission factors,IPCC Sixth Assessment Report (2021),"Yes, externally audited/verified (third-party verification)",Emissions factors - High data quality|Activity data - High data quality,No changes to the methodology and/or boundary used when compared to the previously reported inventory,,"O inventário de emissões anexado, contempla o inventário histórico e atual do município , possibilitando conhecer o perfil das emissões resultantes das atividades existentes no município.\nRessalta-se que esse inventário é o segundo do município, o primeiro contou com estudos iniciais sobre as emissões do município."
2025 Disclosure Cycle,779465,CDP,50397,Presidencia Municipal de Saltillo,City,Latin America,Mexico,Public,Q3.1.1,Provide information on and an attachment (in spreadsheet format)/ direct link to your main community-wide GHG emissions inventory.,1,Response,,https://www.implansaltillo.mx/files_publicaciones/archivo_publicacion_36.pdf,The emissions inventory can be accessed (unrestricted) on the link provided,2016,Same - covers entire jurisdiction and nothing else,800000,,2006 IPCC Guidelines for National Greenhouse Gas Inventories,"Other: Directrices del Panel Intergubernamental de Cambio Climático (IPCC, por sus siglas en inglés)",N2O|PFCs|CO2|CH4|NF3|HFCs|SF6,Default IPCC emission factors,IPCC Fifth Assessment Report (2013),"Yes, externally audited/verified (third-party verification)",Emissions factors - Medium data quality|Activity data - Medium data quality,No changes to the methodology and/or boundary used when compared to the previously reported inventory,,
2025 Disclosure Cycle,779465,CDP,50401,"City of Madison, WI",City,North America,United States of America,Public,Q3.1.1,Provide information on and an attachment (in spreadsheet format)/ direct link to your main community-wide GHG emissions inventory.,1,Response,Madison 20182022 Community-Wide Greenhouse Gas Emissions_Final (reduced size).pdf,https://www.cityofmadison.com/sustainability/documents/Madison%2020182022%20Government%20Operations%20GHG%20Emissions_Final%20%28reduced%29.pdf,The emissions inventory has been attached,2022,Same - covers entire jurisdiction and nothing else,272903,U.S. Community Protocol for Accounting and Reporting of Greenhouse Gas Emissions (ICLEI USA),,ICLEI ClearPath,CO2|N2O|CH4,Default IPCC emission factors,IPCC Fifth Assessment Report (2013),"Yes, internally and externally audited/verified",Activity data - High data quality|Emissions factors - High data quality,"Yes, due to a change to the inventory boundary but this has not triggered a recalculation of historic emissions data",,
2025 Disclosure Cycle,779465,CDP,50540,"City of Albuquerque, NM",City,North America,United States of America,Public,Q3.1.1,Provide information on and an attachment (in spreadsheet format)/ direct link to your main community-wide GHG emissions inventory.,1,Response,"3.1.1._GHG Inventory Presentation_see slide 18.pdf,City of Albuquerque_2023_GHG Inventory_08012025.xlsx",Slides (file also attached): https://static1.squarespace.com/static/66ad4dd29df67c0e3b353e5a/t/686d9424725db604a9d67a58/1752011816724/2025.01.31+Climate+Pollution+Inventory+Presentation.pdf\n\nRecording of the GHG Inventory Presentation: https://www.youtube.com/watch?v=1GCmNIqtXiw,The emissions inventory has been attached and can be accessed (unrestricted) on the link provided,2023,Same - covers entire jurisdiction and nothing else,561006,Global Protocol for Community-Scale Greenhouse Gas Emissions Inventories (GPC),,Internal tool/process,PFCs|N2O|CH4|NF3|SF6|CO2,Default IPCC emission factors,IPCC Fifth Assessment Report (2013),"Yes, internally audited/verified (self-verification)",Activity data - High data quality,"Yes, due to changes in calculation methodology or improvements in data access and/or accuracy but this has not triggered a recalculation of historic emissions data",city-of-albuquerque-ghg-inventory-3.pdf," The jurisdiction for our inventory analyzed the entire Albuquerque Metropolitan Statistical Area, utilized 2023 data, and includes co-pollutants. The inventory was released in late 2024, marking a 4-year update to the City's 202 GHG inventory that utilized 2017 data. "
2025 Disclosure Cycle,779465,CDP,50541,"City of Greensboro, NC",City,North America,United States of America,Public,Q3.1.1,Provide information on and an attachment (in spreadsheet format)/ direct link to your main community-wide GHG emissions inventory.,1,Response,"Greensboro GHG Inventory & Calculations - 2019-24.xlsx,GreensboroCommunityGHGInventoryCalculationsNotes-2019-24.pdf",https://www.greensboro-nc.gov/home/showdocument?id=60422&t=638642416492470000,The emissions inventory has been attached and can be accessed (unrestricted) on the link provided,2024,Same - covers entire jurisdiction and nothing else,307381,,Global Protocol for Community-Scale Greenhouse Gas Emissions Inventories (GPC) reported in the format of GCoM Common Reporting Framework (CRF),Crosswalk Labs,HFCs|N2O|PFCs|CO2|CH4|SF6,National/sub-national emission factors: US Energy Information Agency,IPCC Sixth Assessment Report (2021),"No, not audited/verified",Activity data - Medium data quality|Emissions factors - Medium data quality,"Yes, due to a change to the inventory boundary and this has triggered a recalculation of historic emissions data","Greenhouse Gas Inventory Update with Notes 03-24-15.pdf,Greensboro Greenhouse Gas Inventory 2023.pdf",https://www.crosswalk.io/products
2025 Disclosure Cycle,779465,CDP,50545,"City of Henderson, NV",City,North America,United States of America,Public,Q3.1.1,Provide information on and an attachment (in spreadsheet format)/ direct link to your main community-wide GHG emissions inventory.,1,Response,Henderson 2022 Community GHG Inventory.xlsx,,The emissions inventory has been attached,2022,Same - covers entire jurisdiction and nothing else,333755,Global Protocol for Community-Scale Greenhouse Gas Emissions Inventories (GPC),,Internal tool/process,CH4|N2O|CO2,National/sub-national emission factors: EPA egrid and emission factor hub,IPCC Fifth Assessment Report (2013),"Yes, internally and externally audited/verified",Activity data - Medium data quality,No changes to the methodology and/or boundary used when compared to the previously reported inventory,,
2025 Disclosure Cycle,779465,CDP,50550,"City of Buffalo, NY",City,North America,United States of America,Public,Q3.1.1,Provide information on and an attachment (in spreadsheet format)/ direct link to your main community-wide GHG emissions inventory.,1,Response,"City of Buffalo 2023 GHG Inventory_Final.cleaned (1).pdf,CommunitySummary_2025_FINAL_BuffaloCity.pdf",https://regional-institute.buffalo.edu/wp-content/uploads/sites/155/2025/04/CommunitySummary_2025_FINAL_BuffaloCity.pdf,The emissions inventory has been attached,2023,"Other: Emissions inventory covers entire geographic boundary of the local MSA, which encompasses all of Erie and Niagara Counties, including the City of Buffalo and the City of Niagara Falls.",1200000,Other: New York Tier II Regional GHG Inventory Protocol by NYSERDA; EPA Draft Regional GHG Inventory Guidelines; ICLEI's C40 Global Protocol for Community-Scale GHG Emissions; and the EPA's GHG Mandatory Reporting Rule were all used to create procedure.,,"Other: Other, locally-specific tool developed by third party research institute preparing inventory, based on historic New York State-specific methodology and informed by global protocol for community accounting.",N2O|CH4|CO2,National/sub-national emission factors: EPA's eGrid 2012 and 2009 EPA GHG Mandatory Reporting Rule (MRR),IPCC Fifth Assessment Report (2013),"Yes, externally audited/verified (third-party verification)",Activity data - High data quality|Emissions factors - High data quality,"Yes, due to changes in calculation methodology or improvements in data access and/or accuracy and this has triggered a recalculation of historic emissions data",WNY GHG Inventory 2012.pdf,"The past GHG inventory attached encompasses Western New York, of which the city of Buffalo is a part. "
2025 Disclosure Cycle,779465,CDP,50551,"City of Long Beach, CA",City,North America,United States of America,Public,Q3.1.1,Provide information on and an attachment (in spreadsheet format)/ direct link to your main community-wide GHG emissions inventory.,1,Response,"2021-inventory-of--community-wide-greenhouse-gas-emissions--1-.pdf,2023-inventory-of-community-wide-greenhouse-gas-emissions.pdf,2023-inventory-of-community-wide-greenhouse-gas-emissions.pdf",https://www.longbeach.gov/globalassets/sustainability/media-library/documents/about-us/strategic-plan/2021-inventory-of--community-wide-greenhouse-gas-emissions--1-,The emissions inventory has been attached,2021,Same - covers entire jurisdiction and nothing else,456062,,Global Protocol for Community-Scale Greenhouse Gas Emissions Inventories (GPC),ICLEI ClearPath,CH4|N2O|CO2,Default IPCC emission factors,IPCC Fifth Assessment Report (2013),"Yes, internally audited/verified (self-verification)",Activity data - High data quality|Emissions factors - High data quality,No changes to the methodology and/or boundary used when compared to the previously reported inventory,,https://www.longbeach.gov/globalassets/sustainability/media-library/documents/about-us/adopted-lb-cap_-aug-2022
2025 Disclosure Cycle,779465,CDP,50555,"City of Hamilton, ON",City,North America,Canada,Public,Q3.1.1,Provide information on and an attachment (in spreadsheet format)/ direct link to your main community-wide GHG emissions inventory.,1,Response,"CoH 2023 GHG Inventory_CDPReporting.xlsx,PED25129 - Appendix D_CoH 2023 Sector-Based Emissions.pdf",See attached City of Hamilton GHG Inventory Reporting 2025 for the 2023 inventory year which was reported to City Council and the community. We are also attaching the most recent GHG Emissions Sector-Based Inventory Report.,The emissions inventory has been attached,2023,Same - covers entire jurisdiction and nothing else,569355.0,,Global Protocol for Community-Scale Greenhouse Gas Emissions Inventories (GPC) reported in the format of GCoM Common Reporting Framework (CRF),"Other regionally/nationally developed tool/process: The City uses a combination of of the GPC Excel Tool, as well internal excel sheets/tools to develop its annual GHG emissions inventory.",CH4|CO2|N2O,"National/sub-national emission factors: National Inventory Report (NIR) 22 Annex 6, 12 and 13",IPCC Sixth Assessment Report (2021),"Yes, internally audited/verified (self-verification)",Activity data - Low data quality|Emissions factors - High data quality|Activity data - High data quality|Activity data - Medium data quality,No changes to the methodology and/or boundary used when compared to the previously reported inventory,Hamilton_ON_CA_Science Based Targets.xlsx,Evidence of how Hamilton's GHG reduction targets align with Science Based Target Initiative is included both Inventory Excel Sheet and provided as an additional attachment. \nLink to most recent Annual Progress Report on City of Hamilton Climate Action Strategy: https://pub-hamilton.escribemeetings.com/filestream.ashx?DocumentId=424155
2025 Disclosure Cycle,779465,CDP,50558,"City of London, ON",City,North America,Canada,Public,Q3.1.1,Provide information on and an attachment (in spreadsheet format)/ direct link to your main community-wide GHG emissions inventory.,1,Response,GPC Reporting Tool_2024.xlsx,https://getinvolved.london.ca/climate,The emissions inventory has been attached and can be accessed (unrestricted) on the link provided,2024,Same - covers entire jurisdiction and nothing else,466000,,Global Protocol for Community-Scale Greenhouse Gas Emissions Inventories (GPC),Internal tool/process,N2O|CO2|CH4,National/sub-national emission factors: Canada's National Inventory Report 2024,IPCC Fifth Assessment Report (2013),"Yes, externally audited/verified (third-party verification)",Emissions factors - High data quality|Activity data - Medium data quality,"Yes, due to changes in calculation methodology or improvements in data access and/or accuracy and this has triggered a recalculation of historic emissions data",Appendix C - CEAP 2024 Community GHG Inventory Report - Final.docx,The corporate (municipal operations) and community GHG emissions inventory reports can be found at https://getinvolved.london.ca/climate; \n\nThe 2012 Community Energy & Greenhouse Gas Inventory: Challenges & Opportunities report was reviewed by ICLEI and FCM staff as part of the City of London's Milestone 5 recognition for the PCP program.
2025 Disclosure Cycle,779465,CDP,50559,"City of St Catharines, ON",City,North America,Canada,Public,Q3.1.1,Provide information on and an attachment (in spreadsheet format)/ direct link to your main community-wide GHG emissions inventory.,1,Response,CIRIS_Standard_v2.5_EN- GHG Inventory year 2020.xlsx,2020 St. Catharines GHG Inventory,The emissions inventory has been attached,2020,Same - covers entire jurisdiction and nothing else,133113.0,,Global Protocol for Community-Scale Greenhouse Gas Emissions Inventories (GPC) reported in the format of GCoM Common Reporting Framework (CRF),CIRIS,N2O|CO2|CH4,National/sub-national emission factors: National Inventory Reports (Canada),IPCC Fifth Assessment Report (2013),"No, not audited/verified",Activity data - High data quality,No changes to the methodology and/or boundary used when compared to the previously reported inventory,,NA
2025 Disclosure Cycle,779465,CDP,50562,"City of Chula Vista, CA",City,North America,United States of America,Public,Q3.1.1,Provide information on and an attachment (in spreadsheet format)/ direct link to your main community-wide GHG emissions inventory.,1,Response,,https://www.chulavistaca.gov/home/showpublisheddocument/26651/638264070368670000,The emissions inventory can be accessed (unrestricted) on the link provided,2020,Same - covers entire jurisdiction and nothing else,287173.0,,U.S. Community Protocol for Accounting and Reporting of Greenhouse Gas Emissions (ICLEI USA),Other: Inventories were created by SANDAG,CH4|N2O|CO2,,IPCC Sixth Assessment Report (2021),"No, not audited/verified",,No changes to the methodology and/or boundary used when compared to the previously reported inventory,,We are working with our regional planning agency and other partners on plans to prepare the 2022 GHG inventory - funding has changed and we are assessing next steps now. Previous year's GHG inventories can be found here: https://www.chulavistaca.gov/departments/sustainability/climate-action-plan
2025 Disclosure Cycle,779465,CDP,50566,"City of Anchorage, AK",City,North America,United States of America,Public,Q3.1.1,Provide information on and an attachment (in spreadsheet format)/ direct link to your main community-wide GHG emissions inventory.,1,Response,Anchorage GHG Inventory_2015_2020_FINAL.pdf,https://www.muni.org/Departments/SWS/Documents/Anchorage%20GHG%20Inventory_2015_2020_FINAL.pdf,The emissions inventory has been attached,2020,Same - covers entire jurisdiction and nothing else,287095,,Global Protocol for Community-Scale Greenhouse Gas Emissions Inventories (GPC),ICLEI ClearPath,CO2,Do not know,Do not know,,,No changes to the methodology and/or boundary used when compared to the previously reported inventory,,
2025 Disclosure Cycle,779465,CDP,50568,"City of Saskatoon, SK",City,North America,Canada,Public,Q3.1.1,Provide information on and an attachment (in spreadsheet format)/ direct link to your main community-wide GHG emissions inventory.,1,Response,GHG Inventory - Saskatoon Community - 2023 - CDP.xlsx,https://www.saskatoon.ca/sites/default/files/Climate%20Action%20Plan%202023-Online.pdf,The emissions inventory has been attached and can be accessed (unrestricted) on the link provided,2023,Same - covers entire jurisdiction and nothing else,295204,,Global Protocol for Community-Scale Greenhouse Gas Emissions Inventories (GPC),CIRIS,N2O|CO2|CH4,"Local emission factors: Emission factors for electricity and natural gas were provided directly by the utilities supplying that energy to Saskatoon, SaskPower and SaskEnergy, respectively. All other emission factors were taken from the 20 National Inventory Report.",IPCC Fifth Assessment Report (2013),"Yes, internally audited/verified (self-verification)",Activity data - High data quality|Emissions factors - High data quality,"Yes, due to changes in calculation methodology or improvements in data access and/or accuracy but this has not triggered a recalculation of historic emissions data",,The 2014 GHG Emission Inventory for the community was audited by an external party. Subsequent inventories have been audited thoroughly by our in-house GHG Controls Specialist.
2025 Disclosure Cycle,779465,CDP,50572,"City of Saint Paul, MN",City,North America,United States of America,Public,Q3.1.1,Provide information on and an attachment (in spreadsheet format)/ direct link to your main community-wide GHG emissions inventory.,1,Response,cdp_report_2023.xlsx,\n,The emissions inventory has been attached,2023,Same - covers entire jurisdiction and nothing else,310997,,Global Protocol for Community-Scale Greenhouse Gas Emissions Inventories (GPC) reported in the format of GCoM Common Reporting Framework (CRF),ICLEI ClearPath,N2O|CH4|CO2,Default IPCC emission factors,IPCC Fifth Assessment Report (2013),"No, not audited/verified",Activity data - High data quality|Emissions factors - High data quality,No changes to the methodology and/or boundary used when compared to the previously reported inventory,,
2025 Disclosure Cycle,779465,CDP,50577,"City of Wichita, KS",City,North America,United States of America,Public,Q3.1.1,Provide information on and an attachment (in spreadsheet format)/ direct link to your main community-wide GHG emissions inventory.,1,Response,,https://www.wichita.gov/DocumentCenter/View/27407/2021-City-of-Wichita-GHG-Inventory-PDF,The emissions inventory can be accessed (unrestricted) on the link provided,2021,Same - covers entire jurisdiction and nothing else,397532,U.S. Community Protocol for Accounting and Reporting of Greenhouse Gas Emissions (ICLEI USA),,ICLEI ClearPath,CO2|CH4|N2O,Default IPCC emission factors,IPCC Fifth Assessment Report (2013),"Yes, internally audited/verified (self-verification)",Activity data - Medium data quality|Emissions factors - Medium data quality,,,N/A
2025 Disclosure Cycle,779465,CDP,50578,"City of Windsor, ON",City,North America,Canada,Public,Q3.1.1,Provide information on and an attachment (in spreadsheet format)/ direct link to your main community-wide GHG emissions inventory.,1,Response,"Windsor GPC 2021(v3).xlsx,Windsor GPC 2023 (v2).xlsx",N/A,The emissions inventory has been attached,2023,Same - covers entire jurisdiction and nothing else,229600.0,,Global Protocol for Community-Scale Greenhouse Gas Emissions Inventories (GPC) reported in the format of GCoM Common Reporting Framework (CRF),Other: ICLEI Canada PCP Tool,N2O|CH4|CO2,National/sub-national emission factors: Canada,IPCC Fifth Assessment Report (2013),"Yes, internally audited/verified (self-verification)",Activity data - High data quality,No changes to the methodology and/or boundary used when compared to the previously reported inventory,"GHG Inventory 2021 Common Reporting Framework - Community.xlsx,GHG Inventory 2023 Common Reporting Framework - Community.xlsx",2021 Inventory is in a format other than the GPC (Download from PCP Tool)\n\nPCP tool for 2023 used a different emission factor for electricity that the one reported from the National Inventory for Ontario's Energy Mix in 2025. There is a discrepancy in electricity emissions between the two files. GOC uses the most recently reported emission factors for 2023.
2025 Disclosure Cycle,779465,CDP,50579,"City of Winnipeg, MB",City,North America,Canada,Public,Q3.1.1,Provide information on and an attachment (in spreadsheet format)/ direct link to your main community-wide GHG emissions inventory.,1,Response,"winnipeg_output.xlsx,winnipeg_output.xlsx",https://legacy.winnipeg.ca/sustainability/documents/ceir/CEIR_report_appendices.pdf,The emissions inventory can be accessed (unrestricted) on the link provided,2016,Same - covers entire jurisdiction and nothing else,732548.0,Global Protocol for Community-Scale Greenhouse Gas Emissions Inventories (GPC),,CityInSight,CH4|N2O|CO2,National/sub-national emission factors: Emissions factors are from Canada's National Inventory Report and are the same as those in IPCC AR5.,IPCC Fifth Assessment Report (2013),"No, not audited/verified",Activity data - Medium data quality|Emissions factors - High data quality,"Yes, due to changes in calculation methodology or improvements in data access and/or accuracy but this has not triggered a recalculation of historic emissions data",,"The 2016 inventory includes more fuel types, slightly different stationary energy categorizations from the energy provider, consideration of fugitive emissions, and a different transportation model than the 2011 inventory. The impact of these changes on emissions numbers has not been fully analyzed.\nThe attached spreadsheet (worksheet \'Total Emissions\') includes projections from our 2016 inventory to 2050, according to multiple emissions scenarios.\nThe City is currently working on increasing the frequency of community emissions inventories to annually, but hasn't succeeded in that yet."
2025 Disclosure Cycle,779465,CDP,50650,City of Gibraltar,City,Europe,Gibraltar,Public,Q3.1.1,Provide information on and an attachment (in spreadsheet format)/ direct link to your main community-wide GHG emissions inventory.,1,Response,CIRIS_Gib_2023_v01-CDP.xlsx,NA,The emissions inventory has been attached,2023,Same - covers entire jurisdiction and nothing else,39599,,Global Protocol for Community-Scale Greenhouse Gas Emissions Inventories (GPC),CIRIS,SF6|PFCs|CH4|HFCs|N2O|NF3|CO2,"National/sub-national emission factors: UK National Atmospheric Emissions Inventory emission factors, supplemented with local emission factors where possible",IPCC Fifth Assessment Report (2013),"Yes, internally audited/verified (self-verification)",Activity data - High data quality|Emissions factors - High data quality|Activity data - Medium data quality,"Yes, due to changes in calculation methodology or improvements in data access and/or accuracy and this has triggered a recalculation of historic emissions data",GibraltarCDP-HistoricalInventories_2023inv.xlsx,"Attached file for historical inventories contains recalculated inventories for 2015-2022, as recalculated during the 2023 inventory cycle (completed in 2025)."
2025 Disclosure Cycle,779465,CDP,50664,Municipality of Almada,City,Europe,Portugal,Public,Q3.1.1,Provide information on and an attachment (in spreadsheet format)/ direct link to your main community-wide GHG emissions inventory.,1,Response,AgendaMitigacao_v07.xlsx,https://www.cm-almada.pt/index.php/a-caminho-de-uma-almada-neutra-em-carbono,The emissions inventory has been attached,2019,Same - covers entire jurisdiction and nothing else,176837,,Global Protocol for Community-Scale Greenhouse Gas Emissions Inventories (GPC),Other: excel spreadsheet,N2O|CO2|CH4,National/sub-national emission factors: National Inventory Report (NIR),IPCC Fourth Assessment Report (2007),"No, not audited/verified",Emissions factors - Medium data quality|Activity data - High data quality,"Yes, due to changes in calculation methodology or improvements in data access and/or accuracy and this has triggered a recalculation of historic emissions data",,"Due to changes in calculation methodology and calculations accuracy (namely the inclusion of the waste sector in scopes 1 and 3) a recalculation of historic emissions (particularly the baseline year 2006). Future inventories will disclose Scope 1, Scope 2 and Scope 3 (waste) [GPC BASIC Report]"
2025 Disclosure Cycle,779465,CDP,50669,Municipality of Matosinhos,City,Europe,Portugal,Public,Q3.1.1,Provide information on and an attachment (in spreadsheet format)/ direct link to your main community-wide GHG emissions inventory.,1,Response,"3.1.1.a e 4.1.1. eCRF_Export_Matosinhos_2023.xlsx,3.1.1.a e 4.1.1. eCRF_Export_Matosinhos_2023_.xlsx",O inventário mais recente está anexado.,The emissions inventory has been attached,2023,Same - covers entire jurisdiction and nothing else,179558,,Global Protocol for Community-Scale Greenhouse Gas Emissions Inventories (GPC) reported in the format of GCoM Common Reporting Framework (CRF),CIRIS,CH4|N2O|CO2,"Other: Os fatores de emissão do consumo de produtos petrolíferos, gás natural e eletricidade são publicados pela APA: nid2025_15march.pdf Os fatores da deposição em aterro, tratamento biológico e incineração de resíduos são dados pela entidade gestora.",IPCC Fifth Assessment Report (2013),"Yes, internally audited/verified (self-verification)",Activity data - High data quality|Emissions factors - Medium data quality,"Yes, due to changes in calculation methodology or improvements in data access and/or accuracy but this has not triggered a recalculation of historic emissions data",3.1.1.b. eCRF_Export_Matosinhos_2022.xlsx,"Este ano houve alterações à metodologia de contabilização do inventário de emissões do município, de forma a responder de forma mais aproximada às orientações europeias contempladas na versão mais recente do Global Protocol for Community-Scale Greenhouse Gas Inventories. \nEste inventário continua a seguir o Common Reporting Format, incluindo emissões de CO2, CH4 e N2O, nos setores da Energia Estacionária, Transportes, Resíduos e Águas Residuais, IPPU e AFOLU, assim como distribui as mesmas pelos âmbitos 1, 2 e 3. \nA maior alteração relativamente aos inventários antigos é a fonte de dados do fator de emissão da eletricidade, sendo atualmente utilizado o fator disponibilizado pela Agência Portuguesa do Ambiente (APA), entidade que publica os inventários nacionais anuais. Esta também passou a ser a fonte de dados dos fatores de emissão associados a outros vetores energéticos, em linha com o IPCC 2006, considerando o Refinement de 2019. \nPara além disto, houve alterações, nomeadamente à metodologia de contabilização das perdas de eletricidade (âmbito 3 da Energia Estacionária), ao cálculo das emissões fugitivas de gás natural, à metodologia de cálculo das emissões associadas à deposição de resíduos sólidos urbanos em aterro, seguindo agora o modelo de decaimento (FOD) recomendado pelo GPC.\nO ficheiro anexado corresponde ao inventário de emissões de 2023 em tCO2 equivalente. No documento são também identificados os respetivos fatores de emissão (em tCO2e/GWh) e os dados de atividade."
2025 Disclosure Cycle,779465,CDP,50673,Municipality of Faro,City,Europe,Portugal,Public,Q3.1.1,Provide information on and an attachment (in spreadsheet format)/ direct link to your main community-wide GHG emissions inventory.,1,Response,,https://qualar.apambiente.pt/downloads,The emissions inventory has been attached,2021,Same - covers entire jurisdiction and nothing else,61073.0,,Regional or country/area specific methodology,Internal tool/process,CO2,Default IPCC emission factors,IPCC Fifth Assessment Report (2013),,Activity data - Medium data quality,No changes to the methodology and/or boundary used when compared to the previously reported inventory,PASEC FARO 2030_compressed.pdf,-
2025 Disclosure Cycle,779465,CDP,50674,Municipality of Viseu,City,Europe,Portugal,Public,Q3.1.1,Provide information on and an attachment (in spreadsheet format)/ direct link to your main community-wide GHG emissions inventory.,1,Response,PMAC Viseu_23_05_2025.pdf,,The emissions inventory has been attached,2018/2019,Same - covers entire jurisdiction and nothing else,100000,,2006 IPCC Guidelines for National Greenhouse Gas Inventories,Do not know,N2O|HFCs|CH4|NF3|PFCs|SF6|CO2,Default IPCC emission factors,,,,,,
2025 Disclosure Cycle,779465,CDP,50678,Municipality of Évora,City,Europe,Portugal,Public,Q3.1.1,Provide information on and an attachment (in spreadsheet format)/ direct link to your main community-wide GHG emissions inventory.,1,Response,Inventário Energético e de Emissões de CO2 2019_2013_2009.xls,,The emissions inventory has been attached,2019/2020,Same - covers entire jurisdiction and nothing else,52428.0,,1996 IPCC Guidelines for National Greenhouse Gas Inventories,Other: O inventário está no formato utilizado no âmbito da iniciativa do Pacto dos Autarcas. Considerou-se o valor de emissões de equivalente de CO2 [t] dos resíduos sólidos urbanos referente a 2013.,CO2|CH4,Default IPCC emission factors,Do not know,"Yes, externally audited/verified (third-party verification)",,No changes to the methodology and/or boundary used when compared to the previously reported inventory,,"Seguiu-se a metodologia de cálculo do IPCC adotada no âmbito do Pacto dos Autarcas. Utilizaram-se os fatores de emissão estandardizados de CO2 (t) em conformidade com os princípios do IPCC. De modo a incluir as emissões de CH4 provenientes da deposição de resíduos sólidos urbanos em aterro, foi efetuada a sua conversão em emissões de equivalente de CO2 [t] utilizando o método de Avaliação de Ciclo de Vida (ACV). No inventário relativo ao ano de 2019 foi considerado o valor de emissões de equivalente de CO2 [t] resultante dos resíduos sólidos urbanos referente ao ano de 2009, uma vez que ainda não foi possível obter o valor relativo ao ano de 2019. Optou-se por utilizar o valor referente a 2009 e não a 2013 por se considerar que deverá representar uma estimativa mais aproximada do\nvalor real.\n"
2025 Disclosure Cycle,779465,CDP,50680,Municipality of Cascais,City,Europe,Portugal,Public,Q3.1.1,Provide information on and an attachment (in spreadsheet format)/ direct link to your main community-wide GHG emissions inventory.,1,Response,MatrizEnergetica2023.xlsx,Municipal Action Plan- year 2023,The emissions inventory can be accessed (unrestricted) on the link provided,2023,Same - covers entire jurisdiction and nothing else,214462,,2006 IPCC Guidelines for National Greenhouse Gas Inventories,Internal tool/process,CO2|NF3|HFCs|CH4|PFCs|SF6|N2O,LCA (Life Cycle Assessment) emission factors,IPCC Fifth Assessment Report (2013),"No, not audited/verified",Emissions factors - Medium data quality|Activity data - Medium data quality,"Yes, due to changes in calculation methodology or improvements in data access and/or accuracy and this has triggered a recalculation of historic emissions data",,"The main changes from the previous reported inventory (IST, 2017) relate to the emission factors and classification of sectors. Presently the emission factors vary according to type of sector which applies to (according to IPCC guidelines). Also it is being used the emission factor for electricity provided by the national authority responsible for the national CO2 emissions inventory.\nLink-https://ambiente.cascais.pt/sites/default/files/anexos/pmac_cascais_final41.pdf"
2025 Disclosure Cycle,779465,CDP,51075,City of Shenzhen,City,China,China,Public,Q3.1.1,Provide information on and an attachment (in spreadsheet format)/ direct link to your main community-wide GHG emissions inventory.,1,Response,,,Unable to provide an attachment and/or direct link to my emissions inventory,2022/2023,Same - covers entire jurisdiction and nothing else,17790100,Regional or country/area specific methodology,,Other regionally/nationally developed tool/process: 《广东省市县（区）级温室气体清单编制指南（试行）》,PFCs|NF3|CO2|CH4|HFCs|SF6|N2O,Other: ,IPCC Second Assessment Report (1995),"Yes, internally audited/verified (self-verification)",Activity data - Medium data quality|Emissions factors - Medium data quality,"Yes, due to changes in calculation methodology or improvements in data access and/or accuracy but this has not triggered a recalculation of historic emissions data",,
2025 Disclosure Cycle,779465,CDP,51374,Prefeitura de Rio Branco,City,Latin America,Brazil,Public,Q3.1.1,Provide information on and an attachment (in spreadsheet format)/ direct link to your main community-wide GHG emissions inventory.,1,Response,eCRF-inventory-BR Rio Branco_2022.xlsx,https://citycatalyst.io/en/72787408-beca-4849-b6b3-12ea46764e57/ \n\n\nhttps://meioambiente.riobranco.ac.gov.br/pmamc ,The emissions inventory has been attached and can be accessed (unrestricted) on the link provided,2022,Same - covers entire jurisdiction and nothing else,364756,,Global Protocol for Community-Scale Greenhouse Gas Emissions Inventories (GPC) reported in the format of GCoM Common Reporting Framework (CRF),CIRIS,CO2|N2O|CH4,Do not know,IPCC Fifth Assessment Report (2013),"Yes, internally audited/verified (self-verification)",Activity data - Medium data quality,"Yes, due to a change to the inventory boundary but this has not triggered a recalculation of historic emissions data",26938 (3).pdf,https://www.embrapa.br/acre/busca-de-publicacoes/-/publicacao/1117560/1-inventario-das-emissoes-de-gases-de-efeito-estufa-do-municipio-de-rio-branco-acre-serie-2012-2016 
2025 Disclosure Cycle,779465,CDP,52896,"City of Fort Lauderdale, FL",City,North America,United States of America,Public,Q3.1.1,Provide information on and an attachment (in spreadsheet format)/ direct link to your main community-wide GHG emissions inventory.,1,Response,2021 Community Inventory - Detailed Report - Pivot Tables.xlsx,https://www.fortlauderdale.gov/home/showpublisheddocument/89041/638808280010830000,The emissions inventory can be accessed (unrestricted) on the link provided,2021,Same - covers entire jurisdiction and nothing else,186076,U.S. Community Protocol for Accounting and Reporting of Greenhouse Gas Emissions (ICLEI USA),,ICLEI ClearPath,SF6|HFCs|N2O|CO2|CH4|PFCs,"Local emission factors: Starting with 2020, the City used the FPL Utility Specific Residual Mix Emissions Rate (USRMER) for its GHG calculations. Note that all FPL emissions factors only include CO2. CH4 and N20 emissions factors were taken from EPA sources.",IPCC Fifth Assessment Report (2013),"Yes, internally audited/verified (self-verification)",Activity data - High data quality,"Yes, due to changes in calculation methodology or improvements in data access and/or accuracy but this has not triggered a recalculation of historic emissions data","2019 FTL CW and Government GHG Inventory.pdf,2020 FTL Community and Government GHG Inventory.pdf","Although HFCs, PFCs, and SF6 were not included in the total emissions, they were still included in the 2021 GHG emissions inventory report under community non-energy emissions for informational purposes only. “To be consistent with previous 2010, 2019, and 2020 GHG emissions inventories, the 2021 Community-wide GHG Inventory accounts for only one non-energy related GHG emission, leakage of fugitive emissions from the community natural gas consumption. These non-energy emissions come from anthropogenic sources like waste treatment facilities, transportation, industrial processes, and climate control in buildings. However, this inventory, includes, as information only, additional non-energy emissions not directly related to energy production or consumption. Emissions from non-energy sources include halogenated gases, leakage from natural gas transmission and distribution, and waste management. While non-energy emissions include various GHGs, hydrofluorocarbons (HFCs) are one of the GHG gases of greatest concern due to their widespread use and significantly higher global warming potential than carbon dioxide. Given their extensive use in air conditioning, refrigeration, and spray cans, HFCs are closely monitored” (2021 FTL Inventory Report p. 6). \n\nIn addition, the City's Press Play Strategic Plan 2029 has a stated objective to “Grow and Enhance the Urban Forest.” The City has stated goals to enhance its tree canopy to 33% by 2040.” Since 2021, the City has sequestered 43,390 MT CO2e from an urban forest coverage of now 26.6%. This has been accounted for as negative emissions in the total Community Greenhouse Gas Emissions by Sector and Source in Calendar Year 2021. "
2025 Disclosure Cycle,779465,CDP,52897,"City of Aspen, CO",City,North America,United States of America,Public,Q3.1.1,Provide information on and an attachment (in spreadsheet format)/ direct link to your main community-wide GHG emissions inventory.,1,Response,2024_RegionalInventory(2023 datat)_FINAL.xlsx,n/a,The emissions inventory has been attached,2023,Other: This is a regional inventory that include Pitkin County,6619,,Global Protocol for Community-Scale Greenhouse Gas Emissions Inventories (GPC),ICLEI ClearPath,PFCs|NF3|SF6|CO2|HFCs|CH4|N2O,Local emission factors: Holy Cross Energy and Aspen Electric. Black Hills Energy,IPCC Sixth Assessment Report (2021),"Yes, externally audited/verified (third-party verification)",Emissions factors - High data quality|Activity data - High data quality,No changes to the methodology and/or boundary used when compared to the previously reported inventory,,A new GHGI for 2023 has been completed. This study is improved from the 2020 study with deeper analysis and better data collection. \n\nSee the 2023 report here\nhttps://aspen.gov/DocumentCenter/View/14917/2023-Aspen-Community-Wide-Greenhouse-Gas-Inventory-Summary-PDF
2025 Disclosure Cycle,779465,CDP,53829,"City of Kingston, ON",City,North America,Canada,Public,Q3.1.1,Provide information on and an attachment (in spreadsheet format)/ direct link to your main community-wide GHG emissions inventory.,1,Response,City of Kingston 2024 GHG Community - CDP Reporting Copy.xlsx,,The emissions inventory has been attached,2024,Same - covers entire jurisdiction and nothing else,167729,,Jurisdiction specific methodology,Internal tool/process,CH4|CO2|N2O,"National/sub-national emission factors: Canada's National Inventory Report (ECCC 2025), Ontario electricity emission factors",IPCC Sixth Assessment Report (2021),"Yes, externally audited/verified (third-party verification)",Activity data - Medium data quality|Emissions factors - High data quality,No changes to the methodology and/or boundary used when compared to the previously reported inventory,,
2025 Disclosure Cycle,779465,CDP,53921,"City of Tempe, AZ",City,North America,United States of America,Public,Q3.1.1,Provide information on and an attachment (in spreadsheet format)/ direct link to your main community-wide GHG emissions inventory.,1,Response,cdp_report_2020_community.xlsx,https://sustainable-growth-and-development-tempegov.hub.arcgis.com/pages/community-carbon,The emissions inventory can be accessed (unrestricted) on the link provided,2020,Same - covers entire jurisdiction and nothing else,180587.0,,U.S. Community Protocol for Accounting and Reporting of Greenhouse Gas Emissions (ICLEI USA),ICLEI ClearPath,N2O|CH4|CO2,Do not know,IPCC Fifth Assessment Report (2013),"Yes, externally audited/verified (third-party verification)",Activity data - Medium data quality,No changes to the methodology and/or boundary used when compared to the previously reported inventory,CDP upload_REVISED 2015 Community GHG emissions inventory.xlsx,Not applicable.
2025 Disclosure Cycle,779465,CDP,53931,"City of Alexandria, VA",City,North America,United States of America,Public,Q3.1.1,Provide information on and an attachment (in spreadsheet format)/ direct link to your main community-wide GHG emissions inventory.,1,Response,ALEXANDRIA - GHG Inventory Data Summary - 2005-2023 - for CDP Reporting.xlsx,,The emissions inventory has been attached,2023,Same - covers entire jurisdiction and nothing else,172104,U.S. Community Protocol for Accounting and Reporting of Greenhouse Gas Emissions (ICLEI USA),,ICLEI ClearPath,PFCs|CO2|N2O|HFCs|SF6|CH4,"National/sub-national emission factors: ICLEI ClearPath , ICLEI LEARN Tool, EPA eGRID, EPA MOVES, EPA State Inventory Tool,",IPCC Fifth Assessment Report (2013),"Yes, externally audited/verified (third-party verification)",Activity data - Medium data quality|Emissions factors - Medium data quality|Emissions factors - High data quality|Activity data - High data quality,"Yes, due to changes in calculation methodology or improvements in data access and/or accuracy but this has not triggered a recalculation of historic emissions data",,
2025 Disclosure Cycle,779465,CDP,53937,"City of Naperville, IL",City,North America,United States of America,Public,Q3.1.1,Provide information on and an attachment (in spreadsheet format)/ direct link to your main community-wide GHG emissions inventory.,1,Response,Naperville GHG Report_v3.pdf,N/A,The emissions inventory has been attached,2022,Same - covers entire jurisdiction and nothing else,149865,Global Protocol for Community-Scale Greenhouse Gas Emissions Inventories (GPC),,Consultancy-developed tool/process: Inventory was prepared by an external consultant,CO2|CH4|N2O,National/sub-national emission factors: EPA eGRID and EPA GHG Emission Factors Hub,IPCC Fifth Assessment Report (2013),"No, not audited/verified",Emissions factors - Medium data quality|Activity data - High data quality|Activity data - Medium data quality|Emissions factors - High data quality,No changes to the methodology and/or boundary used as this is the jurisdictions first year reporting an emissions inventory,,"Proprietary tools were used by our hired consultant to prepare this GHG inventory. The tool is based on calculators created by the U.S. Environmental Protection Agency (U.S. EPA) and the Greenhouse Gas Protocol, in alignment with the Global Protocol for Community-Scale Greenhouse Gas Inventories. Emission factors for Scope 1 emissions come from the U.S. EPA Greenhouse Gas Emissions Hub. Scope 2 emission factors are from the Emissions & Generation Resource Integrated Database (eGRID), though additional analysis was done for Naperville using information on the Illinois Municipal Electric Agency (IMEA). Waste emissions factors come from U.S. EPA's Waste Reduction Model (WARM). \n\nOur GHG inventory report was still in draft form in 2024 due to requests from senior leadership to expand the scope of work, including additional benchmarking and analysis of Naperville's GHG emissions. The final report finalized in early 2025 is included here for reference, and the data found therein as relates to Scope 1, 2, and 3 emissions should not change once the report is finalized. "
2025 Disclosure Cycle,779465,CDP,53959,"City of Fayetteville, AR",City,North America,United States of America,Public,Q3.1.1,Provide information on and an attachment (in spreadsheet format)/ direct link to your main community-wide GHG emissions inventory.,1,Response,Community Wide Inventory-2024.xlsx,,The emissions inventory has been attached,2024,Same - covers entire jurisdiction and nothing else,102805,U.S. Community Protocol for Accounting and Reporting of Greenhouse Gas Emissions (ICLEI USA),,Internal tool/process,CO2|N2O|CH4,Default IPCC emission factors,IPCC Sixth Assessment Report (2021),"No, not audited/verified",Activity data - High data quality,No changes to the methodology and/or boundary used when compared to the previously reported inventory,,
2025 Disclosure Cycle,779465,CDP,54026,"City of Tacoma, WA",City,North America,United States of America,Public,Q3.1.1,Provide information on and an attachment (in spreadsheet format)/ direct link to your main community-wide GHG emissions inventory.,1,Response,,https://tacoma.gov/government/departments/environmental-policy-and-sustainability-office/climate-action/#greenhouse-gas-emissions,The emissions inventory can be accessed (unrestricted) on the link provided,2023,Same - covers entire jurisdiction and nothing else,216304.0,,Global Protocol for Community-Scale Greenhouse Gas Emissions Inventories (GPC),ICLEI ClearPath,CH4|CO2|N2O,"Local emission factors: Tacoma Power 2020 Integrated Resource Plan p.62 Figure 47 (updated Jan 2021) for electrical, EPA combustion emissions factors",IPCC Fifth Assessment Report (2013),"Yes, externally audited/verified (third-party verification)",Activity data - Medium data quality|Emissions factors - Medium data quality,No changes to the methodology and/or boundary used when compared to the previously reported inventory,,none
2025 Disclosure Cycle,779465,CDP,54027,"City of St. John's, NL",City,North America,Canada,Public,Q3.1.1,Provide information on and an attachment (in spreadsheet format)/ direct link to your main community-wide GHG emissions inventory.,1,Response,StjohnsCorpCommGHGinventory-Final_0.pdf,https://www.stjohns.ca/en/living-in-st-johns/resources/Documents/StjohnsCorpCommGHGinventory-Final_0.pdf,The emissions inventory has been attached and can be accessed (unrestricted) on the link provided,2016,Same - covers entire jurisdiction and nothing else,124749.0,,Global Protocol for Community-Scale Greenhouse Gas Emissions Inventories (GPC),CityInSight,CO2|N2O|CH4,National/sub-national emission factors: National Inventory Report by Environment and Climate Change Canada,IPCC Fourth Assessment Report (2007),"Yes, internally audited/verified (self-verification)",Activity data - Medium data quality|Emissions factors - Medium data quality,No changes to the methodology and/or boundary used as this is the jurisdictions first year reporting an emissions inventory,stjohns_inventory data and projections.xlsx,https://cis-community.ssg.coop/stjohns/emissions
2025 Disclosure Cycle,779465,CDP,54029,"City of Spokane, WA",City,North America,United States of America,Public,Q3.1.1,Provide information on and an attachment (in spreadsheet format)/ direct link to your main community-wide GHG emissions inventory.,1,Response,2022-city-of-spokane-greenhouse-gas-inventory.pdf,https://static.spokanecity.org/documents/publicworks/environmental/2022-city-of-spokane-greenhouse-gas-inventory.pdf,The emissions inventory has been attached and can be accessed (unrestricted) on the link provided,2022,Same - covers entire jurisdiction and nothing else,230900,,Global Protocol for Community-Scale Greenhouse Gas Emissions Inventories (GPC),ICLEI ClearPath,CH4|SF6|HFCs|N2O|PFCs|CO2,Local emission factors: Avista Utilities; U.S. EPA Emissions & Generation Resource Integrated Database (eGRID) ; ICLEI Defaults; State of Washington Department of Ecology: 2015- 2016/2020-2021 Washington Statewide Waste Characterization Study,IPCC Fifth Assessment Report (2013),"Yes, externally audited/verified (third-party verification)",Activity data - High data quality|Emissions factors - Medium data quality,No changes to the methodology and/or boundary used when compared to the previously reported inventory,2025-city-of-spokane-greenhouse-gas-tracker.xlsx,Greenhouse Gas Inventory Story Map\nhttps://storymaps.arcgis.com/stories/3a4abcd7bc9642408002603847b84566\n\nGreenhouse Gas Inventory Dashboard\nhttps://app.powerbigov.us/view?r=eyJrIjoiZWI2NDcwYTQtYWZkMy00ZTZmLWFiM2ItYTlmOGIzMWI1MmE2IiwidCI6Ijk1ZmExZDZlLTZhMjctNDk2ZS05MTE3LWZjMzRkOTA3NjY2MSJ9\n\nGreenhouse Gas Tracker (XLSX 181 KB)\nhttps://static.spokanecity.org/documents/publicworks/environmental/city-of-spokane-greenhouse-gas-tracker-2025-04-28.xlsx\n\n2025 April - 2022 City of Spokane Greenhouse Gas Inventory (PDF 8.5 MB)\nhttps://static.spokanecity.org/documents/publicworks/environmental/2022-city-of-spokane-greenhouse-gas-inventory.pdf\n\n2025 April - 2022 City of Spokane Greenhouse Gas Inventory Factsheet (PDF 298 KB)\nhttps://static.spokanecity.org/documents/publicworks/environmental/2022-city-of-spokane-greenhouse-gas-inventory-factsheet-2025-04-28.pdf\n\n2025 April - Presentation of 2022 GHG Emissions Inventory to CRSB (PDF 21.2 MB)\nhttps://static.spokanecity.org/documents/bcc/boards/climate-resilience-and-sustainability-board/presentations/2025/04/10/ghg-emissions-inventory-reporting-v2.pdf\n\n2025 April - Presentation of 2022 GHG Emissions Inventory to CRSB Video\nhttps://vimeo.com/showcase/11495913/video/1076434056#t=1410s
2025 Disclosure Cycle,779465,CDP,54030,"City of Little Rock, AR",City,North America,United States of America,Public,Q3.1.1,Provide information on and an attachment (in spreadsheet format)/ direct link to your main community-wide GHG emissions inventory.,1,Response,"[12.14.23 DRAFT] Little Rock 2021 Government Operations GHGI Report.pdf,[12.14.23 DRAFT] Little Rock 2021 Government Operations GHGI Report.pdf","2022 Little Rock - Community GHG Inventory (Unofficial, Public)",The emissions inventory has been attached,2022,Same - covers entire jurisdiction and nothing else,202864.0,U.S. Community Protocol for Accounting and Reporting of Greenhouse Gas Emissions (ICLEI USA),,ICLEI ClearPath,CH4|N2O|CO2,Do not know,IPCC Fifth Assessment Report (2013),"Yes, externally audited/verified (third-party verification)",Activity data - Medium data quality,No changes to the methodology and/or boundary used as this is the jurisdictions first year reporting an emissions inventory,,https://clearpath.icleiusa.org/community_scale/inventory_years
2025 Disclosure Cycle,779465,CDP,54034,"City of Grand Rapids, MI",City,North America,United States of America,Public,Q3.1.1,Provide information on and an attachment (in spreadsheet format)/ direct link to your main community-wide GHG emissions inventory.,1,Response,Community Emissions Inventory.xlsx,https://www.google.com/url?sa=t&source=web&rct=j&opi=89978449&url=https://www.grandrapidsmi.gov/files/assets/public/v/1/departments/sustainability/files/grand-rapids-michigan-2019-ghgi-final.pdf&ved=2ahUKEwjItbyGn-WGAxUE6ckDHZc1ChEQFnoECBEQAQ&usg=AOvVaw3qZdvWCQ8WpxqMwfe2xKSN,The emissions inventory has been attached,2019,Same - covers entire jurisdiction and nothing else,200917,,Global Protocol for Community-Scale Greenhouse Gas Emissions Inventories (GPC),ICLEI ClearPath,CH4|CO2|N2O,Do not know,Do not know,"Yes, externally audited/verified (third-party verification)",Emissions factors - High data quality|Activity data - High data quality,"Yes, due to changes in calculation methodology or improvements in data access and/or accuracy but this has not triggered a recalculation of historic emissions data",Community Emissions Inventory.xlsx,N/A
2025 Disclosure Cycle,779465,CDP,54040,"City of Regina, SK",City,North America,Canada,Public,Q3.1.1,Provide information on and an attachment (in spreadsheet format)/ direct link to your main community-wide GHG emissions inventory.,1,Response,2024 Regina Community Energy and GHG Inventory.xlsx,chrome-extension://efaidnbmnnnibpcajpcglclefindmkaj/https://www.regina.ca/export/sites/Regina.ca/about-regina/renewable-regina/.galleries/pdfs/2024-Energy-Inventory.pdf,The emissions inventory has been attached and can be accessed (unrestricted) on the link provided,2024,Same - covers entire jurisdiction and nothing else,255395,Global Protocol for Community-Scale Greenhouse Gas Emissions Inventories (GPC),,CIRIS,CO2|N2O|CH4,"Local emission factors: We utilized site-specific emission factors if the data were available (i.e. electricty). Otherwise, we followed the suggested emissions factors by ECCC.","Other: Myhre, G. et al., 2013: Anthropogenic and Natural Radiative Forcing. Table 8.7. In: Climate Change 2013: The Physical Science Basis.Contribution to the Fifth Assessment Report of the IPCC.Cambridge University Press, Cambridge,UK and NY, USA.","Yes, internally audited/verified (self-verification)",Emissions factors - High data quality|Activity data - Medium data quality,No changes to the methodology and/or boundary used when compared to the previously reported inventory,2023-Energy-Inventory.pdf,Renewable Regina Home Page: chrome-extension://efaidnbmnnnibpcajpcglclefindmkaj/https://www.regina.ca/export/sites/Regina.ca/about-regina/renewable-regina/.galleries/pdfs/2023-Energy-Inventory.pdf
2025 Disclosure Cycle,779465,CDP,54048,"City of Knoxville, TN",City,North America,United States of America,Public,Q3.1.1,Provide information on and an attachment (in spreadsheet format)/ direct link to your main community-wide GHG emissions inventory.,1,Response,COK_Community_Inventory_2019.xlsx,https://knoxvilletn.gov/emissions,The emissions inventory can be accessed (unrestricted) on the link provided,2019,Same - covers entire jurisdiction and nothing else,185291,,Global Protocol for Community-Scale Greenhouse Gas Emissions Inventories (GPC),ICLEI ClearPath,CH4|CO2|N2O,"Other: Combination of ClearPath defaults and custom national/local factor sets: Solid waste = IPCC, EPA, CP Water & wastewater = LPC, CP Process & fugitive = CP Buildings = EPA, LPC, CP Transportation & mobile = regional TPO, TDOT, ORNL, EPA, BTS",IPCC Fourth Assessment Report (2007),"No, not audited/verified",Emissions factors - High data quality|Activity data - Medium data quality,No changes to the methodology and/or boundary used when compared to the previously reported inventory,,"The city has published community inventories for 2005, 2012, 2015, and 2019. They are all available via the link.\n"
2025 Disclosure Cycle,779465,CDP,54060,"City of Greater Sudbury / Grand Sudbury, ON",City,North America,Canada,Public,Q3.1.1,Provide information on and an attachment (in spreadsheet format)/ direct link to your main community-wide GHG emissions inventory.,1,Response,Community Energy and Emissions Plan (CEEP).pdf,www.greatersudbury.ca/live/environment-and-sustainability1/net-zero-2050/community-energy-and-emissions-plan-ceep-march-2021-pdf,The emissions inventory has been attached and can be accessed (unrestricted) on the link provided,2016,Same - covers entire jurisdiction and nothing else,176435,Global Protocol for Community-Scale Greenhouse Gas Emissions Inventories (GPC),,CityInSight,N2O|CH4|CO2,National/sub-national emission factors: www.fcm.ca/documents/reports/PCP/Developing_Inventories_for_Greenhouse_Gas_Emissions_and_Energy_Consumption_EN.pdf,IPCC Fifth Assessment Report (2013),"Yes, externally audited/verified (third-party verification)",Activity data - Medium data quality,"Yes, due to changes in calculation methodology or improvements in data access and/or accuracy and this has triggered a recalculation of historic emissions data",Sudbury energy ghg emission inventory iclei 2002.pdf,There was an inventory created for the City of Sudbury with a baseline from 1990 (pre-amalgamation) and the report was created in 2002 (post-amalgamation). Data analysis has changed and the data is no longer available to verify.
2025 Disclosure Cycle,779465,CDP,54066,"City of Fort Collins, CO",City,North America,United States of America,Public,Q3.1.1,Provide information on and an attachment (in spreadsheet format)/ direct link to your main community-wide GHG emissions inventory.,1,Response,2023 Comm Inventory_Data Summary_May 2025.pdf,,The emissions inventory has been attached,2022/2023,Same - covers entire jurisdiction and nothing else,173872,,Global Protocol for Community-Scale Greenhouse Gas Emissions Inventories (GPC),Internal tool/process,CH4|CO2|N2O|SF6|NF3|HFCs,Local emission factors: Fort Collins Utilities EF for electricity,IPCC Sixth Assessment Report (2021),"Yes, externally audited/verified (third-party verification)",Activity data - Medium data quality|Emissions factors - Medium data quality,"Yes, due to changes in calculation methodology or improvements in data access and/or accuracy and this has triggered a recalculation of historic emissions data",2023 Community Inventory.xlsx,No additional comments
2025 Disclosure Cycle,779465,CDP,54075,"City of Lakewood, CO",City,North America,United States of America,Public,Q3.1.1,Provide information on and an attachment (in spreadsheet format)/ direct link to your main community-wide GHG emissions inventory.,1,Response,CRF GCOM report 2021.xlsx,https://www.lakewood.org/Government/Departments/Sustainability-and-Community-Development/Sustainability/Plans-and-Reports,The emissions inventory has been attached and can be accessed (unrestricted) on the link provided,2021,Same - covers entire jurisdiction and nothing else,155608.0,,Global Protocol for Community-Scale Greenhouse Gas Emissions Inventories (GPC) reported in the format of GCoM Common Reporting Framework (CRF),ICLEI ClearPath,N2O|CH4|CO2,"Local emission factors: CO2 Stationary Energy from local utility (Xcel Energy), CH4 and N2O from eGrid, On-Road Transportation from US National Defaults, Solid Waste from EPA Warm, Wastewater from local treatment plant, Cement US Census Bureau, Food - ICLEI Clearpath",IPCC Fifth Assessment Report (2013),"Yes, internally and externally audited/verified",Activity data - High data quality|Emissions factors - High data quality,"Yes, due to changes in calculation methodology or improvements in data access and/or accuracy but this has not triggered a recalculation of historic emissions data","inventory_detail 2007.xlsx,inventory_detail 2015.xlsx,inventory_detail 2018.xlsx",Staff is currently updating the 2024 communitywide GHG Inventory.
2025 Disclosure Cycle,779465,CDP,54080,"City of Sunnyvale, CA",City,North America,United States of America,Public,Q3.1.1,Provide information on and an attachment (in spreadsheet format)/ direct link to your main community-wide GHG emissions inventory.,1,Response,CommunityInventory_2023.xlsx,https://sunnyvaleclimateaction.org/scoreboard,The emissions inventory can be accessed (unrestricted) on the link provided,2022/2023,Same - covers entire jurisdiction and nothing else,156317,Global Protocol for Community-Scale Greenhouse Gas Emissions Inventories (GPC),,Internal tool/process,CH4|CO2|N2O,Local emission factors: ,"Other: We receive our emissions values from PG&E and from SVCE (Silicon Valley Clean Energy), who are our energy providers.","Yes, internally audited/verified (self-verification)",Emissions factors - High data quality|Activity data - High data quality,"Yes, due to changes in calculation methodology or improvements in data access and/or accuracy and this has triggered a recalculation of historic emissions data","CAP Progress Monitoring_CY2023.xlsx,CommunityInventory_2020_FINAL_locked.xlsx,CommunityInventory_2021_OffRoadUpdate.xlsx,CommunityInventory_2022_v2.xlsx","The Environmental Services Department of the City of Sunnyvale compiles the city's greenhouse gas emission inventories using all available data sources. A key priority is maintaining a public-facing data platform, ensuring that the community has direct access to information about both the sources and levels of emissions. To support transparency and public engagement, the data is published on the City's website. Visitors can not only view interactive charts and visualizations but also download the underlying datasets. By selecting the three-bar menu in the top right corner of the display, users can choose to export both the charts and the data used to generate them, making the information easy to access and use."
2025 Disclosure Cycle,779465,CDP,54084,"City of Guelph, ON",City,North America,Canada,Public,Q3.1.1,Provide information on and an attachment (in spreadsheet format)/ direct link to your main community-wide GHG emissions inventory.,1,Response,CoG_Community GHG Inventory_GPC_ver 3.xlsx,Emissions inventory spreadsheet attached,The emissions inventory has been attached,2021,Same - covers entire jurisdiction and nothing else,146175.0,,Global Protocol for Community-Scale Greenhouse Gas Emissions Inventories (GPC) reported in the format of GCoM Common Reporting Framework (CRF),Internal tool/process,CO2|CH4|N2O,National/sub-national emission factors: National Inventory Report 1990-2021: Greenhouse Gas Sources and Sinks in Canada,IPCC Sixth Assessment Report (2021),"Yes, internally and externally audited/verified",Activity data - High data quality|Emissions factors - High data quality,No changes to the methodology and/or boundary used when compared to the previously reported inventory,CoG_Community GHG Inventory_GPC_ver 3.xlsx,Emissions inventory sheet attached
2025 Disclosure Cycle,779465,CDP,54088,"City of Peterborough, ON",City,North America,Canada,Public,Q3.1.1,Provide information on and an attachment (in spreadsheet format)/ direct link to your main community-wide GHG emissions inventory.,1,Response,Peterborough Community Emissions3.xlsx,Peterborough Community Emissions Inventory is attached.,The emissions inventory has been attached,2023,Same - covers entire jurisdiction and nothing else,83125.0,Global Protocol for Community-Scale Greenhouse Gas Emissions Inventories (GPC),,Internal tool/process,N2O|CH4|CO2,National/sub-national emission factors: https://publications.gc.ca/site/eng/9.506002/publication.html,IPCC Fifth Assessment Report (2013),"Yes, internally audited/verified (self-verification)",Activity data - High data quality|Emissions factors - High data quality,No changes to the methodology and/or boundary used when compared to the previously reported inventory,,"Community GHG emissions for buildings and transportation for 2011, 2018, 2019, 2020, 2021, 2022, and 2023 have been calculated. Additional data for buildings and transportation have been included for 2024 but the emission factors have not been certified by the federal government. "
2025 Disclosure Cycle,779465,CDP,54092,"City of Ann Arbor, MI",City,North America,United States of America,Public,Q3.1.1,Provide information on and an attachment (in spreadsheet format)/ direct link to your main community-wide GHG emissions inventory.,1,Response,"CIRIS City of Ann Arbor GHG Inventory 2024.xlsx,CIRIS City of Ann Arbor GHG Inventory 2024.xlsx",,The emissions inventory has been attached,2024,Same - covers entire jurisdiction and nothing else,119380,,U.S. Community Protocol for Accounting and Reporting of Greenhouse Gas Emissions (ICLEI USA),CIRIS,CO2|N2O|CH4,Default IPCC emission factors,IPCC Fifth Assessment Report (2013),,,,,
2025 Disclosure Cycle,779465,CDP,54098,"City of Thunder Bay, ON",City,North America,Canada,Public,Q3.1.1,Provide information on and an attachment (in spreadsheet format)/ direct link to your main community-wide GHG emissions inventory.,1,Response,2021 GHG Inventory Update_GPC Protocol_August 2023.xlsx,"n/a, see attached",The emissions inventory has been attached,2021,Same - covers entire jurisdiction and nothing else,108843,,International Emissions Analysis Protocol (ICLEI),CityInSight,CH4|CO2|N2O,National/sub-national emission factors: Environment and Climate Change Canada. National Inventory Report 1990-2020: Green House Gas Sources and Sinks in Canada. Part 2.,IPCC Fifth Assessment Report (2013),"Yes, internally audited/verified (self-verification)",Emissions factors - High data quality|Activity data - Medium data quality,No changes to the methodology and/or boundary used when compared to the previously reported inventory,2016 Thunder Bay Community and Corporate GHG Inventory Report May 16.pdf,"The first document outlines the last formal inventory performed for 2021 (published in 2023). 2024 will be another formal inventory year, and will be published by 2026 at the earliest. Please see the second attachment for a summary report of a 2018 inventory review too."
2025 Disclosure Cycle,779465,CDP,54100,"City of Columbia, MO",City,North America,United States of America,Public,Q3.1.1,Provide information on and an attachment (in spreadsheet format)/ direct link to your main community-wide GHG emissions inventory.,1,Response,City of Columbia Community Wide GHG Emissions Inventory_CDP Submission.xlsx,<Not Applicable>,The emissions inventory has been attached,2024,Same - covers entire jurisdiction and nothing else,129300,,U.S. Community Protocol for Accounting and Reporting of Greenhouse Gas Emissions (ICLEI USA),ICLEI ClearPath,CO2|CH4|N2O,Default IPCC emission factors,IPCC Sixth Assessment Report (2021),"Yes, internally audited/verified (self-verification)",Activity data - High data quality|Emissions factors - High data quality,No changes to the methodology and/or boundary used when compared to the previously reported inventory,City of Columbia GHG Report_Final.pdf,Transportation emissions were estimated using historical Google Environmental Insights Explorer (EIE) Vehicle Miles Travelled data due to the absence of 2024 transportation data. This approach is consistent with standard practice when current-year data are not yet available and ensures comparability with previously reported inventories. 
2025 Disclosure Cycle,779465,CDP,54102,"City of Albany, NY",City,North America,United States of America,Public,Q3.1.1,Provide information on and an attachment (in spreadsheet format)/ direct link to your main community-wide GHG emissions inventory.,1,Response,"Albany, NY 2023 CW and LGO Greenhouse Gas Emissions Inventory.pdf,Albany, NY 2023 CW and LGO Greenhouse Gas Emissions Inventory.pdf",,The emissions inventory has been attached,2023,Same - covers entire jurisdiction and nothing else,101297,,U.S. Community Protocol for Accounting and Reporting of Greenhouse Gas Emissions (ICLEI USA),ICLEI ClearPath,CO2|N2O|CH4,,IPCC Sixth Assessment Report (2021),"Yes, externally audited/verified (third-party verification)",Activity data - High data quality|Emissions factors - High data quality,"Yes, due to changes in calculation methodology or improvements in data access and/or accuracy but this has not triggered a recalculation of historic emissions data",,
2025 Disclosure Cycle,779465,CDP,54104,"City of Boulder, CO",City,North America,United States of America,Public,Q3.1.1,Provide information on and an attachment (in spreadsheet format)/ direct link to your main community-wide GHG emissions inventory.,1,Response,Boulder_GCoM CRF_2023.xlsx,https://bouldercolorado.gov/projects/community-greenhouse-gas-inventory,The emissions inventory has been attached and can be accessed (unrestricted) on the link provided,2023/2024,Same - covers entire jurisdiction and nothing else,108150,,Global Protocol for Community-Scale Greenhouse Gas Emissions Inventories (GPC),ICLEI ClearPath,N2O|CO2|CH4|HFCs|PFCs,"National/sub-national emission factors: ICLEI US Community Protocol, EPA",IPCC Sixth Assessment Report (2021),"Yes, internally and externally audited/verified",Emissions factors - High data quality|Activity data - High data quality,No changes to the methodology and/or boundary used when compared to the previously reported inventory,,N/A
2025 Disclosure Cycle,779465,CDP,54105,"City of Duluth, MN",City,North America,United States of America,Public,Q3.1.1,Provide information on and an attachment (in spreadsheet format)/ direct link to your main community-wide GHG emissions inventory.,1,Response,,https://www.regionalindicatorsmn.com/emissions-chart,The emissions inventory has been attached,2019/2020,Same - covers entire jurisdiction and nothing else,86697.0,Global Protocol for Community-Scale Greenhouse Gas Emissions Inventories (GPC) reported in the format of GCoM Common Reporting Framework (CRF),,Other: Minnesota's Regional Indicators Initiative,CH4|CO2|N2O,Default IPCC emission factors,IPCC Fourth Assessment Report (2007),,,,,N/A
2025 Disclosure Cycle,779465,CDP,54109,"City of Bloomington, IN",City,North America,United States of America,Public,Q3.1.1,Provide information on and an attachment (in spreadsheet format)/ direct link to your main community-wide GHG emissions inventory.,1,Response,2023 Bloomington Greenhouse Gas Inventory Report.pdf,https://bloomington.in.gov/sites/default/files/2025-01/2023%20Bloomington%20Greenhouse%20Gas%20Inventory%20Report.pdf,The emissions inventory has been attached,2023,Same - covers entire jurisdiction and nothing else,78840,,Global Protocol for Community-Scale Greenhouse Gas Emissions Inventories (GPC),Consultancy-developed tool/process: The ClimateNav software platform was utilized to conduct the City's 2023 inventory.,SF6|PFCs|N2O|NF3|HFCs|CH4|CO2,National/sub-national emission factors: The standard national and sub-national emission factors provided by the US Environmental Protection Agency were used in compiling the City's 2022 GHG Inventory.,IPCC Fifth Assessment Report (2013),"Yes, externally audited/verified (third-party verification)",Emissions factors - High data quality|Activity data - Medium data quality,No changes to the methodology and/or boundary used when compared to the previously reported inventory,,View our City webpage for more details: https://bloomington.in.gov/sustainability/greenhouse-gas-inventory.
2025 Disclosure Cycle,779465,CDP,54110,"City of Santa Monica, CA",City,North America,United States of America,Public,Q3.1.1,Provide information on and an attachment (in spreadsheet format)/ direct link to your main community-wide GHG emissions inventory.,1,Response,cdp_report.xlsx,https://www.santamonica.gov/media/OSE/2023%20GHG%20Inventory%20Report.pdf,The emissions inventory has been attached,2023,Same - covers entire jurisdiction and nothing else,91000,,Global Protocol for Community-Scale Greenhouse Gas Emissions Inventories (GPC),ICLEI ClearPath,CH4|N2O|CO2,Default IPCC emission factors,Do not know,"No, not audited/verified",Activity data - High data quality|Emissions factors - High data quality,"Yes, due to changes in calculation methodology or improvements in data access and/or accuracy but this has not triggered a recalculation of historic emissions data",,https://www.santamonica.gov/climate-action-and-adaptation-plan
2025 Disclosure Cycle,779465,CDP,54111,"City of Iowa City, IA",City,North America,United States of America,Public,Q3.1.1,Provide information on and an attachment (in spreadsheet format)/ direct link to your main community-wide GHG emissions inventory.,1,Response,2024 NEW TARGET Emissions Tracking Calculator.xlsx,n/a,The emissions inventory has been attached,2023/2024,Same - covers entire jurisdiction and nothing else,76949,,Global Protocol for Community-Scale Greenhouse Gas Emissions Inventories (GPC),Internal tool/process,CH4|CO2|N2O,Default IPCC emission factors,IPCC Fifth Assessment Report (2013),"Yes, internally audited/verified (self-verification)",Emissions factors - High data quality|Activity data - High data quality,No changes to the methodology and/or boundary used when compared to the previously reported inventory,,https://www.icgov.org/government/departments-and-divisions/climate-action-outreach/climate-plans-and-reports
2025 Disclosure Cycle,779465,CDP,54113,"City of Flagstaff, AZ",City,North America,United States of America,Public,Q3.1.1,Provide information on and an attachment (in spreadsheet format)/ direct link to your main community-wide GHG emissions inventory.,1,Response,"2023 GHG Inventory_CDP.xlsx,2023 GHG Inventory_CDP.xlsx",Flagstaff 2023 Inventory attached,The emissions inventory has been attached,2023,Same - covers entire jurisdiction and nothing else,76338.0,,Global Protocol for Community-Scale Greenhouse Gas Emissions Inventories (GPC) reported in the format of GCoM Common Reporting Framework (CRF),ICLEI ClearPath,CO2|CH4|N2O,National/sub-national emission factors: Emissions & Generation Resource Integrated Database (eGRID) WECC Southwest and US National Defaults.,IPCC Fifth Assessment Report (2013),"Yes, internally audited/verified (self-verification)",Emissions factors - High data quality|Activity data - High data quality,"Yes, due to changes in calculation methodology or improvements in data access and/or accuracy and this has triggered a recalculation of historic emissions data",,The attached spreadsheet has two tabs: 1) Summary 2) GCoM Framework
2025 Disclosure Cycle,779465,CDP,54114,"City of Asheville, NC",City,North America,United States of America,Public,Q3.1.1,Provide information on and an attachment (in spreadsheet format)/ direct link to your main community-wide GHG emissions inventory.,1,Response,2019 Emissions Inventory for CDP - report (1).csv.pdf,https://docs.google.com/spreadsheets/d/15TyJE2Oik8A4iSrEOjoNWOo3imlr46W0tKrQD88BKdU/edit?usp=sharing,The emissions inventory has been attached and can be accessed (unrestricted) on the link provided,2019/2020,Same - covers entire jurisdiction and nothing else,91560.0,U.S. Community Protocol for Accounting and Reporting of Greenhouse Gas Emissions (ICLEI USA),,ICLEI ClearPath,CO2,National/sub-national emission factors: State has statewide emissions inventory that we reference,IPCC Fifth Assessment Report (2013),"No, not audited/verified",Activity data - Medium data quality|Emissions factors - High data quality,Other: We are recalculating old commuter data with updated emissions factors from the EPA and Clearpath from ICLEI uses updated emissions factors when available. We have not recalculated all of our historic emissions data,,"We use clearpath from ICLEI, which evaluates CO2, CH4, and N2O gases though not all of our data sources include that analysis. We would be happy to include additional GHGs but would likely need that change to come from ICLEI. "
2025 Disclosure Cycle,779465,CDP,54116,"City of Dubuque, IA",City,North America,United States of America,Public,Q3.1.1,Provide information on and an attachment (in spreadsheet format)/ direct link to your main community-wide GHG emissions inventory.,1,Response,cdp_report(CDP).csv,,The emissions inventory has been attached,2022,Same - covers entire jurisdiction and nothing else,58873.0,,Global Protocol for Community-Scale Greenhouse Gas Emissions Inventories (GPC) reported in the format of GCoM Common Reporting Framework (CRF),Consultancy-developed tool/process: Lotus Engineering and Sustainability,CH4|PFCs|HFCs|CO2|N2O|SF6|NF3,Default IPCC emission factors,IPCC Sixth Assessment Report (2021),Other: Lotus (3rd party consultant) provides two levels of Quality Assurance and Quality Control. Lotus relies on other third party verification for activity data and emission factors.,Activity data - High data quality|Emissions factors - High data quality,No changes to the methodology and/or boundary used when compared to the previously reported inventory,"Dubuque GHG Inventory Report-6.4.19_Final.pdf,Greenhouse Gas Inventory - 2022.pdf",
2025 Disclosure Cycle,779465,CDP,54119,"City of Palo Alto, CA",City,North America,United States of America,Public,Q3.1.1,Provide information on and an attachment (in spreadsheet format)/ direct link to your main community-wide GHG emissions inventory.,1,Response,paloaltoacademyboard_2023_INVENTORY_2025-08-27_23-21.xlsx,None,The emissions inventory has been attached,2023,Same - covers entire jurisdiction and nothing else,67901,,Global Protocol for Community-Scale Greenhouse Gas Emissions Inventories (GPC) reported in the format of GCoM Common Reporting Framework (CRF),ICLEI ClearPath,CO2|CH4|N2O,Emission Factor Database (EFDB),IPCC Fifth Assessment Report (2013),Other: ,Emissions factors - High data quality|Activity data - High data quality,"Yes, due to changes in calculation methodology or improvements in data access and/or accuracy but this has not triggered a recalculation of historic emissions data",paloaltoliveboard_2023_INVENTORY_2025-08-28_18-08.xlsx,The download from ClearPath excludes off-road transportation. The GCoM Common Reporting Framework spreadsheet attached contains activity data and emissions factors necessary for compliance with GCoM Inventory badge.
2025 Disclosure Cycle,779465,CDP,54124,"City of Fremont, CA",City,North America,United States of America,Public,Q3.1.1,Provide information on and an attachment (in spreadsheet format)/ direct link to your main community-wide GHG emissions inventory.,1,Response,inventorydetail2018.xlsx,Spreadsheet Attachment,The emissions inventory has been attached,2018,Same - covers entire jurisdiction and nothing else,235740.0,,U.S. Community Protocol for Accounting and Reporting of Greenhouse Gas Emissions (ICLEI USA),ICLEI ClearPath,N2O|CO2|CH4,Default IPCC emission factors,IPCC Fifth Assessment Report (2013),"Yes, externally audited/verified (third-party verification)",Emissions factors - High data quality|Activity data - High data quality,Other: The Off-Road Vehicles and equipment sector w as not included in the original 2005 inventory that was incorporated into the City's 2012 CAP.,inventorydetail2018.xlsx,"2018 Emissions Inventory is Attached. Additionally, the newly updated CAP titled Climate Ready Fremont also shares GHG results from the 2018 inventory. \n\nLink to the City's CLiamte Action Plan: https://www.fremont.gov/home/showpublisheddocument/14218/638333186754130000\n"
2025 Disclosure Cycle,779465,CDP,54125,"City of Boise, ID",City,North America,United States of America,Public,Q3.1.1,Provide information on and an attachment (in spreadsheet format)/ direct link to your main community-wide GHG emissions inventory.,1,Response,"cdp_report 2025.xlsx,cdp_report.xlsx",https://www.cityofboise.org/programs/climate-action/research-and-data/,The emissions inventory has been attached,2024,Same - covers entire jurisdiction and nothing else,237963,U.S. Community Protocol for Accounting and Reporting of Greenhouse Gas Emissions (ICLEI USA),,ICLEI ClearPath,CO2|N2O|CH4,"Local emission factors: Idaho Power Annual Report for Annual Emissions Factor, Ada County Solid Waste Inventory for Solid Waste Factor Set, Metropolitian Planning Organization and Idaho Department of Environtmental Quality for transportation emissions factor set.",IPCC Sixth Assessment Report (2021),"Yes, internally audited/verified (self-verification)",Activity data - High data quality,No changes to the methodology and/or boundary used when compared to the previously reported inventory,,
2025 Disclosure Cycle,779465,CDP,54128,"City of Reno, NV",City,North America,United States of America,Public,Q3.1.1,Provide information on and an attachment (in spreadsheet format)/ direct link to your main community-wide GHG emissions inventory.,1,Response,"Reno, NV 2021 CW GHGI Report.pdf",https://www.reno.gov/community/sustainability/climate-energy,The emissions inventory has been attached,2021,Same - covers entire jurisdiction and nothing else,264165.0,,U.S. Community Protocol for Accounting and Reporting of Greenhouse Gas Emissions (ICLEI USA),ICLEI ClearPath,PFCs|NF3|SF6|N2O|CO2|CH4|HFCs,Default IPCC emission factors,Do not know,"Yes, internally and externally audited/verified",Emissions factors - Medium data quality,"Yes, due to changes in calculation methodology or improvements in data access and/or accuracy and this has triggered a recalculation of historic emissions data",,na
2025 Disclosure Cycle,779465,CDP,54144,City of Yarra,City,South East Asia & Oceania,Australia,Public,Q3.1.1,Provide information on and an attachment (in spreadsheet format)/ direct link to your main community-wide GHG emissions inventory.,1,Response,,https://snapshotclimate.com.au/locality/australia/victoria/yarra/,The emissions inventory has been attached,2021/2022,Same - covers entire jurisdiction and nothing else,90114,,Global Protocol for Community-Scale Greenhouse Gas Emissions Inventories (GPC) reported in the format of GCoM Common Reporting Framework (CRF),Other: Ironbark Sustainability 'Snapshot' tool,CH4|CO2|N2O,National/sub-national emission factors: The majority of the emissions factors are from Australian National Greenhouse Accounts Factors: https://www.dcceew.gov.au/sites/default/files/documents/national-greenhouse-account-factors-2023.pdf,IPCC Fifth Assessment Report (2013),"No, not audited/verified",Activity data - Medium data quality|Emissions factors - High data quality,"Yes, due to changes in calculation methodology or improvements in data access and/or accuracy but this has not triggered a recalculation of historic emissions data",,Note that the Snapshot as a whole has been externally audited
2025 Disclosure Cycle,779465,CDP,54253,Wollongong City Council,City,South East Asia & Oceania,Australia,Public,Q3.1.1,Provide information on and an attachment (in spreadsheet format)/ direct link to your main community-wide GHG emissions inventory.,1,Response,WOL_DAT_004_CDP_Data_251104.xlsx,https://snapshotclimate.com.au/locality/municipality/australia/new-south-wales/wollongong/,The emissions inventory has been attached,2021/2022,Same - covers entire jurisdiction and nothing else,215000,,Global Protocol for Community-Scale Greenhouse Gas Emissions Inventories (GPC),Snapshot Tool (Australia),CO2|N2O|CH4,National/sub-national emission factors: NGERs,IPCC Fifth Assessment Report (2013),"No, not audited/verified",Activity data - Medium data quality,No changes to the methodology and/or boundary used when compared to the previously reported inventory,,NA
2025 Disclosure Cycle,779465,CDP,54268,Dunedin City Council,City,South East Asia & Oceania,New Zealand,Public,Q3.1.1,Provide information on and an attachment (in spreadsheet format)/ direct link to your main community-wide GHG emissions inventory.,1,Response,,https://www.dunedin.govt.nz/__data/assets/pdf_file/0005/920723/Dunedin-City-Community-Carbon-Footprint-2022.pdf,The emissions inventory can be accessed (unrestricted) on the link provided,2021/2022,Same - covers entire jurisdiction and nothing else,134100,,Global Protocol for Community-Scale Greenhouse Gas Emissions Inventories (GPC),Other regionally/nationally developed tool/process: AECOM (consulatncy) specific tool,N2O|CH4|CO2,Local emission factors: Emission factors derived from the Ministry for the Environment,IPCC Fifth Assessment Report (2013),"Yes, internally audited/verified (self-verification)",Activity data - Medium data quality,"Yes, due to changes in calculation methodology or improvements in data access and/or accuracy and this has triggered a recalculation of historic emissions data",,A community wide footprint will be conducted later in 2025 and will be available to be included in the CDP reporting of 2026.
2025 Disclosure Cycle,779465,CDP,54277,New Plymouth District Council,City,South East Asia & Oceania,New Zealand,Public,Q3.1.1,Provide information on and an attachment (in spreadsheet format)/ direct link to your main community-wide GHG emissions inventory.,1,Response,New Plymouth District Council Regional GHG - Summary Report_Final.pdf,,The emissions inventory has been attached,2017/2018,Same - covers entire jurisdiction and nothing else,81900.0,,Regional or country/area specific methodology,Consultancy-developed tool/process: Consultancy,CO2|CH4|HFCs|N2O,Do not know,IPCC Fourth Assessment Report (2007),"No, not audited/verified",Activity data - Low data quality,No changes to the methodology and/or boundary used when compared to the previously reported inventory,,"NPDC also has access to the District Economic Profiles from Infometrics. This dataset now includes a District Greenhouse Gas Emissions estimate that is refreshed annually. Moving forward, this is likely to become our main source of information for community-wide GHG emissions inventories. "
2025 Disclosure Cycle,779465,CDP,54290,Qingdao Municipal Government,City,China,China,Public,Q3.1.1,Provide information on and an attachment (in spreadsheet format)/ direct link to your main community-wide GHG emissions inventory.,1,Response,2022-GPC.docx.xls,,The emissions inventory has been attached,2022,Same - covers entire jurisdiction and nothing else,10342100,Global Protocol for Community-Scale Greenhouse Gas Emissions Inventories (GPC),,Internal tool/process,CH4|CO2|N2O|SF6,National/sub-national emission factors: 按照《省级温室气体清单编制指南》和《城市温室气体核算国际标准》中推荐方法,IPCC Second Assessment Report (1995),"Yes, internally audited/verified (self-verification)",Activity data - High data quality|Emissions factors - Medium data quality,No changes to the methodology and/or boundary used when compared to the previously reported inventory,,无
2025 Disclosure Cycle,779465,CDP,54293,People's Government of Guangzhou Municipality,City,China,China,Public,Q3.1.1,Provide information on and an attachment (in spreadsheet format)/ direct link to your main community-wide GHG emissions inventory.,1,Response,,不提供,Unable to provide an attachment and/or direct link to my emissions inventory,2023/2024,Same - covers entire jurisdiction and nothing else,18978000,Regional or country/area specific methodology,,Internal tool/process,PFCs|NF3|HFCs|SF6|CO2|N2O|CH4,National/sub-national emission factors: ,IPCC Sixth Assessment Report (2021),"Yes, internally audited/verified (self-verification)",Activity data - Medium data quality|Emissions factors - Medium data quality,No changes to the methodology and/or boundary used when compared to the previously reported inventory,,
2025 Disclosure Cycle,779465,CDP,54298,Dalian Municipal People's Government,City,China,China,Public,Q3.1.1,Provide information on and an attachment (in spreadsheet format)/ direct link to your main community-wide GHG emissions inventory.,1,Response,大连市2020年温室气体清单总报告20230202（1）.pdf,无,The emissions inventory has been attached,2020,Same - covers entire jurisdiction and nothing else,7539000,2006 IPCC Guidelines for National Greenhouse Gas Inventories,,Data Portal for Cities,N2O|CH4|PFCs|HFCs|SF6|CO2,Default IPCC emission factors,IPCC Third Assessment Report (2001),"Yes, internally audited/verified (self-verification)",Activity data - High data quality|Emissions factors - Medium data quality|Emissions factors - High data quality|Emissions factors - Low data quality|Activity data - Medium data quality|Activity data - Low data quality,No changes to the methodology and/or boundary used when compared to the previously reported inventory,00-大连市2015-2019年温室气体清单总报告.pdf,无
2025 Disclosure Cycle,779465,CDP,54305,Rajkot Municipal Corporation,City,India,India,Public,Q3.1.1,Provide information on and an attachment (in spreadsheet format)/ direct link to your main community-wide GHG emissions inventory.,1,Response,Community Wide Emissions Inventory_Rajkot_CDP.xlsx,https://docs.google.com/spreadsheets/d/1wXbe3RBygGnlVv0whrogU6N_S8TzU646/edit?usp=drive_link&ouid=112273043695011305487&rtpof=true&sd=true,The emissions inventory has been attached and can be accessed (unrestricted) on the link provided,2021/2022,Same - covers entire jurisdiction and nothing else,2045682,,Global Protocol for Community-Scale Greenhouse Gas Emissions Inventories (GPC) reported in the format of GCoM Common Reporting Framework (CRF),Other: Harmonized Emissions Analysis Tool (HEAT+) by ICLEI,N2O|CH4|CO2,Default IPCC emission factors,IPCC Fourth Assessment Report (2007),"Yes, internally audited/verified (self-verification)",Emissions factors - High data quality|Activity data - High data quality,No changes to the methodology and/or boundary used when compared to the previously reported inventory,,"As Rajkot city has prepared Rajkot Climate Resilient City Action Plan- Towards A Net Zero Future by 2070, GHG emissions inventory is updated for FY 2021-22, which is also the baseline year for Rajkot Climate Resilient City Action Plan. Based on past reporting, Rajkot was selected as the national winner of the One Planet City Challenge (OPCC) in India. Based on 2019-20 reporting, the city had received all the badges of GCoM"
2025 Disclosure Cycle,779465,CDP,54308,Coimbatore City Municipal Corporation,City,India,India,Public,Q3.1.1,Provide information on and an attachment (in spreadsheet format)/ direct link to your main community-wide GHG emissions inventory.,1,Response,Final_Coimbatore_GHG Emission inventory_CapaCITIES Phase II_v4.xlsx,https://docs.google.com/spreadsheets/d/1szZSpmS-2OHQzqmG8ARzUlzwmpKyEeAk/edit?usp=drive_link&ouid=101165406779501440697&rtpof=true&sd=true,The emissions inventory can be accessed (unrestricted) on the link provided,2021/2022,Same - covers entire jurisdiction and nothing else,2288042.0,,Global Protocol for Community-Scale Greenhouse Gas Emissions Inventories (GPC),Other: Harmonized Emissions Analysis Tool (HEAT+) by ICLEI,CO2|N2O|CH4,Default IPCC emission factors,IPCC Fourth Assessment Report (2007),"Yes, internally audited/verified (self-verification)",Activity data - Medium data quality,No changes to the methodology and/or boundary used when compared to the previously reported inventory,Coimbatore_GHG-Emissions-Inventory_Summary-2019-20.pdf,"The full GHG inventory methodology, activity data sources, emission factors and historical trend analysis (2015-16 to 2019-20) are available in the Coimbatore GHG Emissions Inventory Summary Note (CapaCITIES). https://www.capacitiesindia.org/wp-content/uploads/2020/11/Coimbatore_GHG-Emissions-Inventory_Summary-Note.pdf"
2025 Disclosure Cycle,779465,CDP,54310,Government of Palembang,City,South East Asia & Oceania,Indonesia,Public,Q3.1.1,Provide information on and an attachment (in spreadsheet format)/ direct link to your main community-wide GHG emissions inventory.,1,Response,"Laporan IGRK KOTA PALEMBANG 2024.pdf,pdf Perhitungan IGRK 2023-2024.pdf",https://drive.google.com/file/d/12CqWESZWFmrcwSjwA5EGVahjd7y4MvNg/view?usp=sharing\n,The emissions inventory has been attached,2023/2024,Same - covers entire jurisdiction and nothing else,1772492,,Global Protocol for Community-Scale Greenhouse Gas Emissions Inventories (GPC) reported in the format of GCoM Common Reporting Framework (CRF),SIGN-SMART (Indonesia),CH4|CO2|N2O,Default IPCC emission factors,IPCC Second Assessment Report (1995),"Yes, internally audited/verified (self-verification)",Activity data - High data quality|Emissions factors - High data quality,No changes to the methodology and/or boundary used when compared to the previously reported inventory,"Laporan IGRK KOTA PALEMBANG 2024.pdf,Laporan IGRK KOTA PALEMBANG 2024.pdf,Palembang_IGRK dan Rencana Aksi Mitigasi.pdf",https://drive.google.com/file/d/1EuzsrpLdVNAD6bRtYKXOAvPXZicV_BQ0/view?usp=sharing\nhttps://drive.google.com/file/d/1pO-mIvE9dYU0h_fLuyWGBK0VS7OFjGHC/view?usp=sharing\n\nData Kota Palembang untuk......
2025 Disclosure Cycle,779465,CDP,54327,Semarang City Government,City,South East Asia & Oceania,Indonesia,Public,Q3.1.1,Provide information on and an attachment (in spreadsheet format)/ direct link to your main community-wide GHG emissions inventory.,1,Response,"Laporan Akhir IGRK Kota Semarang 2024_Submit ICLEI.pdf,Laporan Akhir RAD GRK Kota Semarang (1).pdf",https://drive.google.com/drive/folders/1x8I4fsiK0S8re-nbGFRHdURTWg80A22c,The emissions inventory has been attached,2023,Same - covers entire jurisdiction and nothing else,1694743,,2006 IPCC Guidelines for National Greenhouse Gas Inventories,SIGN-SMART (Indonesia),CO2,Default IPCC emission factors,Other: Pedoman Intergovernmental Panel on Climate Change (IPCC) Tahun 2006 (2006 IPCC Guideline for National Greenhouse Gas Inventories) telah diadopsi menjadi Pedoman Umum Inventarisasi Gas Rumah Kaca Nasional,"No, not audited/verified",Activity data - High data quality|Emissions factors - High data quality,No changes to the methodology and/or boundary used when compared to the previously reported inventory,,ok
2025 Disclosure Cycle,779465,CDP,54328,City of Niigata,City,Japan,Japan,Public,Q3.1.1,Provide information on and an attachment (in spreadsheet format)/ direct link to your main community-wide GHG emissions inventory.,1,Response,★MyCovenantJapanテンプレート（新潟市）.xlsx,,The emissions inventory has been attached,2022,Same - covers entire jurisdiction and nothing else,773914,,Regional or country/area specific methodology,Government of Japan Ministry of Environment Manual (Japan),CO2|N2O|CH4|SF6|HFCs|PFCs,National/sub-national emission factors: 温室効果ガスインベントリ報告書に準拠,IPCC Fifth Assessment Report (2013),"No, not audited/verified",Activity data - High data quality,No changes to the methodology and/or boundary used when compared to the previously reported inventory,,
2025 Disclosure Cycle,779465,CDP,54329,Bogor City Government,City,South East Asia & Oceania,Indonesia,Public,Q3.1.1,Provide information on and an attachment (in spreadsheet format)/ direct link to your main community-wide GHG emissions inventory.,1,Response,01. IGRK Lap. Akhir_23-12-2024_Final.pdf,-,The emissions inventory has been attached,2024,Same - covers entire jurisdiction and nothing else,1013019,,2006 IPCC Guidelines for National Greenhouse Gas Inventories,SIGN-SMART (Indonesia),CO2|CH4|N2O,Default IPCC emission factors,IPCC Sixth Assessment Report (2021),"Yes, externally audited/verified (third-party verification)",Emissions factors - Medium data quality|Activity data - Medium data quality,"Yes, due to changes in calculation methodology or improvements in data access and/or accuracy and this has triggered a recalculation of historic emissions data","02. Lap Akhir (dok induk_lampiran 1&2)_RAD GRK Kota Bogor_24-1-2024_Font Hitam.pdf,02. Lap Akhir (dok induk_lampiran 1&2)_RAD GRK Kota Bogor_24-1-2024_Font Hitam.pdf","The inventory and calculation of greenhouse gases (GHG) in 2024 includes several updates to activity data, such as data on electricity consumption and natural gas consumption for households. The activity data used from each emission source has been confirmed with the relevant agencies responsible for the data. We have a Regional Greenhouse Gas Action Plan document for 2023. The GHG emissions calculations in this report cover total GHG emissions from 2013 to 2022. This is listed in the Regional Greenhouse Gas Action Plan document described in Chapter 4."
2025 Disclosure Cycle,779465,CDP,54330,City of Kawasaki,City,Japan,Japan,Public,Q3.1.1,Provide information on and an attachment (in spreadsheet format)/ direct link to your main community-wide GHG emissions inventory.,1,Response,市内温室効果ガス排出量.csv,https://www.city.kawasaki.jp/300/page/0000013861.html,The emissions inventory has been attached and can be accessed (unrestricted) on the link provided,2022,Same - covers entire jurisdiction and nothing else,1538721,Regional or country/area specific methodology,,Internal tool/process,PFCs|NF3|HFCs|N2O|CO2|CH4|SF6,National/sub-national emission factors: 我が国の「地球温暖化対策の推進に関する法律」に基づく「温室効果ガス排出量の算定・報告・公表制度」に基づく排出係数,IPCC Fifth Assessment Report (2013),"Yes, internally audited/verified (self-verification)",Emissions factors - Medium data quality|Activity data - Medium data quality,No changes to the methodology and/or boundary used when compared to the previously reported inventory,部門別二酸化炭素排出量.csv,人口は2022年4月1日現在
2025 Disclosure Cycle,779465,CDP,54331,City of Sagamihara,City,Japan,Japan,Public,Q3.1.1,Provide information on and an attachment (in spreadsheet format)/ direct link to your main community-wide GHG emissions inventory.,1,Response,,https://www.city.sagamihara.kanagawa.jp/_res/projects/default_project/_page_/001/008/145/r05houkoku2.pdf,The emissions inventory can be accessed (unrestricted) on the link provided,2024,Same - covers entire jurisdiction and nothing else,723785,Regional or country/area specific methodology,,Government of Japan Ministry of Environment Manual (Japan),CO2,National/sub-national emission factors: 国のマニュアルを参考に、温室効果ガス排出量との相関がある要素の数値に活動量あたりのエネルギー消費の単位量を乗じたものを活用している。,IPCC Fifth Assessment Report (2013),"Yes, externally audited/verified (third-party verification)",Activity data - Medium data quality|Emissions factors - Medium data quality,No changes to the methodology and/or boundary used when compared to the previously reported inventory,,https://www.city.sagamihara.kanagawa.jp/_res/projects/default_project/_page_/001/008/145/r04houkoku_s.pdf
2025 Disclosure Cycle,779465,CDP,54335,Government of the City of Yogyakarta,City,South East Asia & Oceania,Indonesia,Public,Q3.1.1,Provide information on and an attachment (in spreadsheet format)/ direct link to your main community-wide GHG emissions inventory.,1,Response,Laporan Akhir IGRK Kota Yogyakarta 2025 (2).pdf,,Unable to provide an attachment and/or direct link to my emissions inventory,2024,Same - covers entire jurisdiction and nothing else,415605,2006 IPCC Guidelines for National Greenhouse Gas Inventories,,SIGN-SMART (Indonesia),SF6|CO2|PFCs|NF3|HFCs|CH4|N2O,Default IPCC emission factors,IPCC Second Assessment Report (1995),"No, not audited/verified",Activity data - High data quality,"Yes, due to changes in calculation methodology or improvements in data access and/or accuracy but this has not triggered a recalculation of historic emissions data",LAPORAN IGRK TAHUN 2017 KOTA YOGYAKARTA.pdf,"Metodologi diperbarui ke IPCC 2006 & SIGN-SMART, batas inventaris tak lagi mencakup pembangkit listrik, dan data historis 2017 tidak dihitung ulang; hasil 2022-2024 menjadi baseline RAD-GRK Kota Yogyakarta"
2025 Disclosure Cycle,779465,CDP,54337,Greater Amman Municipality,City,UKWW,Jordan,Public,Q3.1.1,Provide information on and an attachment (in spreadsheet format)/ direct link to your main community-wide GHG emissions inventory.,1,Response,,https://drive.google.com/file/d/1mRFHwOO4-WBgtGYVr503Tt94YJHCBOuh/view?usp=sharing\n,The emissions inventory can be accessed (unrestricted) on the link provided,2022,Same - covers entire jurisdiction and nothing else,4163133,,2006 IPCC Guidelines for National Greenhouse Gas Inventories,CIRIS,N2O|SF6|HFCs|CO2|CH4,Default IPCC emission factors,IPCC Fourth Assessment Report (2007),"Yes, internally audited/verified (self-verification)",Emissions factors - Low data quality|Activity data - Medium data quality,"Yes, due to changes in calculation methodology or improvements in data access and/or accuracy but this has not triggered a recalculation of historic emissions data",GAM GHG inventory report.docx,the data has been transferred into Pathways tool in coordination with C40 but it is yet to be verified
2025 Disclosure Cycle,779465,CDP,54339,Denpasar City Government,City,South East Asia & Oceania,Indonesia,Public,Q3.1.1,Provide information on and an attachment (in spreadsheet format)/ direct link to your main community-wide GHG emissions inventory.,1,Response,IGRK KOTA DENPASAR 2025.pdf,https://drive.google.com/file/d/1bd_7FXjQWZKOKflHImQFptH5Zh_whxXQ/view?usp=sharing,The emissions inventory has been attached and can be accessed (unrestricted) on the link provided,2024,Same - covers entire jurisdiction and nothing else,762500,,1996 IPCC Guidelines for National Greenhouse Gas Inventories,SIGN-SMART (Indonesia),CO2|CH4|N2O,"Local emission factors: Sektor Energi, limbah, pertanian, dan kehutanan",Other: Pedoman IPCC 2006,"Yes, internally and externally audited/verified",Emissions factors - High data quality,No changes to the methodology and/or boundary used when compared to the previously reported inventory,WhatsApp Image 2025-10-23 at 13.59.54.pdf,https://signsmart.menlhk.go.id/v2.1/app/dashboard penghitungan inventarisasi gas rumah kaca dapat dilihat pada aplikasi sign smart 
2025 Disclosure Cycle,779465,CDP,54341,Toyama City,City,Japan,Japan,Public,Q3.1.1,Provide information on and an attachment (in spreadsheet format)/ direct link to your main community-wide GHG emissions inventory.,1,Response,■【係数固定】温室効果ガス推計（N2O運輸対応）_20250328.xls,,The emissions inventory has been attached,2022,Same - covers entire jurisdiction and nothing else,409075,,2006 IPCC Guidelines for National Greenhouse Gas Inventories,Consultancy-developed tool/process: 富山市環境モデル都市行動計画及び富山市エネルギー効率改善計画に係るフォローアップ業務委託報告書,CH4|CO2|HFCs|SF6|N2O|NF3|PFCs,Other: CH4（運輸部門）及びN2O（運輸部門）→環境自治体会議「平成17年度地方公共団体の二酸化炭素排出量推計手法検討調査報告書」の排出係数を参照。 CH4（農業部門）及びN2O（農業部門）→環境省「温暖化対策推進法施行令第4条で定める排出係数（2002 年12 月改定）」 CH4（廃棄物部門）及びN2O（廃棄物部門）→環境省「温室効果ガス排出量算定に関する検討結果総括報告書」平成14年8月 PFCs、HFCs、SF6、NF3→経済産業省「産業構造審議会」資料より得られた排出量を電気,IPCC Third Assessment Report (2001),"No, not audited/verified",Activity data - High data quality,No changes to the methodology and/or boundary used when compared to the previously reported inventory,（2.1a）温室効果ガス推計（係数固定、220315）.xls,
2025 Disclosure Cycle,779465,CDP,54345,City Government of Davao,City,South East Asia & Oceania,Philippines,Public,Q3.1.1,Provide information on and an attachment (in spreadsheet format)/ direct link to your main community-wide GHG emissions inventory.,1,Response,"DavaoGHGQuantificationSpreadsheet.xlsm.xlsx,DavaoGHGQuantificationSpreadsheet.xlsm.xlsx",https://docs.google.com/spreadsheets/d/1Y1FD4D4WtKddYqryI7PYeThL1ZQZg_E0/edit?gid=1359904840#gid=1359904840,The emissions inventory has been attached,2017,Same - covers entire jurisdiction and nothing else,1708972,2006 IPCC Guidelines for National Greenhouse Gas Inventories,,Carbon Monitor Cities,CH4|N2O|CO2,Default IPCC emission factors,IPCC Fourth Assessment Report (2007),"Yes, internally audited/verified (self-verification)",Emissions factors - Medium data quality|Activity data - Medium data quality|Activity data - Low data quality,No changes to the methodology and/or boundary used when compared to the previously reported inventory,LCCAP.pdf,"The greenhouse gas (GHG) inventory undertaken by Davao City marks a critical milestone in the city's climate action journey, serving as the first comprehensive effort to measure emissions across key sectors. With no prior inventory to reference, this initiative establishes the baseline data needed to guide evidence-based planning and decision-making. The absence of historical records highlights the importance of adopting a rigorous, transparent, and data-driven approach to ensure the accuracy and reliability of the city's emissions profile.\n\nRecognizing that climate action requires consistent monitoring and evaluation, Davao City is committed to regularly updating its GHG inventory. This iterative process ensures that the city can track progress, identify trends, and recalibrate mitigation strategies in response to evolving challenges. More importantly, the GHG inventory is not a standalone activity but is fully integrated into the Local Climate Change Action Plan (LCCAP), which serves as a dynamic roadmap for achieving long-term sustainability and resilience.\n\nBy institutionalizing GHG inventory updates, Davao City reaffirms its dedication to proactive climate governance, ensuring that policies and programs remain responsive to scientific data and global best practices. This commitment strengthens the city's vision of becoming a globally livable and climate-resilient city, demonstrating leadership in local climate action while contributing to national and international sustainability goals."
2025 Disclosure Cycle,779465,CDP,54348,The Local Government of Quezon City,City,South East Asia & Oceania,Philippines,Public,Q3.1.1,Provide information on and an attachment (in spreadsheet format)/ direct link to your main community-wide GHG emissions inventory.,1,Response,Quezon City 2021 GHG Inventory_27.02_Final (1).xlsx,,The emissions inventory has been attached,2021,Same - covers entire jurisdiction and nothing else,3148951,,Global Protocol for Community-Scale Greenhouse Gas Emissions Inventories (GPC),CIRIS,CO2|CH4|N2O,Default IPCC emission factors,Other: Emission factors from IPCC 2006 Guidelines,"Yes, externally audited/verified (third-party verification)",Activity data - Medium data quality|Emissions factors - Medium data quality,No changes to the methodology and/or boundary used as this is the jurisdictions first year reporting an emissions inventory,Quezon City 2018 GHG Inventory_updated by C40 (1).xlsx,Attached the 2018 GHG Inventory as additional inventory reference
2025 Disclosure Cycle,779465,CDP,54349,Balikpapan City Government,City,South East Asia & Oceania,Indonesia,Public,Q3.1.1,Provide information on and an attachment (in spreadsheet format)/ direct link to your main community-wide GHG emissions inventory.,1,Response,"GRK 2023.pdf,GRK 2023.pdf",dlh.balikpapan.go.id,The emissions inventory has been attached,2023,Same - covers entire jurisdiction and nothing else,738532,,Global Protocol for Community-Scale Greenhouse Gas Emissions Inventories (GPC) reported in the format of GCoM Common Reporting Framework (CRF),SIGN-SMART (Indonesia),CO2,Default IPCC emission factors,Other: IPCC 2006,"Yes, internally audited/verified (self-verification)",Emissions factors - Medium data quality|Activity data - Medium data quality,"Yes, due to changes in calculation methodology or improvements in data access and/or accuracy but this has not triggered a recalculation of historic emissions data",[ENG] Balikpapan City GHG Inventory 2015-2018.pdf,
2025 Disclosure Cycle,779465,CDP,54354,City Government of Makati,City,South East Asia & Oceania,Philippines,Public,Q3.1.1,Provide information on and an attachment (in spreadsheet format)/ direct link to your main community-wide GHG emissions inventory.,1,Response,Organize computation of 2021 community level emissions.xlsx,Has attachment,The emissions inventory has been attached,2021,Same - covers entire jurisdiction and nothing else,297865,,2006 IPCC Guidelines for National Greenhouse Gas Inventories,Internal tool/process,CH4|N2O|CO2,Default IPCC emission factors,IPCC Second Assessment Report (1995),"Yes, internally audited/verified (self-verification)",Emissions factors - High data quality|Activity data - High data quality,"Yes, due to a change to the inventory boundary and this has triggered a recalculation of historic emissions data",Development of the Greenhouse Gas Management Plan.pdf,"The GHG inventory used in this reporting was based from the Technical Report of the Draft GHG Management Plan through consultancy services. The GHG Accounting and Inventory was part of the enforcement of the City Ordinance No. 2017-091 or the \'GHG Reduction Program of the City of Makati\'. This requires business establishments to account their emissions, submit application to the City Government and secure all necessary requirements in order to comply with the law. Furthermore, the GHG Ordinance institutionalized the Makati City GHG Management Steering Committee to provide legal, institutional, and budgetary support for the implementation of GHG Management Framework Plan (updating in-progress) and other mitigation programs and projects as well as the requirements set forth in other related laws and regulations. Currently, only Scopes 1 and 2 are considered in the latest GHG Inventory while trans boundary emissions (Scope 3) are not covered in the GHG inventory. On the other hand, gases aside from CO2, CH4, and N2O are not covered in the GHG inventory spreadsheet used. As practiced by National Government (2nd AR) but with target updating of GHG inventory in 2026 to use the updated IPCC Assessment Report standards."
2025 Disclosure Cycle,779465,CDP,54361,Petaling Jaya City Council,City,South East Asia & Oceania,Malaysia,Public,Q3.1.1,Provide information on and an attachment (in spreadsheet format)/ direct link to your main community-wide GHG emissions inventory.,1,Response,"MBPJ (CIRIS).xlsx,[FINAL] 202303_GCoM_CAP_Report_Petaling Jaya.pdf",Petaling Jaya Climate Action Plan 2030,The emissions inventory has been attached,2018,Same - covers entire jurisdiction and nothing else,771687.0,,Global Protocol for Community-Scale Greenhouse Gas Emissions Inventories (GPC) reported in the format of GCoM Common Reporting Framework (CRF),CIRIS,CO2,Default IPCC emission factors,IPCC Sixth Assessment Report (2021),"Yes, externally audited/verified (third-party verification)",Activity data - High data quality|Emissions factors - High data quality,"Yes, due to changes in calculation methodology or improvements in data access and/or accuracy but this has not triggered a recalculation of historic emissions data",MBPJ Low Carbon City Action Plan 2015-2030.pdf,"The inventory with 2018 as baseline year was prepared by UTM-Low Carbon Asia Research Centre. Previous MBPJ Low Carbon City Action Plan 2015-2030 was prepared by Carbon Trust, UK with 2014 baseline data."
2025 Disclosure Cycle,779465,CDP,54385,Pak Kret City Municipality,City,South East Asia & Oceania,Thailand,Public,Q3.1.1,Provide information on and an attachment (in spreadsheet format)/ direct link to your main community-wide GHG emissions inventory.,1,Response,(Pakkret Municipality) Activity Data Template_GCF_20.03.2023.rev02.xlsx,https://book.pakkretcity.go.th/upload/b177/,The emissions inventory has been attached,2022,Same - covers entire jurisdiction and nothing else,189689,Global Protocol for Community-Scale Greenhouse Gas Emissions Inventories (GPC),,Other: City Carbon Footprint Platform developed by Thailand Greenhouse Gases Organization,N2O|SF6|HFCs|CH4|CO2|NF3|PFCs,Default IPCC emission factors,IPCC Fifth Assessment Report (2013),,,,,
2025 Disclosure Cycle,779465,CDP,54386,Tainan City Government,City,China,East Asia,Public,Q3.1.1,Provide information on and an attachment (in spreadsheet format)/ direct link to your main community-wide GHG emissions inventory.,1,Response,臺南市政府_溫室氣體盤查清冊_2023.xlsx,\n,The emissions inventory has been attached,2023,Same - covers entire jurisdiction and nothing else,1859946,,Regional or country/area specific methodology,Internal tool/process,PFCs|HFCs|N2O|CH4|SF6|NF3|CO2,National/sub-national emission factors: 臺南市依據環境部公告之「溫室氣體排放係數」作為排放量量化的係數。,IPCC Fifth Assessment Report (2013),"Yes, internally and externally audited/verified",Emissions factors - Medium data quality|Activity data - High data quality,"Yes, due to changes in calculation methodology or improvements in data access and/or accuracy but this has not triggered a recalculation of historic emissions data",溫室氣體排放量盤查作業指引2024年版.pdf,溫室氣體排放係數：https://ghgregistry.moenv.gov.tw/upload/Tools/AI/113%E5%B9%B42%E6%9C%885%E6%97%A5%E5%85%AC%E5%91%8A%E6%BA%AB%E5%AE%A4%E6%B0%A3%E9%AB%94%E6%8E%92%E6%94%BE%E4%BF%82%E6%95%B8.pdf\n溫室氣體盤查報告書涵蓋時間為2023/1/1~2023/12/31\n
2025 Disclosure Cycle,779465,CDP,54388,Iskandar Regional Development Authority,City,South East Asia & Oceania,Malaysia,Public,Q3.1.1,Provide information on and an attachment (in spreadsheet format)/ direct link to your main community-wide GHG emissions inventory.,1,Response,"Calculation of IMGHG 2018 2019.XLS,IM GHG 2018_2019 - Final Report_01112021 (non-printing version) (1).pdf",Iskandar Malaysia GHG Inventory 2018 and 2019\n\nhttps://drive.filen.io/d/357c1f58-8980-434d-8f2f-3cc5ff6523eb#eHklIxn4hSwS3AlxeA1sHzyIUgjxbqnQ\n\nhttps://www.iskandarmalaysia.com.my/public/green/resources.html\n\n,The emissions inventory has been attached and can be accessed (unrestricted) on the link provided,2018/2019,Same - covers entire jurisdiction and nothing else,2260000.0,,Global Protocol for Community-Scale Greenhouse Gas Emissions Inventories (GPC),Consultancy-developed tool/process: ,HFCs|CO2|CH4|N2O,Local emission factors: data collection by consultant and the cascade down data from national/ sub national data.,IPCC Fifth Assessment Report (2013),"Yes, internally and externally audited/verified",Activity data - High data quality,"Yes, due to changes in calculation methodology or improvements in data access and/or accuracy but this has not triggered a recalculation of historic emissions data",LCSBPIM 2030 CAP (Full) - 2022.10.20.pdf,"In conjunction with the Malaysian Government's voluntary efforts to reduce greenhouse gas (GHG) emissions, Iskandar Malaysia — as a leading economic development region — has proactively implemented the Low Carbon Society (LCS) framework since 2005. As part of this commitment, Iskandar Malaysia has completed all six stages of the Low Carbon Development Cycle, including Stage 6: Tracking Performance, which involves regular GHG inventory assessments to monitor mitigation progress and identify emissions contributions across major sectors.\n\nThe region developed its first regional-scale GHG inventories using Basic Reporting for the periods 2015-2017 and 2018-2019, covering five sectors: Stationary Energy, Transportation, Waste, Industrial Processes and Product Use (IPPU), and Agriculture, Forestry, and Other Land Use (AFOLU). These inventories currently track emissions from CO₂, CH₄, and N₂O, and plans are underway to expand coverage to include HFCs, PFCs, SF₆, and NF₃ in the next reporting cycle.\n\nIn alignment with the Low Carbon Society Blueprint for Iskandar Malaysia 2030 and national priorities under the National Carbon Market Policy, the GHG inventory is scheduled for updating every four years. As part of this, the Johor State Government, under the Johor Green Deal policy, is currently preparing a dedicated budget to support the development of a comprehensive Greenhouse Gas Inventory for the year 2024/2025. This inventory will cover Iskandar Malaysia and the Johor-Singapore Special Economic Zone (JS-SEZ), and aims to provide high-resolution data to inform policy, climate finance, and ESG-aligned infrastructure planning."
2025 Disclosure Cycle,779465,CDP,54389,Taichung City Government,City,China,East Asia,Public,Q3.1.1,Provide information on and an attachment (in spreadsheet format)/ direct link to your main community-wide GHG emissions inventory.,1,Response,"上傳_3.1.1附件_環保局_112年度臺中市城市層級溫室氣體盤查分析綜合報告.pdf,上傳_3.1.1附件_臺中市111年度城市層級溫室氣體盤查分析綜合報告(期末修正版).pdf",Comprehensive Report on Greenhouse Gas Inventory Analysis at the Urban Level of Taichung City,The emissions inventory has been attached,2024,Same - covers entire jurisdiction and nothing else,2860601,,Regional or country/area specific methodology,Other: The county and city inventory guidelines announced by the Ministry of the Environment in November 2024.,PFCs|CH4|N2O|SF6|HFCs|NF3|CO2,"Other: Other, IPCC Fifth Assessment Report (2014)",Other: IPCC Fifth Assessment Report (2014),"Yes, internally audited/verified (self-verification)",Activity data - High data quality|Emissions factors - High data quality,No changes to the methodology and/or boundary used when compared to the previously reported inventory,"上傳_3.1.1附件_環保局_112年度臺中市城市層級溫室氣體盤查分析綜合報告.pdf,上傳_3.1.1附件_臺中市111年度城市層級溫室氣體盤查分析綜合報告(期末修正版).pdf","Statistics are currently available for the latest Taichung City city-level greenhouse gas inventory analysis comprehensive report for 2023\nhttps://drive.google.com/file/d/19GORL1fL5VkonrP-2WdtoWaiWDzGuhFL/view?usp=drive_link\n\nhttps://drive.google.com/drive/folders/1bDgGYRSzD91i4EU3-3tkG5_j7sWwYagl\n\nHowever, Taichung City currently has additional updates and calculations for Taichung City's greenhouse gas emissions in 2024. For details, please see related data in 3.1.3 and 6.1.1.\n\n"
2025 Disclosure Cycle,779465,CDP,54391,Nonthaburi City Municipality,City,South East Asia & Oceania,Thailand,Public,Q3.1.1,Provide information on and an attachment (in spreadsheet format)/ direct link to your main community-wide GHG emissions inventory.,1,Response,01 GHG Emission_Template_Nonthaburi_2562.xlsx,https://nakornnont.go.th/frontpage,Unable to provide an attachment and/or direct link to my emissions inventory,2023,Same - covers entire jurisdiction and nothing else,250957,,Global Protocol for Community-Scale Greenhouse Gas Emissions Inventories (GPC) reported in the format of GCoM Common Reporting Framework (CRF),Other regionally/nationally developed tool/process: City Carbon Footprint Platform developed by Thailand Greenhouse Gases Organization,HFCs|NF3|CO2|N2O|SF6|CH4|PFCs,Default IPCC emission factors,IPCC Fifth Assessment Report (2013),"Yes, externally audited/verified (third-party verification)",Activity data - Medium data quality|Emissions factors - Medium data quality,No changes to the methodology and/or boundary used when compared to the previously reported inventory,01 GHG Emission_Template_Nonthaburi_2561.xlsx,ตามไฟล์ 01 GHG Emission_Template_Nonthaburi_2561 ได้แสดงตารางผลรวมปริมาณการปล่อยก๊าซเรือนกระจก ของปี 2561 ที่ sheet Overview Result
2025 Disclosure Cycle,779465,CDP,54395,Taoyuan City Government,City,China,East Asia,Public,Q3.1.1,Provide information on and an attachment (in spreadsheet format)/ direct link to your main community-wide GHG emissions inventory.,1,Response,Taoyuan City Green house Gas Inventory 2023.pdf,2023 Taoyuan City Green house Gas Inventory,The emissions inventory has been attached,2023,Same - covers entire jurisdiction and nothing else,2317445,,2006 IPCC Guidelines for National Greenhouse Gas Inventories,Internal tool/process,CO2|PFCs|CH4|N2O|NF3|SF6|HFCs,Local emission factors: Guideline for Determining Greenhouse Gases Emissions for Cities: 2017,IPCC Fourth Assessment Report (2007),"Yes, externally audited/verified (third-party verification)",Activity data - Medium data quality|Emissions factors - Medium data quality,No changes to the methodology and/or boundary used when compared to the previously reported inventory,,N/A
2025 Disclosure Cycle,779465,CDP,54402,City of Lahti,City,Europe,Finland,Public,Q3.1.1,Provide information on and an attachment (in spreadsheet format)/ direct link to your main community-wide GHG emissions inventory.,1,Response,,https://www.lahti.fi/tiedostot/co2-raportti/\n(In Finnish)\n\n,The emissions inventory can be accessed (unrestricted) on the link provided,2023,Same - covers entire jurisdiction and nothing else,120693,,Global Protocol for Community-Scale Greenhouse Gas Emissions Inventories (GPC) reported in the format of GCoM Common Reporting Framework (CRF),"Other regionally/nationally developed tool/process: CO2 report by Sitowise, https://www.lahti.fi/uploads/2023/06/f3025d7a-liite-1-co2-raportti-2023-lahti.pdf",NF3|PFCs|SF6|HFCs|CH4|CO2|N2O,National/sub-national emission factors: sgsgsgsdg,IPCC Sixth Assessment Report (2021),"Yes, externally audited/verified (third-party verification)",Emissions factors - High data quality|Activity data - Medium data quality,"Yes, due to changes in calculation methodology or improvements in data access and/or accuracy and this has triggered a recalculation of historic emissions data",,"The historical data from years 1990, 2010, 2015-2022 are in included in the spreadsheet. Preliminary information of 2024 are also included"
2025 Disclosure Cycle,779465,CDP,54403,City of Tampere,City,Europe,Finland,Public,Q3.1.1,Provide information on and an attachment (in spreadsheet format)/ direct link to your main community-wide GHG emissions inventory.,1,Response,Emissions_inventory_2023.xlsx,,The emissions inventory has been attached,2023,Same - covers entire jurisdiction and nothing else,255050,,Regional or country/area specific methodology,"Other regionally/nationally developed tool/process: Based on a nationally used method called CO2-report (CO2-raportti), developed by a consultant. Supplemented with other data sources. Sectors adjusted to match the Common Reporting Framework (CRF).",CH4|N2O|CO2|HFCs|PFCs|NF3|SF6,"Local emission factors: The calculation is very detailed, emission factor for district heating is local and electricity emission factor is national. For fuels, the emission factor is based on national statistic of said fuel on the given year.",IPCC Second Assessment Report (1995),"Yes, externally audited/verified (third-party verification)",Activity data - High data quality|Emissions factors - High data quality,"Yes, due to changes in calculation methodology or improvements in data access and/or accuracy and this has triggered a recalculation of historic emissions data","CO2-raportti_Ennakkotieto_Tampere_2025.xlsx,CO2-raportti_Tampere_07032024.pdf,CO2-raportti_Tampere_09042025.pdf,CO2-raportti_Tampere_23032023.pdf",Emissions calculation for Tampere produced by the Finnish Environment Institute (SYKE):\nhttps://paastot.hiilineutraalisuomi.fi/#en_kunta837
2025 Disclosure Cycle,779465,CDP,54408,Aarhus Municipality,City,Europe,Denmark,Public,Q3.1.1,Provide information on and an attachment (in spreadsheet format)/ direct link to your main community-wide GHG emissions inventory.,1,Response,Aarhus_Inventory_CRF_format_2023.xlsx,Restricted - N/A,The emissions inventory has been attached,2023,Same - covers entire jurisdiction and nothing else,366946,,Regional or country/area specific methodology,Other regionally/nationally developed tool/process: Tool developed by Danish 'Planenergi',PFCs|CH4|HFCs|CO2|NF3|SF6|N2O,Default IPCC emission factors,IPCC Fifth Assessment Report (2013),"Yes, externally audited/verified (third-party verification)",Emissions factors - High data quality|Activity data - High data quality,"Yes, due to changes in calculation methodology or improvements in data access and/or accuracy and this has triggered a recalculation of historic emissions data",Historical inventory 2022 Aarhus Kommune .xlsx,"The attached inventory contains a variety of sub-inventories. \n\nThe emissions from transportation are corrected in regard to on-road transportation, where emissions from foreign vehicles are included below. "
2025 Disclosure Cycle,779465,CDP,54410,City of Oulu,City,Europe,Finland,Public,Q3.1.1,Provide information on and an attachment (in spreadsheet format)/ direct link to your main community-wide GHG emissions inventory.,1,Response,CDP emissions 2023.xlsx,https://www.ouka.fi/media/14369/download,The emissions inventory has been attached and can be accessed (unrestricted) on the link provided,2023/2024,Same - covers entire jurisdiction and nothing else,211858,Regional or country/area specific methodology,,"Other: Done by a consultant via a service widely used by finnish cities for around 10 years. Various data sources, some directly from cities and e.g. industry. Represents the local situation better than models that use e.g. national averages.",N2O|CH4|CO2,Default IPCC emission factors,IPCC Sixth Assessment Report (2021),Other: Calculations are provided by a consultant that have their own data quality assurance practises.,Activity data - High data quality|Emissions factors - High data quality,"Yes, due to changes in calculation methodology or improvements in data access and/or accuracy and this has triggered a recalculation of historic emissions data",Oulu_Ilmastotyön_tiekartta.pdf,"Attached the whole emission report (in finnish). Also attached a spreadsheet with emissions for baseline 1990 and for recent years. The figures have changed slightly from previously reported as an error in industrial emissions has been corrected and aviation has been added (also fisheries for 2023). Also attached the climate road map (in finnish) which icludes estimated emissions for various sectors for 2026, 2030 and 2035."
2025 Disclosure Cycle,779465,CDP,54439,City of Münster,City,Europe,Germany,Public,Q3.1.1,Provide information on and an attachment (in spreadsheet format)/ direct link to your main community-wide GHG emissions inventory.,1,Response,V_0573_2024_Bericht_Energie_und_THG_Bilanz_Budget_Landwirtschaft_2022.pdf,Energie- und Treibhausgasbilanz 2022; \n\nhttps://www.stadt-muenster.de/fileadmin/user_upload/stadt-muenster/67_klima/pdf/V_0573_2024_Bericht_Energie_und_THG_Bilanz_Budget_Landwirtschaft_2022.pdf,The emissions inventory has been attached and can be accessed (unrestricted) on the link provided,2022,Same - covers entire jurisdiction and nothing else,320946,,Global Protocol for Community-Scale Greenhouse Gas Emissions Inventories (GPC),Other: (BiCO2 - base of the so called Klimaschutzplaner for Germany),CH4|CO2|N2O,Default IPCC emission factors,IPCC Fifth Assessment Report (2013),"Yes, internally audited/verified (self-verification)",Emissions factors - High data quality|Activity data - High data quality,No changes to the methodology and/or boundary used when compared to the previously reported inventory,"V_0131_2023_V_0131_2023_Energie_und_Treibhausgasbilanz_2021_Bericht.pdf,V_0225_2024_Berichtsvorlage_Monitoring.pdf,V_0573_2024_2024_Sachstandbericht_Klima_plus_Haushaltsinformationen-1.pdf","For many years the IFEU institute has developed CO2 balances for municipalities and consults the adminstrations with it expertise. IFEU has also checked the inventory of the City of Münster and switched it to BICO2 (the System developed by IFEU). In the inventory all climate relevant gases (e. g. N2O, CH4 etc.) are included and converted\ninto CO2-equivalents."
2025 Disclosure Cycle,779465,CDP,54459,City of Reykjavík,City,Europe,Iceland,Public,Q3.1.1,Provide information on and an attachment (in spreadsheet format)/ direct link to your main community-wide GHG emissions inventory.,1,Response,"109525-min-01-v01-loftlagsbokhald-reykjavikurborgar-2023.pdf,112965-MEM-01-v01 Loftlagsbókhald Reykjavíkurborgar 2024.pdf,112965-MEM-02-V01 Summary of Reykjavík Emissions 2024.pdf,Reykjavík 2024 CIRIS Standard v2.5.xlsx,maelabord-losunarthatta-reykjavikurborgar-2023-laest (1).xlsx",\n\nhttps://reykjavik.is/en/greenhouse-gas-emissions,The emissions inventory has been attached and can be accessed (unrestricted) on the link provided,2024,Same - covers entire jurisdiction and nothing else,134298,,Global Protocol for Community-Scale Greenhouse Gas Emissions Inventories (GPC),Other regionally/nationally developed tool/process: ,SF6|CO2|CH4|N2O|NF3|HFCs|PFCs,National/sub-national emission factors: National inventory on pollutants (LRTAP) https://statice.is/statistics/environment/emission/emission-of-air-pollutants/ Greenhouse gas emissions from Iceland(NIR) https://statice.is/statistics/environment/emission/greenhouse-gas-emissions-from-ice,IPCC Sixth Assessment Report (2021),"No, not audited/verified",Emissions factors - High data quality|Activity data - High data quality,"Yes, due to changes in calculation methodology or improvements in data access and/or accuracy and this has triggered a recalculation of historic emissions data",National Inventory Document_Iceland_2025.pdf,https://www.ust.is/library/sida/Loft/National%20Inventory%20Document_Iceland_2025.pdf
2025 Disclosure Cycle,779465,CDP,54467,Municipality of Eindhoven,City,Europe,Netherlands,Public,Q3.1.1,Provide information on and an attachment (in spreadsheet format)/ direct link to your main community-wide GHG emissions inventory.,1,Response,eindhoven_newdashboard_2023_INVENTORY_2025-10-15_07-37.xlsx,https://app.climateview.global/public/board/cedcdc69-9477-48cb-8d80-fd9d899d771c,The emissions inventory has been attached,2023,Same - covers entire jurisdiction and nothing else,243721,,Global Protocol for Community-Scale Greenhouse Gas Emissions Inventories (GPC),ClimateView - ClimateOS,N2O|HFCs|PFCs|CH4|CO2|SF6|NF3,National/sub-national emission factors: https://co2emissiefactoren.nl/,Do not know,"No, not audited/verified",Emissions factors - High data quality|Activity data - Medium data quality,No changes to the methodology and/or boundary used as this is the jurisdictions first year reporting an emissions inventory,Historische emissies ClimateView.pdf,"Our inventory is based on emissions from scope 1 and 2. In the upcoming years we would like to include scope 3, but this is a lot more complicated. For now, this is why some parts of our inventory are empty. Also, AFOLU is empty, since this is such a small part of our municipality that we have decided to disregard it."
2025 Disclosure Cycle,779465,CDP,54478,Municipality of Nijmegen,City,Europe,Netherlands,Public,Q3.1.1,Provide information on and an attachment (in spreadsheet format)/ direct link to your main community-wide GHG emissions inventory.,1,Response,"CIRIS Standard v2.5 reporting year 2025 _ Without macro.xlsx,CIRIS Standard v2.5 reporting year 2025 v2 without macros.xlsx", CIRIS spreadsheet attached,The emissions inventory has been attached,2024,Same - covers entire jurisdiction and nothing else,182500,,Global Protocol for Community-Scale Greenhouse Gas Emissions Inventories (GPC) reported in the format of GCoM Common Reporting Framework (CRF),CIRIS,CH4|N2O|CO2,National/sub-national emission factors: In de CRF Excel spreadsheet al,Do not know,"No, not audited/verified",Emissions factors - High data quality|Activity data - High data quality,No changes to the methodology and/or boundary used when compared to the previously reported inventory,,_
2025 Disclosure Cycle,779465,CDP,54484,Stavanger Municipality,City,Europe,Norway,Public,Q3.1.1,Provide information on and an attachment (in spreadsheet format)/ direct link to your main community-wide GHG emissions inventory.,1,Response,Stavanger Emission inventory_2024 reporting CDP_Supplemented with HFK and SF6 .xlsx,,The emissions inventory has been attached,2022,Same - covers entire jurisdiction and nothing else,144699,,Global Protocol for Community-Scale Greenhouse Gas Emissions Inventories (GPC),Internal tool/process,N2O|NF3|HFCs|CO2|SF6|CH4|PFCs,"Other: Factors largely from Norwegian environment agency. Source of factors depend on the emmissionsource in question. IPCC factors used when national/local factors are not available, Methodoly available in their documentation.",IPCC Fifth Assessment Report (2013),"No, not audited/verified",Emissions factors - High data quality|Activity data - High data quality,"Yes, due to changes in calculation methodology or improvements in data access and/or accuracy and this has triggered a recalculation of historic emissions data",,"Most of the data is obtained from the Norwegian Environment Agency' (NEA)s greenhouse gas inventory for municipalities as published in 2024. The emissioninventory for reporting years 2009, 2011, 2013, 2015, 2016, 2017, 2018, 2019, 2020, 2021 and 2022 for the gases CH4, NO2, CO2, SF6 and HFCs are included. There are no emissions of NF3 and PFC in Stavanger."
2025 Disclosure Cycle,779465,CDP,54488,Trondheim Municipality,City,Europe,Norway,Public,Q3.1.1,Provide information on and an attachment (in spreadsheet format)/ direct link to your main community-wide GHG emissions inventory.,1,Response,"InventoryTrondheim2023_CDP_YD_upload_20250915.xlsx,InventoryTrondheim2023_CDP_YD_upload_20250916.xlsx",InventoryTrondheim2023_CDP_YD_upload_20250916.xlsx,The emissions inventory has been attached,2023,Same - covers entire jurisdiction and nothing else,214565,,Global Protocol for Community-Scale Greenhouse Gas Emissions Inventories (GPC) reported in the format of GCoM Common Reporting Framework (CRF),Internal tool/process,CO2|CH4|N2O|HFCs|SF6,"National/sub-national emission factors: Emission factors for direct emissions (Scope 1) and electricity are acquired from NEA, and EF for electricity is acquired from NVE, a national level. EF for district heating is at local level.",IPCC Fifth Assessment Report (2013),"Yes, internally and externally audited/verified",Emissions factors - High data quality|Activity data - High data quality,"Yes, due to changes in calculation methodology or improvements in data access and/or accuracy and this has triggered a recalculation of historic emissions data","InventoryTrondheim2023_CDP_YD_upload_20250915.xlsx,InventoryTrondheim2023_CDP_YD_upload_20250916.xlsx","The attached inventory is based on the GPC format as per previous reporting. Much of the data is obtained from the Norwegian Environment Agency' (NEA)s greenhouse gas inventory for municipalities. Other sources are indicated in the spreadsheet. An overall GPC inventory is presented here, but please note that for local climate-budgeting and target-monitoring purposes some adjustments to the content and scope of the inventory are made in accordance with the national regulatory framework - see comments to questions under Section 5. - Quality of the NEA data is assured in the attached document (see question on audit/verification) - There was a mild decrease in the emissions between 2022 and 2023. This was partly due to the lower emissions factor from electricity and less fossil fuels involved. The overall trend in emissions is expected to decline further in the coming years."
2025 Disclosure Cycle,779465,CDP,54492,Bergen Municipality,City,Europe,Norway,Public,Q3.1.1,Provide information on and an attachment (in spreadsheet format)/ direct link to your main community-wide GHG emissions inventory.,1,Response,Emissions inventory_Bergen 2023.xlsx,The emission inventory is enclosed.,The emissions inventory has been attached,2023,Same - covers entire jurisdiction and nothing else,289330,,Regional or country/area specific methodology,"Other regionally/nationally developed tool/process: Three methods have been used for the inventory: known point emissions, calculation of emissions from activity data at municipal level and use of distribution keys for distributing national activity data or emission figures to the municipalities.",CO2|N2O|CH4,,IPCC Fourth Assessment Report (2007),,,"Yes, due to changes in calculation methodology or improvements in data access and/or accuracy and this has triggered a recalculation of historic emissions data",,Methodolgy attached. Only in Norwegian. 
2025 Disclosure Cycle,779465,CDP,54509,Jönköping Municipality,City,Europe,Sweden,Public,Q3.1.1,Provide information on and an attachment (in spreadsheet format)/ direct link to your main community-wide GHG emissions inventory.,1,Response,Jonkoping municipality climate report_geographical boundary.xlsx,N/A,The emissions inventory has been attached,2024,Same - covers entire jurisdiction and nothing else,150000,Global Protocol for Community-Scale Greenhouse Gas Emissions Inventories (GPC) reported in the format of GCoM Common Reporting Framework (CRF),,Other regionally/nationally developed tool/process: Sweden's national emissions database. https://www.smhi.se/data/luftkvalitet/nationella-emissionsdatabasen,N2O|CO2|PFCs|CH4|NF3|HFCs|SF6,National/sub-national emission factors: don't know,IPCC Fourth Assessment Report (2007),"Yes, internally audited/verified (self-verification)",Activity data - Medium data quality|Emissions factors - High data quality,No changes to the methodology and/or boundary used when compared to the previously reported inventory,,
2025 Disclosure Cycle,779465,CDP,54510,Umeå Municipality,City,Europe,Sweden,Public,Q3.1.1,Provide information on and an attachment (in spreadsheet format)/ direct link to your main community-wide GHG emissions inventory.,1,Response,Programrapportering data (1).xlsx,N/A,The emissions inventory has been attached,2023,Same - covers entire jurisdiction and nothing else,132000,,Global Protocol for Community-Scale Greenhouse Gas Emissions Inventories (GPC) reported in the format of GCoM Common Reporting Framework (CRF),Internal tool/process,CH4|SF6|HFCs|CO2|PFCs|N2O,Do not know,Do not know,"No, not audited/verified",Activity data - Medium data quality|Emissions factors - High data quality,"Yes, due to changes in calculation methodology or improvements in data access and/or accuracy and this has triggered a recalculation of historic emissions data","Programrapport Klimatneutrala Umeå 2040, januari-augusti 2024.pdf",N/A
2025 Disclosure Cycle,779465,CDP,54513,Uppsala Municipality,City,Europe,Sweden,Public,Q3.1.1,Provide information on and an attachment (in spreadsheet format)/ direct link to your main community-wide GHG emissions inventory.,1,Response,Uppsala GHG uppföljning 1990-sept 2023_målgraf - Ändring KPMG.xlsx,https://uppsala.miljobarometern.se/klimat/utslapp-av-vaxthusgaser/vaxthusgasutslapp-totalt/,The emissions inventory has been attached,2023,Same - covers entire jurisdiction and nothing else,248016,,Global Protocol for Community-Scale Greenhouse Gas Emissions Inventories (GPC) reported in the format of GCoM Common Reporting Framework (CRF),Internal tool/process,HFCs|CH4|N2O|CO2|PFCs|SF6|NF3,National/sub-national emission factors: Swedish Environmental Protection Agency,IPCC Fourth Assessment Report (2007),"Yes, internally audited/verified (self-verification)",Activity data - High data quality|Emissions factors - High data quality,"Yes, due to changes in calculation methodology or improvements in data access and/or accuracy and this has triggered a recalculation of historic emissions data",,The atttached file is our calculation process for jurisdictionwide emissions calculated by scope according to GCoM CRF. The link is to the municipality's official website for climate statististics. 
2025 Disclosure Cycle,779465,CDP,54516,Norrköping Municipality,City,Europe,Sweden,Public,Q3.1.1,Provide information on and an attachment (in spreadsheet format)/ direct link to your main community-wide GHG emissions inventory.,1,Response,koldioxidbudget-norrkoping-2025-01-14.pdf,https://norrkoping.se/organisation/hallbar-utveckling/ekologisk-hallbarhet/energi-och-klimat/koldioxidbudget-for-norrkoping,The emissions inventory has been attached and can be accessed (unrestricted) on the link provided,2024/2025,Same - covers entire jurisdiction and nothing else,144980,Other: Tyndall carbon method,,,CO2,Default IPCC emission factors,IPCC Sixth Assessment Report (2021),"No, not audited/verified",Activity data - Medium data quality,,,
2025 Disclosure Cycle,779465,CDP,54518,City of Helsingborg,City,Europe,Sweden,Public,Q3.1.1,Provide information on and an attachment (in spreadsheet format)/ direct link to your main community-wide GHG emissions inventory.,1,Response,250731_emission inventory23.xlsx,Data is attached in the spreadsheat. ,The emissions inventory has been attached,2023,Same - covers entire jurisdiction and nothing else,151306,,Global Protocol for Community-Scale Greenhouse Gas Emissions Inventories (GPC) reported in the format of GCoM Common Reporting Framework (CRF),Other: We use a method developed by the swedish support for our participation in one planet city challenge,CO2|PFCs|CH4|HFCs|N2O|SF6,National/sub-national emission factors: The main source is a national database with methodology in accordance with the 2006 IPCC Guidelines for National Greenhouse Gas Inventories. Local emission factors are used for district heating.,IPCC Fifth Assessment Report (2013),Other: Our inventory for 2022 was externally verified. The inventory for 2023 is using the same sources and methodology but the inventory has not yet been verified.,Emissions factors - High data quality|Activity data - Medium data quality,No changes to the methodology and/or boundary used when compared to the previously reported inventory,,"Comment on methodology:\nScope 2, stationary energy, is calculated with local energy data from Statistics Sweden and local emission factors for district heating and national emission factor for electricity. \n\nWithin Helsingborg's heating sector, district heating is the most common form of heating. Climate emissions resulting from district heating use are calculated similarly for electricity based on an emission factor corresponding to the fuel mix found in the district heating network. Today, these emissions mainly come from the system's cogeneration production, which releases both biogenic and fossil carbon dioxide because of energy recovery from waste destruction.\n\nThe emission factor used for electricity 2023 is calculated by “Boverket” The Swedish National Board of Housing, Building and Planning for the period 2015-2017. It considered production in Sweden, taking into account imports and exports. Average for the period was 37 g CO2e/kWh. \n\nEmission data for scope 1 stationary energy, transport, waste, AFOLU and IPPU are retrieved from the Swedish national emission database which is established through a collaboration through IVL Swedish Environmental Institute, SCB Statistics Sweden, the Swedish University of Agricultural Sciences (SLU) and the Swedish Meteorological and Hydrological institute (SMHI). Emission data and emission factors from the national emission database includes CO2, CH4, N2O, SF6, HFC and PFC. The database offers emissions at a local level. The geographical distribution is mainly carried out according to the “top-down” concept. Emissions for Sweden have been distributed across the country in a grid where the squares correspond to 1 km². The distribution is done using relevant statistics and geographical data, such as road networks, pastures, harvested forests and population data. The Methodologies used for the database are in accordance with the 2006 IPCC Guidelines for National Greenhouse Gas Inventories. \n\nFor 2023 emissions from leakage from landfills are measured by the municipality owned waste company NSR. Emissions from work machines in the port of Helsingborg (included in off road transport) are calculated by the Port of Helsingborg. \n\n"
2025 Disclosure Cycle,779465,CDP,54519,Lund Municipality,City,Europe,Sweden,Public,Q3.1.1,Provide information on and an attachment (in spreadsheet format)/ direct link to your main community-wide GHG emissions inventory.,1,Response,Kommunrapport_lund_vaxthusgaser_totalt_summerad.xlsx,,The emissions inventory has been attached,2023,Same - covers entire jurisdiction and nothing else,130288,,Global Protocol for Community-Scale Greenhouse Gas Emissions Inventories (GPC),Other regionally/nationally developed tool/process: Sustainable Advantage,CO2|SF6|PFCs|NF3|CH4|N2O|HFCs,National/sub-national emission factors: Naturvårdsverket and SCB,IPCC Fourth Assessment Report (2007),"Yes, internally audited/verified (self-verification)",Activity data - Medium data quality|Emissions factors - High data quality,"Yes, due to changes in calculation methodology or improvements in data access and/or accuracy and this has triggered a recalculation of historic emissions data",,
2025 Disclosure Cycle,779465,CDP,54529,City of Leicester,City,UKWW,United Kingdom,Public,Q3.1.1,Provide information on and an attachment (in spreadsheet format)/ direct link to your main community-wide GHG emissions inventory.,1,Response,3.1.1 1 SCATTER_leicester_CDP-report-inventory_2020.xlsx,n/a,The emissions inventory has been attached,2020,Same - covers entire jurisdiction and nothing else,368922,,Global Protocol for Community-Scale Greenhouse Gas Emissions Inventories (GPC) reported in the format of GCoM Common Reporting Framework (CRF),SCATTER,CH4|CO2|N2O,"National/sub-national emission factors: UK Government - Department for Business, Energy & Net Zero (BEIS)",IPCC Fourth Assessment Report (2007),"Yes, externally audited/verified (third-party verification)",Activity data - High data quality|Emissions factors - High data quality,No changes to the methodology and/or boundary used when compared to the previously reported inventory,3.1.1 2 Leicester City Council GHG Footprint 2023-24.pdf,"Alongside the city-wide emissions figures provided, the council produces an annual greenhouse gas footprint covering it's own operations, which is published online.\n\nLink: \nhttps://www.leicester.gov.uk/media/crgnvozt/leicester-city-council-carbon-footprint-for-2022-2023.pdf\n\nN.B. Section below showing as incomplete despite all boxes being filled in."
2025 Disclosure Cycle,779465,CDP,54530,City of Brighton & Hove,City,UKWW,United Kingdom,Public,Q3.1.1,Provide information on and an attachment (in spreadsheet format)/ direct link to your main community-wide GHG emissions inventory.,1,Response,SCATTER_brighton_and_hove_CDP-report-inventory Aug2020.xlsx,,The emissions inventory has been attached,2020,Same - covers entire jurisdiction and nothing else,278000,,Global Protocol for Community-Scale Greenhouse Gas Emissions Inventories (GPC) reported in the format of GCoM Common Reporting Framework (CRF),SCATTER,CO2|CH4|N2O,"National/sub-national emission factors: UK national government emissions factors database, as specified in SCATTER inventory.",Do not know,"Yes, internally audited/verified (self-verification)",Emissions factors - High data quality|Activity data - High data quality,"Yes, due to changes in calculation methodology or improvements in data access and/or accuracy but this has not triggered a recalculation of historic emissions data",Brighton_Hove_GCoM_Inventory_2023_25_excl_scope3.xlsx,"Brighton & Hove City Council uses the UK government Local authority GHG estimates in its annual reporting, as the data is more up to date than the SCATTER data used here. We have uploaded our 2023 GHG Emissions Inventory under 'Additional inventories', with the latest data from DESNZ. However the LA GHG data set is not compatible with GCOM requirements. So on this occasion, SCATTER data has been used instead. \n\nOur total GHG emissions as reported for the year 2023, are lower than our last reported year of 2020. The reduction in reported emissions is due, in part, to the reductions of GHG emissions from Domestic energy, Transport and Waste Sectors, and in part to differences in methodology (for example, the omission of scope 3 emissions estimates in 2023 DESNZ data set).\nWe previously reported scope 3 emissions provided by SCATTER but, following the termination of their funding, no update has been provided beyond 2020. This omission has deflated our estimate of the city's total emissions, in particular due to the omission of Scope 3 emissions from Stationary Energy and Aviation as previously reported by SCATTER."
2025 Disclosure Cycle,779465,CDP,54537,Sunderland City Council,City,UKWW,United Kingdom,Public,Q3.1.1,Provide information on and an attachment (in spreadsheet format)/ direct link to your main community-wide GHG emissions inventory.,1,Response,SCATTER_sunderland_CDP-report-inventory_2020.xlsx,Sunderland Scatter Inventory 2020,The emissions inventory has been attached,2020,Same - covers entire jurisdiction and nothing else,276014.0,,Global Protocol for Community-Scale Greenhouse Gas Emissions Inventories (GPC),SCATTER,N2O|CO2|CH4,Default IPCC emission factors,IPCC Fourth Assessment Report (2007),"No, not audited/verified",Activity data - Medium data quality|Emissions factors - High data quality,No changes to the methodology and/or boundary used when compared to the previously reported inventory,,"SCATTER is based on the Accounting and Reporting Standard developed by the Greenhouse Gas Protocol for Community-Scale Greenhouse Gas Emissions Inventories.\n\nSome parts of our inventory are not estimated by SCATTER. SCATTER is continually working to improve the accuracy and functionality of the tool.\n\nSCATTER data is verified by SCATTER only, we will consider having our city data externally verified in the future, to increase our confidence in the data.\n\nPlease note the population figure for 2020 is a mid-year estimate for that year from DESNZ and varies from the figures provided through the 2022 Census for question 0.1.\nSunderland, like many other authorities relied on SCATTER for annual CDP submissions although, unfortunately, SCATTER has now come to the end of its funding. Sunderland are reporting their 2020 SCATTER inventory for the 2025 submission and are awaiting government guidance ahead of the submission for 2026.\n"
2025 Disclosure Cycle,779465,CDP,54608,Alcaldia de Montería,City,Latin America,Colombia,Public,Q3.1.1,Provide information on and an attachment (in spreadsheet format)/ direct link to your main community-wide GHG emissions inventory.,1,Response,hojacalculo_ingei_20210714_VF.xlsx,https://1drv.ms/x/c/251C4B84DB017577/ERzS0AtDIY5Ej8VSZRw8VY0BvSFT1mtOs8SVy6-MdQXc6A?e=zmt3Tg,The emissions inventory has been attached and can be accessed (unrestricted) on the link provided,2019,Same - covers entire jurisdiction and nothing else,403280,,2006 IPCC Guidelines for National Greenhouse Gas Inventories,Other regionally/nationally developed tool/process: Herramienta de cálculo para la elaboración de los inventarios de emisiones GEI en las ciudades de Colombia,CO2|CH4|N2O,Default IPCC emission factors,IPCC Fifth Assessment Report (2013),"No, not audited/verified",Activity data - High data quality|Emissions factors - High data quality,No changes to the methodology and/or boundary used as this is the jurisdictions first year reporting an emissions inventory,Version final - Inventario de emisiones GEI Montería 2016-2019.pdf,https://1drv.ms/b/c/251C4B84DB017577/EUzMRDnrL9pMgpMTQuF-7CcBA8khJsJlDCMdoQokup0lNw?e=WXfQQD
2025 Disclosure Cycle,779465,CDP,54617,Alcaldia de Pereira,City,Latin America,Colombia,Public,Q3.1.1,Provide information on and an attachment (in spreadsheet format)/ direct link to your main community-wide GHG emissions inventory.,1,Response,14.07.2021 Informe de inventario GEI Pereira.pdf,https://www.minambiente.gov.co/por-primera-vez-pereira-obtiene-un-inventario-de-gases-de-efecto-invernadero/,The emissions inventory has been attached,2020,Other: Incluye el Área Metropolitana Centro Occidente (Dosquebradas y La Virginia),500000,,Global Protocol for Community-Scale Greenhouse Gas Emissions Inventories (GPC),,,,,,,,,
2025 Disclosure Cycle,779465,CDP,54637,Alcaldía de Cuenca,City,Latin America,Ecuador,Public,Q3.1.1,Provide information on and an attachment (in spreadsheet format)/ direct link to your main community-wide GHG emissions inventory.,1,Response,P3_Formulario_de_Reporte_estimaciones_2022_ILGEI_Cuenca_V09092024.xlsx,,The emissions inventory has been attached,2022,Same - covers entire jurisdiction and nothing else,596101,,Global Protocol for Community-Scale Greenhouse Gas Emissions Inventories (GPC),Consultancy-developed tool/process: Archivo excel en el marco de la pataforma ILGEI Ecuador/ SNIM -AME,N2O|CO2|CH4,Default IPCC emission factors,IPCC Fifth Assessment Report (2013),"Yes, internally audited/verified (self-verification)",Emissions factors - Medium data quality|Activity data - High data quality,No changes to the methodology and/or boundary used when compared to the previously reported inventory,"P3_Matriz_estimaciones_2022_ILGEI_Energía_y_Transporte _Cuenca_VF_09092024.xlsx,P3_Matriz_estimaciones_2022_ILGEI_Residuos_Cuenca_VF_09092024.xlsx",Es una actualización del inventario de emisiones de GEI al año 2022.
2025 Disclosure Cycle,779465,CDP,54647,Prefeitura de Jundiaí,City,Latin America,Brazil,Public,Q3.1.1,Provide information on and an attachment (in spreadsheet format)/ direct link to your main community-wide GHG emissions inventory.,1,Response,Inventário_GEE.pdf,https://jundiai.sp.gov.br/wp-content/uploads/2019/08/jundiai-sustentavel.pdf,The emissions inventory has been attached,2018,Same - covers entire jurisdiction and nothing else,420132,Global Protocol for Community-Scale Greenhouse Gas Emissions Inventories (GPC),,Other: City Performance Tool,CO2,Local emission factors: Informações fornecidas pela Prefeitura de Jundiaí,Other: Fonte de emissões municipais,,,,,Não temos
2025 Disclosure Cycle,779465,CDP,54650,Prefeitura de Palmas,City,Latin America,Brazil,Public,Q3.1.1,Provide information on and an attachment (in spreadsheet format)/ direct link to your main community-wide GHG emissions inventory.,1,Response,"INVENTÁRIO DE EMISSÕES GEE.pdf,INVENTÁRIO DE EMISSÕES GEE.pdf,PALMAS SUSTENTÁVEL.pdf",https://drive.google.com/file/d/1mNuqQ7CFHAujLmbNWZCmMRWemt4hF_fG/view?usp=sharing,The emissions inventory has been attached and can be accessed (unrestricted) on the link provided,2023,Other: Abrange Palmas e o município vizinho de Porto Nacional,302692,,Global Protocol for Community-Scale Greenhouse Gas Emissions Inventories (GPC),Google Environmental Insights Explorer,PFCs|CO2|CH4|N2O|HFCs|SF6,Default IPCC emission factors,IPCC Fourth Assessment Report (2007),"Yes, externally audited/verified (third-party verification)",Emissions factors - High data quality|Activity data - High data quality,No changes to the methodology and/or boundary used when compared to the previously reported inventory,"Inventário de Emissões.pdf,RELATÓRIO REVISADO INTEGRADO PALMAS - ESTUDO DE MITIGAÇÃO.pdf",https://drive.google.com/file/d/1d_jAaJKXdxpWusOUQE8QPSLaXtCQLy54/view?usp=sharing
2025 Disclosure Cycle,779465,CDP,54651,Prefeitura de Santo André,City,Latin America,Brazil,Public,Q3.1.1,Provide information on and an attachment (in spreadsheet format)/ direct link to your main community-wide GHG emissions inventory.,1,Response,SUMÁRIO SANTO ANDRÉ v4.pdf,https://portais.santoandre.sp.gov.br/semasa/gestao-ambiental/inventario-de-gee/,The emissions inventory has been attached and can be accessed (unrestricted) on the link provided,2022,Same - covers entire jurisdiction and nothing else,748919,,Global Protocol for Community-Scale Greenhouse Gas Emissions Inventories (GPC),Internal tool/process,N2O|HFCs|CH4|CO2,"National/sub-national emission factors: O relatório prioriza fontes nacionais (como por exemplo: MCTI, ANP, Balanço Energético Nacional) e recorre ao IPCC apenas quando os dados nacionais não estão disponíveis.",IPCC Fifth Assessment Report (2013),"No, not audited/verified",Activity data - High data quality,No changes to the methodology and/or boundary used as this is the jurisdictions first year reporting an emissions inventory,RELATORIO-IEGEE_-SANTO-ANDRE_Vf.pdf,
2025 Disclosure Cycle,779465,CDP,54667,Prefeitura Municipal de Contagem,City,Latin America,Brazil,Public,Q3.1.1,Provide information on and an attachment (in spreadsheet format)/ direct link to your main community-wide GHG emissions inventory.,1,Response,"Relatorio_Final_IEGEE_Contagem_2025-06-02 (1).pdf,Relatorio_Final_IEGEE_Contagem_2025-06-02 (1).pdf",https://prefeituracontagem-my.sharepoint.com/:b:/r/personal/natalia_milagres_contagem_mg_gov_br/Documents/ICLEI/Relatorio_Final_IEGEE_Contagem_2025-06-02%20(1).pdf?csf=1&web=1&e=gltnfV ,The emissions inventory has been attached,2023/2024,"Other: Parte das emissões é de Escopo 2 - consumo de energia do Sistema Interligado para o setor de Energia Estacionária, e uma pequena fração de emissões de Escopo 3 - referentes as atividades do setor de Energia que ocorrem fora dos limites da cidade.",621863,,International Emissions Analysis Protocol (ICLEI),CLIMAS Inventory Tool,HFCs|SF6|CH4|PFCs|CO2|N2O,Default IPCC emission factors,IPCC Fifth Assessment Report (2013),"Yes, internally and externally audited/verified",Activity data - Medium data quality,No changes to the methodology and/or boundary used as this is the jurisdictions first year reporting an emissions inventory,Relatorio_Final_IEGEE_Contagem_2025-06-02 (1).pdf,https://decidim.contagem.mg.gov.br/processes/acoesparaconstrucaodoplanodeacaoclimatica-pac/f/824/posts/519?component_id=824&locale=pt&participatory_process_slug=acoesparaconstrucaodoplanodeacaoclimatica-pac
2025 Disclosure Cycle,779465,CDP,54674,Prefeitura Municipal de Caxias do Sul,City,Latin America,Brazil,Public,Q3.1.1,Provide information on and an attachment (in spreadsheet format)/ direct link to your main community-wide GHG emissions inventory.,1,Response,eCRF-inventory-BR CXL-2022.xlsx,https://bussola-climatica.org/cities/Caxias%20do%20Sul,The emissions inventory can be accessed (unrestricted) on the link provided,2022,Same - covers entire jurisdiction and nothing else,463501,Global Protocol for Community-Scale Greenhouse Gas Emissions Inventories (GPC),,Other regionally/nationally developed tool/process: Cidades Modelos Verdes Resilientes - C40,CO2|CH4|N2O,Default IPCC emission factors,IPCC Sixth Assessment Report (2021),,,,,https://bussola-climatica.org/cities/Caxias%20do%20Sul
2025 Disclosure Cycle,779465,CDP,54699,Prefeitura Municipal de Barueri,City,Latin America,Brazil,Public,Q3.1.1,Provide information on and an attachment (in spreadsheet format)/ direct link to your main community-wide GHG emissions inventory.,1,Response,Inventário de Emissões GEE.pdf,https://portal.barueri.sp.gov.br/secretarias/secretaria-recursos-naturais-meio-ambiente/-mudancasclimaticas,The emissions inventory has been attached,2025,Same - covers entire jurisdiction and nothing else,316473,2006 IPCC Guidelines for National Greenhouse Gas Inventories,,Sistema de Estimativas de Emissões e Remoções de Gases de Efeito Estufa (SEEG) (Brazil),CO2|N2O|CH4,Default IPCC emission factors,IPCC Fifth Assessment Report (2013),"Yes, internally audited/verified (self-verification)",Emissions factors - Medium data quality|Activity data - Medium data quality,No changes to the methodology and/or boundary used when compared to the previously reported inventory,Plano Municipal de Contingência - PLAMCON.pdf,The attached document was the first inventory. No comparisons with previous inventories. The attached Contingency Plan serves in emergency situations.
2025 Disclosure Cycle,779465,CDP,55161,City of Iida,City,Japan,Japan,Public,Q3.1.1,Provide information on and an attachment (in spreadsheet format)/ direct link to your main community-wide GHG emissions inventory.,1,Response,,環境モデル都市行動計画に基づく公表資料より,The emissions inventory can be accessed (unrestricted) on the link provided,2022,Same - covers entire jurisdiction and nothing else,97750,Jurisdiction specific methodology,,Internal tool/process,CO2,Local emission factors: 中部電力ミライズ株式会社が公表する排出係数による,IPCC Sixth Assessment Report (2021),"Yes, externally audited/verified (third-party verification)",Emissions factors - Medium data quality|Activity data - Medium data quality,No changes to the methodology and/or boundary used when compared to the previously reported inventory,,過去の報告内容を添付
2025 Disclosure Cycle,779465,CDP,55180,City of Shizuoka,City,Japan,Japan,Public,Q3.1.1,Provide information on and an attachment (in spreadsheet format)/ direct link to your main community-wide GHG emissions inventory.,1,Response,,https://www.city.shizuoka.lg.jp/documents/1517/2022kuikisesaku.pdf,The emissions inventory can be accessed (unrestricted) on the link provided,2022,Same - covers entire jurisdiction and nothing else,685164,Regional or country/area specific methodology,,Government of Japan Ministry of Environment Manual (Japan),CH4|HFCs|N2O|SF6|NF3|CO2|PFCs,National/sub-national emission factors: 国のマニュアルに基づく排出係数により算出,IPCC Sixth Assessment Report (2021),"Yes, internally audited/verified (self-verification)",Activity data - High data quality,No changes to the methodology and/or boundary used when compared to the previously reported inventory,,報告書は1990年まで遡って排出量を公表しています。
2025 Disclosure Cycle,779465,CDP,55324,Municipality of Guimarães,City,Europe,Portugal,Public,Q3.1.1,Provide information on and an attachment (in spreadsheet format)/ direct link to your main community-wide GHG emissions inventory.,1,Response,GMR_Dados_Matriz2023_v2025.00.xlsx,Inventário de emissões foi carregado em anexo,The emissions inventory has been attached,2023,Same - covers entire jurisdiction and nothing else,156830,,1996 IPCC Guidelines for National Greenhouse Gas Inventories,Other: Excel,CO2|N2O|CH4,Default IPCC emission factors,IPCC Sixth Assessment Report (2021),"Yes, internally and externally audited/verified",Emissions factors - Medium data quality|Activity data - High data quality,"Yes, due to a change to the inventory boundary and this has triggered a recalculation of historic emissions data",Rel_Scope3_vf_20240418.pdf,"O inventário de emissões está alinhado com os requisitos do Pacto dos Autarcas e de acordo com as orientações do Joint Research Centre da Comissão Europeia.O Município de Guimarães é, desde 2013, signatário do Pacto de Autarcas, tendo aprovação do Plano de Ação para a Energia Sustentável (PAES) em 2014. Em 2016, submeteu o Plano de Ação para a Sustentabilidade Energética e Climática (PASEC) com os objetivos para 2030 (agora revisado em 2024 com metas atualizadas, e aprovado em assembleia municipal) , e a também revisada Estratégia Municipal de Adaptação às Alterações Climáticas (EMAAC). Após a submissão destes documentos, o Município comprometeu-se a apresentar, bianualmente, relatórios de acompanhamento da implementação das medidas apresentadas. Neste sentido, Guimarães já submeteu relatórios de acompanhamento que permitem avaliar a evolução tendo em vista os objetivos estabelecidos, em termos de redução das emissões de CO2, consumos de energia e implementação de ações de adaptação. Atualmente, novos projetos fazem parte da agenda climática de Guimarães. Guimarães foi selecionada para a Missão das 100 cidades inteligentes e neutras em termos de clima até 2030, a chamada “Missão Cidades” da União Europeia\'. No âmbito do programa europeu de investigação e inovação Horizonte Europa, tem como objetivo tornar 100 cidades europeias inteligentes e climaticamente neutras até 2030.Com a implementação desta visão desde 2013, o município foi já capaz de introduzir diversas medidas de promoção da sustentabilidade, mitigação e adaptação às alterações climáticas. De uma forma global, estas já permitiram reduzir o consumo de energia e das emissões de CO2. \nAo dia de hoje Guimarães já se encontra com o seu \'Climate City Contract (CCC)\' aprovado pela união europeia. \nPor estar integrado nas demais iniciativas de reporte, e estando estas desfasadas em diferentes momentos, por vezes, podem haver ligeiras alterações nos valores dos inventários de emissões. Isto deve-se ao facto da equipa de transição climática estar constantemente à procura de atualizações, e quer ao nível estatístico e como os fatores de emissão são dinâmicos, no espaço de semanas os valores podem sofrer ligeiras variações. "
2025 Disclosure Cycle,779465,CDP,55325,Municipality of Águeda,City,Europe,Portugal,Public,Q3.1.1,Provide information on and an attachment (in spreadsheet format)/ direct link to your main community-wide GHG emissions inventory.,1,Response,,https://www.cm-agueda.pt/viver/ambiente-e-sustentabilidade/sustentabilidade/energia-e-alteracoes-climaticas/plano-municipal-de-acao-climatica-pmac-de-agueda,The emissions inventory can be accessed (unrestricted) on the link provided,2024,"Other: O estudo e plano cobre a totalidade da área concelhia, extrapolando o limite urbano da cidade de Águeda. Isto permite uma abordagem mais consistente e coerente face as medidas e ações a adotar e desenvolver no âmbito do tema do risco da floresta.",46161,,International Emissions Analysis Protocol (ICLEI),Internal tool/process,N2O|CH4|CO2,,IPCC Fourth Assessment Report (2007),"Yes, externally audited/verified (third-party verification)",Emissions factors - High data quality|Activity data - High data quality,No changes to the methodology and/or boundary used when compared to the previously reported inventory,,"O inventário de referência de emissões foi elaborado dentro do enquadramento do Pacto de Autarcas. Os factores de emissão considerados estão de acordo com a APA . Foram recolhidos dados históricos e estatísticos, utilizando um conjunto extenso de fontes oficiais municipais e nacionais, entre cujas referências foram consideradas destaca-se o Eurostat, a Agência Europeia do Ambiente, a Agência Internacional de Energia, a Direção-Geral de Mobilidade e Transportes da Comissão Europeia, a Direção-Geral de Energia da Comissão Europeia, o Centro Comum de Investigação da Comissão Europeia (JRC), a Organização para a Cooperação e Desenvolvimento Económico e naturalmente os organismos nacionais relevantes como sejam a Direção Geral de Energia e Geologia, a Agência Portuguesa do Ambiente, a Entidade Reguladora dos Serviços Energéticos e o Instituto Nacional de Estatística.Na elaboração dos inventários foi considerado o fator de emissões de IPCC e de LCA (Life Cicle Assessment). Em anexo poderá ser encontrado o inventário integrado no relatório de monitorização que se encontra presentemente a ser elaborado, para verificação da implementação do PAES C e, a par, estabelecer novas metas para o município de Águeda no referente a redução de emissões de GEE. Os valores foram atualizados em 2021 pela entidade externa ao município de forma a ter dados mais recentes ."
2025 Disclosure Cycle,779465,CDP,55334,Municipality of Braga,City,Europe,Portugal,Public,Q3.1.1,Provide information on and an attachment (in spreadsheet format)/ direct link to your main community-wide GHG emissions inventory.,1,Response,"CIRIS_Braga_CDP_2024.xlsx,CIRIS_Braga_CDP_2025.xlsx",,The emissions inventory has been attached,2023/2024,Same - covers entire jurisdiction and nothing else,201583,,Global Protocol for Community-Scale Greenhouse Gas Emissions Inventories (GPC),CIRIS,CH4|HFCs|NF3|PFCs|N2O|CO2|SF6,Default IPCC emission factors,IPCC Sixth Assessment Report (2021),"Yes, externally audited/verified (third-party verification)",Activity data - High data quality,No changes to the methodology and/or boundary used when compared to the previously reported inventory,,https://bragaverde.pt/pt/alteracoes-climaticas-mitigacao/
2025 Disclosure Cycle,779465,CDP,55468,"City of Thousand Oaks, CA",City,North America,United States of America,Public,Q3.1.1,Provide information on and an attachment (in spreadsheet format)/ direct link to your main community-wide GHG emissions inventory.,1,Response,CItyOfThousandOaks_GHG_Emissions_2010-2024.xlsx,www.toclimateaction.org,The emissions inventory has been attached,2024,Same - covers entire jurisdiction and nothing else,122643,Global Protocol for Community-Scale Greenhouse Gas Emissions Inventories (GPC) reported in the format of GCoM Common Reporting Framework (CRF),,Internal tool/process,CO2|N2O|CH4,"Other: U.S. Community Protocol, U.S. EPA, and determined locally",IPCC Fifth Assessment Report (2013),"Yes, internally and externally audited/verified",Activity data - High data quality|Emissions factors - Medium data quality,No changes to the methodology and/or boundary used as this is the jurisdictions first year reporting an emissions inventory,"CItyOfThousandOaks_CommunityGHG_Inventory_GP_2025_08_04.xlsx,CItyOfThousandOaks_CommunityGHG_Inventory_GP_2025_08_22.xlsx,CItyOfThousandOaks_On-road_GHG_2023_03_08.xlsx,CityOfThousandOaks_Community_Off-road_GHG_2024_11_06.xlsx,CityOfThousandOaks_HCTP_GHG_2025_07_14.xlsx,CityOfThousandOaks_Water_GHG_2025_08_04.xlsx","This is the second reporting year. However, 2010 is the City's baseline year. Annual inventories, including activity data and emissions factors, from 2010 through 2024 are attached under \'Additional/historical inventories and other relevant attachments\'. There is no change to inventory methodology or boundary between years."
2025 Disclosure Cycle,779465,CDP,55800,"City of Cambridge, MA",City,North America,United States of America,Public,Q3.1.1,Provide information on and an attachment (in spreadsheet format)/ direct link to your main community-wide GHG emissions inventory.,1,Response,2019cambridgecommunitywideghginventory_summaryreport.pdf,https://www.cambridgema.gov/CDD/climateandenergy/greenhousegasemissions/communityemissions,The emissions inventory has been attached,2019,Same - covers entire jurisdiction and nothing else,116632.0,,Regional or country/area specific methodology,"Consultancy-developed tool/process: The original inventory tool was developed by DNV-GL. This tool was developed in compliance with GPC. The 2019 inventory was done in three parts with DNV-GL, ARUP, and VHB.",CH4|N2O|CO2,National/sub-national emission factors: ISO New England,IPCC Sixth Assessment Report (2021),"No, not audited/verified",Activity data - Medium data quality,No changes to the methodology and/or boundary used when compared to the previously reported inventory,,The attached GHG Inventory is for activities during 2019. The next inventory will be done using data from 2024. 
2025 Disclosure Cycle,779465,CDP,55801,"City of West Palm Beach, FL",City,North America,United States of America,Public,Q3.1.1,Provide information on and an attachment (in spreadsheet format)/ direct link to your main community-wide GHG emissions inventory.,1,Response,2024 Community GHG Inventory Report Analysis .xlsx,https://www.dropbox.com/scl/fi/vxv5pkf98rhzfl2w3k932/2024-Community-GHG-Inventory-Report-Analysis.xlsx?rlkey=yn4ve72r7e81ro3717ni69as1&st=zh0i5dem&dl=0,The emissions inventory has been attached,2024,Same - covers entire jurisdiction and nothing else,124148,,U.S. Community Protocol for Accounting and Reporting of Greenhouse Gas Emissions (ICLEI USA),ICLEI ClearPath,CH4|N2O|CO2,Default IPCC emission factors,IPCC Fifth Assessment Report (2013),"Yes, internally audited/verified (self-verification)",Activity data - High data quality|Emissions factors - High data quality,No changes to the methodology and/or boundary used when compared to the previously reported inventory,2021 WPB Community Detailed GHG CDP Upload Report.xlsx,https://www.dropbox.com/scl/fo/7qjssbcldhogtyqy0kayw/h?rlkey=fpfl3jtrqhn4l1ddn4ukq9e8y&dl=0\n
2025 Disclosure Cycle,779465,CDP,56276,New Taipei City Government,City,China,East Asia,Public,Q3.1.1,Provide information on and an attachment (in spreadsheet format)/ direct link to your main community-wide GHG emissions inventory.,1,Response,(3.1.1)2023年新北市排放清冊 GPC版0620.xlsx,,The emissions inventory has been attached,2023,Same - covers entire jurisdiction and nothing else,4041120,,Global Protocol for Community-Scale Greenhouse Gas Emissions Inventories (GPC) reported in the format of GCoM Common Reporting Framework (CRF),"Other: Adopted the 2024 edition of the 'Guidelines for Greenhouse Gas Inventory Calculations at the County and City Levels,' issued by the Ministry of Environment and aligned with the GPC methodology, as the recommended source of activity data.",CH4|N2O|CO2|PFCs|NF3|SF6|HFCs,"Other: The emission factors are primarily based on the National Greenhouse Gas Emission Factor Management Table (Version 6.0.4), as well as Appendix 1 of the 'Guidelines for Greenhouse Gas Inventory Calculations at the County and City Levels' (2024 Edition)",IPCC Fifth Assessment Report (2013),"Yes, externally audited/verified (third-party verification)",Emissions factors - High data quality|Activity data - High data quality,No changes to the methodology and/or boundary used when compared to the previously reported inventory,(3.1.1)2023年新北市排放清冊 GPC版0620.xlsx,
2025 Disclosure Cycle,779465,CDP,57347,Pingtung County Government,City,China,East Asia,Public,Q3.1.1,Provide information on and an attachment (in spreadsheet format)/ direct link to your main community-wide GHG emissions inventory.,1,Response,112年屏東縣溫室氣體排放清冊-改AR5版本-6(最後版本).xlsx,attached file: 112年屏東縣溫室氣體排放清冊 ,The emissions inventory has been attached,2023,Same - covers entire jurisdiction and nothing else,794997,Regional or country/area specific methodology,,Internal tool/process,SF6|N2O|HFCs|CO2|NF3|CH4|PFCs,Default IPCC emission factors,IPCC Fifth Assessment Report (2013),"Yes, internally audited/verified (self-verification)",Emissions factors - High data quality|Activity data - High data quality,No changes to the methodology and/or boundary used when compared to the previously reported inventory,111年屏東縣溫室氣體排放清冊-0419v10(全) (4).xlsx,"2000年代初，台灣政府傾向於建立溫室氣體盤查方法。但是，由於各市排放類別、計算方法、活動數據的選擇、數據來源等方面的差異，導致其缺乏客觀性。 為此，環境保護署（EPA）提出了《城市級溫室氣體清單指南》，清單遵循政府間氣候變化專門委員會（IPCC）制定的國際地方政府溫室氣體排放分析協議（IEAP）。 《城市級溫室氣體清單指南》不僅遵循了溫室氣體清單的五個基本原則：相關性、完整性、一致性、準確性和透明度，而且與國際趨勢高度接軌。在這種情況下，該方法被認為是每個城市減少溫室氣體的自我評估，並且在國際上是可檢查和可驗證的。就清單氣體而言，HFCs、PFCs 和 NF3 也被列入清單。 然而，台灣政府禁止使用 HFC 和 PFC，因此排放量為零。 NF3為半導體產業排放，屏東縣無相關企業，因此排放量為零。 因此，沒有 HFC、PFC 和 NF3 排放。In the early 2000s, Taiwan's government tended to build a method for GHG inventory. However, the lack of objectivity results from the differences in the emission categories, calculation methods, selection of activity data, and data sources of the municipalities. Therefore, the＂Guidelines for City Level Greenhouse Gas Inventories＂ were proposed by the Environmental Protection Administration (EPA), and the inventory followed the International Local Government Greenhouse Gas Emissions Analysis Protocol (IEAP) by Intergovernmental Panel on Climate Change (IPCC). The＂Guidelines for City Level Greenhouse Gas Inventories＂not only followed the five basic principles of greenhouse gas inventories: relevance, completeness, consistency, accuracy, and transparency are also highly connected to the international trend. In this case, the method is considered a self-assessment of reducing GHG for each city and being inspectable and verifiable internationally. As far as inventoried gas is concerned, HFCs, PFCs, and NF3 are also included in the list. Nevertheless, HFCs and PFCs are prohibited by Taiwan Government. NF3 is emitted by semiconductor industry, and there is no related company in Pingtung County. As a consequence, the HFCs, PFCs, and NF3 emission is zero."
2025 Disclosure Cycle,779465,CDP,57509,Prefeitura de Niterói,City,Latin America,Brazil,Public,Q3.1.1,Provide information on and an attachment (in spreadsheet format)/ direct link to your main community-wide GHG emissions inventory.,1,Response,Inventário de GEE Niterói 2018_CIRIS atualizado.pdf,Inventário de GEE Niterói 2018_CIRIS atualizado.pdf,The emissions inventory has been attached,2018,Same - covers entire jurisdiction and nothing else,511786.0,,Global Protocol for Community-Scale Greenhouse Gas Emissions Inventories (GPC),CIRIS,CH4|SF6|N2O|NF3|CO2,Default IPCC emission factors,IPCC Fifth Assessment Report (2013),"Yes, externally audited/verified (third-party verification)",Activity data - High data quality,No changes to the methodology and/or boundary used when compared to the previously reported inventory,Inventário de GEE Niterói 2018_CIRIS_v4.xlsx,O inventário de GEE de Niterói foi anexado. 
2025 Disclosure Cycle,779465,CDP,58413,"City of Carmel, IN",City,North America,United States of America,Public,Q3.1.1,Provide information on and an attachment (in spreadsheet format)/ direct link to your main community-wide GHG emissions inventory.,1,Response,"Finalized_Inventory_Report_12232020.docx,GHG_Inventory_Report_Final.pdf",https://www.carmel.in.gov/home/showpublisheddocument/21618/638409325384530000,The emissions inventory has been attached and can be accessed (unrestricted) on the link provided,2018,Same - covers entire jurisdiction and nothing else,99248,,Global Protocol for Community-Scale Greenhouse Gas Emissions Inventories (GPC),ICLEI ClearPath,CO2,Default IPCC emission factors,IPCC Fifth Assessment Report (2013),"No, not audited/verified",Activity data - Medium data quality|Emissions factors - Medium data quality,No changes to the methodology and/or boundary used when compared to the previously reported inventory,,
2025 Disclosure Cycle,779465,CDP,58489,Høje-Taastrup Municipality,City,Europe,Denmark,Public,Q3.1.1,Provide information on and an attachment (in spreadsheet format)/ direct link to your main community-wide GHG emissions inventory.,1,Response,169_eCRF-format_2023_Høje-Taastrup_v4.0.xlsx,See attached spreadsheet for the 2023 emissions inventory,The emissions inventory has been attached,2023,Same - covers entire jurisdiction and nothing else,55258,,Global Protocol for Community-Scale Greenhouse Gas Emissions Inventories (GPC) reported in the format of GCoM Common Reporting Framework (CRF),Other: The Danish municipal energy and GHG-inventory (Energi- og CO2-regnskabet),CO2|N2O|CH4,Local emission factors: We use DK2 emission factor and for district heating we use VEKS local emission factor for the municipality,IPCC Fifth Assessment Report (2013),"Yes, externally audited/verified (third-party verification)",Emissions factors - High data quality|Activity data - High data quality,No changes to the methodology and/or boundary used as this is the jurisdictions first year reporting an emissions inventory,,Nothing further
2025 Disclosure Cycle,779465,CDP,58513,"City of Medford, MA",City,North America,United States of America,Public,Q3.1.1,Provide information on and an attachment (in spreadsheet format)/ direct link to your main community-wide GHG emissions inventory.,1,Response,,https://cityofmedford.sharepoint.com/:x:/s/OCD-EE/EWEybEmygIdMnwye_pLCMf0BZMiLMjjJP-e1_3msZNIi6g?e=XAcprv,The emissions inventory can be accessed (unrestricted) on the link provided,2023,Same - covers entire jurisdiction and nothing else,58744,,Global Protocol for Community-Scale Greenhouse Gas Emissions Inventories (GPC),"Other regionally/nationally developed tool/process: Metropolitan Area Planning Council GHG Inventory Tool, designed according to the GPC. Submitted using CIRIS tool.",CH4|CO2|N2O,Default IPCC emission factors,IPCC Sixth Assessment Report (2021),"Yes, internally audited/verified (self-verification)",Emissions factors - High data quality|Activity data - High data quality,No changes to the methodology and/or boundary used when compared to the previously reported inventory,,n/a
2025 Disclosure Cycle,779465,CDP,58590,"City of Easton, PA",City,North America,United States of America,Public,Q3.1.1,Provide information on and an attachment (in spreadsheet format)/ direct link to your main community-wide GHG emissions inventory.,1,Response,cdp_report 2022.xlsx,attached document,The emissions inventory has been attached,2022,Same - covers entire jurisdiction and nothing else,27000.0,,U.S. Community Protocol for Accounting and Reporting of Greenhouse Gas Emissions (ICLEI USA),ICLEI ClearPath,CO2,Default IPCC emission factors,IPCC Second Assessment Report (1995),"Yes, internally audited/verified (self-verification)",Emissions factors - Medium data quality|Activity data - Medium data quality,"Yes, due to changes in calculation methodology or improvements in data access and/or accuracy and this has triggered a recalculation of historic emissions data",cdp_report 2018 updated.xlsx,Nothing further
2025 Disclosure Cycle,779465,CDP,58595,Municipalidad de Belén,City,Latin America,Costa Rica,Public,Q3.1.1,Provide information on and an attachment (in spreadsheet format)/ direct link to your main community-wide GHG emissions inventory.,1,Response,,https://munibelen-my.sharepoint.com/:f:/g/personal/ambiental_belen_go_cr/EmkLoVU0It9NqpmCIwX3lYkBrSmHI-6PlEh3AvWMqceaqA?e=HsfdQl,The emissions inventory can be accessed (unrestricted) on the link provided,2021,Same - covers entire jurisdiction and nothing else,24000.0,,Regional or country/area specific methodology,Other regionally/nationally developed tool/process: Programa País Carbono Neutralidad 2.0,HFCs|SF6|PFCs|N2O|CO2|NF3|CH4,National/sub-national emission factors: ,,"Other: Se envió para verificación de la Dirección de Cambio Climático del Ministerio de Ambiente y Energía desde noviembre 2022, pero no han enviado la verificación y esto ha atrasado el proceso de implementación y divulgación de datos.",Emissions factors - High data quality|Activity data - High data quality,No changes to the methodology and/or boundary used when compared to the previously reported inventory,,Se adjunta además el informe del inventario 2021. En Costa Rica el gobierno solicita hacer inventarios cada 3 años. https://munibelen-my.sharepoint.com/:b:/g/personal/ambiental_belen_go_cr/ETB6LWUSefNKglyossJJt48BTrxK16AXA7OVs2tp_H_GEw?e=Ofy5O4\nNo se pudo adjuntar por un problema del sistema. 
2025 Disclosure Cycle,779465,CDP,58597,Municipalidad de La Unión,City,Latin America,Costa Rica,Public,Q3.1.1,Provide information on and an attachment (in spreadsheet format)/ direct link to your main community-wide GHG emissions inventory.,1,Response,"BIOMATEC_Comparación GEI La Unión 2018-2021_v2.xlsx,BIOMATEC_Municipalidad de La Unión_Cálculo Inventario GEI_PPCNC 2021.xlsx",Inventario de emisiones de GEI La Unión 2021,The emissions inventory has been attached,2021,Same - covers entire jurisdiction and nothing else,114615.0,,Regional or country/area specific methodology,Other regionally/nationally developed tool/process: Herramienta del Programa País Carbono Neutralidad de Costa Rica,CH4|HFCs|PFCs|N2O|CO2,Default IPCC emission factors,IPCC Sixth Assessment Report (2021),"No, not audited/verified",Emissions factors - High data quality|Activity data - High data quality|Emissions factors - Medium data quality|Activity data - Medium data quality,"Yes, due to changes in calculation methodology or improvements in data access and/or accuracy and this has triggered a recalculation of historic emissions data",Herramienta de cálculo PPCNC-La Unión.xlsx,Se adjunta la comparativa de emisiones contra el año 2021 (inventario más reciente) contra el inventario recalculado para el año 2017
2025 Disclosure Cycle,779465,CDP,58613,City of York Council,City,UKWW,United Kingdom,Public,Q3.1.1,Provide information on and an attachment (in spreadsheet format)/ direct link to your main community-wide GHG emissions inventory.,1,Response,York Greenhouse Gas Emissions Inventory 2023 Accredited Statistics.xlsx,https://www.gov.uk/government/statistics/uk-local-authority-and-regional-greenhouse-gas-emissions-statistics-2005-to-2023,The emissions inventory has been attached and can be accessed (unrestricted) on the link provided,2023,Same - covers entire jurisdiction and nothing else,206780,,Regional or country/area specific methodology,"Other regionally/nationally developed tool/process: UK local authority and regional greenhouse gas emissions statistics, 2005 to 2023 - Accredited official statistics from the Department for Energy Security and Net Zero (UK)",N2O|CH4|CO2,"National/sub-national emission factors: SCATTER is underpinned by point source data from the Department for Energy, Security and Net Zero. National end user emissions data are used to calculate emission factors for each activity and applied to LA activity data",IPCC Fifth Assessment Report (2013),"Yes, internally and externally audited/verified",Emissions factors - Medium data quality|Emissions factors - High data quality|Activity data - High data quality|Activity data - Medium data quality,"Yes, due to changes in calculation methodology or improvements in data access and/or accuracy but this has not triggered a recalculation of historic emissions data","Annex A UK Local Authority and Regional Greenhouse Gas Emissions National Statistics_2021.xlsx,Emissions Inventory 2022_York_Accredited Statistics.xlsx,SCATTER_york_CDP-report-inventory_2018.xlsx,SCATTER_york_CDP-report-inventory_2020 (2).xlsx,SCATTER_york_Inventory_2019 (1).xlsx","Historically, emissions have been reported by the SCATTER Tool, which was discontinued officially this year. York's SCATTER reports for 2019 and 2020 are attached as historical inventories here, and as guided by CDP are in line with the requirements to align with the CRF and report on Scope 1, 2 and 3. Following the discontinuation of SCATTER, City of York Council have adopted the accredited official statistics from the UK's Department for Energy Security and Net Zero, \'UK local authority and regional greenhouse gas emissions statistics, 2005 to 2023\'. This data has been categorized by Scope 1, 2 and 3 data. \nScope 1:\nDirect emissions from sources within the city's boundary (e.g., city-owned vehicles, combustion in buildings). \nScope 2:\nIndirect emissions from the consumption of purchased electricity, heating, and cooling within the city's boundary. \nScope 3 (City-Wide):\nAll other indirect emissions that happen outside the city's physical boundary but are a result of activities within the city, as well as transboundary emissions related to the use of goods and services consumed by its residents and businesses. The data set provides a spatial disaggregation of territorial carbon dioxide (CO2), methane (CH4) and nitrous oxide (N2O) emissions from the UK GHG Inventory\n(GHGI), part of the National Atmospheric Emissions Inventory (NAEI).\n\n SCATTER was underpinned by point source data from the Department for Energy, Security and Net Zero. National end user emissions data are used to calculate emission factors for each activity. Local authority activity data are then multiplied by the relevant emission factor to generate an estimate of emissions in each LA. More information on SCATTER is available here https://assets.publishing.service.gov.uk/media/667ad7a7c7f64e234208ffc2/local-authority-ghg-technical-report-2022.pdf \n\nBoth of these inventory processes have been internally approved, as seen in the publically available papers below. The lastest published inventory has also been internally audited by CYC's owned auditor organisation. The DESNZ statistics are officially accredited. \nBackground paper: York Emissions Inventory Report 2024\nhttps://democracy.york.gov.uk/documents/s179439/EMDS_City%20Wide%20Emissions%202024.pdf \n\nBackground paper: York Emissions Inventory Report 2023 \nhttps://modgov.york.gov.uk/documents/s171184/York%20Emissions%20Inventory%20Report%202023.pdf \n\nBackground paper: York Emissions Inventory Report 2022\nhttps://modgov.york.gov.uk/documents/s164308/EMDS%20City%20Emissions%20Dec%202022.pdf \n\nBackground paper: York Emissions Inventory Report 2021 \nhttps://modgov.york.gov.uk/documents/s153498/EMDS_York%20Emisions%20Inventory%20Report_2021.pdf \n\nAs such, in line with the CDP 2025 requirements, the most recent invetory provides a information from 2021 or later, and the historical reports from SCATTER can also be observed as required. \n"
2025 Disclosure Cycle,779465,CDP,58616,Vijayawada Municipal Corporation,City,India,India,Public,Q3.1.1,Provide information on and an attachment (in spreadsheet format)/ direct link to your main community-wide GHG emissions inventory.,1,Response,Vijayawada_Community Inventory_CDP Reporting Summary_2021-22.xlsx,,The emissions inventory has been attached,2021/2022,Same - covers entire jurisdiction and nothing else,1195150,,Global Protocol for Community-Scale Greenhouse Gas Emissions Inventories (GPC) reported in the format of GCoM Common Reporting Framework (CRF),Other: Harmonized Emission Analysis Tool plus (HEAT+),CO2|CH4|N2O,Default IPCC emission factors,IPCC Fourth Assessment Report (2007),"Yes, internally audited/verified (self-verification)",Emissions factors - Medium data quality|Activity data - Medium data quality,No changes to the methodology and/or boundary used when compared to the previously reported inventory,,The GHG emissions inventory is prepared for FY 2021-22. 
2025 Disclosure Cycle,779465,CDP,58668,"City of New Bedford, MA",City,North America,United States of America,Public,Q3.1.1,Provide information on and an attachment (in spreadsheet format)/ direct link to your main community-wide GHG emissions inventory.,1,Response,"New Bedford Community GHG Inventory Workbook.xlsx,New Bedford Municipal GHG Inventory Workbook.xlsx",,The emissions inventory has been attached,2019,Same - covers entire jurisdiction and nothing else,95125.0,,Global Protocol for Community-Scale Greenhouse Gas Emissions Inventories (GPC),Consultancy-developed tool/process: Kim Lundgren Associates,CO2|CH4|N2O,Default IPCC emission factors,IPCC Fourth Assessment Report (2007),"Yes, internally audited/verified (self-verification)",Activity data - Medium data quality,"Yes, due to changes in calculation methodology or improvements in data access and/or accuracy and this has triggered a recalculation of historic emissions data",,https://newbedford-ma.s3.amazonaws.com/wp-content/uploads/sites/39/20230817142809/Final-New-Bedford-Inventory-Methods-and-Data-Collection-Report.pdf
2025 Disclosure Cycle,779465,CDP,58671,Helsingør Municipality,City,Europe,Denmark,Public,Q3.1.1,Provide information on and an attachment (in spreadsheet format)/ direct link to your main community-wide GHG emissions inventory.,1,Response,Helsingør Kommune CO2-kortlægning 2024.xlsx,https://www.helsingor.dk/borger/klima-og-baeredygtighed/klimakommune,The emissions inventory has been attached and can be accessed (unrestricted) on the link provided,2023,Same - covers entire jurisdiction and nothing else,63399,,Global Protocol for Community-Scale Greenhouse Gas Emissions Inventories (GPC),Internal tool/process,CH4|SF6|CO2|NF3|N2O|PFCs|HFCs,Default IPCC emission factors,IPCC Fifth Assessment Report (2013),"Yes, externally audited/verified (third-party verification)",Emissions factors - High data quality,No changes to the methodology and/or boundary used when compared to the previously reported inventory,,
2025 Disclosure Cycle,779465,CDP,58866,Beşiktaş Municipality,City,UKWW,Türkiye,Public,Q3.1.1,Provide information on and an attachment (in spreadsheet format)/ direct link to your main community-wide GHG emissions inventory.,1,Response,,https://cevre.besiktas.bel.tr/Uploads/cevre.besiktas.bel.tr/Dokuman/besiktas_secap_rapor.pdf,The emissions inventory has been attached and can be accessed (unrestricted) on the link provided,2022,Same - covers entire jurisdiction and nothing else,175190,,Global Protocol for Community-Scale Greenhouse Gas Emissions Inventories (GPC) reported in the format of GCoM Common Reporting Framework (CRF),CIRIS,CO2,Default IPCC emission factors,IPCC Sixth Assessment Report (2021),"Yes, externally audited/verified (third-party verification)",Activity data - High data quality|Emissions factors - High data quality,No changes to the methodology and/or boundary used as this is the jurisdictions first year reporting an emissions inventory,,"\'Most of our activity data has been obtained directly from energy suppliers and our municipality's own records, so it is of high quality. The likelihood of unrecorded energy use in our region is virtually nonexistent. However, there is a possibility that our records may not include data from solid fuel usage, which would be negligible when compared to the overall data. This is because these solid fuel sources might be purchased from outside the district and brought into our district boundaries.\'"
2025 Disclosure Cycle,779465,CDP,58871,"City of Salem, MA",City,North America,United States of America,Public,Q3.1.1,Provide information on and an attachment (in spreadsheet format)/ direct link to your main community-wide GHG emissions inventory.,1,Response,Salem_2018_GHG_Inventory_CDP_Upload(GHG Analysis).csv,n/a,The emissions inventory has been attached,2018,Same - covers entire jurisdiction and nothing else,43272,,Regional or country/area specific methodology,Other: Used an inventory tool developed by a Regional Planning Agency. This tool was supplemented and enhanced by a tool developed by a nationally recognized consulting agency.,CH4|CO2|N2O,Default IPCC emission factors,Do not know,"No, not audited/verified",Activity data - Medium data quality,No changes to the methodology and/or boundary used when compared to the previously reported inventory,"Beverly+and+Salem+GHG+Inventory+Report_Summary_Final-11-20.pdf,Salem_2018_GHG_Inventory_CDP_Upload.xlsx",N/A
2025 Disclosure Cycle,779465,CDP,59151,City of Akureyri,City,Europe,Iceland,Public,Q3.1.1,Provide information on and an attachment (in spreadsheet format)/ direct link to your main community-wide GHG emissions inventory.,1,Response,CIRIS Akureyri24 ut.xlsx,,The emissions inventory has been attached,2024,Same - covers entire jurisdiction and nothing else,20050,,Global Protocol for Community-Scale Greenhouse Gas Emissions Inventories (GPC),CIRIS,HFCs|CH4|N2O|SF6|NF3|CO2|PFCs,National/sub-national emission factors: Icelandic EPA,IPCC Fifth Assessment Report (2013),"No, not audited/verified",Activity data - Medium data quality,"Yes, due to changes in calculation methodology or improvements in data access and/or accuracy but this has not triggered a recalculation of historic emissions data",,
2025 Disclosure Cycle,779465,CDP,59166,Municipalidad de Independencia,City,Latin America,Chile,Public,Q3.1.1,Provide information on and an attachment (in spreadsheet format)/ direct link to your main community-wide GHG emissions inventory.,1,Response,Inventario de GEI Independencia 2022.pdf,Inventario GEI comunal 2022,The emissions inventory has been attached,2022,Same - covers entire jurisdiction and nothing else,150074,,Global Protocol for Community-Scale Greenhouse Gas Emissions Inventories (GPC),Internal tool/process,N2O|CO2|CH4,Local emission factors: FACTORES DE EMISIÓN PARA EL CÁLCULO DE LA HUELLA DE CARBONO - HUELLA CHILE,IPCC Sixth Assessment Report (2021),"No, not audited/verified",Emissions factors - Medium data quality|Activity data - High data quality,No changes to the methodology and/or boundary used when compared to the previously reported inventory,Detalle Emisiones 2020.xlsx,"Aunque se hace referencia al inventario de emisiones como correspondiente al año 2022, la información más antigua disponible data de 2020, mientras que la más reciente se actualiza hasta 2024. Este documento es una actualización del último inventario reportado.\n\n"
2025 Disclosure Cycle,779465,CDP,59532,"City of Hoboken, NJ",City,North America,United States of America,Public,Q3.1.1,Provide information on and an attachment (in spreadsheet format)/ direct link to your main community-wide GHG emissions inventory.,1,Response,"2022 Hoboken - Community - Detailed Report.xlsx,5cb9cc6f5ab48e72c7b5d9c7_00_Hoboken Climate Action Plan and Inventories_FINAL.pdf",,The emissions inventory has been attached,2022,Same - covers entire jurisdiction and nothing else,58690,,U.S. Community Protocol for Accounting and Reporting of Greenhouse Gas Emissions (ICLEI USA),ICLEI ClearPath,HFCs|NF3|CH4|PFCs|SF6|N2O|CO2,Default IPCC emission factors,IPCC Fifth Assessment Report (2013),"Yes, internally audited/verified (self-verification)",Emissions factors - High data quality|Activity data - High data quality,No changes to the methodology and/or boundary used when compared to the previously reported inventory,,The City has completed the 2022 GHG inventory and is currently awaiting final ClearPath approval after making final edits. 
2025 Disclosure Cycle,779465,CDP,59536,"City of Kitchener, ON",City,North America,Canada,Public,Q3.1.1,Provide information on and an attachment (in spreadsheet format)/ direct link to your main community-wide GHG emissions inventory.,1,Response,,https://climateactionwr.ca/wp-content/uploads/2024/05/2022-Waterloo-Region-Community-Greenhouse-Gas-Inventory-Report-Published-June-2024.pdf,The emissions inventory can be accessed (unrestricted) on the link provided,2022,"Other: Covers all community emissions for the Region of Waterloo (Cambridge, Kitchener, North Dumfries, Waterloo, Wellesley, Wilmont and Woolwich).",,,Global Protocol for Community-Scale Greenhouse Gas Emissions Inventories (GPC),,N2O|CO2|CH4,,,,,,,
2025 Disclosure Cycle,779465,CDP,59537,"City of Denton, TX",City,North America,United States of America,Public,Q3.1.1,Provide information on and an attachment (in spreadsheet format)/ direct link to your main community-wide GHG emissions inventory.,1,Response,"2019 Greenhouse Gas Inventory Update.pdf,2019 Greenhouse Gas Inventory Update.pdf",NA,The emissions inventory has been attached,2019,Same - covers entire jurisdiction and nothing else,136195.0,U.S. Community Protocol for Accounting and Reporting of Greenhouse Gas Emissions (ICLEI USA),,ICLEI ClearPath,N2O|CH4|CO2,Do not know,IPCC Fifth Assessment Report (2013),,,No changes to the methodology and/or boundary used when compared to the previously reported inventory,,"The City of Denton 2019 GHG Inventory is attached. The values have been updated, and the scope expanded compared to previous reporting for the 2019 year. New and improved data sources have been added as a part of the regional GHG cohort in the Dallas-Fort Worth Region. City of Denton Environmental Services and Sustainability are currently working on completing an updated greenhouse gas inventory for more recent years, starting with calendar year 2023."
2025 Disclosure Cycle,779465,CDP,59538,"City of Mississauga, ON",City,North America,Canada,Public,Q3.1.1,Provide information on and an attachment (in spreadsheet format)/ direct link to your main community-wide GHG emissions inventory.,1,Response,GHG_Inventory_14_CDP_Submitted.xlsx,The file is attached ,The emissions inventory has been attached,2023,Same - covers entire jurisdiction and nothing else,717961.0,,Global Protocol for Community-Scale Greenhouse Gas Emissions Inventories (GPC) reported in the format of GCoM Common Reporting Framework (CRF),Consultancy-developed tool/process: GHG inventory tool spreadsheet,CO2|N2O|CH4,"National/sub-national emission factors: National Inventory Report (NIR), Canada",IPCC Sixth Assessment Report (2021),"Yes, internally audited/verified (self-verification)",Activity data - High data quality|Emissions factors - High data quality,No changes to the methodology and/or boundary used when compared to the previously reported inventory,,Historical inventory is included in spreadsheet provided for current submission year
2025 Disclosure Cycle,779465,CDP,59545,"City of Charlottesville, VA",City,North America,United States of America,Public,Q3.1.1,Provide information on and an attachment (in spreadsheet format)/ direct link to your main community-wide GHG emissions inventory.,1,Response,CY2023 Charlottesville GHG Inventory_2025.xlsx,https://www.charlottesville.gov/295/Charlottesville-Emissions-Reports,The emissions inventory has been attached and can be accessed (unrestricted) on the link provided,2022,Same - covers entire jurisdiction and nothing else,45373,,Global Protocol for Community-Scale Greenhouse Gas Emissions Inventories (GPC),ICLEI ClearPath,N2O|CH4|CO2,Default IPCC emission factors,IPCC Sixth Assessment Report (2021),"No, not audited/verified",Emissions factors - High data quality|Activity data - Medium data quality,No changes to the methodology and/or boundary used when compared to the previously reported inventory,,https://www.charlottesville.gov/295/Charlottesville-Emissions-Reports
2025 Disclosure Cycle,779465,CDP,59562,"City of Urbana, IL",City,North America,United States of America,Public,Q3.1.1,Provide information on and an attachment (in spreadsheet format)/ direct link to your main community-wide GHG emissions inventory.,1,Response,Urbana Inventory.csv,,The emissions inventory has been attached,2023,Same - covers entire jurisdiction and nothing else,38336,,Global Protocol for Community-Scale Greenhouse Gas Emissions Inventories (GPC) reported in the format of GCoM Common Reporting Framework (CRF),ICLEI ClearPath,N2O|CH4|CO2,Default IPCC emission factors,,,,,,
2025 Disclosure Cycle,779465,CDP,59563,"City of Takoma Park, MD",City,North America,United States of America,Public,Q3.1.1,Provide information on and an attachment (in spreadsheet format)/ direct link to your main community-wide GHG emissions inventory.,1,Response,"TAKOMA PARK - GHG Inventory Data Summary - 2005-2023 - DRAFT_7-18-25.xlsx,TAKOMA PARK - GHG Inventory Data Summary - 2005-2023 - DRAFT_7-18-25.xlsx",Link not available yet,The emissions inventory has been attached,2023,Same - covers entire jurisdiction and nothing else,17522,,Global Protocol for Community-Scale Greenhouse Gas Emissions Inventories (GPC),ICLEI ClearPath,PFCs|HFCs|CO2|N2O|CH4,"National/sub-national emission factors: ClearPath, EPA MOVES, EPA US Inventory of Emissions and Sinks, EPA State Inventory Tool, AG Module",IPCC Sixth Assessment Report (2021),"Yes, internally audited/verified (self-verification)",Activity data - High data quality|Emissions factors - High data quality,No changes to the methodology and/or boundary used when compared to the previously reported inventory,,Link to MWCOG's GHG Inventories Methodologies Document (2022): https://www.mwcog.org/documents/2022/12/09/greenhouse-gas-emissions-inventories-methodology-guide-climate--energy-greenhouse-gas/
2025 Disclosure Cycle,779465,CDP,59572,"District of Saanich, BC",City,North America,Canada,Public,Q3.1.1,Provide information on and an attachment (in spreadsheet format)/ direct link to your main community-wide GHG emissions inventory.,1,Response,Saanich-2023-Community-GHG-Inventory-GPC.pdf,See attached,The emissions inventory has been attached,2023,Other: includes emissions from electricity produced outside of boundary,125380,,Global Protocol for Community-Scale Greenhouse Gas Emissions Inventories (GPC),Consultancy-developed tool/process: Stantec developed excel tool,N2O|CO2|NF3|PFCs|HFCs|SF6|CH4,Default IPCC emission factors,IPCC Fourth Assessment Report (2007),Other: Was created by external third party organization.,Activity data - Medium data quality|Emissions factors - Medium data quality,No changes to the methodology and/or boundary used when compared to the previously reported inventory,2022-regional-ghg-inventory-study-.pdf,"An excel report is also available. The emissions factors are from the BC Best Practices Guidance which draws emissions factors from the National Inventory Report, which draws emissions factors from the IPCC 4th Assessment Report."
2025 Disclosure Cycle,779465,CDP,59588,"Town of Chapel Hill, NC",City,North America,United States of America,Public,Q3.1.1,Provide information on and an attachment (in spreadsheet format)/ direct link to your main community-wide GHG emissions inventory.,1,Response,2023 Chapel Hill GHG Emissions Inventory.pdf,,The emissions inventory has been attached,2023,Same - covers entire jurisdiction and nothing else,62043,U.S. Community Protocol for Accounting and Reporting of Greenhouse Gas Emissions (ICLEI USA),,"Consultancy-developed tool/process: Custom tool developed by our constultant, Kim Lundgren and Associates (KLA). Also used methods from the Local Government Operations Protocol and USDN's Regional Fugitive Methane Accounting. 2023 update created by Will Cotterman using KLA tool.",CH4|CO2|N2O,"National/sub-national emission factors: SERC, eGRID subregion Virginia/Carolina",IPCC Sixth Assessment Report (2021),"Yes, internally audited/verified (self-verification)",Activity data - Medium data quality|Emissions factors - High data quality,"Yes, due to changes in calculation methodology or improvements in data access and/or accuracy but this has not triggered a recalculation of historic emissions data",2017 Chapel Hill GHG Inventories Report.pdf,"For their readability and transparency, we've included the 2023 and 2017 greenhouse has emissions inventory reports. Both reports include the input data and source information found in the supporting spreadsheets. "
2025 Disclosure Cycle,779465,CDP,59609,"City of Concord, CA",City,North America,United States of America,Public,Q3.1.1,Provide information on and an attachment (in spreadsheet format)/ direct link to your main community-wide GHG emissions inventory.,1,Response,"GHG Baseline_Forecast FINAL 2013 07.xlsx,GHG Baseline_Forecast PDF FINAL 2013 07.pdf",https://www.cityofconcord.org/DocumentCenter/View/13911/GHG-Baseline_Forecast-FINAL-2013-07,The emissions inventory has been attached and can be accessed (unrestricted) on the link provided,2011,Same - covers entire jurisdiction and nothing else,123900,U.S. Community Protocol for Accounting and Reporting of Greenhouse Gas Emissions (ICLEI USA),,"Consultancy-developed tool/process: Consultant, ARUP, used ICLEI Local Gov Operations Emissions Inventory for workbook with best available tools. Incl: Local Gov Operations Protocol (LGOP), ICLEI (CACP 2009), EPA WARM (2010), and local ABAG and contra costa county (EMFAC and Urbemis).",CO2|CH4|N2O,"Other: Internationally recognized protocols and State and local regulations: LGOP, the climate registry, EPA eGRID, state and county air quality districts and utilities.",IPCC Second Assessment Report (1995),"Yes, externally audited/verified (third-party verification)",Emissions factors - Medium data quality|Emissions factors - High data quality|Activity data - Medium data quality,No changes to the methodology and/or boundary used as this is the jurisdictions first year reporting an emissions inventory,"GHG Gov Operations Emissions Report final June 2011.pdf,Master Data Workbook CONCORD FINAL 4-7-11(1).xls",Municipal operations inventory with more details on tools and data sources. \nMaster Data workbook from ICLEI including methodology and emission factors used to create City Community wide inventory
2025 Disclosure Cycle,779465,CDP,59633,"City of Santa Cruz, CA",City,North America,United States of America,Public,Q3.1.1,Provide information on and an attachment (in spreadsheet format)/ direct link to your main community-wide GHG emissions inventory.,1,Response,"Santa Cruz Community GHG Imventories 2022 cdp_report .xlsx,cdp_report.xlsx",uploaded\n,The emissions inventory has been attached,2022,Same - covers entire jurisdiction and nothing else,62251.0,,Global Protocol for Community-Scale Greenhouse Gas Emissions Inventories (GPC) reported in the format of GCoM Common Reporting Framework (CRF),ICLEI ClearPath,N2O|CH4|CO2,"Local emission factors: PGE< CCE, others",IPCC Fifth Assessment Report (2013),"Yes, externally audited/verified (third-party verification)",Activity data - Medium data quality|Emissions factors - Medium data quality,No changes to the methodology and/or boundary used when compared to the previously reported inventory,,https://www.cityofsantacruz.com/government/city-departments/city-manager/climate-action-program/climate-action-plan
2025 Disclosure Cycle,779465,CDP,59653,"City of Manhattan Beach, CA",City,North America,United States of America,Public,Q3.1.1,Provide information on and an attachment (in spreadsheet format)/ direct link to your main community-wide GHG emissions inventory.,1,Response,data.xlsx,,The emissions inventory has been attached,2020,Same - covers entire jurisdiction and nothing else,35064,,Jurisdiction specific methodology,ICLEI ClearPath,N2O|CH4|CO2,Default IPCC emission factors,IPCC Sixth Assessment Report (2021),"Yes, externally audited/verified (third-party verification)",Activity data - High data quality,No changes to the methodology and/or boundary used when compared to the previously reported inventory,Manhattan Beach Community-wide & LGO_final.pdf,This is the most recent Manhattan Beach GHG Inventory Report produced by ICLEI
2025 Disclosure Cycle,779465,CDP,59677,"City of Mountain View, CA",City,North America,United States of America,Public,Q3.1.1,Provide information on and an attachment (in spreadsheet format)/ direct link to your main community-wide GHG emissions inventory.,1,Response,"cdp_report (1).xlsx,cdp_report 2023.xlsx",N/A,The emissions inventory has been attached,2023,Same - covers entire jurisdiction and nothing else,84463,U.S. Community Protocol for Accounting and Reporting of Greenhouse Gas Emissions (ICLEI USA),,ICLEI ClearPath,CO2|N2O|CH4,Local emission factors: Silicon Valley Clean Energy emission factors,IPCC Fifth Assessment Report (2013),,,,,N/A
2025 Disclosure Cycle,779465,CDP,59678,"City of Evanston, IL",City,North America,United States of America,Public,Q3.1.1,Provide information on and an attachment (in spreadsheet format)/ direct link to your main community-wide GHG emissions inventory.,1,Response,2023 Evansaton Emissions Data.xlsx,spreadsheet,The emissions inventory has been attached,2022,Same - covers entire jurisdiction and nothing else,77517.0,,Global Protocol for Community-Scale Greenhouse Gas Emissions Inventories (GPC),Other: excel,CO2,National/sub-national emission factors: U.S. EPA https://www.epa.gov/climateleadership/ghg-emission-factors-hub,IPCC Sixth Assessment Report (2021),"No, not audited/verified",Activity data - Medium data quality|Emissions factors - High data quality,"Yes, due to changes in calculation methodology or improvements in data access and/or accuracy and this has triggered a recalculation of historic emissions data",2023 Evansaton Emissions Data.xlsx,"Our Greenhouse Gas Inventory is done in house by a staff team of two, as we are down a staff member. Currently, most of our data ends up in MTCO2E but in future we will share CH4 and N2O. "
2025 Disclosure Cycle,779465,CDP,59696,"City of Longmont, CO",City,North America,United States of America,Public,Q3.1.1,Provide information on and an attachment (in spreadsheet format)/ direct link to your main community-wide GHG emissions inventory.,1,Response,,https://longmontcolorado.gov/wp-content/uploads/2024/07/2021-Longmont-Greenhouse-Gas-Emissions-Summary-Memo.pdf,The emissions inventory can be accessed (unrestricted) on the link provided,2021,Other: Inventory includes a small amount of City-owned agricultural land outside of the City limits,99629,Global Protocol for Community-Scale Greenhouse Gas Emissions Inventories (GPC),,Consultancy-developed tool/process: The City worked with Lotus Engineering and Sustainability who developed an excel based inventory.,HFCs|N2O|CH4|CO2,"Local emission factors: Energy emission factors are provided by our electricity supplier, Platte River Power Authority and natural gas supplier, Xcel Energy",IPCC Sixth Assessment Report (2021),"No, not audited/verified",Emissions factors - Medium data quality|Activity data - Medium data quality,"Yes, due to changes in calculation methodology or improvements in data access and/or accuracy but this has not triggered a recalculation of historic emissions data",,This is the third inventory that Longmont has completed since 2016. Inventories are typically updated on a three year timeline. The 2024 greenhouse gas inventory will be ready by early 2026.
2025 Disclosure Cycle,779465,CDP,59708,"City of Bethlehem, PA",City,North America,United States of America,Public,Q3.1.1,Provide information on and an attachment (in spreadsheet format)/ direct link to your main community-wide GHG emissions inventory.,1,Response,CIRIS_Standard_v2.3__EN_Bethlehem Citywide Inventory_2017_05.05A.xlsx,,The emissions inventory has been attached,2022,Same - covers entire jurisdiction and nothing else,77617,,Global Protocol for Community-Scale Greenhouse Gas Emissions Inventories (GPC),CIRIS,CH4|CO2|N2O,National/sub-national emission factors: EPA,IPCC Fifth Assessment Report (2013),"No, not audited/verified",Activity data - Medium data quality|Emissions factors - Medium data quality,"Yes, due to changes in calculation methodology or improvements in data access and/or accuracy but this has not triggered a recalculation of historic emissions data",,
2025 Disclosure Cycle,779465,CDP,59956,Banda Aceh City Government,City,South East Asia & Oceania,Indonesia,Public,Q3.1.1,Provide information on and an attachment (in spreadsheet format)/ direct link to your main community-wide GHG emissions inventory.,1,Response,,https://drive.google.com/file/d/1HVb7tfn8lbfI-iU2J_tIEp8zIa-lrG91/view?usp=drive_link,The emissions inventory has been attached and can be accessed (unrestricted) on the link provided,2019,Same - covers entire jurisdiction and nothing else,268156,,2006 IPCC Guidelines for National Greenhouse Gas Inventories,Consultancy-developed tool/process: IGES Japan,CO2|N2O|CH4,Default IPCC emission factors,IPCC Fifth Assessment Report (2013),"Yes, internally audited/verified (self-verification)",Activity data - High data quality|Emissions factors - High data quality,"Yes, due to changes in calculation methodology or improvements in data access and/or accuracy but this has not triggered a recalculation of historic emissions data",0. Data Utama dan Perhitungan RAD GRK 2020.xlsx,https://docs.google.com/spreadsheets/d/1clLS-tVYvKBDpkDPGUc8YUHIyiGNqjxQ/edit?usp=drive_link&ouid=113499230940438571055&rtpof=true&sd=true
2025 Disclosure Cycle,779465,CDP,59958,Tweed Shire Council,City,South East Asia & Oceania,Australia,Public,Q3.1.1,Provide information on and an attachment (in spreadsheet format)/ direct link to your main community-wide GHG emissions inventory.,1,Response,Tweed 2025 GCoM Emissions Inventory.xlsx,https://snapshotclimate.com.au/locality/australia/new-south-wales/tweed/,The emissions inventory has been attached,2022/2023,Same - covers entire jurisdiction and nothing else,98177,,Global Protocol for Community-Scale Greenhouse Gas Emissions Inventories (GPC) reported in the format of GCoM Common Reporting Framework (CRF),Snapshot Tool (Australia),N2O|CH4|CO2,Default IPCC emission factors,IPCC Fifth Assessment Report (2013),"No, not audited/verified",Activity data - Medium data quality|Emissions factors - High data quality,No changes to the methodology and/or boundary used when compared to the previously reported inventory,,
2025 Disclosure Cycle,779465,CDP,59985,City of Puerto Princesa,City,South East Asia & Oceania,Philippines,Public,Q3.1.1,Provide information on and an attachment (in spreadsheet format)/ direct link to your main community-wide GHG emissions inventory.,1,Response,"GHG Quantification_Puerto Princesa City.xlsx,GHG Quantification_Puerto Princesa City.xlsx",GHG Quantification_Puerto Princesa City.xlsx,The emissions inventory has been attached,2018,Same - covers entire jurisdiction and nothing else,255166.0,,Regional or country/area specific methodology,Other regionally/nationally developed tool/process: National GHG Inventory Manual,CO2|N2O|CH4,Default IPCC emission factors,IPCC Fifth Assessment Report (2013),"No, not audited/verified",Activity data - Medium data quality|Emissions factors - Medium data quality,No changes to the methodology and/or boundary used as this is the jurisdictions first year reporting an emissions inventory,,None
2025 Disclosure Cycle,779465,CDP,59996,Batangas City,City,South East Asia & Oceania,Philippines,Public,Q3.1.1,Provide information on and an attachment (in spreadsheet format)/ direct link to your main community-wide GHG emissions inventory.,1,Response,Community-level_Spreadsheet-BATANGAS CITY.xlsx,https://drive.google.com/file/d/1IuKCYfh1PcdPQ7f_DfN1tjj839u8r4il/view?usp=drive_link,The emissions inventory has been attached,2023,Same - covers entire jurisdiction and nothing else,370298,,Global Protocol for Community-Scale Greenhouse Gas Emissions Inventories (GPC),ICLEI ClearPath,N2O|CH4|CO2,Default IPCC emission factors,IPCC Fifth Assessment Report (2013),"No, not audited/verified",Activity data - Medium data quality,No changes to the methodology and/or boundary used when compared to the previously reported inventory,Batangas City GHG Inventory Report 2019.pdf,"For the year 2023, the projected total population of Batangas City based on 2015 \nCensus of Population (POPCEN 2015) is 370,298."
2025 Disclosure Cycle,779465,CDP,59997,City of Iloilo,City,South East Asia & Oceania,Philippines,Public,Q3.1.1,Provide information on and an attachment (in spreadsheet format)/ direct link to your main community-wide GHG emissions inventory.,1,Response,ghg 2015.pdf,https://drive.google.com/file/d/1_7vpSn6gMn1tXo0aCkuGoq3oX3i-txXb/view?usp=drive_link,The emissions inventory has been attached,2015,Same - covers entire jurisdiction and nothing else,447992,Other: 2006 IPCC Guidelines for National GHG Inventories and the Global Protocol Community-Scale GHG Emissions,,Other: The toolkit was developed by the Climate Change Commission in collaboration with the USAID B-LEADERS Project to be used by LGUs in preparing Local Climate Change Action Plans.,CH4|CO2|N2O,Default IPCC emission factors,IPCC Third Assessment Report (2001),"Yes, internally audited/verified (self-verification)",Emissions factors - High data quality|Activity data - Medium data quality,"Yes, due to changes in calculation methodology or improvements in data access and/or accuracy and this has triggered a recalculation of historic emissions data","carbon sequestration.pdf,carbon sequestration.pdf,carbon sequestration.pdf,carbon sequestration.pdf,carbon sequestration.pdf",none
2025 Disclosure Cycle,779465,CDP,59998,Narayanganj City Corporation,City,India,Bangladesh,Public,Q3.1.1,Provide information on and an attachment (in spreadsheet format)/ direct link to your main community-wide GHG emissions inventory.,1,Response,,https://ncc.portal.gov.bd/site/publications/2944fc19-12f0-4aae-a0fc-277aee49ea4f,The emissions inventory has been attached,2025,Same - covers entire jurisdiction and nothing else,,,Global Protocol for Community-Scale Greenhouse Gas Emissions Inventories (GPC),ICLEI ClearPath,CH4|N2O|CO2,Emission Factor Database (EFDB),IPCC Fifth Assessment Report (2013),"Yes, internally audited/verified (self-verification)",Activity data - High data quality,No changes to the methodology and/or boundary used as this is the jurisdictions first year reporting an emissions inventory,,
2025 Disclosure Cycle,779465,CDP,60003,Baguio City,City,South East Asia & Oceania,Philippines,Public,Q3.1.1,Provide information on and an attachment (in spreadsheet format)/ direct link to your main community-wide GHG emissions inventory.,1,Response,[CleanAirAsia] Final Report-Baguio Emissions Inventory Project-30July2022.pdf,Baguio Emissions Inventory Report,The emissions inventory has been attached,2022,,366358,,Regional or country/area specific methodology,"Consultancy-developed tool/process: Following the identification of existing pollution sources in the city, the activity data required for each source was determined based on the Atmospheric Brown Clouds (ABC) Emissions Inventory Manual. The ABC El Manual was developed under the UNEP P",CH4|PFCs|CO2|HFCs|N2O,"Local emission factors: transport, cooking, household",Do not know,"Yes, externally audited/verified (third-party verification)",Activity data - High data quality|Emissions factors - High data quality,"Yes, due to changes in calculation methodology or improvements in data access and/or accuracy and this has triggered a recalculation of historic emissions data","ADB Baguio Carbon Footprint.pdf,CHAPTER-9-NET-ZERO-CIRCULAR-ECONOMY-SMART-CITY-AND-SDG.pdf","Based on the given data, Baguio City's GHG emissions (by ADB and Baguio city's Comprehensive Development Plan) mainly come from:\n1. Energy (53%) - This includes emissions from electricity generation, heating, cooking, lighting, etc. A majority of Baguio's energy comes from fossil fuels like coal and oil, resulting in carbon dioxide and methane emissions;\n2. Transportation (20%) - Gasoline and diesel vehicles emit carbon dioxide and air pollutants. Asan urban center, Baguio has a high usage of motorized transport\n3. Waste disposal (13%) - Decaying organic waste in landfills produces methane, a potent GHG. Improper solid waste management causes these emissions;\n4. Wastewater treatment (13%) - Microbial breakdown of sewage produces methane and nitrous oxide emissions; and\n5. Land cover change (1%) - Baguio has experienced rapid urbanization. Changing natural lands to agricultural or urban use releases stored carbon.\n*The attached PDF of the main community-wide emissions inventory is the only version currently available and has been reviewed and submitted to the city council."
2025 Disclosure Cycle,779465,CDP,60019,Rajshahi City Corporation,City,India,Bangladesh,Public,Q3.1.1,Provide information on and an attachment (in spreadsheet format)/ direct link to your main community-wide GHG emissions inventory.,1,Response,,https://southasia.iclei.org/wp-content/uploads/2022/04/Final_Rajshahi_GHG_Inventory_Report_ver-2.0.pdf,The emissions inventory has been attached,2018,Same - covers entire jurisdiction and nothing else,,,Global Protocol for Community-Scale Greenhouse Gas Emissions Inventories (GPC),ICLEI ClearPath,CO2|N2O|CH4,Default IPCC emission factors,,"Yes, internally and externally audited/verified",Activity data - Medium data quality,No changes to the methodology and/or boundary used when compared to the previously reported inventory,,
2025 Disclosure Cycle,779465,CDP,60029,City of Cagayan de Oro,City,South East Asia & Oceania,Philippines,Public,Q3.1.1,Provide information on and an attachment (in spreadsheet format)/ direct link to your main community-wide GHG emissions inventory.,1,Response,CDO_Community-level GHG Quantification Spreadsheet 2.xlsx,https://drive.google.com/file/d/1irjP0DmYLEU8XaA5jkZqN5a8ob_G4-S7/view?usp=drive_link,The emissions inventory has been attached and can be accessed (unrestricted) on the link provided,2021,Same - covers entire jurisdiction and nothing else,778642,,Global Protocol for Community-Scale Greenhouse Gas Emissions Inventories (GPC),"Other: Philippine Greenhouse Gas Inventory Management and Reporting System (PGHGIMRS), Community-Level GHG Inventory User Manual and Quantification Spreadsheet",CO2|N2O|CH4,Default IPCC emission factors,IPCC Fifth Assessment Report (2013),"Yes, internally audited/verified (self-verification)",Emissions factors - High data quality|Activity data - Medium data quality,No changes to the methodology and/or boundary used when compared to the previously reported inventory,CDO GHG Community-level Report_Final11518 (1).pdf,"Our city tracked its emissions in 2016 using the Community-Level GHG Inventory User Manual and Quantification Spreadsheet, and has attached the report output to the previous inventory. The 2023 GHG inventory of Cagayan de Oro City covered the reporting period of January 1 to December 31, 2021, utilizing the best available data. However, in 2023, the city conducted another GHG inventory using the 2023 data, which included the IPPU sources. Additionally, the link to the report is provided below.\nfield.https://drive.google.com/file/d/1_u8J56A6SOPd3PozkXy_WODY2n1Wv_mq/view?usp=drive_link"
2025 Disclosure Cycle,779465,CDP,60051,Kakinada Municipal Corporation,City,India,India,Public,Q3.1.1,Provide information on and an attachment (in spreadsheet format)/ direct link to your main community-wide GHG emissions inventory.,1,Response,Kakinada_Community GHG Inventory_GCOM CRF Format_01102024_Final.xlsx,https://docs.google.com/spreadsheets/d/1BP1sgz2DuaPwkj97sOXQkAxXGWO0fS-E/edit?usp=sharing&ouid=111867381829622104812&rtpof=true&sd=true,The emissions inventory has been attached,2021/2022,Same - covers entire jurisdiction and nothing else,471528,,Global Protocol for Community-Scale Greenhouse Gas Emissions Inventories (GPC) reported in the format of GCoM Common Reporting Framework (CRF),Other: Harmonized Emissions Analysis Tool (HEAT+) by ICLEI,CH4|CO2|N2O,Default IPCC emission factors,IPCC Fourth Assessment Report (2007),"Yes, internally audited/verified (self-verification)",Activity data - Medium data quality|Emissions factors - Medium data quality,No changes to the methodology and/or boundary used as this is the jurisdictions first year reporting an emissions inventory,,The GHG emissions inventory is prepared for FY 2021-22. All the emission factors considered for calculating GHG emissions are added separately in the spreadsheet.
2025 Disclosure Cycle,779465,CDP,60078,City of Lappeenranta,City,Europe,Finland,Public,Q3.1.1,Provide information on and an attachment (in spreadsheet format)/ direct link to your main community-wide GHG emissions inventory.,1,Response,2023CDP_Lappeenranta.xlsx,No other reports made.,The emissions inventory has been attached,2022,Same - covers entire jurisdiction and nothing else,72655,,"Other: GHG Protocol/GPC-standard base level, but with some modifications, including added agriculture, transport emission outside of the area, F-gases and grid losses, but without local air transportation.",Other regionally/nationally developed tool/process: Finnish Environment Institute SYKE: ALAS emission inventory .,CO2|CH4|NF3|SF6|HFCs|PFCs|N2O,LCA (Life Cycle Assessment) emission factors,IPCC Sixth Assessment Report (2021),"No, not audited/verified",Activity data - Medium data quality|Emissions factors - Medium data quality,"Yes, due to changes in calculation methodology or improvements in data access and/or accuracy but this has not triggered a recalculation of historic emissions data",CDP2022_Lappeenranta.xlsx,2022 report as a a historical attachment.\n2022 & 2023 emission inventories are not compatible with previous emission inventories.
2025 Disclosure Cycle,779465,CDP,60102,Blackpool Council,City,UKWW,United Kingdom,Public,Q3.1.1,Provide information on and an attachment (in spreadsheet format)/ direct link to your main community-wide GHG emissions inventory.,1,Response,SCATTER_blackpool_CDP-report-inventory_2020.xlsx,attached,The emissions inventory has been attached,2020,Same - covers entire jurisdiction and nothing else,139446,Global Protocol for Community-Scale Greenhouse Gas Emissions Inventories (GPC) reported in the format of GCoM Common Reporting Framework (CRF),,SCATTER,CH4|CO2|N2O,Default IPCC emission factors,IPCC Fourth Assessment Report (2007),"No, not audited/verified",Activity data - Low data quality|Emissions factors - Medium data quality,No changes to the methodology and/or boundary used when compared to the previously reported inventory,"SCATTER_blackpool_CDP-report-inventory_2017.xlsx,SCATTER_blackpool_CDP-report-inventory_2018.xlsx,SCATTER_blackpool_CDP-report-inventory_2019.xlsx",Further SCATTER Inventories attached
2025 Disclosure Cycle,779465,CDP,60104,Cambridge City Council,City,UKWW,United Kingdom,Public,Q3.1.1,Provide information on and an attachment (in spreadsheet format)/ direct link to your main community-wide GHG emissions inventory.,1,Response,SCATTER_cambridge_CDP-report-inventory_2020.xlsx,,The emissions inventory has been attached,2020,Same - covers entire jurisdiction and nothing else,145700,Global Protocol for Community-Scale Greenhouse Gas Emissions Inventories (GPC),,SCATTER,N2O|CO2|CH4,"National/sub-national emission factors: BEIS, 2021. Greenhouse gas reporting: conversion factors 2020. Conversion factors 2020 - Full set (for advanced users)",IPCC Fourth Assessment Report (2007),,,,,
2025 Disclosure Cycle,779465,CDP,60105,Kirklees Council,City,UKWW,United Kingdom,Public,Q3.1.1,Provide information on and an attachment (in spreadsheet format)/ direct link to your main community-wide GHG emissions inventory.,1,Response,SCATTER_kirklees_CDP-report-inventory_2020.xlsx,"We have attached the SCATTER tool emissions inventory for Kirklees. Here is the link to the SCATTER Data Inventory website: https://scattercities.com/data/inventory\nHowever, this URL link is Username and Password protected.",The emissions inventory has been attached,2020,Same - covers entire jurisdiction and nothing else,439787,,Global Protocol for Community-Scale Greenhouse Gas Emissions Inventories (GPC) reported in the format of GCoM Common Reporting Framework (CRF),SCATTER,CH4|N2O|CO2,National/sub-national emission factors: Greenhouse gas reporting: conversion factors 2019,IPCC Fourth Assessment Report (2007),"Yes, internally and externally audited/verified",Activity data - High data quality,No changes to the methodology and/or boundary used when compared to the previously reported inventory,"Impact Report - Kirklees.pdf,SCATTER_kirklees_CDP-report-inventory_2019.xlsx","Kirklees Council are continuing to develop resilience and understanding of our emissions using the CIRIS tool and other community-based district-wide inventories, alongside the SCATTER information. For example, the IMPACT tool. We have linked the IMPACT tool inventory here for reference:\nhttps://impact-tool.org.uk/footprint/footprint?regionId=E08000034&geography=local-authority&footprintType=consumption&scale=per-household.\n\nIn addition to the developing our understanding of district-wide emission inventories for Kirklees, we are developing an internal inventory using the Greenhouse Gas accounting tool created in partnership with the LGA to follow best practise.The internal inventory only covers emissions in the boundary of control for Kirklees Council."
2025 Disclosure Cycle,779465,CDP,60108,Norwich City Council,City,UKWW,United Kingdom,Public,Q3.1.1,Provide information on and an attachment (in spreadsheet format)/ direct link to your main community-wide GHG emissions inventory.,1,Response,"Norwich Territorial Emissions 2005-2023 (for CDP).xlsx,SCATTER_norwich_CDP-report-inventory_2020.xlsx",SCATTER 2020 data\n\nUK local authority and regional greenhouse gas emissions statistics:\nhttps://www.gov.uk/government/statistics/uk-local-authority-and-regional-greenhouse-gas-emissions-statistics-2005-to-2023,The emissions inventory has been attached and can be accessed (unrestricted) on the link provided,2023,Same - covers entire jurisdiction and nothing else,145591,Global Protocol for Community-Scale Greenhouse Gas Emissions Inventories (GPC) reported in the format of GCoM Common Reporting Framework (CRF),,Other regionally/nationally developed tool/process: UK Greenhouse Gas Inventory (GHGI) local authority and regional greenhouse gas emissions statistics,N2O|CH4|CO2,National/sub-national emission factors: 'Greenhouse gas reporting: conversion factors 2023' published by DESNZ for UK national use.,IPCC Sixth Assessment Report (2021),,,,,"We were previously relying on SCATTER data, and reported using SCATTER's emissions inventory for Norwich during our 2024 response. SCATTER has since been discontinued and is not being updated. As such, the most reliable source for local authority/regional emissions inventories is now considered to be the UK government's 'Local authority and regional greenhouse gas emissions statistics'. We have provided the data for both SCATTER 2020 and also the Norwich data for the most recently available UK local authority and regional greenhouse gas emissions statistics, year 2023 (published July 2025).\n\nThe answers to question 3.1.3 have been based on SCATTER 2020 as this dataset provides the requested figures, whereas this is difficult to ascertain from the UK government statistics."
2025 Disclosure Cycle,779465,CDP,60112,City of Debrecen,City,Europe,Hungary,Public,Q3.1.1,Provide information on and an attachment (in spreadsheet format)/ direct link to your main community-wide GHG emissions inventory.,1,Response,"DMJV_SECAP_2024_FINAL_.pdf,Debrecen SECAP _BEI_MEI.xlsx",,The emissions inventory has been attached,2021,Same - covers entire jurisdiction and nothing else,202502,Global Protocol for Community-Scale Greenhouse Gas Emissions Inventories (GPC) reported in the format of GCoM Common Reporting Framework (CRF),,Other: MyCovenant,CO2,Default IPCC emission factors,IPCC Fourth Assessment Report (2007),,,,,"As part of Debrecen's SECAP, a comprehensive review of the baseline emission inventory was conducted, leading to the preparation of the initial monitoring report in 2024. Notably, the reference year for the baseline emission inventory (BEI) has been changed to 2007, whereas the monitoring emission inventory (MEI) continues to reflect the emission data from 2021."
2025 Disclosure Cycle,779465,CDP,60113,Dundee City Council,City,UKWW,United Kingdom,Public,Q3.1.1,Provide information on and an attachment (in spreadsheet format)/ direct link to your main community-wide GHG emissions inventory.,1,Response,official_dundeecitycouncil_2022_GPC_REPORT_2025-08-21_12-04.xlsx,https://app.climateview.global/v3/public/board/40305d84-117a-41e0-a92c-f92d5cb6ac9f\n\nThe public emissions dashboard is of an old inventory as of the time of writing. This will be replaced by a more up-to-date board during the first quarter of 2026.,The emissions inventory has been attached,2022,Same - covers entire jurisdiction and nothing else,148350,,Global Protocol for Community-Scale Greenhouse Gas Emissions Inventories (GPC) reported in the format of GCoM Common Reporting Framework (CRF),ClimateView - ClimateOS,CO2|CH4|N2O,"National/sub-national emission factors: The primary source of emission factors used is the Greenhouse gas reporting: conversion factors. Conversion factors 2020 - Full set (for advanced users), published by BEIS, now known as DESNZ. Other sources include the Scottish Government.",Do not know,"No, not audited/verified",Activity data - High data quality|Emissions factors - High data quality|Activity data - Medium data quality,"Yes, due to changes in calculation methodology or improvements in data access and/or accuracy but this has not triggered a recalculation of historic emissions data","SCATTER_dundee_city_Inventory_2017.xlsx,SCATTER_dundee_city_Inventory_2018.xlsx,SCATTER_dundee_city_Inventory_2019 (2).xlsx,SCATTER_dundee_city_Inventory_2020 (2).xlsx","Historical inventories of Dundee City's emissions were derived from SCATTER; a tool which was designed to help local authorities transition towards a net zero. Dundee City Council has also been working on its ClimateView emissions dashboard to integrate planned climate mitigation and adaptation interventions as well as modelling actions outlined in the Local Area Energy Plan and Local Heat and Energy Efficiency Strategy documents. The latest emissions inventory provided is based on the City's ClimateView inventory (2022). In addition to the attachment, a link to the City's ClimateView dashboard has been provided for information - at the time of submission, the dashboard is undergoing an update and does not reflect the latest information available."
2025 Disclosure Cycle,779465,CDP,60126,City of Tartu,City,Europe,Estonia,Public,Q3.1.1,Provide information on and an attachment (in spreadsheet format)/ direct link to your main community-wide GHG emissions inventory.,1,Response,Emission and Energy Trends in Tartu.pdf,No link,The emissions inventory has been attached,2023,"Other: metropolitan area is included, outskirts excluded",97435,,2006 IPCC Guidelines for National Greenhouse Gas Inventories,,CO2,National/sub-national emission factors: Emission factor from Elering,,Other: ,,,,
2025 Disclosure Cycle,779465,CDP,60127,Municipality of Thessaloniki,City,Europe,Greece,Public,Q3.1.1,Provide information on and an attachment (in spreadsheet format)/ direct link to your main community-wide GHG emissions inventory.,1,Response,GoogleEnvInsights.xlsx,https://insights.sustainability.google/places/ChIJ7eAoFPQ4qBQRqXTVuBXnugk?hl=en-US,The emissions inventory has been attached,2020,Other: The port of the city has been excluded,2024,,2006 IPCC Guidelines for National Greenhouse Gas Inventories,Consultancy-developed tool/process: Was provided by NZC Mission,CH4|N2O|CO2,Default IPCC emission factors,Do not know,"No, not audited/verified",Activity data - Medium data quality,"Yes, due to a change to the inventory boundary but this has not triggered a recalculation of historic emissions data",thessaloniki_nzc_ccc_ok.pdf,The inventory has been developed in the frame of the Climate City Contract and the Net Zero Cities Mission
2025 Disclosure Cycle,779465,CDP,60140,City of Nakuru,City,UKWW,Kenya,Public,Q3.1.1,Provide information on and an attachment (in spreadsheet format)/ direct link to your main community-wide GHG emissions inventory.,1,Response,Region3-01E Baseline Emmission Inventory-Nakuru-V02-19May.pdf,Document attached,The emissions inventory has been attached,2020/2021,Same - covers entire jurisdiction and nothing else,2162202,,Global Protocol for Community-Scale Greenhouse Gas Emissions Inventories (GPC),Proxy Data Tool (ICLEI Africa),CO2|N2O|CH4,Default IPCC emission factors,IPCC Fifth Assessment Report (2013),"Yes, externally audited/verified (third-party verification)",Activity data - High data quality|Emissions factors - Medium data quality,No changes to the methodology and/or boundary used as this is the jurisdictions first year reporting an emissions inventory,,We dont have any additional document hence the baseline emmisions inventory attached twice
2025 Disclosure Cycle,779465,CDP,60142,City of Kisumu,City,UKWW,Kenya,Public,Q3.1.1,Provide information on and an attachment (in spreadsheet format)/ direct link to your main community-wide GHG emissions inventory.,1,Response,,https://docs.google.com/spreadsheets/d/1zcYzBG4Ckqjp1av2VKxI8Zr_uKX7O7QD/edit?usp=drive_link,The emissions inventory can be accessed (unrestricted) on the link provided,2019,Same - covers entire jurisdiction and nothing else,1155574.0,,Global Protocol for Community-Scale Greenhouse Gas Emissions Inventories (GPC) reported in the format of GCoM Common Reporting Framework (CRF),CIRIS,CH4|CO2|N2O,Default IPCC emission factors,IPCC Fourth Assessment Report (2007),"Yes, internally audited/verified (self-verification)",Emissions factors - Medium data quality|Activity data - Medium data quality,No changes to the methodology and/or boundary used when compared to the previously reported inventory,,
2025 Disclosure Cycle,779465,CDP,60165,Municipality of Fuenlabrada,City,Europe,Spain,Public,Q3.1.1,Provide information on and an attachment (in spreadsheet format)/ direct link to your main community-wide GHG emissions inventory.,1,Response,,https://transparencia.ayto-fuenlabrada.es/planificacion-y-estadistica/plan-de-accion-contra-el-clima/,The emissions inventory can be accessed (unrestricted) on the link provided,2014,Same - covers entire jurisdiction and nothing else,200312,,Regional or country/area specific methodology,Internal tool/process,CO2|N2O|CH4,Local emission factors: Factores de emisión IDAE,Other: Factores de emision IDAE (Instituto para la Diversificación y Ahorro de Energia. Gobierno de España),"Yes, internally audited/verified (self-verification)",Activity data - Medium data quality,Other: No se ha divulgado otro inventario de emisiones con el alcance del inventario del Pacto de Alcaldes.,,Ayuntamiento de Fuenlabrada calcula anualmente su huella de carbono a nivel institución Alcances 1+2 y la registra en el registro voluntario del Ministerio para la Transición Ecológica y Reto Demográfico
2025 Disclosure Cycle,779465,CDP,60178,Linköping Municipality,City,Europe,Sweden,Public,Q3.1.1,Provide information on and an attachment (in spreadsheet format)/ direct link to your main community-wide GHG emissions inventory.,1,Response,GHG emissions inventory.xlsx,"No, see attached file.",The emissions inventory has been attached,2023,Same - covers entire jurisdiction and nothing else,167578,,Global Protocol for Community-Scale Greenhouse Gas Emissions Inventories (GPC) reported in the format of GCoM Common Reporting Framework (CRF),Data Portal for Cities,PFCs|CH4|HFCs|N2O|NF3|SF6|CO2,National/sub-national emission factors: National emission factors from SMHI are used.,IPCC Fourth Assessment Report (2007),"No, not audited/verified",Emissions factors - High data quality|Activity data - High data quality,"Yes, due to changes in calculation methodology or improvements in data access and/or accuracy and this has triggered a recalculation of historic emissions data",Inventory methodology SMHI.pdf,No.
2025 Disclosure Cycle,779465,CDP,60183,City of Rzeszów,City,Europe,Poland,Public,Q3.1.1,Provide information on and an attachment (in spreadsheet format)/ direct link to your main community-wide GHG emissions inventory.,1,Response,Inwentaryzacja GHG Rzeszów 2023.xlsx,The inventory for the city of Rzeszów is an internal database,The emissions inventory has been attached,2023,Same - covers entire jurisdiction and nothing else,197500,Global Protocol for Community-Scale Greenhouse Gas Emissions Inventories (GPC),,Internal tool/process,CH4|N2O|CO2,Default IPCC emission factors,IPCC Sixth Assessment Report (2021),"Yes, externally audited/verified (third-party verification)",Activity data - Medium data quality|Activity data - High data quality,"Other: Previously reported inventory covered the Basic range, this one is extended to the Basic + range.",INWENTARYZACJA podsumowanie.xlsx,
2025 Disclosure Cycle,779465,CDP,60186,Nacka Municipality,City,Europe,Sweden,Public,Q3.1.1,Provide information on and an attachment (in spreadsheet format)/ direct link to your main community-wide GHG emissions inventory.,1,Response,Klimatdata geografiskt område Nacka OPCC.xlsx,Does not exist. ,The emissions inventory has been attached,2022,Same - covers entire jurisdiction and nothing else,109486,Global Protocol for Community-Scale Greenhouse Gas Emissions Inventories (GPC),,Consultancy-developed tool/process: Sustainable Advantage,NF3|PFCs|CO2|CH4|SF6|HFCs|N2O,Local emission factors: Electricity 15 kg CO2e/MWh (Swedish standard),Do not know,"Yes, internally audited/verified (self-verification)",Activity data - Medium data quality|Emissions factors - High data quality,"Yes, due to changes in calculation methodology or improvements in data access and/or accuracy but this has not triggered a recalculation of historic emissions data",,We use the tool Sustainable Advantage provides which a lot of Municipalities in Sweden use. 
2025 Disclosure Cycle,779465,CDP,60187,City of Solna,City,Europe,Sweden,Public,Q3.1.1,Provide information on and an attachment (in spreadsheet format)/ direct link to your main community-wide GHG emissions inventory.,1,Response,Växthusgasbudget.pdf,https://app.powerbi.com/view?r=eyJrIjoiOTU3OWIyNWItOWY3OC00ODExLThlMjgtMzhiNmZiNDI3NjZkIiwidCI6IjczZmNmYmZlLWViZWYtNDFiYi05MTQwLTNhNjMxNjc2OTk0NSIsImMiOjh9,The emissions inventory has been attached and can be accessed (unrestricted) on the link provided,2023,Same - covers entire jurisdiction and nothing else,85426,Global Protocol for Community-Scale Greenhouse Gas Emissions Inventories (GPC) reported in the format of GCoM Common Reporting Framework (CRF),,Other: Sustainable Advantage,CH4|SF6|N2O|CO2|PFCs|NF3|HFCs,National/sub-national emission factors: Swedish Meteorological and Hydrological Institute,Other: ,"Yes, externally audited/verified (third-party verification)",Activity data - High data quality|Emissions factors - High data quality,No changes to the methodology and/or boundary used when compared to the previously reported inventory,,The inventory tool is developed by Sustainable Advantage based on standard Common Reporting Framework
2025 Disclosure Cycle,779465,CDP,60216,Växjö Municipality,City,Europe,Sweden,Public,Q3.1.1,Provide information on and an attachment (in spreadsheet format)/ direct link to your main community-wide GHG emissions inventory.,1,Response,"CIRIS_Vaxjo_2024.xlsx,energi och CO2 1993-2024.xlsx",no link available,The emissions inventory has been attached,2024,Same - covers entire jurisdiction and nothing else,98334,,Global Protocol for Community-Scale Greenhouse Gas Emissions Inventories (GPC) reported in the format of GCoM Common Reporting Framework (CRF),CIRIS,PFCs|CH4|SF6|CO2|N2O|HFCs,National/sub-national emission factors: Swedish Environmental Protection Agency,Do not know,"No, not audited/verified",Activity data - Medium data quality|Emissions factors - Medium data quality,No changes to the methodology and/or boundary used when compared to the previously reported inventory,,Some revisions have been made to data from previous years. Some of the data for 2024 is a bit preliminary
2025 Disclosure Cycle,779465,CDP,60226,Luleå Municipality,City,Europe,Sweden,Public,Q3.1.1,Provide information on and an attachment (in spreadsheet format)/ direct link to your main community-wide GHG emissions inventory.,1,Response,inventory_co2e_lulea.xlsx,https://nationellaemissionsdatabasen.smhi.se/,The emissions inventory has been attached and can be accessed (unrestricted) on the link provided,2023,Same - covers entire jurisdiction and nothing else,79352,,2006 IPCC Guidelines for National Greenhouse Gas Inventories,Other regionally/nationally developed tool/process: The inventory of air pollutants for reporting to the UNECE (CLRTAP) is integrated with the greenhouse gas inventory (for reporting to the UNFCCC and EU).,PFCs|HFCs|CH4|SF6|N2O|CO2,Default IPCC emission factors,Do not know,"Yes, externally audited/verified (third-party verification)",Activity data - High data quality,No changes to the methodology and/or boundary used when compared to the previously reported inventory,inventory_co2e_lulea.xlsx,No
2025 Disclosure Cycle,779465,CDP,60236,Trelleborg Municipality,City,Europe,Sweden,Public,Q3.1.1,Provide information on and an attachment (in spreadsheet format)/ direct link to your main community-wide GHG emissions inventory.,1,Response,"Direct emissions Trelleborg 2020 (scope 1).xlsx,Electricity and district heating (scope 2) for 2020.xlsx",https://nationellaemissionsdatabasen.smhi.se/\n\nhttps://www.statistikdatabasen.scb.se/pxweb/sv/ssd/START__EN__EN0203/,The emissions inventory can be accessed (unrestricted) on the link provided,2020,Same - covers entire jurisdiction and nothing else,45877.0,,Regional or country/area specific methodology,Other regionally/nationally developed tool/process: The Swedish Meteorological and Hydrological Institute as well as national Swedish Statistics bureau reports emissions on the municipal level each year,HFCs|PFCs|SF6|CO2|CH4|NF3|N2O,,IPCC Sixth Assessment Report (2021),"Yes, externally audited/verified (third-party verification)",Activity data - High data quality|Emissions factors - High data quality,No changes to the methodology and/or boundary used when compared to the previously reported inventory,,
2025 Disclosure Cycle,779465,CDP,60349,Prefeitura de São Leopoldo,City,Latin America,Brazil,Public,Q3.1.1,Provide information on and an attachment (in spreadsheet format)/ direct link to your main community-wide GHG emissions inventory.,1,Response,inventario_gee_sao_leopoldo.pdf,3º Inventário de Emissões de Gases de Efeito Estufa de São Leopoldo - ano 2021.,The emissions inventory has been attached,2021,Same - covers entire jurisdiction and nothing else,237720,,Global Protocol for Community-Scale Greenhouse Gas Emissions Inventories (GPC),CIRIS,CO2|CH4|N2O,Default IPCC emission factors,IPCC Fifth Assessment Report (2013),"No, not audited/verified",Activity data - High data quality|Emissions factors - High data quality,No changes to the methodology and/or boundary used when compared to the previously reported inventory,,Não há inventários anteriores ao ano base de 2019.
2025 Disclosure Cycle,779465,CDP,60351,Prefeitura de Sobral,City,Latin America,Brazil,Public,Q3.1.1,Provide information on and an attachment (in spreadsheet format)/ direct link to your main community-wide GHG emissions inventory.,1,Response,Sobral PSCI - V 1.5.1 (atualizado em maio_24).xlsx,"Planilha de cálculos anexada . Arquivo nomeado \'Sobral PSCI - V 1.5.1\' \nLink da planilha: https://docs.google.com/spreadsheets/d/11D2sCBjyLz_9H6qPg03-dGJO3wpOLVbz/edit?gid=585794254#gid=585794254\n\nInventário de Emissões de Gases do Efeito Estufa de Sobral, acesso ao documento em https://drive.google.com/file/d/13ljWNCh0m4oAP0h1xxkM6QmILrO5a-KL/view",The emissions inventory has been attached,2022,Same - covers entire jurisdiction and nothing else,203023,,Global Protocol for Community-Scale Greenhouse Gas Emissions Inventories (GPC),Consultancy-developed tool/process: Ferramenta facilitada pelo acompanhamento técnico realizado pelo GCoM,N2O|CO2|CH4,,IPCC Fifth Assessment Report (2013),"No, not audited/verified",Activity data - High data quality,No changes to the methodology and/or boundary used when compared to the previously reported inventory,primeiro_iegee_de_sobral_.pdf,"As temáticas e setores abrangidos pelo\ninventário, tendo como recorte temporal\npara o levantamento de dados os meses\nde janeiro a dezembro de 2022.\n\nLink de acesso da publicação: https://seuma.sobral.ce.gov.br/iinformativos/planos?view=article&id=672:inventario-de-emissao-de-gases-do-efeito-estufa-de-sobral-iegee&catid=8:site"
2025 Disclosure Cycle,779465,CDP,60361,Prefeitura de Tangará da Serra,City,Latin America,Brazil,Public,Q3.1.1,Provide information on and an attachment (in spreadsheet format)/ direct link to your main community-wide GHG emissions inventory.,1,Response,"Tangará da Serra_avaliacao_de_risco_2025-11-11_pt-BR.csv,eCRF-inventory-BR TSE-2022.xlsx",,The emissions inventory has been attached,2022,Same - covers entire jurisdiction and nothing else,106304,,Global Protocol for Community-Scale Greenhouse Gas Emissions Inventories (GPC),,SF6|NF3|CO2|CH4|HFCs|N2O|PFCs,Default IPCC emission factors,IPCC Sixth Assessment Report (2021),"Yes, externally audited/verified (third-party verification)",Emissions factors - High data quality|Activity data - Medium data quality,,Tangará da Serra_avaliacao_de_risco_2025-11-11_pt-BR.csv,
2025 Disclosure Cycle,779465,CDP,60381,Alcaldía Distrital de Santa Marta,City,Latin America,Colombia,Public,Q3.1.1,Provide information on and an attachment (in spreadsheet format)/ direct link to your main community-wide GHG emissions inventory.,1,Response,Inventario de Emisiones.pdf,No Aplica,The emissions inventory has been attached,2016,Same - covers entire jurisdiction and nothing else,491535.0,Jurisdiction specific methodology,,US EPA Greenhouse Gas Inventory Tool (US),CO2|N2O,National/sub-national emission factors: ,Do not know,,,,,No Aplica
2025 Disclosure Cycle,779465,CDP,60385,Alcaldía de Villavicencio,City,Latin America,Colombia,Public,Q3.1.1,Provide information on and an attachment (in spreadsheet format)/ direct link to your main community-wide GHG emissions inventory.,1,Response,,https://americadosul.iclei.org/es/documentos/villavicencio-analisis-de-riesgo-y-vulnerabilidad-climatica/,The emissions inventory has been attached,2023,Same - covers entire jurisdiction and nothing else,514030.0,,Global Protocol for Community-Scale Greenhouse Gas Emissions Inventories (GPC) reported in the format of GCoM Common Reporting Framework (CRF),Carbon Monitor Cities,CH4|N2O|NF3|PFCs|HFCs|SF6|CO2,Default IPCC emission factors,IPCC Fourth Assessment Report (2007),"Yes, internally audited/verified (self-verification)",Activity data - Medium data quality,No changes to the methodology and/or boundary used when compared to the previously reported inventory,,NA
2025 Disclosure Cycle,779465,CDP,60407,Municipalidad de Colina,City,Latin America,Chile,Public,Q3.1.1,Provide information on and an attachment (in spreadsheet format)/ direct link to your main community-wide GHG emissions inventory.,1,Response,Calculador Cuantificación Territorial_Colina_0404.xlsx,,The emissions inventory has been attached,2019,Same - covers entire jurisdiction and nothing else,173119,Global Protocol for Community-Scale Greenhouse Gas Emissions Inventories (GPC),,Other regionally/nationally developed tool/process: Hoja de cálculo del programa Huella Chile del Ministerio de Medio Ambiente,N2O|CO2|CH4|NF3|SF6|HFCs|PFCs,Default IPCC emission factors,IPCC Fourth Assessment Report (2007),"Yes, externally audited/verified (third-party verification)",Activity data - High data quality,Other: No se ha actualizado,,
2025 Disclosure Cycle,779465,CDP,60408,Municipalidad de Talca,City,Latin America,Chile,Public,Q3.1.1,Provide information on and an attachment (in spreadsheet format)/ direct link to your main community-wide GHG emissions inventory.,1,Response,Inventario_Emisiones_ZS_Macrozona-VC-Maule_2017y2023 (3).xlsx,https://huellachile.mma.gob.cl/wp-content/uploads/2025/04/07-Inventario-Comunal-Maule.pdf,The emissions inventory has been attached,2022,Same - covers entire jurisdiction and nothing else,217000,Global Protocol for Community-Scale Greenhouse Gas Emissions Inventories (GPC),,Other: Huella Chile,CO2|CH4|NF3|N2O,"National/sub-national emission factors: Censo de emissiones elaborado por Huella Chile, mas medicion local de PM10 y PM2.5",IPCC Sixth Assessment Report (2021),Other: No lo se,Emissions factors - Medium data quality,No changes to the methodology and/or boundary used when compared to the previously reported inventory,07-Inventario-Comunal-Maule.pdf,https://huellachile.mma.gob.cl/comunas/
2025 Disclosure Cycle,779465,CDP,60410,Municipalidad de Peñalolén,City,Latin America,Chile,Public,Q3.1.1,Provide information on and an attachment (in spreadsheet format)/ direct link to your main community-wide GHG emissions inventory.,1,Response,13-Inventario-Comunal-Metropolitana.pdf,Enlace Informe Inventario:\nhttps://huellachile.mma.gob.cl/wp-content/uploads/2025/04/13-Inventario-Comunal-Metropolitana.pdf,The emissions inventory has been attached and can be accessed (unrestricted) on the link provided,2022,Other: Corresponde al inventario comunal de gases de efecto invernadero desagregado de todas las comunas de la Región Metropolitana,270707,,Global Protocol for Community-Scale Greenhouse Gas Emissions Inventories (GPC) reported in the format of GCoM Common Reporting Framework (CRF),Other regionally/nationally developed tool/process: Inventario desarrollado por el Ministerio de Medio Ambiente para las comunas de la Región Metropolitana,CO2|NF3|N2O|SF6|CH4|HFCs|PFCs,Default IPCC emission factors,IPCC Fifth Assessment Report (2013),"Yes, externally audited/verified (third-party verification)",Activity data - High data quality|Emissions factors - Medium data quality,"Yes, due to changes in calculation methodology or improvements in data access and/or accuracy but this has not triggered a recalculation of historic emissions data","3.1.1. Detalle Emisiones 2021.xlsx,3.1.1. Informe Inventario Emisiones GEI_2021.pdf,INVENTARIO 2019 (AÑO BASE 2016-2017)_TESIS.pdf","El año 2020 se subió el primer inventario comunal (año base 2016-2017) que fue desarrollado a partir de una tesis de una estudiante de la Universidad de Santiago de Chile, basado en consumos a nivel residencial y abarcó algunos GEI. \n\nEl año 2022, se publicó y reportó mediante esta plataforma, el primero inventario desarrollado por la ciudad (inventario año base 2021), el cual incluía un mayor alcance de gases y actividades, mucho más robusto que el anterior. \n\nEl inventario reportado en 2025, corresponde a un Inventario de Gases de Efecto Invernadero desarrollado por el programa HuellaChile del Ministerio del Medio Ambiente (organismo gubernamental), que estima las emisiones desagregadas por comuna, de todas las comunas de la región metropolitana del año 2022 (año base). En este inventario se detallan las emisiones específicas de Peñalolén por cada subsector y alcance, del nivel Básico de la metodología GPC. "
2025 Disclosure Cycle,779465,CDP,60433,Hvidovre Municipality,City,Europe,Denmark,Public,Q3.1.1,Provide information on and an attachment (in spreadsheet format)/ direct link to your main community-wide GHG emissions inventory.,1,Response,167_eCRF-format_2023_Hvidovre_v4.0.xlsx,Emissions inventory attached as spreadsheet,The emissions inventory has been attached,2023,Same - covers entire jurisdiction and nothing else,53443,,Global Protocol for Community-Scale Greenhouse Gas Emissions Inventories (GPC) reported in the format of GCoM Common Reporting Framework (CRF),Other regionally/nationally developed tool/process: The Danish municipal energy and GHG-inventory (Energi- og CO2-regnskabet),CH4|CO2|N2O,Default IPCC emission factors,IPCC Fifth Assessment Report (2013),Other: Not specified,Emissions factors - High data quality,No changes to the methodology and/or boundary used when compared to the previously reported inventory,,
2025 Disclosure Cycle,779465,CDP,60588,City of Alba Iulia,City,Europe,Romania,Public,Q3.1.1,Provide information on and an attachment (in spreadsheet format)/ direct link to your main community-wide GHG emissions inventory.,1,Response,CCC_2021_BEI_Alba_Iulia.pdf,,The emissions inventory has been attached,2021,Same - covers entire jurisdiction and nothing else,74689,,Global Protocol for Community-Scale Greenhouse Gas Emissions Inventories (GPC) reported in the format of GCoM Common Reporting Framework (CRF),Internal tool/process,CO2,Default IPCC emission factors,Do not know,"Yes, internally audited/verified (self-verification)",Emissions factors - High data quality|Activity data - Medium data quality,No changes to the methodology and/or boundary used when compared to the previously reported inventory,,This GHG inventory is part of M100 Climate City Contract. M100 is a national project through which Romania coordinates its efforts to achieve the climate neutrality targets set at the European level - a national project in Romania that acts as a mirror to the EU Mission \'100 Climate-Neutral and Smart Cities\'
2025 Disclosure Cycle,779465,CDP,60599,"Town of Bridgewater, NS",City,North America,Canada,Public,Q3.1.1,Provide information on and an attachment (in spreadsheet format)/ direct link to your main community-wide GHG emissions inventory.,1,Response,"Bridgewater_2_scn276 GPC Emissions Report, 2021.xlsx",none,The emissions inventory has been attached,2021,Same - covers entire jurisdiction and nothing else,8795,,Global Protocol for Community-Scale Greenhouse Gas Emissions Inventories (GPC),CityInSight,CO2|CH4|N2O,National/sub-national emission factors: Environment Canada NIR 2023,IPCC Fifth Assessment Report (2013),"Yes, internally audited/verified (self-verification)",Activity data - High data quality|Activity data - Low data quality,"Other: While creating the 2021 Inventory, we discovered an error in the previous 2011 Inventory - industrial energy use was reported as being higher than it should have been, due to a calculation error. We have not yet recalculated our 2011 Inventory.",,"While creating the 2021 Inventory, we discovered an error in the previous 2011 Inventory - industrial energy use was reported as being higher than it should have been, due to a calculation error. We are noting this here, but we have not formally recalculated our 2011 Inventory."
2025 Disclosure Cycle,779465,CDP,60602,"Town of Ajax, ON",City,North America,Canada,Public,Q3.1.1,Provide information on and an attachment (in spreadsheet format)/ direct link to your main community-wide GHG emissions inventory.,1,Response,,https://shared.ontariotechu.ca/shared/department/research/brilliant-energy-institute-website/durhamclimateroundtable/durhamzero-jan-20251.pdf,The emissions inventory can be accessed (unrestricted) on the link provided,2023,Other: Covers Regional Municipality of Durham,757550,Global Protocol for Community-Scale Greenhouse Gas Emissions Inventories (GPC),,Internal tool/process,CH4|N2O|CO2,National/sub-national emission factors: In accordance with the National Inventory Report (NIR). Source: https://www.canada.ca/en/environment-climate-change/services/climate-change/greenhouse-gas-emissions/inventory.html?utm_campaign=not-applicable&utm_medium=vanity-url&utm_source=canada-ca,IPCC Sixth Assessment Report (2021),"Yes, internally audited/verified (self-verification)",Emissions factors - Medium data quality|Activity data - Medium data quality,No changes to the methodology and/or boundary used as this is the jurisdictions first year reporting an emissions inventory,,NA
2025 Disclosure Cycle,779465,CDP,60625,Dire Dawa,City,UKWW,Ethiopia,Public,Q3.1.1,Provide information on and an attachment (in spreadsheet format)/ direct link to your main community-wide GHG emissions inventory.,1,Response,BEI DDC 2024 TO 2050.xlsx,,The emissions inventory has been attached,2024/2025,Same - covers entire jurisdiction and nothing else,366000,,Global Protocol for Community-Scale Greenhouse Gas Emissions Inventories (GPC) reported in the format of GCoM Common Reporting Framework (CRF),Low Emissions Analysis Platform (LEAP),CH4|CO2|N2O,Default IPCC emission factors,IPCC Fifth Assessment Report (2013),"Yes, externally audited/verified (third-party verification)",Activity data - High data quality,"Yes, due to a change to the inventory boundary and this has triggered a recalculation of historic emissions data",Final Draft DDC SECAP 8_10_25.pdf,"Three inventories—2015, 2018, and 2024—have been completed to date. Apart from 2015 inventory, all follow the GPC BASIC+ reporting level, covering Scopes 1, 2, and 3.\n2015 and 2018 Inventories: These covered the entire administrative jurisdiction of Dire Dawa, including both urban and rural areas. Consequently, sectors with significant rural influence—particularly stationary energy (biomass and kerosene for cooking) and agriculture, forestry, and other land use (AFOLU)—showed higher emissions.\n2024 Inventory: This latest assessment focuses solely on the urban boundary of Dire Dawa City. This change brings the inventory scope in line with the C40 methodology for city-scale GHG accounting, and aligns with the functional urban area targeted in this Climate Action Plan. As a result, apparent reductions in some sectors reflect a revised spatial boundary rather than actual mitigation outcomes.\n"
2025 Disclosure Cycle,779465,CDP,60656,"City of Piedmont, CA",City,North America,United States of America,Public,Q3.1.1,Provide information on and an attachment (in spreadsheet format)/ direct link to your main community-wide GHG emissions inventory.,1,Response,,https://docs.google.com/spreadsheets/d/1ikT_YF-RbVhBXVaCuydLkl7xguzOXJfgYWTINLpVG40/edit?usp=sharing,The emissions inventory can be accessed (unrestricted) on the link provided,2022,Same - covers entire jurisdiction and nothing else,10811,,U.S. Community Protocol for Accounting and Reporting of Greenhouse Gas Emissions (ICLEI USA),ICLEI ClearPath,CH4|CO2|N2O,Default IPCC emission factors,IPCC Sixth Assessment Report (2021),"Yes, externally audited/verified (third-party verification)",Emissions factors - High data quality|Activity data - Medium data quality,"Yes, due to changes in calculation methodology or improvements in data access and/or accuracy and this has triggered a recalculation of historic emissions data",,Links to historical Greenhouse Gas Inventory reports can be found at https://piedmont.ca.gov/services___departments/planning___building/general_plan___other_policy_documents/climate_action_plan
2025 Disclosure Cycle,779465,CDP,60892,Municipalidad de Punta Arenas,City,Latin America,Chile,Public,Q3.1.1,Provide information on and an attachment (in spreadsheet format)/ direct link to your main community-wide GHG emissions inventory.,1,Response,"CIRIS_Standard_v2.5_ES_PUNTAARENAS.pdf,PACCC PLAN DE ACIÓN COMUNAL CAMBIO CLIMATICO 2023-2030.pdf",https://www.puntaarenas.cl/,The emissions inventory has been attached and can be accessed (unrestricted) on the link provided,2022,Same - covers entire jurisdiction and nothing else,132363,,Global Protocol for Community-Scale Greenhouse Gas Emissions Inventories (GPC),CIRIS,CO2,National/sub-national emission factors: ,IPCC Sixth Assessment Report (2021),"Yes, internally audited/verified (self-verification)",Emissions factors - High data quality|Activity data - High data quality,No changes to the methodology and/or boundary used as this is the jurisdictions first year reporting an emissions inventory,Inventario-Comunal-Magallanes.pdf,https://www.puntaarenas.cl/\n\nPlan de Acción Comunal de Cambio Climático
2025 Disclosure Cycle,779465,CDP,60906,Municipalidad de Vitacura,City,Latin America,Chile,Public,Q3.1.1,Provide information on and an attachment (in spreadsheet format)/ direct link to your main community-wide GHG emissions inventory.,1,Response,Informe final compilado Vitacura septiembre.pdf,Se adjunta archivo,The emissions inventory has been attached,2022,Same - covers entire jurisdiction and nothing else,94626,,Global Protocol for Community-Scale Greenhouse Gas Emissions Inventories (GPC) reported in the format of GCoM Common Reporting Framework (CRF),Consultancy-developed tool/process: Se solicitó a una consultora hacer el cálculo de emisiones utilizando como protocolo a GPC,CO2|N2O|HFCs|SF6|CH4|NF3|PFCs,Default IPCC emission factors,"Other: Factores de emisión eléctricos por Sistema Nacional, inventario de Huella Chile (alineado a GPC), factores de DEFRA, el IPCC más reciente y por otros organismos gubernamentales.","No, not audited/verified",Activity data - High data quality|Emissions factors - Medium data quality,"Yes, due to a change to the inventory boundary and this has triggered a recalculation of historic emissions data","DEU_Informe y carta de verificación_firmado.pdf,Informe final_07_31.pdf","Corresponde a la huella de todo el territorio comunal que analiza los años 2018 y 2022. El año 2018 se encuentra verificado, se está adjuntando informe sólo del 2018 y su verificación. Estos números distan levemente (alrededor de un 5%) de los valores reportados en el informe de ambos años."
2025 Disclosure Cycle,779465,CDP,61467,Dipolog City,City,South East Asia & Oceania,Philippines,Public,Q3.1.1,Provide information on and an attachment (in spreadsheet format)/ direct link to your main community-wide GHG emissions inventory.,1,Response,,None,Unable to provide an attachment and/or direct link to my emissions inventory,2020,Same - covers entire jurisdiction and nothing else,138141,,1996 IPCC Guidelines for National Greenhouse Gas Inventories,Internal tool/process,CH4|CO2|N2O,,IPCC Fourth Assessment Report (2007),"Yes, externally audited/verified (third-party verification)",Activity data - Medium data quality,No changes to the methodology and/or boundary used when compared to the previously reported inventory,,None
2025 Disclosure Cycle,779465,CDP,62171,Metropolitan Municipality of Rouen,City,Europe,France,Public,Q3.1.1,Provide information on and an attachment (in spreadsheet format)/ direct link to your main community-wide GHG emissions inventory.,1,Response,ges - février 2024.csv,https://atmonormandie.maps.arcgis.com/apps/MapSeries/index.html?appid=625c235aeaa147f891d5dc214cf7a17d,The emissions inventory has been attached and can be accessed (unrestricted) on the link provided,2021,Same - covers entire jurisdiction and nothing else,497225,Regional or country/area specific methodology,,Other regionally/nationally developed tool/process: L'inventaire des émissions de gaz à effet de serre est réalisé par l'Observatoire Régional Énergie Climat Air de Normandie.,N2O|CO2|CH4|PFCs|HFCs|SF6|NF3,National/sub-national emission factors: dernière version du guide OMINEA du CITEPA,IPCC Fifth Assessment Report (2013),"Yes, externally audited/verified (third-party verification)",Emissions factors - High data quality,"Yes, due to changes in calculation methodology or improvements in data access and/or accuracy and this has triggered a recalculation of historic emissions data",,www.orecan.fr
2025 Disclosure Cycle,779465,CDP,62407,Blacktown City Council,City,South East Asia & Oceania,Australia,Public,Q3.1.1,Provide information on and an attachment (in spreadsheet format)/ direct link to your main community-wide GHG emissions inventory.,1,Response,Analysis Report - All Sectors - 54 Areas - Emissions - 2022-23.csv,,The emissions inventory has been attached,2022/2023,Same - covers entire jurisdiction and nothing else,415000.0,,Global Protocol for Community-Scale Greenhouse Gas Emissions Inventories (GPC) reported in the format of GCoM Common Reporting Framework (CRF),Other regionally/nationally developed tool/process: Kinesis,CO2|SF6|PFCs|HFCs|NF3|N2O|CH4,National/sub-national emission factors: Australian National Greenhouse Accounts Factors - For individuals and organisations estimating greenhouse gas emissions - August 2023,IPCC Fifth Assessment Report (2013),"Yes, externally audited/verified (third-party verification)",Activity data - High data quality,No changes to the methodology and/or boundary used when compared to the previously reported inventory,,
2025 Disclosure Cycle,779465,CDP,62791,City of Botoșani,City,Europe,Romania,Public,Q3.1.1,Provide information on and an attachment (in spreadsheet format)/ direct link to your main community-wide GHG emissions inventory.,1,Response,,PAED 2030 Botoșani - https://mycovenant.eumayors.eu/storage/web/mc_covenant/documents/8/fUqwWN5VPvGeIog37vpDrE2xHpNRlDVG.pdf,The emissions inventory can be accessed (unrestricted) on the link provided,2012,Same - covers entire jurisdiction and nothing else,122471,,2006 IPCC Guidelines for National Greenhouse Gas Inventories,Internal tool/process,CO2,Other: IPCC + LCA,IPCC Fourth Assessment Report (2007),"Yes, internally audited/verified (self-verification)",Activity data - Medium data quality,No changes to the methodology and/or boundary used when compared to the previously reported inventory,,NA
2025 Disclosure Cycle,779465,CDP,62793,City of Ploiești,City,Europe,Romania,Public,Q3.1.1,Provide information on and an attachment (in spreadsheet format)/ direct link to your main community-wide GHG emissions inventory.,1,Response,,Air quality study for Ploiesti and Brazi commune - 2022-2026 https://www.ploiesti.ro/Strategii/Studiu_calitate_aer_Ploiesti_Brazi_2022-2026_v12_Final.pdf (covers the data from 2017) & Sustainable Energy Action Plan of the Municipality of Ploiești (covers the data from 2013) https://www.ploiesti.ro/PAED%20Municipiul%20Ploiesti.pdf,The emissions inventory can be accessed (unrestricted) on the link provided,2017,Same - covers entire jurisdiction and nothing else,230591,Other: EMEP/EEA + national methodology,,Internal tool/process,CO2,Do not know,Do not know,"Yes, internally and externally audited/verified",Emissions factors - Medium data quality|Activity data - Medium data quality,No changes to the methodology and/or boundary used when compared to the previously reported inventory,,NA
2025 Disclosure Cycle,779465,CDP,62795,City of Brașov,City,Europe,Romania,Public,Q3.1.1,Provide information on and an attachment (in spreadsheet format)/ direct link to your main community-wide GHG emissions inventory.,1,Response,Draft CCC_Brasov.pdf,Not available publicly yet. ,The emissions inventory has been attached,2021,Same - covers entire jurisdiction and nothing else,371802,2006 IPCC Guidelines for National Greenhouse Gas Inventories,,Do not know,CO2,Default IPCC emission factors,Do not know,"Yes, internally and externally audited/verified",Activity data - Medium data quality|Emissions factors - Medium data quality,No changes to the methodology and/or boundary used as this is the jurisdictions first year reporting an emissions inventory,PACED Brasov 26.01.2024 .pdf,NA.
2025 Disclosure Cycle,779465,CDP,63562,"City of South Bend, IN",City,North America,United States of America,Public,Q3.1.1,Provide information on and an attachment (in spreadsheet format)/ direct link to your main community-wide GHG emissions inventory.,1,Response,inventory_detail_2023_GHG_Inventory (1).xlsx,Please see attachment,The emissions inventory has been attached,2023,Same - covers entire jurisdiction and nothing else,103453.0,,U.S. Community Protocol for Accounting and Reporting of Greenhouse Gas Emissions (ICLEI USA),ICLEI ClearPath,CO2|CH4|N2O,Default IPCC emission factors,Do not know,"Yes, externally audited/verified (third-party verification)",Activity data - High data quality|Emissions factors - High data quality,No changes to the methodology and/or boundary used when compared to the previously reported inventory,,N/A
2025 Disclosure Cycle,779465,CDP,63608,City of Melville,City,South East Asia & Oceania,Australia,Public,Q3.1.1,Provide information on and an attachment (in spreadsheet format)/ direct link to your main community-wide GHG emissions inventory.,1,Response,Community emissions 2024_2025.xlsx,"Some of the inventory came from Snapshot Australia (https://snapshotclimate.com.au/locality/municipality/australia/western-australia/melville/#) and Google Environmental Insights Explorer (https://insights.sustainability.google/) and the rest of the inventory came from calculations based on National Greenhouse accounts factors (see attachment) and the City's energy, waste and water data.",The emissions inventory has been attached,2023/2024,Same - covers entire jurisdiction and nothing else,110426,,Global Protocol for Community-Scale Greenhouse Gas Emissions Inventories (GPC),Internal tool/process,PFCs|HFCs|CO2|CH4|N2O,National/sub-national emission factors: National Greenhouse Accounts Factors 2023,Do not know,"No, not audited/verified",Activity data - High data quality|Emissions factors - High data quality,No changes to the methodology and/or boundary used when compared to the previously reported inventory,,"AFOLU, IPPU data are from: https://snapshotclimate.com.au/locality/municipality/australia/western-australia/melville/#\nTransport data are from: \nhttps://insights.sustainability.google/\nScheme and waste water data are from the Water Corporation Annual Report 2023 https://pw-cdn.watercorporation.com.au/-/media/WaterCorp/Documents/About-us/Our-performance/Annual-Reports/2023-Annual-Report/Annual-Report-2023.pdf?rev=ea845104e7c846eebd6221115f841e53&hash=A04589AD69092E99432DAA1FD525C0CC&_gl=1*11ku0cr*_gcl_au*MTg0ODEzNDY4OS4xNzI3MTQ5ODE1*_ga*MTg2MTk0MjE5Mi4xNzI3MTQ5ODE1*_ga_XS0K8Z5E0Y*MTcyNzc2MzYwNS4xLjAuMTcyNzc2MzYxMC41NS4wLjA.*_ga_2DXNDMGBGZ*MTcyNzc2MzYxMC4xLjAuMTcyNzc2MzYxMC42MC4wLjA."
2025 Disclosure Cycle,779465,CDP,63836,Vadodara Municipal Corporation,City,India,India,Public,Q3.1.1,Provide information on and an attachment (in spreadsheet format)/ direct link to your main community-wide GHG emissions inventory.,1,Response,Vadodara_Community Inventory_CDP Reporting Summary_2021-2022.xlsx,https://docs.google.com/spreadsheets/d/1xad_LK9cYu-4KS9vUN5JaRs_tBf3R8oG/edit?usp=sharing&ouid=107100384785723900479&rtpof=true&sd=true,The emissions inventory has been attached and can be accessed (unrestricted) on the link provided,2021/2022,Same - covers entire jurisdiction and nothing else,2559975,,Global Protocol for Community-Scale Greenhouse Gas Emissions Inventories (GPC) reported in the format of GCoM Common Reporting Framework (CRF),Other: Harmonized Emissions Analysis Tool (HEAT+) by ICLEI,CO2|N2O|CH4,Default IPCC emission factors,IPCC Fourth Assessment Report (2007),"Yes, internally audited/verified (self-verification)",Emissions factors - High data quality|Activity data - Medium data quality,No changes to the methodology and/or boundary used when compared to the previously reported inventory,,There are no historical inventories as the city is submitting it's first inventory
2025 Disclosure Cycle,779465,CDP,63941,"Broward County, FL",City,North America,United States of America,Public,Q3.1.1,Provide information on and an attachment (in spreadsheet format)/ direct link to your main community-wide GHG emissions inventory.,1,Response,cdp_report_2024_with_2021_data.xlsx,Please see attached.,The emissions inventory has been attached,2021,Same - covers entire jurisdiction and nothing else,1934551,Global Protocol for Community-Scale Greenhouse Gas Emissions Inventories (GPC),,ICLEI ClearPath,N2O|CO2|CH4,Default IPCC emission factors,IPCC Fifth Assessment Report (2013),"Yes, internally audited/verified (self-verification)",Emissions factors - Medium data quality|Activity data - Medium data quality,No changes to the methodology and/or boundary used when compared to the previously reported inventory,cdp_ICLEI_report_2019GHG_BrowardCounty.xlsx,N/A
2025 Disclosure Cycle,779465,CDP,64014,"City of Cupertino, CA",City,North America,United States of America,Public,Q3.1.1,Provide information on and an attachment (in spreadsheet format)/ direct link to your main community-wide GHG emissions inventory.,1,Response,2021-cupertino-community-municipal-invts-rpt_final-w-app.pdf,,The emissions inventory has been attached,2021,Same - covers entire jurisdiction and nothing else,58622,,Global Protocol for Community-Scale Greenhouse Gas Emissions Inventories (GPC),ICLEI ClearPath,N2O|CH4|CO2,Default IPCC emission factors,IPCC Fifth Assessment Report (2013),"Yes, externally audited/verified (third-party verification)",Activity data - Medium data quality,,,
2025 Disclosure Cycle,779465,CDP,68250,City of Canada Bay,City,South East Asia & Oceania,Australia,Public,Q3.1.1,Provide information on and an attachment (in spreadsheet format)/ direct link to your main community-wide GHG emissions inventory.,1,Response,gpc_report_canada_bay_FY2023-24 5 September2025.csv,Emissions spreadsheet from Kinesis Resilient Sydney platform attached.,The emissions inventory has been attached,2023/2024,Same - covers entire jurisdiction and nothing else,98336,Global Protocol for Community-Scale Greenhouse Gas Emissions Inventories (GPC),,Kinesis CCAP City Tool,CO2|CH4|N2O,National/sub-national emission factors: Primarily National Greenhouse Accounts; other published sources as required,Do not know,"Yes, internally and externally audited/verified",,,"FINAL Resilient Sydney Platform Data Method and Procedures v2.5.pdf,factors_canada_bay_FY2023-24.csv",
2025 Disclosure Cycle,779465,CDP,68265,Georges River Council,City,South East Asia & Oceania,Australia,Public,Q3.1.1,Provide information on and an attachment (in spreadsheet format)/ direct link to your main community-wide GHG emissions inventory.,1,Response,Analysis Report - All Sectors - 24 Areas - Emissions - 2022-23 (1).csv,NA,The emissions inventory has been attached,2023,Same - covers entire jurisdiction and nothing else,158051,Global Protocol for Community-Scale Greenhouse Gas Emissions Inventories (GPC),,Kinesis CCAP City Tool,CO2,National/sub-national emission factors: National greenhouse Accounts (Australia),IPCC Sixth Assessment Report (2021),"Yes, externally audited/verified (third-party verification)",Activity data - High data quality,No changes to the methodology and/or boundary used as this is the jurisdictions first year reporting an emissions inventory,,NA
2025 Disclosure Cycle,779465,CDP,68267,Sutherland Shire Council,City,South East Asia & Oceania,Australia,Public,Q3.1.1,Provide information on and an attachment (in spreadsheet format)/ direct link to your main community-wide GHG emissions inventory.,1,Response,"Q3.xlsx,gpc_report_sutherland_FY2023-24.csv",,The emissions inventory has been attached,2023/2024,Same - covers entire jurisdiction and nothing else,238614,,Global Protocol for Community-Scale Greenhouse Gas Emissions Inventories (GPC) reported in the format of GCoM Common Reporting Framework (CRF),Other regionally/nationally developed tool/process: Kinesis Resilient Sydney data platform,CO2,Default IPCC emission factors,IPCC Sixth Assessment Report (2021),"Yes, externally audited/verified (third-party verification)",Activity data - High data quality,No changes to the methodology and/or boundary used when compared to the previously reported inventory,,Resilient Sydney coordinated Kinesis to provide the FY24 community emissions data and spreadsheet for all council members completing CDP reporting. Last year our Council completed the task with assistance from Resilient Sydney and Kinesis. 
2025 Disclosure Cycle,779465,CDP,69824,Västervik Municipality,City,Europe,Sweden,Public,Q3.1.1,Provide information on and an attachment (in spreadsheet format)/ direct link to your main community-wide GHG emissions inventory.,1,Response,"Kommunrapport_vastervik_vaxthusgaser_totalt.xlsx,Rapport Klimatpåverkan för Västerviks kommunkoncern år 2022.pdf",https://www.vastervik.se/contentassets/bc591c6dd4004286aff84bcaf7c6ea2d/rapport-klimatpaverkan-for-vasterviks-kommunkoncern-ar-2022-ver-2023-06-21.pdf\n\n\n,The emissions inventory can be accessed (unrestricted) on the link provided,2022,Other: Täcker endast kommunkoncernens utsläpp.,36650.0,Regional or country/area specific methodology,,Other regionally/nationally developed tool/process: Nationella emissionsdatabasen (SMHI) Sweden,CH4|CO2|HFCs|PFCs|N2O|SF6|NF3,Other: GHG-protokollet.,Do not know,,,,,SMHI Nationella emissionsdatabasen:\nhttps://nationellaemissionsdatabasen.smhi.se/\n
2025 Disclosure Cycle,779465,CDP,69849,Santa Cruz de Galápagos,City,Latin America,Ecuador,Public,Q3.1.1,Provide information on and an attachment (in spreadsheet format)/ direct link to your main community-wide GHG emissions inventory.,1,Response,Inventario_GEI_2015_Santa Cruz.xlsx,,The emissions inventory has been attached,2015,Same - covers entire jurisdiction and nothing else,15701,Global Protocol for Community-Scale Greenhouse Gas Emissions Inventories (GPC),,Internal tool/process,CH4|CO2|N2O,Default IPCC emission factors,IPCC Fourth Assessment Report (2007),"Yes, externally audited/verified (third-party verification)",Activity data - High data quality|Emissions factors - Low data quality,No changes to the methodology and/or boundary used when compared to the previously reported inventory,Informe Huellas - Ciudad Santa Cruz de Galápagos 24-11-16.pdf,Se adjunta el Informe metodologico del calculo de Huella de carbono
2025 Disclosure Cycle,779465,CDP,69968,Alcaldia de Rionegro,City,Latin America,Colombia,Public,Q3.1.1,Provide information on and an attachment (in spreadsheet format)/ direct link to your main community-wide GHG emissions inventory.,1,Response,Estudio-Gases-de-Efecto-Invernadero (1).pdf,https://rionegro.gov.co/loader.php?lServicio=Tools2&lTipo=descargas&lFuncion=visorpdf&file=https%3A%2F%2Frionegro.gov.co%2Floader.php%3FlServicio%3DTools2%26lTipo%3Ddescargas%26lFuncion%3DexposeDocument%26idFile%3D5088%26tmp%3D3b81fabb70a3c7ee1097552137f4d8c4%26urlDeleteFunction%3Dhttps%253A%252F%252Frionegro.gov.co%252Floader.php%253FlServicio%253DTools2%2526lTipo%253Ddescargas%2526lFuncion%253DdeleteTemporalFile%2526tmp%253D3b81fabb70a3c7ee1097552137f4d8c4&pdf=1&tmp=3b81fabb70a3c7ee1097552137f4d8c4&fileItem=5088,The emissions inventory has been attached and can be accessed (unrestricted) on the link provided,2023/2024,Same - covers entire jurisdiction and nothing else,,,Global Protocol for Community-Scale Greenhouse Gas Emissions Inventories (GPC),Consultancy-developed tool/process: Estudio 1 Cambio Climático 2 Vulnerabilidad y Riesgos Naturales y 3 Crecimiento Urbano para Municipio de Rionegro (Antioquia) dentro del Programa de Ciudades Sostenibles y Competitivas promovido por FINDETER en el marco.,CO2|SF6|PFCs|N2O|CH4|NF3|HFCs,,,,,,,
2025 Disclosure Cycle,779465,CDP,70247,Hsinchu City Government,City,China,East Asia,Public,Q3.1.1,Provide information on and an attachment (in spreadsheet format)/ direct link to your main community-wide GHG emissions inventory.,1,Response,112年新竹市溫室氣體排放量分析報告.pdf,https://reurl.cc/VWQK1Y,The emissions inventory has been attached and can be accessed (unrestricted) on the link provided,2023,Same - covers entire jurisdiction and nothing else,456475,Regional or country/area specific methodology,,Data Portal for Cities,CH4|SF6|HFCs|NF3|CO2|PFCs|N2O,National/sub-national emission factors: 環境部公告溫室氣體排放係數,IPCC Fifth Assessment Report (2013),"Yes, internally audited/verified (self-verification)",Activity data - High data quality,No changes to the methodology and/or boundary used when compared to the previously reported inventory,112年新竹市溫室氣體排放量分析報告.pdf,https://reurl.cc/VWQK1Y
2025 Disclosure Cycle,779465,CDP,73295,"City of La Crosse, WI",City,North America,United States of America,Public,Q3.1.1,Provide information on and an attachment (in spreadsheet format)/ direct link to your main community-wide GHG emissions inventory.,1,Response,La Crosse Community GHG Inventory 2020 020822 Reduced.pdf,https://view.publitas.com/palebluedot/la-crosse-community-ghg-inventory-2020/page/10-11,The emissions inventory has been attached and can be accessed (unrestricted) on the link provided,2020,Same - covers entire jurisdiction and nothing else,52690.0,,International Emissions Analysis Protocol (ICLEI),Do not know,CO2,National/sub-national emission factors: US EPA,Do not know,"No, not audited/verified",Emissions factors - Medium data quality|Activity data - Medium data quality,No changes to the methodology and/or boundary used when compared to the previously reported inventory,,N/A
2025 Disclosure Cycle,779465,CDP,73413,Commune de Cocody,City,UKWW,Côte d'Ivoire,Public,Q3.1.1,Provide information on and an attachment (in spreadsheet format)/ direct link to your main community-wide GHG emissions inventory.,1,Response,GHG Inventory Data Template COCODY 2024 ACTU.xlsx,Inventaire des émissions de références de la commune de Cocody,The emissions inventory has been attached,2023,"Other: La commune de Cocody se trouve dans le District d'Abidjan, élargit en Grand Abidjan avec 13 commune en incluant la commune de Grand-Bassam. Elle a des interactions avec ses communes limitrophes et les autres communes dans le secteur du transport.",692583.0,,Global Protocol for Community-Scale Greenhouse Gas Emissions Inventories (GPC),Internal tool/process,CO2|N2O|NF3|CH4|PFCs|SF6|HFCs,Default IPCC emission factors,IPCC Fifth Assessment Report (2013),"Yes, internally audited/verified (self-verification)",Activity data - Medium data quality|Emissions factors - Medium data quality,"Yes, due to changes in calculation methodology or improvements in data access and/or accuracy but this has not triggered a recalculation of historic emissions data",ENERGIE CONSOMMEE PAR LES MENAGES.xlsx,"Comme le scénario BAU qui prévoit une augmentation totale de 185%, avec ce scénario Bas Carbone, l'émission des GES sera réduite de 54% par rapport au BAU, soit une augmentation de GES de 131% au lieu de 184%. C'est tout à fait normal : la Commune de Cocody doit se développer. Mais ce développement sera moins générateur de Gaz à Effet de Serre : en 2030, l'empreinte sera de 3,59 teqCO2 par personne et par an, soit une faible augmentation par rapport à l'empreinte actuelle."
2025 Disclosure Cycle,779465,CDP,73645,KwaDukuza,City,UKWW,South Africa,Public,Q3.1.1,Provide information on and an attachment (in spreadsheet format)/ direct link to your main community-wide GHG emissions inventory.,1,Response,Annexure A-KDM GHG Emission Inventory Report_09.2024.pdf,KDM GHG Emissions Inventory Report,The emissions inventory has been attached,2022,Same - covers entire jurisdiction and nothing else,324912,,Global Protocol for Community-Scale Greenhouse Gas Emissions Inventories (GPC),CIRIS,N2O|CH4|CO2,Default IPCC emission factors,IPCC Fifth Assessment Report (2013),"No, not audited/verified",Activity data - Low data quality|Activity data - Medium data quality|Activity data - High data quality|Emissions factors - Low data quality,No changes to the methodology and/or boundary used when compared to the previously reported inventory,Greenhouse Gas Inventory Report_ AUG2020.pdf,"This report constitutes the third Emissions Inventory compiled for KDLM, with previous Emissions Inventories covering the years 2012 and 2014. Total emissions for KDLM decreased by 23% between 2012 and 2014, but increased by 47% between 2014 and 2022. The emissions per capita decreased by 30% between 2012 and 2014, but increased by 15% between 2014 and 2022. These results highlight the importance of low-emissions development pathways as a means to allow for economic and population growth while mitigating GHG emissions."
2025 Disclosure Cycle,779465,CDP,73666,"Cuyahoga County, OH",City,North America,United States of America,Public,Q3.1.1,Provide information on and an attachment (in spreadsheet format)/ direct link to your main community-wide GHG emissions inventory.,1,Response,Cuyahoga Community IMS_03132025_CDP.xlsx,Attached,The emissions inventory has been attached,2022,Same - covers entire jurisdiction and nothing else,1236994,,Global Protocol for Community-Scale Greenhouse Gas Emissions Inventories (GPC),Other: IMS Developed by Brendle Group,CH4|N2O|CO2,"Local emission factors: Where possible used local emissions factors from local utilities. Primary emissions data for large emitters from the EPA. Transportation, wastewater and waste emissions factors from EPA, Standard conversion factors from TCR GRP, and GWPs from",IPCC Fifth Assessment Report (2013),"No, not audited/verified",Activity data - Medium data quality|Emissions factors - Medium data quality,No changes to the methodology and/or boundary used when compared to the previously reported inventory,Climate Action_DRAFT_2025_FINAL.docx,Additional document is 2025 Climate Action Plan
2025 Disclosure Cycle,779465,CDP,73669,"San Luis Obispo, CA",City,North America,United States of America,Public,Q3.1.1,Provide information on and an attachment (in spreadsheet format)/ direct link to your main community-wide GHG emissions inventory.,1,Response,Community_GHG Inventory & Forecast Workbook_CDP Reporting.xlsx,2019 City of San Luis Obispo GHG Emissions Inventory Memo - https://www.slocity.org/home/showpublisheddocument/27807/637329143797700000,The emissions inventory has been attached and can be accessed (unrestricted) on the link provided,2021,Same - covers entire jurisdiction and nothing else,46802.0,,Global Protocol for Community-Scale Greenhouse Gas Emissions Inventories (GPC),Internal tool/process,CH4|N2O|CO2,"Local emission factors: Utilities provide utility factors, California Air Resources Board provides vehicle factors, and the solid waste factors came from Cal Recycle.",IPCC Fifth Assessment Report (2013),"No, not audited/verified",Activity data - High data quality,No changes to the methodology and/or boundary used when compared to the previously reported inventory,Community_GHG Inventory & Forecast Workbook_CDP Reporting.xlsx,
2025 Disclosure Cycle,779465,CDP,73671,Godoy Cruz,City,Latin America,Argentina,Public,Q3.1.1,Provide information on and an attachment (in spreadsheet format)/ direct link to your main community-wide GHG emissions inventory.,1,Response,IGEI Godoy Cruz_Reporte.xlsx,no hay,The emissions inventory has been attached,2023,Same - covers entire jurisdiction and nothing else,198800,,Global Protocol for Community-Scale Greenhouse Gas Emissions Inventories (GPC) reported in the format of GCoM Common Reporting Framework (CRF),Internal tool/process,CO2|N2O|CH4,Default IPCC emission factors,Other: Se obtiene del último informe del IPCC y de los informes Bienales de la Argentina,"No, not audited/verified",Emissions factors - High data quality|Activity data - Medium data quality,No changes to the methodology and/or boundary used when compared to the previously reported inventory,IGEI 2022_Godoy Cruz_Reporte.xlsx,"Se utilizó la herramienta de cálculo desarrollada por la Red Argentina de Municipios frente al Cambio Climático, que fue diseñada en base al protocolo GPC para inventarios de emisiones de GEI para ciudades argentinas.\n"
2025 Disclosure Cycle,779465,CDP,73678,Chañar Ladeado,City,Latin America,Argentina,Public,Q3.1.1,Provide information on and an attachment (in spreadsheet format)/ direct link to your main community-wide GHG emissions inventory.,1,Response,IGEI Chañar Ladeado (reporte).xlsx,no hay\n,The emissions inventory has been attached,2022,Same - covers entire jurisdiction and nothing else,6250,,Global Protocol for Community-Scale Greenhouse Gas Emissions Inventories (GPC) reported in the format of GCoM Common Reporting Framework (CRF),Internal tool/process,CH4|N2O|CO2,Default IPCC emission factors,Other: Se obtiene del último informe del IPCC y de los informes Bienales de la Argentina.,"No, not audited/verified",Activity data - Medium data quality|Emissions factors - High data quality,No changes to the methodology and/or boundary used when compared to the previously reported inventory,,"Se utilizó la herramienta de cálculo desarrollada por la Red Argentina de Municipios frente al Cambio Climático, que fue diseñada en base al protocolo GPC para inventarios de emisiones de GEI para ciudades argentinas."
2025 Disclosure Cycle,779465,CDP,73687,Sabaneta,City,Latin America,Colombia,Public,Q3.1.1,Provide information on and an attachment (in spreadsheet format)/ direct link to your main community-wide GHG emissions inventory.,1,Response,,https://app.powerbi.com/view?r=eyJrIjoiZTQ3NmI0NGEtMmQxOS00NWVlLTg3ODctMDAxYTBiMTI4YWRhIiwidCI6IjYxOGJhYjBmLTIwYTQtNGRlMy1hMTBjLWUyMGNlZTk2YmIzNSIsImMiOjR9&embedImagePlaceholder=true&pageName=ReportSectionc22b691d7eaf67af5d66\n,The emissions inventory can be accessed (unrestricted) on the link provided,2021/2022,Same - covers entire jurisdiction and nothing else,88227,,Jurisdiction specific methodology,Internal tool/process,CH4|N2O|CO2,Local emission factors: Fuentes fijas de la industria manufacturera.,IPCC Second Assessment Report (1995),,Activity data - High data quality,,Inventario-GEI-2016-2019- IDEAM (002).pdf,
2025 Disclosure Cycle,779465,CDP,73725,Guaminí,City,Latin America,Argentina,Public,Q3.1.1,Provide information on and an attachment (in spreadsheet format)/ direct link to your main community-wide GHG emissions inventory.,1,Response,REPORTE Guamini_Planilla de Cálculo_2022_más 10mil.xlsx,no hay,The emissions inventory has been attached,2022,Same - covers entire jurisdiction and nothing else,11765,,Global Protocol for Community-Scale Greenhouse Gas Emissions Inventories (GPC) reported in the format of GCoM Common Reporting Framework (CRF),Internal tool/process,CO2|CH4|N2O,Default IPCC emission factors,Other: Se obtiene del último informe del IPCC y de los informes Bienales de la Argentina,"No, not audited/verified",Emissions factors - High data quality|Activity data - Medium data quality,No changes to the methodology and/or boundary used when compared to the previously reported inventory,,"Se utilizó la herramienta de cálculo desarrollada por la Red Argentina de Municipios frente al Cambio Climático, que fue diseñada en base al protocolo GPC para inventarios de emisiones de GEI para ciudades argentinas"
2025 Disclosure Cycle,779465,CDP,73738,Khon Kaen City Municipality,City,South East Asia & Oceania,Thailand,Public,Q3.1.1,Provide information on and an attachment (in spreadsheet format)/ direct link to your main community-wide GHG emissions inventory.,1,Response,City Carbon Footprint for Khon Kaen municipality 2013-2017.xlsx,,The emissions inventory has been attached,2017,Same - covers entire jurisdiction and nothing else,120143,,Global Protocol for Community-Scale Greenhouse Gas Emissions Inventories (GPC),Other regionally/nationally developed tool/process: ,PFCs|NF3|N2O|SF6|HFCs|CH4|CO2,Default IPCC emission factors,IPCC Fifth Assessment Report (2013),"Yes, internally and externally audited/verified",Activity data - Medium data quality,No changes to the methodology and/or boundary used when compared to the previously reported inventory,,
2025 Disclosure Cycle,779465,CDP,73746,Probolinggo,City,South East Asia & Oceania,Indonesia,Public,Q3.1.1,Provide information on and an attachment (in spreadsheet format)/ direct link to your main community-wide GHG emissions inventory.,1,Response,Emission Inventory 2024 based on Study.xlsx,Inventory based on study,The emissions inventory has been attached,2024,Same - covers entire jurisdiction and nothing else,683173,,1996 IPCC Guidelines for National Greenhouse Gas Inventories,Internal tool/process,CO2,Default IPCC emission factors,Do not know,"Yes, internally and externally audited/verified",Activity data - High data quality|Emissions factors - High data quality,No changes to the methodology and/or boundary used as this is the jurisdictions first year reporting an emissions inventory,GHG Inventory and Reduction Study and Cilmate Action Plan for Adaptation and Mitigation in Probolinggo City for 2022-2030_ RADGRK PROBOLINGGO 2022 2030.pdf,inventory counted based on study
2025 Disclosure Cycle,779465,CDP,73750,Tarakan City,City,South East Asia & Oceania,Indonesia,Public,Q3.1.1,Provide information on and an attachment (in spreadsheet format)/ direct link to your main community-wide GHG emissions inventory.,1,Response,"CRF_Energi_2024_250603070703.xlsx,CRF_IPPU_2024_250603070726.xlsx,CRF_Kehutanan_2024_250603070749.xlsx,CRF_Limbah_2024_250603070756.xlsx,CRF_Pertanian_2024_250603070732.xlsx",https://drive.google.com/drive/folders/1QvDGS8of9E89QX0-SHh_ec1z5TJpKZZL,The emissions inventory has been attached and can be accessed (unrestricted) on the link provided,2024,Same - covers entire jurisdiction and nothing else,255310,,2006 IPCC Guidelines for National Greenhouse Gas Inventories,SIGN-SMART (Indonesia),CO2|CH4|N2O,Default IPCC emission factors,IPCC Fourth Assessment Report (2007),"Yes, internally audited/verified (self-verification)",Activity data - Medium data quality,"Yes, due to changes in calculation methodology or improvements in data access and/or accuracy and this has triggered a recalculation of historic emissions data","Emisi_Sektor_Energi_KALIMANTAN UTARA_TARAKAN_250610100737.xlsx,Emisi_Sektor_IPPU_KALIMANTAN UTARA_TARAKAN_250610100750.xlsx,Emisi_Sektor_Kehutanan_KALIMANTAN UTARA_TARAKAN_250610100935.xlsx,Emisi_Sektor_Limbah_KALIMANTAN UTARA_TARAKAN_250610100946.xlsx,Emisi_Sektor_Pertanian_KALIMANTAN UTARA_TARAKAN_250610100806.xlsx",https://drive.google.com/drive/folders/1y4dsnCq96XrdVLh-rsYmlgfU7bD7kXRf
2025 Disclosure Cycle,779465,CDP,73752,Bontang City,City,South East Asia & Oceania,Indonesia,Public,Q3.1.1,Provide information on and an attachment (in spreadsheet format)/ direct link to your main community-wide GHG emissions inventory.,1,Response,GHG Inventory of Bontang City 2010-2024.xlsx,,The emissions inventory has been attached,2024,Same - covers entire jurisdiction and nothing else,191811,,2006 IPCC Guidelines for National Greenhouse Gas Inventories,SIGN-SMART (Indonesia),CH4|N2O|CO2,Default IPCC emission factors,Do not know,"Yes, internally audited/verified (self-verification)",Activity data - High data quality|Emissions factors - Low data quality,No changes to the methodology and/or boundary used when compared to the previously reported inventory,,
2025 Disclosure Cycle,779465,CDP,73755,Legazpi City,City,South East Asia & Oceania,Philippines,Public,Q3.1.1,Provide information on and an attachment (in spreadsheet format)/ direct link to your main community-wide GHG emissions inventory.,1,Response,,https://drive.google.com/file/d/1AO78AurdXN5XHAo_j1x4ZlXUUMMHj-9G/view?usp=sharing,The emissions inventory has been attached and can be accessed (unrestricted) on the link provided,2018,Same - covers entire jurisdiction and nothing else,2018,,Global Protocol for Community-Scale Greenhouse Gas Emissions Inventories (GPC),,CO2|N2O|CH4,Default IPCC emission factors,IPCC Fifth Assessment Report (2013),"Yes, externally audited/verified (third-party verification)",Emissions factors - High data quality|Activity data - High data quality,No changes to the methodology and/or boundary used as this is the jurisdictions first year reporting an emissions inventory,,
2025 Disclosure Cycle,779465,CDP,73759,Jambi City,City,South East Asia & Oceania,Indonesia,Public,Q3.1.1,Provide information on and an attachment (in spreadsheet format)/ direct link to your main community-wide GHG emissions inventory.,1,Response,"laporan_akhir_igrk_1745382171.pdf,rad_grk_kota_jambi_2021_1697418635.pdf",Jambi Greenhouse Gas Emission Reduction Regional Action Plan (Rencana Aksi Daerah Penurunan Emisi Gas Rumah Kaca - RAD GRK):\nhttps://drive.google.com/file/d/18JYXrWD4HXYaHM-JzHpWO2bcU6SsP8K7/view?usp=drive_link\n\nWaste Management Masterplan:\nhttps://drive.google.com/file/d/1DCuLf1yZ01cWvNiKN85qNTdu1YPiWjYJ/view?usp=drive_link\n\nWaste Management GHG Emission inventory:\nhttps://docs.google.com/spreadsheets/d/112mc4lgy_Ti3CykZEuq-z5ki0M-9_bJI/edit?usp=drive_link&ouid=110449665983576976859&rtpof=true&sd=true\n\nLaporan Akhir IGRK:\nhttps://drive.google.com/file/d/1qYrPbLTuVqIX2I7O8YsjqXxWBx4yZugI/view?usp=sharing\n,The emissions inventory can be accessed (unrestricted) on the link provided,2023,Same - covers entire jurisdiction and nothing else,627770,,2006 IPCC Guidelines for National Greenhouse Gas Inventories,SIGN-SMART (Indonesia),CH4|N2O|CO2,Default IPCC emission factors,Other: IPCC 2006,"No, not audited/verified",Activity data - Low data quality|Emissions factors - Low data quality,"Yes, due to changes in calculation methodology or improvements in data access and/or accuracy and this has triggered a recalculation of historic emissions data",RIPS KOTA JAMBI 2025 - 2045 FINAL.pdf,"Jambi telah melakukan inventarisasi emisi tingkat komunitas pada tahun 2021 sebagai bagian dari penyusunan Rencana Aksi Daerah Penurunan Emisi Gas Rumah Kaca (RAD GRK). Terdapat peningkatan ketersediaan data meskipun perhitungan masih menggunakan faktor emisi. Namun, Jambi juga memiliki perhitungan lain terkait penurunan emisi di sektor limbah sebagai bagian dari kerja sama dengan GiZ yang menggunakan data yang lebih rinci. Data yang digunakan dalam perhitungan ini berasal dari inventarisasi dan proyeksi penduduk, inventarisasi pengelolaan limbah, skenario pengelolaan limbah, serta asumsi lain seperti pembakaran terbuka dan pemanfaatan gas metana. Laporan Akhir Inventarisasi dan Profil Emisi GRK juga telah disusun oleh Dinas Lingkungan Hidup Kota Jambi pada tahun 2024. Inventarisasi Emisi GRK yang dilakukan mencakup pemutakhiran Inventarisasi Emisi GRK dari tahun 2021 hingga 2023."
2025 Disclosure Cycle,779465,CDP,73763,San Carlos City,City,South East Asia & Oceania,Philippines,Public,Q3.1.1,Provide information on and an attachment (in spreadsheet format)/ direct link to your main community-wide GHG emissions inventory.,1,Response,San Carlos City GHG Inventory Report.pdf,-,The emissions inventory has been attached,2017,Other: Whole City on San Carlos,2017,,Jurisdiction specific methodology,ICLEI ClearPath,CH4|N2O|CO2,Emission Factor Database (EFDB),Do not know,"Yes, internally and externally audited/verified",Activity data - Medium data quality,No changes to the methodology and/or boundary used when compared to the previously reported inventory,San Carlos City GHG Inventory Report.pdf,n/a
2025 Disclosure Cycle,779465,CDP,73810,"Miami-Dade, FL",City,North America,United States of America,Public,Q3.1.1,Provide information on and an attachment (in spreadsheet format)/ direct link to your main community-wide GHG emissions inventory.,1,Response,cdp_report.xlsx,,The emissions inventory has been attached,2023,Same - covers entire jurisdiction and nothing else,2774000,,Global Protocol for Community-Scale Greenhouse Gas Emissions Inventories (GPC),ICLEI ClearPath,N2O|CH4|CO2,Default IPCC emission factors,IPCC Fifth Assessment Report (2013),"Yes, internally audited/verified (self-verification)",Activity data - Medium data quality,No changes to the methodology and/or boundary used when compared to the previously reported inventory,,NA
2025 Disclosure Cycle,779465,CDP,73879,Roskilde Municipality,City,Europe,Denmark,Public,Q3.1.1,Provide information on and an attachment (in spreadsheet format)/ direct link to your main community-wide GHG emissions inventory.,1,Response,265_eCRF-format_2023_Roskilde_v4.0.1.xlsx,,The emissions inventory has been attached,2023,Same - covers entire jurisdiction and nothing else,90446,,Global Protocol for Community-Scale Greenhouse Gas Emissions Inventories (GPC) reported in the format of GCoM Common Reporting Framework (CRF),Other regionally/nationally developed tool/process: The Danish municipal energy and GHG-inventory (Energi- og CO2-regnskabet),PFCs|N2O|HFCs|CO2|CH4,Default IPCC emission factors,IPCC Fifth Assessment Report (2013),"No, not audited/verified",,"Yes, due to changes in calculation methodology or improvements in data access and/or accuracy but this has not triggered a recalculation of historic emissions data",,"It is possible to get an overview of the historical inventories of Roskilde Municipality from 2018-2023 on the following website page: https://sparenergi.dk/offentlig/energi-og-co2-regnskabet/roskilde \n\nBeware that the data and results from 2018 to 2023 may not be directly comparable, as the most recent inventories are based on larger and more accurate databases. The people behind the danish municipal Energy and GHG-inventory tries to recalculate the historic emission inventories when the calculation methodology is changed (usually when more accurate data/improved data access becomes available). However, sometimes it is not possible if the more accurate data/improved data access for the earlier years inventory years simply is not available. That is the reason why the inventories from 2010-2017 are not disclosed on the website anymore. "
2025 Disclosure Cycle,779465,CDP,73892,Holbæk Municipality,City,Europe,Denmark,Public,Q3.1.1,Provide information on and an attachment (in spreadsheet format)/ direct link to your main community-wide GHG emissions inventory.,1,Response,eCRF-format_2023_Holbæk_v4.1.xlsx,https://sparenergi.dk/energi-og-co2-regnskabet/holbaek,The emissions inventory has been attached and can be accessed (unrestricted) on the link provided,2022/2023,Same - covers entire jurisdiction and nothing else,73440,,Regional or country/area specific methodology,Other regionally/nationally developed tool/process: The Danish municipal energy and GHG-inventory (Energi- og CO2-regnskabet),NF3|PFCs|N2O|HFCs|CH4|SF6|CO2,National/sub-national emission factors: The Danish municipal energy and GHG-inventory (Energi- og CO2-regnskabet),IPCC Fifth Assessment Report (2013),,,"Yes, due to changes in calculation methodology or improvements in data access and/or accuracy and this has triggered a recalculation of historic emissions data",,
2025 Disclosure Cycle,779465,CDP,74325,Pontianak,City,South East Asia & Oceania,Indonesia,Public,Q3.1.1,Provide information on and an attachment (in spreadsheet format)/ direct link to your main community-wide GHG emissions inventory.,1,Response,LAPORAN IGRK PONTIANAK TAHUN 2025.pdf,The attached document is the Greenhouse Gas Inventory Document of Pontianak City for the Year 2025,The emissions inventory has been attached,2023/2024,Same - covers entire jurisdiction and nothing else,687,,2006 IPCC Guidelines for National Greenhouse Gas Inventories,SIGN-SMART (Indonesia),N2O|CH4|CO2,Default IPCC emission factors,IPCC Fourth Assessment Report (2007),"Yes, internally audited/verified (self-verification)",Emissions factors - High data quality|Activity data - High data quality,No changes to the methodology and/or boundary used as this is the jurisdictions first year reporting an emissions inventory,Dokumen Climate Acton Plan (CAP) Kota Pontianak.pdf,The attached document is the Greenhouse Gas Inventory Document of Pontianak City for the Year 2025
2025 Disclosure Cycle,779465,CDP,74332,Manado City,City,South East Asia & Oceania,Indonesia,Public,Q3.1.1,Provide information on and an attachment (in spreadsheet format)/ direct link to your main community-wide GHG emissions inventory.,1,Response,LAPORAN AKHIR EMISI GRK FIX.pdf,https://bapperida.manadokota.go.id/dokumen\n,The emissions inventory has been attached,2022,Same - covers entire jurisdiction and nothing else,458582,1996 IPCC Guidelines for National Greenhouse Gas Inventories,,Other: System Dinamic,CO2,Default IPCC emission factors,IPCC Fourth Assessment Report (2007),"No, not audited/verified",Emissions factors - Low data quality,No changes to the methodology and/or boundary used when compared to the previously reported inventory,LAPORAN AKHIR EMISI GRK FIX.pdf,https://bapperida.manadokota.go.id/dokumen
2025 Disclosure Cycle,779465,CDP,74334,Cirebon City,City,South East Asia & Oceania,Indonesia,Public,Q3.1.1,Provide information on and an attachment (in spreadsheet format)/ direct link to your main community-wide GHG emissions inventory.,1,Response,LAPORAN INVENTARISASI EMISI GAS RUMAH KACA KOTA CIREBON 2024.pdf,,Unable to provide an attachment and/or direct link to my emissions inventory,2023,Same - covers entire jurisdiction and nothing else,356629,2006 IPCC Guidelines for National Greenhouse Gas Inventories,,SIGN-SMART (Indonesia),CO2,Default IPCC emission factors,IPCC Fourth Assessment Report (2007),"Yes, externally audited/verified (third-party verification)",Activity data - Low data quality,No changes to the methodology and/or boundary used when compared to the previously reported inventory,,
2025 Disclosure Cycle,779465,CDP,74350,Jayapura City,City,South East Asia & Oceania,Indonesia,Public,Q3.1.1,Provide information on and an attachment (in spreadsheet format)/ direct link to your main community-wide GHG emissions inventory.,1,Response,"Emisi_Sektor_ENERGI, IPPU, PERTANIAN, KEHUTANAN, & LIMBAH_PAPUA_JAYAPURA_250911121830.xlsx,LAPORAN INVENTARIS GAS RUMAH KACA (IGRK) TAHUN 2019-2022.pdf",https://bit.ly/Data_Emisi_KotaJayapura,The emissions inventory has been attached and can be accessed (unrestricted) on the link provided,2024,Same - covers entire jurisdiction and nothing else,404193,,2006 IPCC Guidelines for National Greenhouse Gas Inventories,SIGN-SMART (Indonesia),CO2|N2O|CH4,Default IPCC emission factors,Do not know,"No, not audited/verified",Emissions factors - Medium data quality,Other: This is the first report submitted,,Data 
2025 Disclosure Cycle,779465,CDP,74371,Himeji,City,Japan,Japan,Public,Q3.1.1,Provide information on and an attachment (in spreadsheet format)/ direct link to your main community-wide GHG emissions inventory.,1,Response,,https://www.city.himeji.lg.jp/kurashi/cmsfiles/contents/0000002/2449/R6himejinokankyo59.pdf,The emissions inventory can be accessed (unrestricted) on the link provided,2018,Same - covers entire jurisdiction and nothing else,530309,Regional or country/area specific methodology,,Internal tool/process,CO2|PFCs|SF6|HFCs|NF3|N2O|CH4,National/sub-national emission factors: 環境省のホームページにて公開されている排出係数を利用,Do not know,"No, not audited/verified",Activity data - Medium data quality,No changes to the methodology and/or boundary used when compared to the previously reported inventory,,リンク先のPDF資料18枚目（下部記載14ページ）に温室効果ガス排出量の実績を掲載しています。
2025 Disclosure Cycle,779465,CDP,74401,"City of Encinitas, CA",City,North America,United States of America,Public,Q3.1.1,Provide information on and an attachment (in spreadsheet format)/ direct link to your main community-wide GHG emissions inventory.,1,Response,City_of_Encinitas_2020_ReCAP_Snapshot (1).pdf,https://opendata.sandag.org/dataset/City-of-Encinitas-2020-ReCAP-Snapshot/dnmt-sadw/about_data,The emissions inventory can be accessed (unrestricted) on the link provided,2020,Same - covers entire jurisdiction and nothing else,62007,U.S. Community Protocol for Accounting and Reporting of Greenhouse Gas Emissions (ICLEI USA),,US EPA Greenhouse Gas Inventory Tool (US),CO2|N2O|CH4,Default IPCC emission factors,IPCC Fourth Assessment Report (2007),"Yes, externally audited/verified (third-party verification)",Activity data - High data quality,Other: The 2020 GHG emissions inventory was prepared using the best available data for each emissions category and does not include on-road transportation due to the impacts of Covid-19.,ReCAP_summary_V1.1_12.2020.pdf,"The 2020 GHG emissions inventory was prepared using the best available data for each emissions category and does not include on-road transportation. The activity data for electricity, natural gas, solid waste, and water sectors are based on tracked and observed usage for the year and therefore, correctly reflect the impacts of Covid-19. However, for on-road transportation, the vehicle miles traveled (VMT) data are estimates from the SANDAG activity based model (ABM). The most recent SANDAG activity based model, ABM2+, was last calibrated with observed data from 2016 and forecasts 2020 VMT. While transportation historically accounts for the largest share of GHG emissions in an inventory, the forecasted VMT does not take into account the impacts of the Covid-19 pandemic and cannot be updated to provide 2020 VMT data for each jurisdiction. Caltrans PeMS data provides observed regional VMT on freeways for 2020. Image 1 compares the observed VMT on freeways in the San Diego region for the years 2019, 2020 and 2021. The observed data is only available for freeway and it cannot be scaled down to individual jurisdictions which have different confguration of roads. While other sources of data and anecdotal experience show lower VMT in 2020, there is no data for how each jurisdiction's VMT changed during 2020. The Caltrans PeMS data set shows similar travel trends in 2021 as in 2019 which suggests that lower VMT in 2020 is likely due to the impacts of the Covid-19 pandemic and may not sustain long term."
2025 Disclosure Cycle,779465,CDP,74414,"Boulder County, CO",City,North America,United States of America,Public,Q3.1.1,Provide information on and an attachment (in spreadsheet format)/ direct link to your main community-wide GHG emissions inventory.,1,Response,Boulder County 2021 GHG Inventory_02242023.xlsx,FINAL 2021 Boulder County GHG Inventory_02242023,The emissions inventory has been attached and can be accessed (unrestricted) on the link provided,2021,Same - covers entire jurisdiction and nothing else,329793.0,Global Protocol for Community-Scale Greenhouse Gas Emissions Inventories (GPC),,Consultancy-developed tool/process: Spreadsheet-based GHG emissions inventory developed by consultant following methodology recommended by the GPC protocol.,N2O|CO2|CH4|HFCs,National/sub-national emission factors: Utility Emission Factors for Electricity; EPA Emission Factors for Transportation and Waste,IPCC Sixth Assessment Report (2021),Other: Verified internally by consultant who completed the inventory.,Emissions factors - High data quality|Activity data - High data quality,No changes to the methodology and/or boundary used when compared to the previously reported inventory,,"The public facing storymap that describes the communitywide goals, climate change, inventory results, and necessary actions is available online here: https://storymaps.arcgis.com/stories/b84cd2357f9a4a5f9e094309b692a41e"
2025 Disclosure Cycle,779465,CDP,74418,"Town of Breckenridge, CO",City,North America,United States of America,Public,Q3.1.1,Provide information on and an attachment (in spreadsheet format)/ direct link to your main community-wide GHG emissions inventory.,1,Response,FINAL_Summit County_2023_Inventory_10232024.xlsx,Summit County Community GHG Inventory ,The emissions inventory has been attached,2023,"Other: Covers all of summit county, but we have a breck-specific tab in there also.",4947.0,Global Protocol for Community-Scale Greenhouse Gas Emissions Inventories (GPC),,"Consultancy-developed tool/process: Consultancy-developed tool/process, please specify",CH4|CO2|N2O,,IPCC Sixth Assessment Report (2021),,,,,
2025 Disclosure Cycle,779465,CDP,74462,"Village of Oak Park, IL",City,North America,United States of America,Public,Q3.1.1,Provide information on and an attachment (in spreadsheet format)/ direct link to your main community-wide GHG emissions inventory.,1,Response,2022 cdp_report.xlsx,none,The emissions inventory has been attached,2022,Same - covers entire jurisdiction and nothing else,52816,U.S. Community Protocol for Accounting and Reporting of Greenhouse Gas Emissions (ICLEI USA),,ICLEI ClearPath,CH4|CO2|N2O,Other: Building Energy: EPA and Exelon Transportation: National Default Vehicle Fuel Efficiency and Emissions Factors Solid Waste: State Urban Waste Characterization,IPCC Sixth Assessment Report (2021),"Yes, internally audited/verified (self-verification)",Activity data - High data quality|Emissions factors - High data quality,No changes to the methodology and/or boundary used when compared to the previously reported inventory,cdp_report 2019.xlsx,N/A
2025 Disclosure Cycle,779465,CDP,74508,"City of Winona, MN",City,North America,United States of America,Public,Q3.1.1,Provide information on and an attachment (in spreadsheet format)/ direct link to your main community-wide GHG emissions inventory.,1,Response,City of Winona 2024.xls,,The emissions inventory has been attached,2024,Other: The inventory includes emissions generated by Xcel Energy customers within the City of Winona.,25960.0,Regional or country/area specific methodology,,"Consultancy-developed tool/process: Developed by Xcel Energy, the local electric and gas utility.",CO2,,Do not know,,,,,
2025 Disclosure Cycle,779465,CDP,74531,"Santa Fe County, NM",City,North America,United States of America,Public,Q3.1.1,Provide information on and an attachment (in spreadsheet format)/ direct link to your main community-wide GHG emissions inventory.,1,Response,fb729fb6-52dc-44a3-9541-34e40abe8e60.pdf,https://www.santafecountynm.gov/media/files/Community%20Development/Sustainability/SFCo%20Countywide%20GHG%20Inventory%20Report.pdf,The emissions inventory has been attached and can be accessed (unrestricted) on the link provided,2019,Same - covers entire jurisdiction and nothing else,150358.0,U.S. Community Protocol for Accounting and Reporting of Greenhouse Gas Emissions (ICLEI USA),,ICLEI ClearPath,CH4|N2O|CO2,"National/sub-national emission factors: Transportation - EIA Database, Electricity eGRID Database and Power New Mexico (PNM) Utility based emissions factors,",IPCC Fifth Assessment Report (2013),"No, not audited/verified",Emissions factors - Medium data quality,No changes to the methodology and/or boundary used as this is the jurisdictions first year reporting an emissions inventory,,N/A
2025 Disclosure Cycle,779465,CDP,74539,"City of Oberlin, OH",City,North America,United States of America,Public,Q3.1.1,Provide information on and an attachment (in spreadsheet format)/ direct link to your main community-wide GHG emissions inventory.,1,Response,cdp_report (1).xlsx,2021 community-wide inventory,The emissions inventory has been attached,2021/2022,Same - covers entire jurisdiction and nothing else,8249.0,U.S. Community Protocol for Accounting and Reporting of Greenhouse Gas Emissions (ICLEI USA),,ICLEI ClearPath,HFCs|N2O|CH4|CO2,Default IPCC emission factors,IPCC Sixth Assessment Report (2021),"Yes, externally audited/verified (third-party verification)",Activity data - High data quality,No changes to the methodology and/or boundary used when compared to the previously reported inventory,2018cdp_report (2).xlsx,"We have completed two greenhouse gas inventories in ICLEI's Clearpath reporting format. Attached here are 2018 and 2021 community inventories that include all emissions, including city government.\n"
2025 Disclosure Cycle,779465,CDP,74540,"Village of Hastings-on-Hudson, NY",City,North America,United States of America,Public,Q3.1.1,Provide information on and an attachment (in spreadsheet format)/ direct link to your main community-wide GHG emissions inventory.,1,Response,"Community GHG Inventory Report (2019) (PDF).pdf,Hastings on Hudson Full Inventory.xlsx",https://portal.laserfiche.com/Portal/DocView.aspx?id=8115&repo=r-a3f8b9e6,The emissions inventory has been attached and can be accessed (unrestricted) on the link provided,2019,Same - covers entire jurisdiction and nothing else,7500.0,,U.S. Community Protocol for Accounting and Reporting of Greenhouse Gas Emissions (ICLEI USA),ICLEI ClearPath,CO2|N2O|CH4,Default IPCC emission factors,IPCC Fifth Assessment Report (2013),"Yes, externally audited/verified (third-party verification)",Emissions factors - Medium data quality|Activity data - Medium data quality,No changes to the methodology and/or boundary used when compared to the previously reported inventory,,
2025 Disclosure Cycle,779465,CDP,74560,"City of Moab, UT",City,North America,United States of America,Public,Q3.1.1,Provide information on and an attachment (in spreadsheet format)/ direct link to your main community-wide GHG emissions inventory.,1,Response,,N/A,Unable to provide an attachment and/or direct link to my emissions inventory,2021,Other: Grand County,9663,,U.S. Community Protocol for Accounting and Reporting of Greenhouse Gas Emissions (ICLEI USA),ICLEI ClearPath,N2O|CH4|CO2,Default IPCC emission factors,IPCC Fifth Assessment Report (2013),"Yes, externally audited/verified (third-party verification)",Activity data - Medium data quality,No changes to the methodology and/or boundary used when compared to the previously reported inventory,,N/A
2025 Disclosure Cycle,779465,CDP,74568,"City of Shoreline, WA",City,North America,United States of America,Public,Q3.1.1,Provide information on and an attachment (in spreadsheet format)/ direct link to your main community-wide GHG emissions inventory.,1,Response,Shoreline Climate Action Plan - Appendix A (12.12.22).pdf,https://www.shorelinewa.gov/home/showpublisheddocument/57892/638065529062200000,The emissions inventory has been attached,2019/2020,Same - covers entire jurisdiction and nothing else,56267.0,U.S. Community Protocol for Accounting and Reporting of Greenhouse Gas Emissions (ICLEI USA),,ICLEI ClearPath,N2O|CO2|CH4,Local emission factors: Emissions factors came from our utilities and from ICLEI,IPCC Fifth Assessment Report (2013),,,,,
2025 Disclosure Cycle,779465,CDP,74575,"Dane County, WI",City,North America,United States of America,Public,Q3.1.1,Provide information on and an attachment (in spreadsheet format)/ direct link to your main community-wide GHG emissions inventory.,1,Response,Final 2022 Data.xlsx,Countywide emissions data is here - https://daneclimateaction.org/Climate-Action-Plan/Progress-on-CAP/Countywide-CAP-Progress\n\nData on internal county operations is here - https://daneclimateaction.org/Climate-Action-Plan/Progress-on-CAP/Internal-Emissions-Progress,The emissions inventory has been attached,2021/2022,Same - covers entire jurisdiction and nothing else,568203,U.S. Community Protocol for Accounting and Reporting of Greenhouse Gas Emissions (ICLEI USA),,ICLEI ClearPath,CH4|N2O|CO2,Default IPCC emission factors,IPCC Sixth Assessment Report (2021),"Yes, internally audited/verified (self-verification)",Emissions factors - High data quality|Activity data - Medium data quality,"Yes, due to changes in calculation methodology or improvements in data access and/or accuracy and this has triggered a recalculation of historic emissions data",Final 2017 and 2022 Emission Data.xlsx,As part of 2022 inventory we largely redid the 2017 inventory using ICLEI ClearPath methodology
2025 Disclosure Cycle,779465,CDP,74594,"City of Boynton Beach, FL",City,North America,United States of America,Public,Q3.1.1,Provide information on and an attachment (in spreadsheet format)/ direct link to your main community-wide GHG emissions inventory.,1,Response,2024 Estimated GHG Emissions Inventory.xlsx,https://southeastfloridaclimatecompact.org/wp-content/uploads/2022/02/City-of-Boyton-Beach_2020-Climate-Action-Plan.pdf,The emissions inventory has been attached,2024,Same - covers entire jurisdiction and nothing else,82000,,Global Protocol for Community-Scale Greenhouse Gas Emissions Inventories (GPC),Other regionally/nationally developed tool/process: Local Governmental Operations Protocol,CO2,Default IPCC emission factors,IPCC Sixth Assessment Report (2021),"Yes, externally audited/verified (third-party verification)",Emissions factors - High data quality|Activity data - High data quality,"Yes, due to a change to the inventory boundary but this has not triggered a recalculation of historic emissions data",,See attached
2025 Disclosure Cycle,779465,CDP,74670,Antalya Metropolitan Municipality,City,UKWW,Türkiye,Public,Q3.1.1,Provide information on and an attachment (in spreadsheet format)/ direct link to your main community-wide GHG emissions inventory.,1,Response,GreenhouseGasInventoryofAntalyaCity2019v2023.xlsx,,The emissions inventory has been attached,2019,Same - covers entire jurisdiction and nothing else,2511700.0,Global Protocol for Community-Scale Greenhouse Gas Emissions Inventories (GPC),,ICLEI ClearPath,N2O|CH4|CO2,Default IPCC emission factors,IPCC Fifth Assessment Report (2013),"Yes, internally audited/verified (self-verification)",Activity data - Medium data quality|Emissions factors - High data quality|Emissions factors - Medium data quality,No changes to the methodology and/or boundary used when compared to the previously reported inventory,,"The 2019 community-wide GHG inventory was compiled in line with the GPC and reported in the GCoM CRF format using an internally developed Excel workbook. Gases included: CO₂, CH₄, N₂O. Primary emission factors rely on IPCC default factors were applied where national factors were unavailable. The inventory boundary matches the Antalya Metropolitan Municipality administrative boundary."
2025 Disclosure Cycle,779465,CDP,74671,Kadıköy,City,UKWW,Türkiye,Public,Q3.1.1,Provide information on and an attachment (in spreadsheet format)/ direct link to your main community-wide GHG emissions inventory.,1,Response,Kadıköy_CO2_Envanteri_v3.xlsx,https://iklim.kadikoy.bel.tr/anasayfa,The emissions inventory has been attached,2016,Same - covers entire jurisdiction and nothing else,452302.0,,2006 IPCC Guidelines for National Greenhouse Gas Inventories,Other: 2006 IPCC Guidelines for National Greenhouse Gas Inventories developed by the Intergovernmental Panel on Climate Change (IPCC) National GHG Inventories Working Group and on GWP updated by IPCC in the Assessment Report No. No. 5 (2013) in 2013.,CH4|N2O|CO2,Default IPCC emission factors,IPCC Fifth Assessment Report (2013),"Yes, internally audited/verified (self-verification)",Emissions factors - High data quality,No changes to the methodology and/or boundary used when compared to the previously reported inventory,Baseline_Measures_Target_Kadıköy_v5.xlsx,The question was answered according to the BEI tab in the Kadıköy Municipality SECAP Excel Report. Please consider the relevant tab
2025 Disclosure Cycle,779465,CDP,74672,Nilüfer Municipality,City,UKWW,Türkiye,Public,Q3.1.1,Provide information on and an attachment (in spreadsheet format)/ direct link to your main community-wide GHG emissions inventory.,1,Response,Nilüfer İlçe Emisyon Envanteri- 2024.xlsx,It's not open to public.,The emissions inventory has been attached,2024,Same - covers entire jurisdiction and nothing else,561730,,2006 IPCC Guidelines for National Greenhouse Gas Inventories,Other: IPCC pillars applied,CO2,,Do not know,"Yes, internally audited/verified (self-verification)",Emissions factors - Medium data quality,No changes to the methodology and/or boundary used when compared to the previously reported inventory,Nilüfer İlçe Emisyon Envanteri- 2024.xlsx,Spreadsheet in the attachment.
2025 Disclosure Cycle,779465,CDP,74673,İzmir Metropolitan Municipality,City,UKWW,Türkiye,Public,Q3.1.1,Provide information on and an attachment (in spreadsheet format)/ direct link to your main community-wide GHG emissions inventory.,1,Response,,https://skpo.izmir.bel.tr/Upload_Files/FckFiles/file/2020/WEB_SAYFASI_SECAP-ingilizce.pdf\n\nhttps://iklimdegisikligi.izmir.bel.tr/\n,The emissions inventory can be accessed (unrestricted) on the link provided,2018,Same - covers entire jurisdiction and nothing else,4320519,,2006 IPCC Guidelines for National Greenhouse Gas Inventories,Other: Covenant of Mayors | Europe,CH4|N2O|CO2,Default IPCC emission factors,IPCC Fifth Assessment Report (2013),"No, not audited/verified",Emissions factors - High data quality,No changes to the methodology and/or boundary used as this is the jurisdictions first year reporting an emissions inventory,,We are updating our inventory in 2025 according to the CoM (Covenant of Mayors) methodology. A greenhouse gas emissions inventory will also be prepared for the period after 2018..
2025 Disclosure Cycle,779465,CDP,74680,City of Iași,City,Europe,Romania,Public,Q3.1.1,Provide information on and an attachment (in spreadsheet format)/ direct link to your main community-wide GHG emissions inventory.,1,Response,,Baseline Emissions Inventory - part of Sustainable Energy and Climate Action Plan - https://mycovenant.eumayors.eu/storage/web/mc_covenant/documents/8/rJFhpuXwVgvv4E2jfWLaSYQaaM5urRPy.pdf,The emissions inventory can be accessed (unrestricted) on the link provided,,Same - covers entire jurisdiction and nothing else,772979,,2006 IPCC Guidelines for National Greenhouse Gas Inventories,,CO2,,,,,,,
2025 Disclosure Cycle,779465,CDP,74690,Municipality of L'Hospitalet de Llobregat,City,Europe,Spain,Public,Q3.1.1,Provide information on and an attachment (in spreadsheet format)/ direct link to your main community-wide GHG emissions inventory.,1,Response,Inventario emisones Hospitalet de Llobregat.xlsx,No hay,The emissions inventory has been attached,2018,Other: No incluye emisiones del sector primario y sector secundario del municipio,264923,Global Protocol for Community-Scale Greenhouse Gas Emissions Inventories (GPC) reported in the format of GCoM Common Reporting Framework (CRF),,Do not know,CO2,National/sub-national emission factors: Oficina Catalana del Cambio Climático,Do not know,"Other: Se prevee una actuallización en 2 años, será el momento de la verificación",Emissions factors - Medium data quality|Activity data - Medium data quality,No changes to the methodology and/or boundary used when compared to the previously reported inventory,Inventario emisiones Hospitalet de Llobregat mas info.pdf,No hay
2025 Disclosure Cycle,779465,CDP,826211,Junta Intermunicipal de Medio Ambiente Altos Sur (JIAS),City,Latin America,Mexico,Public,Q3.1.1,Provide information on and an attachment (in spreadsheet format)/ direct link to your main community-wide GHG emissions inventory.,1,Response,INVENTARIO GEI JIAS.pdf,https://jias.com.mx/data/transparencia/articulo8/III/G%29/INVENTARIO%20%20GEI%20JIAS.pdf,The emissions inventory has been attached and can be accessed (unrestricted) on the link provided,2013,Same - covers entire jurisdiction and nothing else,384144.0,2006 IPCC Guidelines for National Greenhouse Gas Inventories,,"Consultancy-developed tool/process: El nivel metodológico utilizado para este inventario es el “Tier 1”. Información obtenida de la JIAS, gobiernos municipales, gobierno del estado y base de datos oficiales.",CO2|N2O|CH4,Default IPCC emission factors,Other: IPCC (2006),"No, not audited/verified",Activity data - High data quality|Emissions factors - High data quality,Other: No hay un inventario de emisiones anterior a este.,RESUMEN2 - IEEGYCEI2017.pdf,No se pudo estimar las emisiones del sector \'Procesos industriales y usos de productor\'.\n\nNo se encontró evidencia de un inventario anterior a este.\n\nSe adjunta como inventario adicional el inventario estatal.
2025 Disclosure Cycle,779465,CDP,826212,JIRCO,City,Latin America,Mexico,Public,Q3.1.1,Provide information on and an attachment (in spreadsheet format)/ direct link to your main community-wide GHG emissions inventory.,1,Response,JIRCO_PACREG_II_opt.pdf,Se ha adjuntado el inventario de emisiones,The emissions inventory has been attached,2016,Same - covers entire jurisdiction and nothing else,277882,1996 IPCC Guidelines for National Greenhouse Gas Inventories,,Do not know,CH4|CO2|N2O,Local emission factors: Agricultura,IPCC Second Assessment Report (1995),,,,,sin comentarios
2025 Disclosure Cycle,779465,CDP,826217,Prefeitura de Francisco Morato,City,Latin America,Brazil,Public,Q3.1.1,Provide information on and an attachment (in spreadsheet format)/ direct link to your main community-wide GHG emissions inventory.,1,Response,Revista_Inventario_Final(francisco morato).pdf,https://drive.google.com/file/d/1HkgpPqX2bTEBCRPYsNCC8T_Gy1tZvpaN/view?usp=sharing,The emissions inventory can be accessed (unrestricted) on the link provided,2022,Same - covers entire jurisdiction and nothing else,165139.0,,Global Protocol for Community-Scale Greenhouse Gas Emissions Inventories (GPC),"Other regionally/nationally developed tool/process: Ferramenta/processo desenvolvido por consultorias, especifique",CH4|CO2|N2O,Other: ,IPCC Fifth Assessment Report (2013),"Other: Não há histórico sobre inventários de GEE em razão de este, ser o primeiro que o município está elaborando.",Emissions factors - High data quality|Activity data - High data quality,"Yes, due to changes in calculation methodology or improvements in data access and/or accuracy and this has triggered a recalculation of historic emissions data",resustados gerais.pdf,"Estamos em treinamento e mentoria para Elaboração de Inventário de Emissões GEE - fase conclusão. O Pacto Global de Prefeitos pelo Clima e a Energia, financiado pela União Europeia, é uma aliança global de cidades e governos locais voluntariamente comprometidos com o enfrentamento das mudanças climáticas, reduzindo seus impactos inevitáveis e facilitando o acesso à energia sustentável e acessível para todos. A iniciativa conta com um Comitê Consultivo Nacional composto pelo Instituto Alziras, a Associação Brasileira de Municípios (ABM), ICLEI e a Frente Nacional de Prefeitos (FNP)."
2025 Disclosure Cycle,779465,CDP,826396,Municipality of Sintra,City,Europe,Portugal,Public,Q3.1.1,Provide information on and an attachment (in spreadsheet format)/ direct link to your main community-wide GHG emissions inventory.,1,Response,,https://cloud.cm-sintra.pt/s/AKyMp3joatBFodJ,The emissions inventory can be accessed (unrestricted) on the link provided,2021,Same - covers entire jurisdiction and nothing else,392333.0,,Global Protocol for Community-Scale Greenhouse Gas Emissions Inventories (GPC),Internal tool/process,CH4|NF3|PFCs|SF6|HFCs|N2O|CO2,Default IPCC emission factors,IPCC Sixth Assessment Report (2021),"Yes, internally and externally audited/verified",Activity data - High data quality,No changes to the methodology and/or boundary used when compared to the previously reported inventory,,
2025 Disclosure Cycle,779465,CDP,826405,Municipality of Maia,City,Europe,Portugal,Public,Q3.1.1,Provide information on and an attachment (in spreadsheet format)/ direct link to your main community-wide GHG emissions inventory.,1,Response,3.1.1 e 4.1.1. eCRF_Export_Maia_2023.xlsx,Não há link de acesso.\nVer anexo.,The emissions inventory has been attached,2023,Same - covers entire jurisdiction and nothing else,142594,,Global Protocol for Community-Scale Greenhouse Gas Emissions Inventories (GPC) reported in the format of GCoM Common Reporting Framework (CRF),CIRIS,CH4|CO2|N2O,"Other: Os fatores de emissão do consumo de produtos petrolíferos, gás natural e eletricidade são do Inventário Nacional publicado pela APA. Os fatores da deposição em aterro, tratamento biológico e incineração de resíduos são dados pela entidade gestora.",IPCC Fifth Assessment Report (2013),"Yes, internally audited/verified (self-verification)",Emissions factors - Medium data quality|Activity data - High data quality,"Yes, due to changes in calculation methodology or improvements in data access and/or accuracy but this has not triggered a recalculation of historic emissions data",3.1.1 eCRF_Export_Maia_2022.xlsx,"Este ano houve alterações à metodologia de contabilização do inventário de emissões do município, de forma a responder de forma mais aproximada às orientações europeias contempladas na versão mais recente do Global Protocol for Community-Scale Greenhouse Gas Inventories. \nEste inventário continua a seguir o Common Reporting Format, incluindo emissões de CO2, CH4 e N2O, nos setores da Energia Estacionária, Transportes, Resíduos e Águas Residuais, IPPU e AFOLU, assim como distribui as mesmas pelos âmbitos 1, 2 e 3. \nA maior alteração relativamente aos inventários antigos é a fonte de dados do fator de emissão da eletricidade, sendo atualmente utilizado o fator disponibilizado pela Agência Portuguesa do Ambiente (APA), entidade que publica os inventários nacionais anuais. Esta também passou a ser a fonte de dados dos fatores de emissão associados a outros vetores energéticos, em linha com o IPCC 2006, considerando o Refinement de 2019. \nPara além disto, houve alterações, nomeadamente à metodologia de contabilização das perdas de eletricidade (âmbito 3 da Energia Estacionária), ao cálculo das emissões fugitivas de gás natural, à metodologia de cálculo das emissões associadas à deposição de resíduos sólidos urbanos em aterro, seguindo agora o modelo de decaimento (FOD) recomendado pelo GPC.\nO ficheiro anexado corresponde ao inventário de emissões de 2023 em tCO2 equivalente. No documento são também identificados os respetivos fatores de emissão (em tCO2e/GWh) e os dados de atividade.\n"
2025 Disclosure Cycle,779465,CDP,826425,Municipality of Caldas da Rainha,City,Europe,Portugal,Public,Q3.1.1,Provide information on and an attachment (in spreadsheet format)/ direct link to your main community-wide GHG emissions inventory.,1,Response,Matriz final de emissões de consumo - Caldas da Rainha - report.xlsx,,The emissions inventory has been attached,2022,Same - covers entire jurisdiction and nothing else,50910,,International Emissions Analysis Protocol (ICLEI),ICLEI ClearPath,CO2,"Other: Fatores de emissões nacionais - dados disponibilizados pela Direção Geral de Energia e Geologia Fatores de emissões locais - dados de consumo de diferentes fontes de energia no Município, incluindo consumos associados à frota elétrica e gás natural",Do not know,"No, not audited/verified",Activity data - High data quality,"Yes, due to changes in calculation methodology or improvements in data access and/or accuracy but this has not triggered a recalculation of historic emissions data",resultados_emissoes_concelhos_2023_site.xlsx,"Neste momento, no âmbito do Plano Municipal de Ação Climática (PMAC) existe já muito mais qualidade de dados na qual este documento, em elaboração neste ano 2025, já se baseia."
2025 Disclosure Cycle,779465,CDP,826426,Municipality of Covilhã,City,Europe,Portugal,Public,Q3.1.1,Provide information on and an attachment (in spreadsheet format)/ direct link to your main community-wide GHG emissions inventory.,1,Response,IrRADIARE_CM Covilha_InventarioEmissoes.xlsx,-,The emissions inventory has been attached,2022/2023,Same - covers entire jurisdiction and nothing else,45780,,2006 IPCC Guidelines for National Greenhouse Gas Inventories,"Consultancy-developed tool/process: IrRADIARE, Science for evolution®",CO2,Default IPCC emission factors,IPCC Sixth Assessment Report (2021),"Yes, internally audited/verified (self-verification)",Activity data - Medium data quality|Emissions factors - Medium data quality,No changes to the methodology and/or boundary used as this is the jurisdictions first year reporting an emissions inventory,,O inventário de emissões pode ser consultado nos seguintes documentos:\n- Plano de Ação para a Energia Sustentável e o Clima (PAESC) do Município da Covilhã - Volume II\n- 1.º Relatório de Monitorização - Volume I\n\nhttps://plantasonline.cm-covilha.pt/geoportal\nSeparador \'CONSULTAS DE PLANOS\' - Menu \'Ambiente\'
2025 Disclosure Cycle,779465,CDP,826429,Municipality of Figueira da Foz,City,Europe,Portugal,Public,Q3.1.1,Provide information on and an attachment (in spreadsheet format)/ direct link to your main community-wide GHG emissions inventory.,1,Response,SpatialAllocationEmissions2023-FigueiraFoz_paraCDP2025.xlsx,O inventário de emissões foi anexado e encontra-se no ficheiro Excel.,The emissions inventory has been attached,2023,Same - covers entire jurisdiction and nothing else,60670,,2006 IPCC Guidelines for National Greenhouse Gas Inventories,Other: IPCC Guidelines for National Greenhouse Gas Inventories (2006) e EMEP / EEA air pollutant emission invetory guidebook (2016),N2O|CO2|CH4,"Other: Potenciais de aquecimento global considerados CO2 =1 , CH4 = 25 e N2O = 298","Other: Potenciais de aquecimento global considerados CO2 =1 , CH4 = 25 e N2O = 298","Other: Uma vez que o inventário foi elaborado pela Agência Portuguesa do Ambiente, não temos conhecimento se foi auditado/verificado.",Activity data - High data quality,No changes to the methodology and/or boundary used when compared to the previously reported inventory,"APA_ResultadosEmissoesConcelhos_2015_2017_2019_Original.xlsx,resultados_emissoes_concelhos_2023_site.xlsx","Os dados das emissões de GEE reportados, relativamente ao ano de 2023, referem-se a um estudo realizado pela Agência Portuguesa do Ambiente (entidade responsável pela implementação das políticas de ambiente em Portugal), relativo à distribuição espacial das emissões de poluentes atmosféricos no âmbito da CLRTAP e de gases com efeito de estufa no âmbito da UNFCCC ao nível do concelho, pretendendo este estudo dar uma panorâmica sobre a distribuição geográfica das emissões nacionais, mas descriminados à escala local. As emissões são calculadas por gás poluente e por setor emissor. A nomenclatura de gases e setores utilizada no estudo da Agência Portuguesa do Ambiente é a do NFR do EMEP/EEA, acrescidas das categorias relativas à nomenclatura CRF do IPCC que não são abrangidas na nomenclatura NFR. As metodologias utilizadas no estudo seguem as diretrizes metodológicas internacionais, ou seja, 2006 IPCC Guidelines e o 2016 EMEP/EEA Guidebook."
2025 Disclosure Cycle,779465,CDP,826431,Municipality of Loulé,City,Europe,Portugal,Public,Q3.1.1,Provide information on and an attachment (in spreadsheet format)/ direct link to your main community-wide GHG emissions inventory.,1,Response,"Loule_GHG_inventory_2023.xls,Loule_GHG_inventory_2023_cdp.xlsx",Documento não disponibilizado publicamente.,The emissions inventory has been attached,2023,Same - covers entire jurisdiction and nothing else,74410,,2006 IPCC Guidelines for National Greenhouse Gas Inventories,CIRIS,CO2|CH4|N2O,Default IPCC emission factors,IPCC Fifth Assessment Report (2013),"Yes, externally audited/verified (third-party verification)",Emissions factors - High data quality,"Yes, due to changes in calculation methodology or improvements in data access and/or accuracy but this has not triggered a recalculation of historic emissions data",Loule_inventario-emissoes_2017.xlsx,Sem nada a acrescentar.
2025 Disclosure Cycle,779465,CDP,826446,City of Bradford,City,UKWW,United Kingdom,Public,Q3.1.1,Provide information on and an attachment (in spreadsheet format)/ direct link to your main community-wide GHG emissions inventory.,1,Response,"CBMDC Climate Action Plan (Draft) V09 (2).pdf,Co-benefits, Economic Analysis and KPI's (Advisory).pdf,Emissions Reduction Pathway (Advisory).pdf,GHG Baseline - Bradford.pdf,GHG_Baseline_Stakeholder_and_Policy_Review V2.pdf",https://www.bradford.gov.uk/environment/sustainability/sustainability/\n,The emissions inventory has been attached and can be accessed (unrestricted) on the link provided,2022,Same - covers entire jurisdiction and nothing else,552600,Regional or country/area specific methodology,,Consultancy-developed tool/process: Ricardo consultants used their in-house tool and extracted the GHG emissions data from DESNZ (2005-2022),HFCs|N2O|NF3|CH4|CO2|SF6|PFCs,National/sub-national emission factors: DESNZ,IPCC Fourth Assessment Report (2007),"Yes, internally audited/verified (self-verification)",Activity data - High data quality,"Yes, due to changes in calculation methodology or improvements in data access and/or accuracy but this has not triggered a recalculation of historic emissions data","SCATTER_bradford_CDP-report-inventory_2020.xlsx,SCATTER_bradford_Inventory_2017.xlsx,SCATTER_bradford_Inventory_2018.xlsx,SCATTER_bradford_Inventory_2019.xlsx",https://www.westyorks-ca.gov.uk/media/ostladdc/climate-and-environment-plan-25.pdf\n\n
2025 Disclosure Cycle,779465,CDP,831234,"City of Fredericton, NB",City,North America,Canada,Public,Q3.1.1,Provide information on and an attachment (in spreadsheet format)/ direct link to your main community-wide GHG emissions inventory.,1,Response,Community Emissions Simplified.xlsx,Community Emissions Simple spreadsheet,The emissions inventory has been attached,2024,Same - covers entire jurisdiction and nothing else,73000,,Global Protocol for Community-Scale Greenhouse Gas Emissions Inventories (GPC),Internal tool/process,CO2|CH4|N2O,National/sub-national emission factors: From the Government of Canada's annual report,IPCC Fourth Assessment Report (2007),"Yes, internally audited/verified (self-verification)",Activity data - Medium data quality|Emissions factors - High data quality,"Yes, due to a change to the inventory boundary but this has not triggered a recalculation of historic emissions data","GPC table 2025.pdf,GPC table 2025.pdf","Attached is the GPC summary for Scope 1, 2, and 3"
2025 Disclosure Cycle,779465,CDP,831431,Cornwall Council,City,UKWW,United Kingdom,Public,Q3.1.1,Provide information on and an attachment (in spreadsheet format)/ direct link to your main community-wide GHG emissions inventory.,1,Response,"Cornwall GHG Inventory_CDP submissions.xlsx,UoE CIOS GHG Inventory 2022 Report.docx",https://app.fabric.microsoft.com/view?r=eyJrIjoiOTllMjRjMTQtNDM4MS00YTQxLWFmMjctMTY4NTYxNjY1NjgzIiwidCI6ImVmYWExNmFhLWQxZGUtNGQ1OC1iYTJlLTI4MzNmZGZkZDI5ZiIsImMiOjh9,The emissions inventory has been attached and can be accessed (unrestricted) on the link provided,2021/2022,Same - covers entire jurisdiction and nothing else,575413,,Global Protocol for Community-Scale Greenhouse Gas Emissions Inventories (GPC),Consultancy-developed tool/process: Greenhouse Gas Global Protocol,N2O|CH4|HFCs|CO2|SF6|PFCs,National/sub-national emission factors: Government data,IPCC Fifth Assessment Report (2013),Other: Is externally produced by the University of Exeter and annual internal audit/verification by Carbon Neutral Cornwall Team. Periodic audit via the Council's Audit Team,Emissions factors - Medium data quality|Activity data - Medium data quality,"Yes, due to changes in calculation methodology or improvements in data access and/or accuracy and this has triggered a recalculation of historic emissions data",,"Inventories are calculated two years in arrears due to availability of national data; therefore this inventory is for 2022 and published in 2025. Cornwall Council commission the University of Exeter to carry out the inventory on an annual basis. The inventory provides a time series of greenhouse gas emissions by sector and charting progress and informing the development of a trajectory to net zero carbon. The inventories have been updated to incorporate enhancements to methodology to improve completeness of reporting where possible. For Cornwall in 2022, total emissions slightly increased to 3,458 kt CO2e, a <1% increase from 2021, but a 29% decrease from 4,851 kt CO2e in 2008. The largest percentage change was for marine navigation, where emissions increased by 72% (19 kt CO2e) from 2021 to 2022, mainly due to the new methodology to estimate emissions from fishing vessels from 2022 onwards. Methodology changes also affected aviation emissions, which increased by 36% (11 kt CO2e) due to methodology changes in the underlying data and continued removal of COVID-19 travel restrictions. Road transport emissions have also continued to rise as a result of removing COVID-19 travel restrictions, increasing by 8% (74 kt CO2e) and returning to pre-pandemic levels. Emissions from stationary energy in residential and commercial/industrial buildings recorded an 8% (56 ktCO2e) and 2% (12 ktCO2e) reduction respectively, due to the decarbonisation of grid electricity and lower fuel demand in response to warmer temperatures and rising energy prices. Agricultural emissions also decreased by 2% (18 kt CO2e), largely due to a decrease in nitrous oxide emissions from agricultural soils resulting from reduced fertiliser use.\nModest reductions in emissions were observed in other sectors with the most material absolute reduction coming from industrial processes and product use (12% or 8 ktCO2e). Reductions in rail transport (3%) and waste (<1%) were all below 7 ktCO2e."
2025 Disclosure Cycle,779465,CDP,831812,Municipalidad de Puerto Barrios,City,Latin America,Guatemala,Public,Q3.1.1,Provide information on and an attachment (in spreadsheet format)/ direct link to your main community-wide GHG emissions inventory.,1,Response,Borrador InvGEI Puerto Barrios Alexa Mejía.pdf,,The emissions inventory has been attached,2024,Same - covers entire jurisdiction and nothing else,115942,Global Protocol for Community-Scale Greenhouse Gas Emissions Inventories (GPC),,"Other: Guía para elaboración o actualización de inventarios de emisiones de GEI en Ciudades Colombianas”. Esta guía se fundamentó en las “Directrices del IPCC de 2006, para los inventarios nacionales de gases de efecto invernadero”",CO2|CH4|N2O,Default IPCC emission factors,IPCC Fourth Assessment Report (2007),"No, not audited/verified",Activity data - Medium data quality|Emissions factors - Medium data quality,No changes to the methodology and/or boundary used as this is the jurisdictions first year reporting an emissions inventory,,
2025 Disclosure Cycle,779465,CDP,831952,Municipalidad de Portoviejo,City,Latin America,Ecuador,Public,Q3.1.1,Provide information on and an attachment (in spreadsheet format)/ direct link to your main community-wide GHG emissions inventory.,1,Response,"Inventario GEI 2021 Portoviejo_excel.xlsx,datos excel inventario GEI.xlsx",se adjunta ultimo inventario en formato excel,The emissions inventory has been attached,2021,Same - covers entire jurisdiction and nothing else,319274,,2006 IPCC Guidelines for National Greenhouse Gas Inventories,Internal tool/process,N2O|CO2|CH4,Default IPCC emission factors,IPCC Fifth Assessment Report (2013),"Yes, internally audited/verified (self-verification)",Activity data - High data quality|Emissions factors - Low data quality,No changes to the methodology and/or boundary used as this is the jurisdictions first year reporting an emissions inventory,3.1. Informe HC Portoviejo_20231214.pdf,El actual inventario es actualización del inventario del 2017.
2025 Disclosure Cycle,779465,CDP,831999,Municipalidad de Monteverde,City,Latin America,Costa Rica,Public,Q3.1.1,Provide information on and an attachment (in spreadsheet format)/ direct link to your main community-wide GHG emissions inventory.,1,Response,"BIOMATEC_Monteverde_Cálculo GEI 2022.xlsx,BIOMATEC_Monteverde_Informe Inventario de GEI 2022.pdf",No tiene enlace \n,The emissions inventory has been attached,2022,Same - covers entire jurisdiction and nothing else,6216.0,,Regional or country/area specific methodology,Other regionally/nationally developed tool/process: Herramienta desarrollada por el Programa País Carbono Neutralidad 2.0 de Costa Rica,CH4|CO2|PFCs|HFCs|NF3|N2O|SF6,"National/sub-national emission factors: Factores de emisión nacionales por el Instituto Meteorológico Nacional, así como del IPCC por defecto.",IPCC Second Assessment Report (1995),"Other: La Dirección de Cambio Climático del Ministerio de Ambiente y Energía de Costa Rica, se encuentra atrasada para iniciar el proceso de validación/verificación del último inventario de emisiones, no obstante el inventario fue verificado internamente.",Activity data - High data quality|Emissions factors - High data quality,No changes to the methodology and/or boundary used when compared to the previously reported inventory,"BIOMATEC_Comparación GEI Monteverde 2016-2019-2022.xlsx,BIOMATEC_Monteverde_Cálculo GEI 2022.xlsx","Se adjunta tanto los informes como hojas de cálculos del actual inventario GEI vigente (periodo 2022), así como el anterior (periodo 2019). \nDe igual manera encontrarán una comparativa de los resultados de los tres inventarios realizados hasta el momento (2016-2019-2022).\n\nFinalmente se adjunta el \n\n\n\nel plan de mitigación e informe del inventario GEI 2019, así como las acciones de reducción 2020-2022 y plan de mitigación 2023-2026.BIOMATEC_Monteverde_Plan de Mitigación de GEI_2021.pdfBIOMATEC_Monteverde_Informe Inventario de GEI 2019.pdfGmail-Reconocimiento Inventario GEI Monteverde 2019.pdf1.pdfBIOMATEC_Monteverde_Acciones de reducción 2020-2022 19.7.xlsxMonteverde_Plan de mitigación_2023-2026 19.7.xlsx"
2025 Disclosure Cycle,779465,CDP,832078,Municipality of Mafra,City,Europe,Portugal,Public,Q3.1.1,Provide information on and an attachment (in spreadsheet format)/ direct link to your main community-wide GHG emissions inventory.,1,Response,"Requisicao_Reprografia.2.xlsx,pmac_mafra-volume-i(08abr24).pdf,pmac_mafra-volume-i(08abr24).pdf,pmac_mafra-volume-ii(08abr24).pdf",https://www.cm-mafra.pt/pages/3008\n,The emissions inventory has been attached,2021,Same - covers entire jurisdiction and nothing else,86515,2006 IPCC Guidelines for National Greenhouse Gas Inventories,,CIRIS,SF6|N2O|HFCs|PFCs|CO2|NF3|CH4,Default IPCC emission factors,IPCC Sixth Assessment Report (2021),,,,,https://www.cm-mafra.pt/pages/645
2025 Disclosure Cycle,779465,CDP,832300,North Tyneside Council,City,UKWW,United Kingdom,Public,Q3.1.1,Provide information on and an attachment (in spreadsheet format)/ direct link to your main community-wide GHG emissions inventory.,1,Response,SCATTER_north_tyneside_CDP-report-inventory_2020.xlsx,n/a,The emissions inventory has been attached,2019/2020,Same - covers entire jurisdiction and nothing else,208871,,Global Protocol for Community-Scale Greenhouse Gas Emissions Inventories (GPC) reported in the format of GCoM Common Reporting Framework (CRF),SCATTER,CO2|CH4|N2O,Default IPCC emission factors,IPCC Fourth Assessment Report (2007),"Yes, externally audited/verified (third-party verification)",Emissions factors - High data quality|Activity data - High data quality,No changes to the methodology and/or boundary used when compared to the previously reported inventory,,n/a
2025 Disclosure Cycle,779465,CDP,832508,Hartlepool Borough Council,City,UKWW,United Kingdom,Public,Q3.1.1,Provide information on and an attachment (in spreadsheet format)/ direct link to your main community-wide GHG emissions inventory.,1,Response,Scatter Summary Table 2020.xlsx,N/A,The emissions inventory has been attached,2020,Same - covers entire jurisdiction and nothing else,93663.0,,Global Protocol for Community-Scale Greenhouse Gas Emissions Inventories (GPC) reported in the format of GCoM Common Reporting Framework (CRF),SCATTER,N2O|CH4|CO2,Do not know,IPCC Fourth Assessment Report (2007),"Yes, externally audited/verified (third-party verification)",Emissions factors - High data quality|Activity data - High data quality,No changes to the methodology and/or boundary used when compared to the previously reported inventory,,N/A
2025 Disclosure Cycle,779465,CDP,832610,"Orange County, NC",City,North America,United States of America,Public,Q3.1.1,Provide information on and an attachment (in spreadsheet format)/ direct link to your main community-wide GHG emissions inventory.,1,Response,Orange County NC 2019 Greenhouse Gas Emission Inventory Report-compressed.pdf,"\nchrome-extension://efaidnbmnnnibpcajpcglclefindmkaj/https://www.orangecountync.gov/DocumentCenter/View/26595/Orange-County-NC-2019-Greenhouse-Gas-Emission-Inventory-Report#:~:text=In%202019%20in%20Orange%20County,for%2043%25%20of%20community%20emissions.\n\n\n",The emissions inventory has been attached and can be accessed (unrestricted) on the link provided,2019,Same - covers entire jurisdiction and nothing else,148476.0,,U.S. Community Protocol for Accounting and Reporting of Greenhouse Gas Emissions (ICLEI USA),ICLEI ClearPath,CO2|N2O|CH4,Do not know,IPCC Sixth Assessment Report (2021),"Yes, internally audited/verified (self-verification)",Activity data - Medium data quality,No changes to the methodology and/or boundary used when compared to the previously reported inventory,,https://www.orangecountync.gov/DocumentCenter/View/2002/Greenhouse-Gas-Emissions-Inventory-and-Forecast-PDF
2025 Disclosure Cycle,779465,CDP,833284,West Midlands Combined Authority,City,UKWW,United Kingdom,Public,Q3.1.1,Provide information on and an attachment (in spreadsheet format)/ direct link to your main community-wide GHG emissions inventory.,1,Response,WMCA LA GHG data 2023.xlsx,,The emissions inventory has been attached,2023,Same - covers entire jurisdiction and nothing else,2980936,Regional or country/area specific methodology,,"Other regionally/nationally developed tool/process: UK local authority and regional greenhouse gas emissions statistics, 2005 to 2023",CH4|CO2|N2O,National/sub-national emission factors: UK Government emissions factor,Do not know,"Yes, externally audited/verified (third-party verification)",Emissions factors - High data quality|Activity data - High data quality,"Yes, due to changes in calculation methodology or improvements in data access and/or accuracy but this has not triggered a recalculation of historic emissions data",,"SCATTER has been decommissioned, so we are providing statistics from the Department for Energy Security and Net Zero. The attached spreadsheet has a consistent data series dating back to 2005. The same data (for all UK local authorities can be found here: https://www.gov.uk/government/statistics/uk-local-authority-and-regional-greenhouse-gas-emissions-statistics-2005-to-2023)"
2025 Disclosure Cycle,779465,CDP,834058,Bogor Regency,City,South East Asia & Oceania,Indonesia,Public,Q3.1.1,Provide information on and an attachment (in spreadsheet format)/ direct link to your main community-wide GHG emissions inventory.,1,Response,Lap._Akhir_Inventarisasi_GRK_Kab._Bogor REV 2.pdf,https://drive.google.com/drive/folders/1NaQJFOyhRJ84hYMxDFHWoB5zfRH3qVnv,The emissions inventory has been attached and can be accessed (unrestricted) on the link provided,2024,Same - covers entire jurisdiction and nothing else,5682303,Regional or country/area specific methodology,,Do not know,CO2|N2O|CH4,,,,,,(7-FEB-2020) LAPORAN AKHIR IGRK.pdf,
2025 Disclosure Cycle,779465,CDP,834083,"City of Eau Claire, WI",City,North America,United States of America,Public,Q3.1.1,Provide information on and an attachment (in spreadsheet format)/ direct link to your main community-wide GHG emissions inventory.,1,Response,eauclaireliveboard_2020_INVENTORY_2025-08-11_16-31.xlsx,2020 Community Wide Emissions,The emissions inventory has been attached,2020,Same - covers entire jurisdiction and nothing else,69421.0,,International Emissions Analysis Protocol (ICLEI),ICLEI ClearPath,CO2|N2O|HFCs|CH4,Do not know,IPCC Fourth Assessment Report (2007),"Yes, internally audited/verified (self-verification)",Activity data - Medium data quality|Emissions factors - Medium data quality,No changes to the methodology and/or boundary used when compared to the previously reported inventory,eauclaireliveboard_2020_GPC_REPORT_2025-08-12_14-58.xlsx,Added detailed report with activity and emission factor data for CDP compliance.
2025 Disclosure Cycle,779465,CDP,834120,City of Tanjungpinang,City,South East Asia & Oceania,Indonesia,Public,Q3.1.1,Provide information on and an attachment (in spreadsheet format)/ direct link to your main community-wide GHG emissions inventory.,1,Response,Laporan IGRK fix cap ttd_240801_151427.pdf,https://bit.ly/laporanIGRK2022TPI,The emissions inventory has been attached,2021/2022,Same - covers entire jurisdiction and nothing else,231553,,1996 IPCC Guidelines for National Greenhouse Gas Inventories,SIGN-SMART (Indonesia),HFCs|CO2|N2O|PFCs|SF6|CH4|NF3,Default IPCC emission factors,IPCC Fourth Assessment Report (2007),"No, not audited/verified",Emissions factors - Low data quality|Activity data - Low data quality,No changes to the methodology and/or boundary used as this is the jurisdictions first year reporting an emissions inventory,Laporan IGRK fix cap ttd-1.pdf,https://bit.ly/laporanIGRK2022TPI
2025 Disclosure Cycle,779465,CDP,834126,Dobong-gu District of Seoul,City,South East Asia & Oceania,Korea (The Republic of),Public,Q3.1.1,Provide information on and an attachment (in spreadsheet format)/ direct link to your main community-wide GHG emissions inventory.,1,Response,"서울 도봉구(2010-2022, 상세).xlsx,서울특별시 도봉구(2010-2022).xlsx", https://www.gir.go.kr/home/board/read.do?pagerOffset=0&maxPageItems=10&maxIndexPages=10&searchKey=&searchValue=&menuId=36&boardId=81&boardMasterId=2&boardCategoryId=\n,The emissions inventory has been attached and can be accessed (unrestricted) on the link provided,2022,Same - covers entire jurisdiction and nothing else,313989,,2006 IPCC Guidelines for National Greenhouse Gas Inventories,Other: 한국 GIR 온실가스 인벤토리 툴(Korea GIR Inventory Tool),CO2|CH4|N2O|SF6|HFCs|PFCs|NF3,Default IPCC emission factors,IPCC Fifth Assessment Report (2013),"Yes, externally audited/verified (third-party verification)",Activity data - High data quality|Emissions factors - Medium data quality,No changes to the methodology and/or boundary used when compared to the previously reported inventory,1. 지역 온실가스 배출량_서울특별시(도봉구)CO2eq..xlsx,"2019년 '도봉구 온실가스 인벤토리'는 도봉구 자체적으로 산정하였으나, 2020년부터는 국가 온실가스 인벤토리와 정합성 확보를 위해 환경부 온실가스종합정보센터(GIR)에서 모든 지방자치단체의 온실가스 인벤토리를 산정하여 보급함"
2025 Disclosure Cycle,779465,CDP,834131,Fuji City,City,Japan,Japan,Public,Q3.1.1,Provide information on and an attachment (in spreadsheet format)/ direct link to your main community-wide GHG emissions inventory.,1,Response,,https://www.city.fuji.shizuoka.jp/documents/4040/hngtkl000000ayqa.pdf,The emissions inventory can be accessed (unrestricted) on the link provided,2020/2021,Same - covers entire jurisdiction and nothing else,252605,Jurisdiction specific methodology,,Internal tool/process,CO2|SF6|NF3|PFCs|N2O|HFCs|CH4,National/sub-national emission factors: 地球温暖化対策地方公共団体実行計画(区域施策編)策定マニュアルによる,Do not know,,,,,なし
2025 Disclosure Cycle,779465,CDP,834161,Kinmen County Government,City,China,East Asia,Public,Q3.1.1,Provide information on and an attachment (in spreadsheet format)/ direct link to your main community-wide GHG emissions inventory.,1,Response,金門縣第二期溫室氣體減量執行方案113年成果報告本文_1140620.pdf,https://service.cca.gov.tw/File/Get/cca/zh-tw/wJBPTFbN5SlW5nS,The emissions inventory has been attached,2024,Same - covers entire jurisdiction and nothing else,144149,2006 IPCC Guidelines for National Greenhouse Gas Inventories,,Internal tool/process,CH4|CO2|PFCs|NF3|N2O|SF6|HFCs,National/sub-national emission factors: 環境部氣候變遷署公告之「溫室氣體排放係數管理表6.0.4」以及經濟部能源署公告之「111年度電力排碳係數」,IPCC Fifth Assessment Report (2013),"Yes, internally audited/verified (self-verification)",Activity data - High data quality,No changes to the methodology and/or boundary used as this is the jurisdictions first year reporting an emissions inventory,(核定)金門縣第二期溫室氣體減量執行方案113年成果報告.pdf,2023年度金門縣溫室氣體排放量估算結果可由URL參閱「金門縣第二期溫室氣體減量執行方案-113年成果報告」，詳細盤查結果則請參考檢附之pdf檔附件。\n\n「溫室氣體排放係數管理表6.0.4」資料來源：\nhttps://ghgregistry.moenv.gov.tw/epa_ghg/Downloads/FileDownloads.aspx?Type_ID=1\n\n「111年度電力排碳係數」資料來源：\nhttps://www.moeaea.gov.tw/ecw/populace/content/ContentDesc.aspx?menu_id=26391
2025 Disclosure Cycle,779465,CDP,834255,Municipality of Guaymallén,City,Latin America,Argentina,Public,Q3.1.1,Provide information on and an attachment (in spreadsheet format)/ direct link to your main community-wide GHG emissions inventory.,1,Response,IGEI_Guaymallén_2023.xlsx,IGEI_Guaymallén_2023,The emissions inventory has been attached,2023,Same - covers entire jurisdiction and nothing else,327566,,Global Protocol for Community-Scale Greenhouse Gas Emissions Inventories (GPC) reported in the format of GCoM Common Reporting Framework (CRF),Internal tool/process,CH4|CO2|N2O,Default IPCC emission factors,Other: Se obtienen del último informe del IPCC y de los informes Bienales de Argentina,"No, not audited/verified",Emissions factors - Medium data quality|Activity data - Medium data quality,No changes to the methodology and/or boundary used when compared to the previously reported inventory,IGEI 2018 Guaymallen.xlsx,"Se utilizó la herramienta de cálculo desarrollada por la Red Argentina de Municipios frente al Cambio Climático, que fue diseñada en base al protocolo GPC para inventarios de emisiones de GEI para ciudades argentinas.\n"
2025 Disclosure Cycle,779465,CDP,834261,Municipality of Irapuato,City,Latin America,Mexico,Public,Q3.1.1,Provide information on and an attachment (in spreadsheet format)/ direct link to your main community-wide GHG emissions inventory.,1,Response,,https://www.implanirapuato.gob.mx/BitacoraAmbiental/Docs4/20230828%20Documento%20IGEI%20Irapuato.pdf,The emissions inventory can be accessed (unrestricted) on the link provided,2022,Same - covers entire jurisdiction and nothing else,592953.0,,2006 IPCC Guidelines for National Greenhouse Gas Inventories,Internal tool/process,CH4|N2O|CO2,National/sub-national emission factors: Energía eléctrica y AFOLU,IPCC Sixth Assessment Report (2021),"Yes, externally audited/verified (third-party verification)",Emissions factors - Medium data quality|Activity data - Medium data quality,No changes to the methodology and/or boundary used as this is the jurisdictions first year reporting an emissions inventory,,"No están disponibles para compartirse\n\nEn 2025 se está realizando una actualización del inventario de emisiones de gases de efecto invernadero a escala municipal, con base en el año 2024. "
2025 Disclosure Cycle,779465,CDP,834280,Municipality of Pérez,City,Latin America,Argentina,Public,Q3.1.1,Provide information on and an attachment (in spreadsheet format)/ direct link to your main community-wide GHG emissions inventory.,1,Response,Resultados IGEI Perez_Reporte.xlsx,no hay,The emissions inventory has been attached,2020,Same - covers entire jurisdiction and nothing else,2020,,Global Protocol for Community-Scale Greenhouse Gas Emissions Inventories (GPC) reported in the format of GCoM Common Reporting Framework (CRF),Internal tool/process,CH4|N2O|CO2,Default IPCC emission factors,Other: Se obtiene del último informe del IPCC y de los informes Bienales de la Argentina,"No, not audited/verified",Activity data - Medium data quality|Emissions factors - High data quality,No changes to the methodology and/or boundary used when compared to the previously reported inventory,IGEI Perez 2016-Reporte.xlsx,no hay
2025 Disclosure Cycle,779465,CDP,834284,Municipality of Salamanca,City,Latin America,Mexico,Public,Q3.1.1,Provide information on and an attachment (in spreadsheet format)/ direct link to your main community-wide GHG emissions inventory.,1,Response,,https://drive.google.com/drive/folders/1kwOsiJuhLqqHq0mRLVf3H4Fykc9I2WRe?usp=sharing,The emissions inventory can be accessed (unrestricted) on the link provided,2021/2022,Same - covers entire jurisdiction and nothing else,273417,,2006 IPCC Guidelines for National Greenhouse Gas Inventories,"Consultancy-developed tool/process: Marco Común de Reporte del Pacto Global de Alcaldes por el Clima y la Energía (GCoM, por sus siglas en inglés)",CH4|N2O|CO2,Default IPCC emission factors,IPCC Sixth Assessment Report (2021),"Yes, internally and externally audited/verified",Activity data - High data quality,No changes to the methodology and/or boundary used as this is the jurisdictions first year reporting an emissions inventory,,
2025 Disclosure Cycle,779465,CDP,834339,Odawara City,City,Japan,Japan,Public,Q3.1.1,Provide information on and an attachment (in spreadsheet format)/ direct link to your main community-wide GHG emissions inventory.,1,Response,,https://www.city.odawara.kanagawa.jp/global-image/units/670149/1-20250305132642_b67c7d282a5713.pdf\n,The emissions inventory can be accessed (unrestricted) on the link provided,2020/2021,Same - covers entire jurisdiction and nothing else,,Regional or country/area specific methodology,,,,,,,,,,・URL先の資料内P44 に記載（基準年・2013年度）\n・環境省の自治体排出量カルテ（https://www.env.go.jp/policy/local_keikaku/tools/karte.html\n）により公表されている排出量を活用
2025 Disclosure Cycle,779465,CDP,834347,Seberang Perai Municipal Council,City,South East Asia & Oceania,Malaysia,Public,Q3.1.1,Provide information on and an attachment (in spreadsheet format)/ direct link to your main community-wide GHG emissions inventory.,1,Response,SEBERANG PERAI LOW CARBON CITY INTERIM REPORT (1).docx,https://www.mbsp.gov.my/index.php/en/low-carbon-city,The emissions inventory has been attached,2022/2023,Same - covers entire jurisdiction and nothing else,1134490.0,,Global Protocol for Community-Scale Greenhouse Gas Emissions Inventories (GPC) reported in the format of GCoM Common Reporting Framework (CRF),Internal tool/process,CO2,National/sub-national emission factors: ,IPCC Sixth Assessment Report (2021),"Yes, internally audited/verified (self-verification)",Activity data - High data quality|Emissions factors - High data quality,"Yes, due to changes in calculation methodology or improvements in data access and/or accuracy but this has not triggered a recalculation of historic emissions data",cas.pdf,https://www.mbsp.gov.my/docmajlis/bandar-rendah-karbon/cas.pdf
2025 Disclosure Cycle,779465,CDP,834382,City of Trollhättan,City,Europe,Sweden,Public,Q3.1.1,Provide information on and an attachment (in spreadsheet format)/ direct link to your main community-wide GHG emissions inventory.,1,Response,Emission Inventory Trollhättan 2023.pdf,,The emissions inventory has been attached,2023,Same - covers entire jurisdiction and nothing else,59073,Global Protocol for Community-Scale Greenhouse Gas Emissions Inventories (GPC) reported in the format of GCoM Common Reporting Framework (CRF),,Internal tool/process,PFCs|HFCs|SF6|N2O|CH4|CO2,"National/sub-national emission factors: Scope 1 from Swedish Meteorological and Hydrological Institute (the national emission database), Scope 2 electricity an estimated swedish mix and district heating from the district heating company.",Do not know,"Yes, internally audited/verified (self-verification)",Emissions factors - High data quality|Activity data - Medium data quality,"Yes, due to changes in calculation methodology or improvements in data access and/or accuracy but this has not triggered a recalculation of historic emissions data",,Source for Scope 1 is Swedish Meteorological and Hydrological Institute (the national emission database). And source scope 2 is national statistics for energy consumtion. The later one is more complete this year than last time Trollhättan reported.
2025 Disclosure Cycle,779465,CDP,834386,Thung Song Town Municipality,City,South East Asia & Oceania,Thailand,Public,Q3.1.1,Provide information on and an attachment (in spreadsheet format)/ direct link to your main community-wide GHG emissions inventory.,1,Response,รายงานปริมาณก๊าซเรือนกระจก ระดับเมือง.pdf,-,The emissions inventory has been attached,2022,Same - covers entire jurisdiction and nothing else,29465,,Global Protocol for Community-Scale Greenhouse Gas Emissions Inventories (GPC),CIRIS,CH4|PFCs|HFCs|NF3|CO2|SF6|N2O,Default IPCC emission factors,IPCC Fifth Assessment Report (2013),"Yes, internally audited/verified (self-verification)",Activity data - High data quality,"Yes, due to a change to the inventory boundary but this has not triggered a recalculation of historic emissions data",,Thung Song Municipality Prepare a report on greenhouse gas emissions in 2022 for the first year
2025 Disclosure Cycle,779465,CDP,834400,Yasothon Town Municipality,City,South East Asia & Oceania,Thailand,Public,Q3.1.1,Provide information on and an attachment (in spreadsheet format)/ direct link to your main community-wide GHG emissions inventory.,1,Response,,https://drive.google.com/drive/folders/18wnGBHBmzEm8KGZ4vo_mKQnZjjU9kOFC?usp=sharing\n\nFile2: https://drive.google.com/drive/folders/1cxSDYOpFcCPei0vSqcR9gJa0Og7lnZBv?usp=sharing,The emissions inventory has been attached and can be accessed (unrestricted) on the link provided,2023,Same - covers entire jurisdiction and nothing else,20123,,Global Protocol for Community-Scale Greenhouse Gas Emissions Inventories (GPC),Other: (City Carbon Footprint Platform developed by Thailand Greenhouse Gases Organization),CO2|CH4|HFCs|SF6|PFCs|N2O|NF3,Default IPCC emission factors,IPCC Fifth Assessment Report (2013),"Yes, internally and externally audited/verified",Activity data - Medium data quality|Emissions factors - Medium data quality,No changes to the methodology and/or boundary used when compared to the previously reported inventory,CCF_DataCalculator_rev8_Final 14092015.xlsx,Our city has been tracking its emissions since 2015. We have attached the output of the report in the previous field.
2025 Disclosure Cycle,779465,CDP,834515,Şanlıurfa Metropolitan Municipality,City,UKWW,Türkiye,Public,Q3.1.1,Provide information on and an attachment (in spreadsheet format)/ direct link to your main community-wide GHG emissions inventory.,1,Response,"CIRIS_ŞanlıurfaBB_2021_V02_CDP.xlsx,SanliurfaMM_2021-2023_GHG_Inventory_Report_TR.pdf","Sanliurfa MM GHG Emission Inventory Report (In Turkish with \'Executive Summary\' in English):\nhttps://www.sanliurfa.bel.tr/uploads/2024/20240930103148-88882-52554.pdf\n\nThe complete report includes activity data, emission factors, calculation methods, evaluation of CIRIS 2021, CIRIS 2O22 and CIRIS 2023 results, emission projections, mitigation scenarios and target setting.\n\nAll information related with Emission inventory can also be seen in \'Sanliurfa MM Climate Change Mitigation and Adaptation Action Plan\':\nhttps://www.sanliurfa.bel.tr/uploads/2024/20240930103339-32137-48344.pdf\n",The emissions inventory has been attached and can be accessed (unrestricted) on the link provided,2021,Same - covers entire jurisdiction and nothing else,2143020,,Global Protocol for Community-Scale Greenhouse Gas Emissions Inventories (GPC),CIRIS,SF6|PFCs|CH4|NF3|HFCs|CO2|N2O,National/sub-national emission factors: National Emission Inventory - NIR Turkey 2020,IPCC Fifth Assessment Report (2013),"Yes, internally audited/verified (self-verification)",Activity data - High data quality|Emissions factors - High data quality,No changes to the methodology and/or boundary used when compared to the previously reported inventory,"CIRIS_Sanliurfa_2022.xlsx,CIRIS_Sanliurfa_2023.xlsx,CIRIS_Sanliurfa_2024_CDP.xlsx,CIRIS_ŞanlıurfaBB_2021_V02_CDP.xlsx",There is no further document.
2025 Disclosure Cycle,779465,CDP,838937,Mersin Metropolitan Municipality,City,UKWW,Türkiye,Public,Q3.1.1,Provide information on and an attachment (in spreadsheet format)/ direct link to your main community-wide GHG emissions inventory.,1,Response,"Atalay_SGE_Modülü_MERSİN_2023_V06.xlsx,CIRIS_MersinMM_2023_V06_verified.xlsx,MersinMM_GHG_2019-2023_Inventory_Report_TR.pdf","Mersin MM Emission Inventory Report: 2019-2023 has been prepared (in Turkish) and published in Mersin MM website: https://www.mersin.bel.tr/uploads/files/mersinbbsge20192023mersingge77786800-406202.pdf\nThe reports was prepared according to GPC and includes CIRIS results of 2019-2023 with activity data, emission factor, calculation method, evaluation of results, emission projections,mitigation scenarios and target setting. ",The emissions inventory has been attached and can be accessed (unrestricted) on the link provided,2023,Same - covers entire jurisdiction and nothing else,1938389,,Global Protocol for Community-Scale Greenhouse Gas Emissions Inventories (GPC),CIRIS,PFCs|N2O|CH4|CO2|HFCs,National/sub-national emission factors: Fuels: Turkish National Inventory Report (NIR-2022); Electricity: National grid emission factor,IPCC Fifth Assessment Report (2013),"Yes, internally audited/verified (self-verification)",Emissions factors - Medium data quality|Activity data - High data quality,No changes to the methodology and/or boundary used when compared to the previously reported inventory,"CIRIS_MersinMM_2020_V06_verified.xlsx,CIRIS_MersinMM_2021_V06_verified.xlsx,CIRIS_MersinMM_2022_V06_verified.xlsx,CIRIS_MersinMM_2024_V00.xlsx,CIRIS_MersinMM_BaseYear_2019_V06_verified.xlsx",Mersin MM Emission Inventory Report: 2019-2023 has been prepared and published in Mersin MM web site: \nhttps://www.mersin.bel.tr/uploads/files/mersinbbsge20192023mersingge77786800-406202.pdf
2025 Disclosure Cycle,779465,CDP,838939,Kocaeli Metropolitan Municipality,City,UKWW,Türkiye,Public,Q3.1.1,Provide information on and an attachment (in spreadsheet format)/ direct link to your main community-wide GHG emissions inventory.,1,Response,Climate Change Action Plan and GHG Inventory of Kocaeli.pdf,https://www.kocaeli.bel.tr/webfiles/userfiles/files/birimler/cevre-koruma-ve-kontrol-dairesi-baskanligi/%C4%B0klim%20De%C4%9Fi%C5%9Fikli%C4%9Fi%20Eylem%20Plan%C4%B1.pdf,The emissions inventory has been attached and can be accessed (unrestricted) on the link provided,2021,Same - covers entire jurisdiction and nothing else,2033441.0,,Global Protocol for Community-Scale Greenhouse Gas Emissions Inventories (GPC),CIRIS,CO2,Default IPCC emission factors,IPCC Fifth Assessment Report (2013),"No, not audited/verified",Activity data - Medium data quality|Emissions factors - Medium data quality,No changes to the methodology and/or boundary used when compared to the previously reported inventory,KOCAELİ CLIMATE CHANGE ACTION PLAN 2018.pdf,"The vision of the action plan is to establish Kocaeli as a model \'Climate-Friendly\' city that systematically combats climate change. In line with this vision, the greenhouse gas emission target, which was originally set as a 21% reduction from the 2018 inventory considering Turkey's Nationally Determined Contribution (NDC), has been updated to a 41% reduction target, encompassing all emission sources at the provincial level."
2025 Disclosure Cycle,779465,CDP,839572,Putrajaya City,City,South East Asia & Oceania,Malaysia,Public,Q3.1.1,Provide information on and an attachment (in spreadsheet format)/ direct link to your main community-wide GHG emissions inventory.,1,Response,CIRIS_2024.pdf,https://perbadananputrajaya-my.sharepoint.com/:x:/g/personal/ahmad_helmi_ppj_gov_my/IQDqhAtu6_L1T5IqpKpYfj4NAdLbTk2ScfwHjA4jxDn7Kgs?e=IKLASb,The emissions inventory has been attached,2024,Same - covers entire jurisdiction and nothing else,155818,,Global Protocol for Community-Scale Greenhouse Gas Emissions Inventories (GPC) reported in the format of GCoM Common Reporting Framework (CRF),CIRIS,CH4|N2O|CO2,Default IPCC emission factors,IPCC Fifth Assessment Report (2013),"Yes, internally audited/verified (self-verification)",Emissions factors - High data quality|Activity data - High data quality,No changes to the methodology and/or boundary used when compared to the previously reported inventory,PJC CIRIS 2023.pdf,Putrajaya has prepared the GHG Inventory using the CIRIS methodology.
2025 Disclosure Cycle,779465,CDP,839668,Municipio de Iztapa,City,Latin America,Guatemala,Public,Q3.1.1,Provide information on and an attachment (in spreadsheet format)/ direct link to your main community-wide GHG emissions inventory.,1,Response,"Hoja de cálculo Inventarios GEI Iztapa MASUR.xlsx,Inventario de Gases de Efecto Invernadero de GEI Iztapa.pdf",https://docs.google.com/spreadsheets/d/1V7qIwhLWXEKlNB_xr72uh4b5gXePgCtz/edit?usp=sharing&ouid=108613798488503991138&rtpof=true&sd=true,The emissions inventory can be accessed (unrestricted) on the link provided,2017/2018,Same - covers entire jurisdiction and nothing else,11922,,1996 IPCC Guidelines for National Greenhouse Gas Inventories,Other regionally/nationally developed tool/process: Según WRI (2014),N2O|CO2|CH4,Default IPCC emission factors,"Other: la ecuación y los factores de emisión para calcular las emisiones de GEI fueron tomadas del volumen 2, capitulo 2, del IPCC (2006),","No, not audited/verified",Activity data - Medium data quality|Emissions factors - Medium data quality,Other: No se ha actualizado el inventario,Inventario de Gases de Efecto Invernadero de GEI Iztapa.pdf,No se ha actualizado el inventario
2025 Disclosure Cycle,779465,CDP,839669,Municipio de San Jose,City,Latin America,Guatemala,Public,Q3.1.1,Provide information on and an attachment (in spreadsheet format)/ direct link to your main community-wide GHG emissions inventory.,1,Response,Hoja de cálculo Inventarios GEI San Jose MASUR.xlsx,https://docs.google.com/spreadsheets/d/1vLwvZ-VCFfIR-98yol9ga_f5VuWbxTl8/edit?usp=sharing&ouid=108613798488503991138&rtpof=true&sd=true,The emissions inventory has been attached and can be accessed (unrestricted) on the link provided,2018,Same - covers entire jurisdiction and nothing else,64211,2006 IPCC Guidelines for National Greenhouse Gas Inventories,,Other: Según WRI (2014),CO2|N2O|CH4,Default IPCC emission factors,"Other: la ecuación y los factores de emisión para calcular las emisiones de GEI fueron tomadas del volumen 2, capitulo 2 del IPCC 2006","No, not audited/verified",Activity data - Medium data quality,Other: No hemos actualizado el inventario pues se necesita hacerlo en conjunto con los municipios socios de MASUR y por el momento por falta de financiamiento no se ha logrado aun,Inventario de gases de efecto invernadero GEI San José.pdf,La población se actualizo en el año 2018.
2025 Disclosure Cycle,779465,CDP,839970,San Justo (Argentina),City,Latin America,Argentina,Public,Q3.1.1,Provide information on and an attachment (in spreadsheet format)/ direct link to your main community-wide GHG emissions inventory.,1,Response,San Justo_Planilla de Cálculo_2024_Reporte.xlsx,no hay,The emissions inventory has been attached,2024,Same - covers entire jurisdiction and nothing else,26811,,Global Protocol for Community-Scale Greenhouse Gas Emissions Inventories (GPC) reported in the format of GCoM Common Reporting Framework (CRF),Internal tool/process,CH4|CO2|N2O,Default IPCC emission factors,Other: Se obtiene del último informe del IPCC y de los informes Bienales de la Argentina,"No, not audited/verified",Emissions factors - High data quality|Activity data - Medium data quality,No changes to the methodology and/or boundary used when compared to the previously reported inventory,IGEI San Justo_2022.xlsx,no hay
2025 Disclosure Cycle,779465,CDP,840024,Perth and Kinross,City,UKWW,United Kingdom,Public,Q3.1.1,Provide information on and an attachment (in spreadsheet format)/ direct link to your main community-wide GHG emissions inventory.,1,Response,SCATTER_perth_and_kinross_CDP-report-inventory_2020.xlsx,,The emissions inventory has been attached,2020,Same - covers entire jurisdiction and nothing else,151910,,Global Protocol for Community-Scale Greenhouse Gas Emissions Inventories (GPC) reported in the format of GCoM Common Reporting Framework (CRF),SCATTER,CO2|N2O|CH4,National/sub-national emission factors: 2020 BEIS emission factors,IPCC Fourth Assessment Report (2007),"Yes, externally audited/verified (third-party verification)",Activity data - Low data quality|Emissions factors - High data quality,No changes to the methodology and/or boundary used when compared to the previously reported inventory,official_perthandkinrosscouncil_2022_GPC_REPORT_2025-09-17_14-02.xlsx,"Attachment provided - funding to the Scatter Tool has been terminated and access to the Tool will therefore be discontinued in September 2025. An alternative inventory will be used for the CDP 2026 reporting cycle. As advised by the UK Government Department for Energy Security and Net Zero, for 2025/26 reporting to CDP and GCoM, the latest available SCATTER data has been used, which covers emissions for the year 2020. \n\nA second inventory has been provided that covers emissions for the year 2022. This has been produced by the Scottish Climate Intelligence Service and is compliant with the CDP reporting. However, it is not compliant with GCoM reporting, hence the 2020 inventory is provided as described above."
2025 Disclosure Cycle,779465,CDP,840075,Unley City Council,City,South East Asia & Oceania,Australia,Public,Q3.1.1,Provide information on and an attachment (in spreadsheet format)/ direct link to your main community-wide GHG emissions inventory.,1,Response,Snapshot CDP 2025 - UNL_DAT_004_CDP_Reporting_47980_v1a.xlsx,Attached,The emissions inventory has been attached,2022/2023,Same - covers entire jurisdiction and nothing else,39929,,Global Protocol for Community-Scale Greenhouse Gas Emissions Inventories (GPC) reported in the format of GCoM Common Reporting Framework (CRF),Snapshot Tool (Australia),N2O|CH4|CO2,National/sub-national emission factors: The majority of the emissions factors are from Australian National Greenhouse Accounts Factors,IPCC Fifth Assessment Report (2013),"No, not audited/verified",Activity data - Medium data quality|Emissions factors - Medium data quality,"Yes, due to changes in calculation methodology or improvements in data access and/or accuracy but this has not triggered a recalculation of historic emissions data",,N.a
2025 Disclosure Cycle,779465,CDP,840113,Bhavnagar Municipal Corporation,City,India,India,Public,Q3.1.1,Provide information on and an attachment (in spreadsheet format)/ direct link to your main community-wide GHG emissions inventory.,1,Response,Bhavnagar_Reporting Summary_CDP_GHG Inventory Summary and Emission Factors_2022-23.xlsx,https://docs.google.com/spreadsheets/d/1o-nGiRnPulRHoXhDqgXgNH3b0um_GH7a/edit?usp=drive_link&ouid=114714623638252800613&rtpof=true&sd=true,The emissions inventory has been attached,2022/2023,Same - covers entire jurisdiction and nothing else,806120,,Global Protocol for Community-Scale Greenhouse Gas Emissions Inventories (GPC) reported in the format of GCoM Common Reporting Framework (CRF),Other: Harmonized Emissions Analysis Tool (HEAT+) by ICLEI,CH4|CO2|N2O,Default IPCC emission factors,IPCC Fourth Assessment Report (2007),"Yes, internally audited/verified (self-verification)",Activity data - Medium data quality|Emissions factors - High data quality,No changes to the methodology and/or boundary used as this is the jurisdictions first year reporting an emissions inventory,,No additional or historical documents as the city is reporting for the first time
2025 Disclosure Cycle,779465,CDP,840118,Jamnagar Municipal Corporation,City,India,India,Public,Q3.1.1,Provide information on and an attachment (in spreadsheet format)/ direct link to your main community-wide GHG emissions inventory.,1,Response,,Inventory not available but analysis conducted,Unable to provide an attachment and/or direct link to my emissions inventory,2021/2022,Same - covers entire jurisdiction and nothing else,801934,,Other: Kyoto Protocol,Internal tool/process,CH4|N2O|SF6|NF3|PFCs|HFCs|CO2,"National/sub-national emission factors: Central Electricity Authority, Ministry of Power, Government of India",IPCC Fifth Assessment Report (2013),"Yes, internally audited/verified (self-verification)",Activity data - Low data quality|Emissions factors - Low data quality,No changes to the methodology and/or boundary used as this is the jurisdictions first year reporting an emissions inventory,,-
2025 Disclosure Cycle,779465,CDP,840131,Tiruchirappalli City Municipal Corporation,City,India,India,Public,Q3.1.1,Provide information on and an attachment (in spreadsheet format)/ direct link to your main community-wide GHG emissions inventory.,1,Response,,https://drive.google.com/file/d/1m0UHwOGsikKdluxmSRov3YZzbopYkx69/view?usp=sharing,The emissions inventory has been attached and can be accessed (unrestricted) on the link provided,2021,Same - covers entire jurisdiction and nothing else,1081234.0,,Global Protocol for Community-Scale Greenhouse Gas Emissions Inventories (GPC),ICLEI ClearPath,CH4|N2O|PFCs|SF6|NF3|CO2|HFCs,National/sub-national emission factors: Issued by MoEFCC,IPCC Sixth Assessment Report (2021),"Yes, internally audited/verified (self-verification)",Activity data - High data quality,No changes to the methodology and/or boundary used when compared to the previously reported inventory,,None
2025 Disclosure Cycle,779465,CDP,840134,Tirunelveli Municipal Corporation,City,India,India,Public,Q3.1.1,Provide information on and an attachment (in spreadsheet format)/ direct link to your main community-wide GHG emissions inventory.,1,Response,Final_Tirunelveli_GHG Emission inventory_2021-22_V3_12042024.xlsx,,The emissions inventory has been attached,2021/2022,Same - covers entire jurisdiction and nothing else,554522.0,,Global Protocol for Community-Scale Greenhouse Gas Emissions Inventories (GPC),Internal tool/process,CO2|CH4|N2O,,"Other: IPCC 2006, CO2 Baseline Database for the Indian Power Sector, Central Electricity Authority, Version 18","Yes, internally audited/verified (self-verification)",Activity data - Medium data quality|Emissions factors - High data quality,No changes to the methodology and/or boundary used when compared to the previously reported inventory,,
2025 Disclosure Cycle,779465,CDP,840158,"City of San Fernando, La Union",City,South East Asia & Oceania,Philippines,Public,Q3.1.1,Provide information on and an attachment (in spreadsheet format)/ direct link to your main community-wide GHG emissions inventory.,1,Response,2023 Community-level GHG Quantification Spreadsheet (1).csv,there is no link available for the attachment,The emissions inventory has been attached,2023,Same - covers entire jurisdiction and nothing else,129095,Global Protocol for Community-Scale Greenhouse Gas Emissions Inventories (GPC),,Carbon Monitor Cities,CO2,Default IPCC emission factors,IPCC Sixth Assessment Report (2021),"Yes, internally audited/verified (self-verification)",Emissions factors - High data quality|Activity data - Medium data quality,No changes to the methodology and/or boundary used when compared to the previously reported inventory,GHG Inventory worksheet.pdf,GHG Inventory worksheet attached for supporting documents.
2025 Disclosure Cycle,779465,CDP,840170,Nowon-gu Municipal Government of Seoul,City,South East Asia & Oceania,Korea (The Republic of),Public,Q3.1.1,Provide information on and an attachment (in spreadsheet format)/ direct link to your main community-wide GHG emissions inventory.,1,Response,"1. 2024 지역 온실가스 통계_서울.xlsx,GCoM 인벤토리 자료_GIR_2024_서울 노원구.xlsx",https://www.gir.go.kr/home/board/read.do?pagerOffset=0&maxPageItems=10&maxIndexPages=10&searchKey=&searchValue=&menuId=36&boardId=81&boardMasterId=2&boardCategoryId=,The emissions inventory has been attached,2022,Same - covers entire jurisdiction and nothing else,504609,,Global Protocol for Community-Scale Greenhouse Gas Emissions Inventories (GPC) reported in the format of GCoM Common Reporting Framework (CRF),Other: Korea GIR Inventory Tool,SF6|PFCs|CO2|HFCs|CH4|N2O,Default IPCC emission factors,IPCC Fifth Assessment Report (2013),"Yes, externally audited/verified (third-party verification)",Activity data - High data quality|Emissions factors - High data quality,No changes to the methodology and/or boundary used as this is the jurisdictions first year reporting an emissions inventory,국가 온실가스 인벤토리(1990-2022) 요약.pdf,National Greenhouse Gas Inventory (1990-2022) - Summary\n\nLink : https://www.gir.go.kr/home/board/read.do?pagerOffset=0&maxPageItems=10&maxIndexPages=10&searchKey=&searchValue=&menuId=36&boardId=79&boardMasterId=2&boardCategoryId=\n\n
2025 Disclosure Cycle,779465,CDP,840194,Tepebaşi Municipality,City,UKWW,Türkiye,Public,Q3.1.1,Provide information on and an attachment (in spreadsheet format)/ direct link to your main community-wide GHG emissions inventory.,1,Response,"GHG_ENVANTER_CoM.pdf,SECAP_TEPEBASİ.pdf",https://www.tepebasi.bel.tr/Tepeba%C5%9F%C4%B1BelediyesiS%C3%BCrd%C3%BCr%C3%BClebilirEnerjive%C4%B0klimEylemPlan%C4%B1.pdf\n\n\nSecond file is taken from municipalit's CoM. ,The emissions inventory has been attached,2023,Same - covers entire jurisdiction and nothing else,390116,,2006 IPCC Guidelines for National Greenhouse Gas Inventories,Other: Covanent of Mayor,CO2,Default IPCC emission factors,IPCC Sixth Assessment Report (2021),"Yes, internally and externally audited/verified",Activity data - Medium data quality|Emissions factors - Medium data quality,No changes to the methodology and/or boundary used when compared to the previously reported inventory,SECAP_TEPEBASİ.pdf,-
2025 Disclosure Cycle,779465,CDP,840195,Laholm Municipality,City,Europe,Sweden,Public,Q3.1.1,Provide information on and an attachment (in spreadsheet format)/ direct link to your main community-wide GHG emissions inventory.,1,Response,Main community-wide GHG emissions inventory 2025.xlsx,,The emissions inventory has been attached,2021,Same - covers entire jurisdiction and nothing else,26319.0,Global Protocol for Community-Scale Greenhouse Gas Emissions Inventories (GPC),,Other regionally/nationally developed tool/process: SMED,NF3|PFCs|SF6|CH4|N2O|CO2|HFCs,,IPCC Fourth Assessment Report (2007),"No, not audited/verified",Activity data - High data quality|Emissions factors - High data quality,No changes to the methodology and/or boundary used as this is the jurisdictions first year reporting an emissions inventory,,
2025 Disclosure Cycle,779465,CDP,840228,"Town of Davie, FL",City,North America,United States of America,Public,Q3.1.1,Provide information on and an attachment (in spreadsheet format)/ direct link to your main community-wide GHG emissions inventory.,1,Response,Davie_CDP_2025_Community_Inventory.xls,https://www.davie-fl.gov/539/Sustainability-Action-Plan,The emissions inventory has been attached,2023,Same - covers entire jurisdiction and nothing else,106000.0,Global Protocol for Community-Scale Greenhouse Gas Emissions Inventories (GPC),,Other: SustainaBase,N2O|CO2|CH4,National/sub-national emission factors: EPA Emissions Factor Hub,IPCC Fifth Assessment Report (2013),,,,,EPA Emissions Factor Hub
2025 Disclosure Cycle,779465,CDP,840269,"Town of Whitby, ON",City,North America,Canada,Public,Q3.1.1,Provide information on and an attachment (in spreadsheet format)/ direct link to your main community-wide GHG emissions inventory.,1,Response,Town of Whitby - SSG GHG Emissions Inventory (2023).xlsx,CityInSight modelling_Town of Whitby data and emission factors - https://cis-community.ssg.coop/whitby/emissions,The emissions inventory has been attached,2021/2022,Same - covers entire jurisdiction and nothing else,139020.0,,Other: CityInSIght,CityInSight,CO2|CH4|N2O,Do not know,Do not know,"Yes, internally audited/verified (self-verification)",Activity data - Medium data quality|Emissions factors - Medium data quality,No changes to the methodology and/or boundary used when compared to the previously reported inventory,,"The community-wide GHG emissions inventory has been populated using the CityInSight model, which is a tool and service developed by Sustainability Solutions Group (SSG) who are the consultants on the Town of Whitby's Climate Emergency Response Plan. CityInSight is a community energy and emissions model with integrated spatially-explicit land-use and transportation components, and stocks-and-flows accounting. The model enables bottom-up accounting for energy supply and demand, including energy sources (e.g., renewables, coal, oil, gas), energy consuming stocks (e.g., vehicles, appliances, dwellings) and all intermediate energy flows. It captures the actual consumption data and associated emissions associated with electricity, natural gas, transportation, waste management, etc. on a community-level.Additionally, CityInSight incorporates the Global GHG Protocol for Cities, a GHG accounting framework launched as the new global standard by the World Resources Institute, ICLEI, C40, UN Habitat and others at the UN Conference of the Parties in Lima in 2014. CityInSight has a web interface and many applications, helping cities to determine the best plans and actions to take on the path to sustainable, low carbon communities.As a part of the next update of Whitby's Climate Emergency Response Plan Phase 2: Mitigation, a BASIC+ inventory covering HFCs, PFCs, SF6, and NF3 gases will be conducted. Additionally the emissions inventory will be updated using emissions factors from the IPCC Sixth, Fifth, or Fourth Assessment Reports."
2025 Disclosure Cycle,779465,CDP,840313,Municipalidad de Cerro Navia,City,Latin America,Chile,Public,Q3.1.1,Provide information on and an attachment (in spreadsheet format)/ direct link to your main community-wide GHG emissions inventory.,1,Response,Cálculo Huella Comunal.xlsx,,The emissions inventory has been attached,2023/2024,Same - covers entire jurisdiction and nothing else,127250,,Global Protocol for Community-Scale Greenhouse Gas Emissions Inventories (GPC),Other: Calculadora Huella Chile,CO2,"National/sub-national emission factors: Huella Chile. Factores de emisión para el cálculo de la huella de carbono 2024, incluye IPCC 2006, Balance Nacional de Energía 2020, DEFRA 2023, etc.",Other: IPCC 2006 (vol.2 y chapter 2),Other: Esta en proceso de verificación con empresa externa,Activity data - High data quality|Emissions factors - High data quality,No changes to the methodology and/or boundary used as this is the jurisdictions first year reporting an emissions inventory,Carta de Verificación Corporativa_Cerro Navia.pdf,"En el excel adjunto se encuentra las emisiones de gases de la comuna de Cerro Navia para el año 2024, este realizado a partir de la página de Huella Chile en donde se puede reportar las emisiones de gases para el año que uno desee. Este posee las dimensiones, de energía estacionaria, transporte, residuos, IPPU y AFOLU. En este caso las que no se consideraron en este caso fueron estas últimas dos al ser consideradas insignificantes para el cálculo de emisión, dado que Cerro Navia no tiene actividades industriales a gran escala de este tipo, por ende no existen fuentes significativas de IPPU y por otra parte AFOLU no se considera dado que Cerro Navia es una comuna urbana consolidada, sin superficie agrícola ni forestal relevantes, por ende no existen cambios significativos de uso de suelo que generen emisiones de carbono"
2025 Disclosure Cycle,779465,CDP,840427,Hat Yai City Municipality,City,South East Asia & Oceania,Thailand,Public,Q3.1.1,Provide information on and an attachment (in spreadsheet format)/ direct link to your main community-wide GHG emissions inventory.,1,Response,"CCF Hatyai (1).pdf,UNDP CCF GHG hatyai city.xlsx",https://docs.google.com/spreadsheets/d/1VEmdkByckTkCzJkJSw6zuEDeiAuqeIqr/edit?gid=2060299565#gid=2060299565\n\nhttps://drive.google.com/file/d/1Ld9jaj03L0mkimJlNKVSPMsx5KzEsN4B,The emissions inventory has been attached and can be accessed (unrestricted) on the link provided,2022/2023,Same - covers entire jurisdiction and nothing else,146528,Global Protocol for Community-Scale Greenhouse Gas Emissions Inventories (GPC),,Other regionally/nationally developed tool/process: City Carbon Footprint Platform developed by Thailand Greenhouse Gases Organization,SF6|HFCs|PFCs|NF3|CH4|CO2|N2O,Default IPCC emission factors,IPCC Fifth Assessment Report (2013),,,,,https://drive.google.com/file/d/1Ld9jaj03L0mkimJlNKVSPMsx5KzEsN4B\n\nhttps://drive.google.com/file/d/1NPGUZYQ58BfwUaxGg6cYuRYH3TBkrhaA\n\n
2025 Disclosure Cycle,779465,CDP,840428,Hua-Hin Municipality,City,South East Asia & Oceania,Thailand,Public,Q3.1.1,Provide information on and an attachment (in spreadsheet format)/ direct link to your main community-wide GHG emissions inventory.,1,Response,01 GHG Emission_Template_Huahin_2564.xlsx,,The emissions inventory has been attached,2021,Same - covers entire jurisdiction and nothing else,66165,,Global Protocol for Community-Scale Greenhouse Gas Emissions Inventories (GPC) reported in the format of GCoM Common Reporting Framework (CRF),Other regionally/nationally developed tool/process: city carbon footprint platform developed by Thailand Greenhouse Gases Organization,HFCs|CO2|SF6|CH4|PFCs|NF3|N2O,Default IPCC emission factors,IPCC Fifth Assessment Report (2013),"Yes, internally and externally audited/verified",Activity data - Medium data quality,No changes to the methodology and/or boundary used when compared to the previously reported inventory,,https://drive.google.com/drive/folders/1Z1szGDroS-O7QDikcCJbae1cGbGSmXUF
2025 Disclosure Cycle,779465,CDP,840515,Tangerang Selatan City,City,South East Asia & Oceania,Indonesia,Public,Q3.1.1,Provide information on and an attachment (in spreadsheet format)/ direct link to your main community-wide GHG emissions inventory.,1,Response,Lap. Akhir Inventarisasi GRK_TangSel_Final -edit (1).pdf,https://signsmart.menlhk.go.id/v2.1/app/,The emissions inventory has been attached,2024,Same - covers entire jurisdiction and nothing else,1429529,1996 IPCC Guidelines for National Greenhouse Gas Inventories,,SIGN-SMART (Indonesia),CO2|N2O|CH4,Default IPCC emission factors,IPCC Second Assessment Report (1995),"Yes, internally audited/verified (self-verification)",Activity data - Medium data quality|Emissions factors - Medium data quality,No changes to the methodology and/or boundary used when compared to the previously reported inventory,Lap. Akhir Inventarisasi GRK_TangSel_Final -edit (1).pdf,kegiatan inventaris emisi GRK di lakukan secara berkala oleh Dinas Lingkungan Hidup Kota Tangerang Selatan dengan aplikasi Sign Smart
2025 Disclosure Cycle,779465,CDP,840521,City of Denizli,City,UKWW,Türkiye,Public,Q3.1.1,Provide information on and an attachment (in spreadsheet format)/ direct link to your main community-wide GHG emissions inventory.,1,Response,SERA GAZI ENVANTERİ 2023.pdf,https://www.denizli.bel.tr/Default.aspx?k=kurumsal-linkler,The emissions inventory has been attached,2021,Other: It was chosen because it covers the center and all districts.,1040915.0,,Global Protocol for Community-Scale Greenhouse Gas Emissions Inventories (GPC) reported in the format of GCoM Common Reporting Framework (CRF),CIRIS,CO2|CH4|HFCs|N2O|SF6|PFCs,Default IPCC emission factors,IPCC Fifth Assessment Report (2013),"Yes, internally and externally audited/verified",Activity data - Medium data quality|Emissions factors - Medium data quality,"Yes, due to changes in calculation methodology or improvements in data access and/or accuracy and this has triggered a recalculation of historic emissions data",Denizli_CCAP_Final_FC_10_07.pdf,"The Denizli Greenhouse Gas Inventory has been prepared in accordance with the Global Protocol for Community-Scale GHG Inventories (GPC). Moreover, the final inventory report was prepared based on the common reporting framework (CRF) of the Global Covenant of Mayors (GCoM).In this way, the results described in the inventory report are intended to be comparable and acceptable on a global scale. The inventory prepared at the urban scale includes all the emission sources within the borders of the Denizli Metropolitan Municipality. Denizli Metropolitan Municipality's authority covers the Denizli province's provincial boundaries. The inventory content is based on the classification of emission sources set by GPC. When preparing inventory in the framework of GPC, the scope of the inventory was determined depending on the detail, accuracy, and reliability of the available data. During the preparation of the inventory, all emission sources within the borders of the authority of the municipality were scanned, and the maximum amount of data was tried to be collected. The inventory only covered Scope 1 - Direct Emissions and Scope 2 - Indirect Emissions of the GPC. However, the emissions under Scope 3 - Indirect (Consumption Based) Emissions were not included in the inventory due to the fact that it is very difficult to reach related data. According to the results of the GPC approach, the total greenhouse gas emissions of Denizli province for the year 2016 were estimated to be 7.5 million tons of CO2e. This amount refers to 7.5 tons of CO2e per capita, which was proportional to the population of Denizli in the same year (1.005.687), and this number was higher than Turkey's 2016 average calculated as 6.3 tons of CO2e per capita. The total emissions of Denizli within Türkiye's total emissions in 2016 constituted 1.5%. Denizli MM updated the province-wide GHG Inventory in October 2022. This CDP reporting consists of the results of this updated inventory for 2020. (Due to the COVID-19 pandemic, Denizli MM was unable to prepare its 2018 inventory which was supposed to be prepared in 2020.) According to this updated inventory, the total emission of Denizli MM for 2020 was 6.9 million tons of CO2e, and per-capita emission was 6.6 tons of CO2e. According to these results, the total emissions of Denizli MM decreased considerably in 4 years. The biggest decreases were the results of reduced coal consumption which was replaced with natural gas, and a major drop in industrial processes sourced emissions."
2025 Disclosure Cycle,779465,CDP,840914,Prefeitura de Cáceres (Brasil),City,Latin America,Brazil,Public,Q3.1.1,Provide information on and an attachment (in spreadsheet format)/ direct link to your main community-wide GHG emissions inventory.,1,Response,Inventário de emissões de GEEs - Tabela.pptx,https://pactodealcaldes-la.org/language/pt/brasil-implementacao-nacional/,The emissions inventory has been attached,2022,Same - covers entire jurisdiction and nothing else,89681.0,,1996 IPCC Guidelines for National Greenhouse Gas Inventories,Consultancy-developed tool/process: Ferramenta desenvolvida pelo instituto nosso clima,CO2,Default IPCC emission factors,IPCC Sixth Assessment Report (2021),"Yes, internally audited/verified (self-verification)",Activity data - High data quality,No changes to the methodology and/or boundary used as this is the jurisdictions first year reporting an emissions inventory,,"\nLançamento do Inventário foi em julho/2023, em anexo segue reportagens do lançamento."
2025 Disclosure Cycle,779465,CDP,840925,Prefeitura de Indiaroba,City,Latin America,Brazil,Public,Q3.1.1,Provide information on and an attachment (in spreadsheet format)/ direct link to your main community-wide GHG emissions inventory.,1,Response,Inventário_Relatório_Rev (2).pdf,Não possui link\n,The emissions inventory has been attached,2022/2023,Same - covers entire jurisdiction and nothing else,16549.0,,International Emissions Analysis Protocol (ICLEI),Consultancy-developed tool/process: Ferramenta facilitada pelo acompanhamento técnico realizado pelo GCOM,N2O|CH4|CO2,Local emission factors: ,IPCC Fifth Assessment Report (2013),Other: ,Activity data - Medium data quality,No changes to the methodology and/or boundary used as this is the jurisdictions first year reporting an emissions inventory,,Não possui
2025 Disclosure Cycle,779465,CDP,840926,Prefeitura de Serra Talhada,City,Latin America,Brazil,Public,Q3.1.1,Provide information on and an attachment (in spreadsheet format)/ direct link to your main community-wide GHG emissions inventory.,1,Response,1º Inventário de Gases de Efeito Estufa de Serra Talhada SITE (1).pdf,Não há.,The emissions inventory has been attached,2020,Same - covers entire jurisdiction and nothing else,86568,,Global Protocol for Community-Scale Greenhouse Gas Emissions Inventories (GPC) reported in the format of GCoM Common Reporting Framework (CRF),CLIMAS Inventory Tool,CH4|N2O|CO2,Default IPCC emission factors,IPCC Fifth Assessment Report (2013),"Yes, internally audited/verified (self-verification)",Activity data - High data quality|Emissions factors - High data quality,No changes to the methodology and/or boundary used when compared to the previously reported inventory,1º Inventário de Gases de Efeito Estufa de Serra Talhada SITE.pdf,Este é o primeiro inventário da jurisdição.
2025 Disclosure Cycle,779465,CDP,840927,Prefeitura de São Cristóvão,City,Latin America,Brazil,Public,Q3.1.1,Provide information on and an attachment (in spreadsheet format)/ direct link to your main community-wide GHG emissions inventory.,1,Response,Inventario_GEE_V.1_S_Cristovao_diagramado.pdf,https://www.saocristovao.se.gov.br/banners/i-inventario-de-gases-de-efeito-estufa,The emissions inventory has been attached and can be accessed (unrestricted) on the link provided,2023/2024,Same - covers entire jurisdiction and nothing else,95612,,Global Protocol for Community-Scale Greenhouse Gas Emissions Inventories (GPC),Sistema de Estimativas de Emissões e Remoções de Gases de Efeito Estufa (SEEG) (Brazil),CH4|N2O|CO2,Default IPCC emission factors,IPCC Fifth Assessment Report (2013),"Yes, externally audited/verified (third-party verification)",Activity data - Medium data quality,No changes to the methodology and/or boundary used as this is the jurisdictions first year reporting an emissions inventory,São Cristóvão PSCI - V 1.5.1.xlsx,Ainda não houve atualização do inventário.
2025 Disclosure Cycle,779465,CDP,841491,Muar Municipal Council,City,South East Asia & Oceania,Malaysia,Public,Q3.1.1,Provide information on and an attachment (in spreadsheet format)/ direct link to your main community-wide GHG emissions inventory.,1,Response,20200730_CDP_Muar__CIRIS_Standard_v2.4__EN_02_2023.xlsx,,The emissions inventory has been attached,2017,Same - covers entire jurisdiction and nothing else,281500.0,,Global Protocol for Community-Scale Greenhouse Gas Emissions Inventories (GPC) reported in the format of GCoM Common Reporting Framework (CRF),CIRIS,CO2|N2O|CH4,Default IPCC emission factors,IPCC Fifth Assessment Report (2013),"No, not audited/verified",Emissions factors - High data quality,No changes to the methodology and/or boundary used when compared to the previously reported inventory,,
2025 Disclosure Cycle,779465,CDP,841525,Blackburn with Darwen Borough Council,City,UKWW,United Kingdom,Public,Q3.1.1,Provide information on and an attachment (in spreadsheet format)/ direct link to your main community-wide GHG emissions inventory.,1,Response,SCATTER_blackburn_with_darwen_CDP-report-inventory_2020.xlsx,"SCATTER report for 2020 for Blackburn with Darwen can be generated at https://scattercities.com/ by organisations with a gov.uk email address\n\n2022 data by sector, rather than Scope can be found at UK local authority and regional greenhouse gas emissions national statistics at https://www.gov.uk/government/collections/uk-local-authority-and-regional-greenhouse-gas-emissions-national-statistics",The emissions inventory has been attached and can be accessed (unrestricted) on the link provided,2020,Same - covers entire jurisdiction and nothing else,157253,Regional or country/area specific methodology,,SCATTER,CO2|N2O|CH4,"National/sub-national emission factors: BEIS, 2020. Greenhouse gas reporting: conversion factors 2020. Conversion factors 2020 - Full set (for advanced users) https://www.gov.uk/government/statistics/uk-local-authority-and-regional-greenhouse-gas-emissions-national-statistics-2005-to-2020",IPCC Fifth Assessment Report (2013),,,,,
2025 Disclosure Cycle,779465,CDP,841955,Hammersmith and Fulham London Borough Council,City,UKWW,United Kingdom,Public,Q3.1.1,Provide information on and an attachment (in spreadsheet format)/ direct link to your main community-wide GHG emissions inventory.,1,Response,2025 CDP HF borough emissions inventory - static.xlsx,NA,The emissions inventory has been attached,2022,Same - covers entire jurisdiction and nothing else,183200,Global Protocol for Community-Scale Greenhouse Gas Emissions Inventories (GPC),,Other: London Energy and Greenhouse Gas Inventory (LEGGI): https://data.london.gov.uk/dataset/leggi,HFCs|CH4|PFCs|N2O|SF6|NF3|CO2,Do not know,Do not know,"Yes, internally audited/verified (self-verification)",Emissions factors - Medium data quality,No changes to the methodology and/or boundary used when compared to the previously reported inventory,2024 CDP - 3.1.2 HF borough emissions inventory - Static.xlsx,"The London Energy and Greenhouse Gas Inventory (LEGGI) is an annual dataset produced by the Greater London Authority that quantifies greenhouse gas emissions released to the environment from activities in London. It provides borough-level estimates and breaks down emissions by sector, offering a detailed picture of territorial emissions. LEGGI is a key tool for tracking progress against the Mayor of London's climate targets and supports local authorities in understanding and addressing emissions within their jurisdictions."
2025 Disclosure Cycle,779465,CDP,841965,"City of Lansing, MI",City,North America,United States of America,Public,Q3.1.1,Provide information on and an attachment (in spreadsheet format)/ direct link to your main community-wide GHG emissions inventory.,1,Response,"lansing_mi_2023_INVENTORY_2025-09-17_13-45 (1).xlsx,lansing_mi_2023_INVENTORY_2025-09-17_13-45 (1).xlsx,lansingacademyboard_2023_INVENTORY_2025-09-10_17-09.xlsx",,The emissions inventory has been attached,2023,Same - covers entire jurisdiction and nothing else,115953.0,,U.S. Community Protocol for Accounting and Reporting of Greenhouse Gas Emissions (ICLEI USA),ICLEI ClearPath,CO2|N2O,,Do not know,"Yes, externally audited/verified (third-party verification)",,,"lansing_mi_2019_INVENTORY_2025-09-17_13-44.xlsx,lansing_mi_2019_INVENTORY_2025-09-17_13-44.xlsx",
2025 Disclosure Cycle,779465,CDP,841970,"City of West Lafayette, IN",City,North America,United States of America,Public,Q3.1.1,Provide information on and an attachment (in spreadsheet format)/ direct link to your main community-wide GHG emissions inventory.,1,Response,WestLafayette_ICLEIClearPathGHGInventory_2018.xlsx,,The emissions inventory has been attached,2018,Same - covers entire jurisdiction and nothing else,48308.0,U.S. Community Protocol for Accounting and Reporting of Greenhouse Gas Emissions (ICLEI USA),,ICLEI ClearPath,CH4|CO2|N2O,Do not know,IPCC Fourth Assessment Report (2007),,,,,
2025 Disclosure Cycle,779465,CDP,842012,"City of Burlington, ON",City,North America,Canada,Public,Q3.1.1,Provide information on and an attachment (in spreadsheet format)/ direct link to your main community-wide GHG emissions inventory.,1,Response,eCRF_Export_City of Burlington_2024.xlsx,https://www.burlington.ca/en/home-property-and-environment/climate-change-and-air-quality.aspx,The emissions inventory has been attached,2024,Same - covers entire jurisdiction and nothing else,194913,,Regional or country/area specific methodology,CIRIS,N2O|CH4|CO2,National/sub-national emission factors: Canada's Official Greenhouse Gas Inventory,IPCC Fifth Assessment Report (2013),"No, not audited/verified",Activity data - High data quality|Emissions factors - High data quality,No changes to the methodology and/or boundary used when compared to the previously reported inventory,"Burlington-ON-CA Community Energy-Emissions Data, Historical.xlsx,Burlington-ON-CA Science Based Targets Summary, 2025 CAP.xlsx","Burlington-ON-CA Science Based Targets Summary - The City of Burlington has created its science-based target. The City's science-based target base year is aligned with the science-based target method and Canada's Nationally Determined Contributions. The City integrated the new considerations of fair emissions budget allocations compatible with the 1.5 °C goal.\n\nBurlington-ON-CA Community Energy-Emissions Data, Historical - The City of Burlington has been tracking its emissions since 2011. \nWe have been updating this spreadsheet, which contains the City of Burlington's historical emission data. "
2025 Disclosure Cycle,779465,CDP,842044,"Ville de Longueuil, QC",City,North America,Canada,Public,Q3.1.1,Provide information on and an attachment (in spreadsheet format)/ direct link to your main community-wide GHG emissions inventory.,1,Response,Inventaire_GES_Longueuil_2019_v1.7.xlsx,Inventaire GES_2019,The emissions inventory has been attached,2019,,249288.0,,Global Protocol for Community-Scale Greenhouse Gas Emissions Inventories (GPC),Internal tool/process,PFCs|N2O|CO2|CH4|HFCs|SF6,,IPCC Fifth Assessment Report (2013),,,,,
2025 Disclosure Cycle,779465,CDP,842167,Sakarya,City,UKWW,Türkiye,Public,Q3.1.1,Provide information on and an attachment (in spreadsheet format)/ direct link to your main community-wide GHG emissions inventory.,1,Response,"ySGEA_2023.xlsx,ySGEA_2023.xlsx",,Unable to provide an attachment and/or direct link to my emissions inventory,2023,Other: except waste and production of lime facility,1098115,Regional or country/area specific methodology,,Other regionally/nationally developed tool/process: YSGEA,N2O|CH4|CO2,National/sub-national emission factors: National Inventory 2020,Do not know,"Yes, internally audited/verified (self-verification)",Emissions factors - Medium data quality|Activity data - High data quality,No changes to the methodology and/or boundary used when compared to the previously reported inventory,Sakarya_Büyükşehir_Belediyesi_SeraGazı_EnvanterRaporu.pdf,
2025 Disclosure Cycle,779465,CDP,843537,Shropshire Council,City,UKWW,United Kingdom,Public,Q3.1.1,Provide information on and an attachment (in spreadsheet format)/ direct link to your main community-wide GHG emissions inventory.,1,Response,"2005-23-uk-local-authority-ghg-emissions (1).xlsx,2005-23-uk-local-authority-ghg-emissions (1).xlsx",https://www.gov.uk/government/statistics/uk-local-authority-and-regional-greenhouse-gas-emissions-statistics-2005-to-2023,The emissions inventory has been attached,2023,Same - covers entire jurisdiction and nothing else,329300,Regional or country/area specific methodology,,"Other regionally/nationally developed tool/process: This publication combines data from the UK's Greenhouse Gas Inventory with data from a number of other sources, including local energy consumption statistics, to produce a nationally consistent set of greenhouse emissions estimates at local authority",CH4|N2O|CO2,National/sub-national emission factors: https://www.gov.uk/government/collections/government-conversion-factors-for-company-reporting,Do not know,"Yes, externally audited/verified (third-party verification)",Activity data - High data quality,No changes to the methodology and/or boundary used when compared to the previously reported inventory,"2023-local-and-regional-greenhouse-gas-emissions-statistics-statistical-release (2).pdf,2023-local-and-regional-greenhouse-gas-emissions-statistics-statistical-summary (1).pdf,Climate Strategy 2024 Monitoring Report_DRAFT.pdf,Climate Strategy 2024 Monitoring Report_DRAFT.pdf,lulucf-local-authority-report-2023.pdf","This is the countywide emissions. Our corporate organisation emissions are accounted for separately, please see the latest 2024 monitoring report."
2025 Disclosure Cycle,779465,CDP,847922,Junta Municipal de Medio Ambiente Lagunas (JIMAL),City,Latin America,Mexico,Public,Q3.1.1,Provide information on and an attachment (in spreadsheet format)/ direct link to your main community-wide GHG emissions inventory.,1,Response,1. PRCC - Inventario GEI_JIMAL.xlsx,https://drive.google.com/file/d/1UZaXxy5M6tXn9zqjqrxwlgfdC9p02A44/view?usp=sharing,The emissions inventory has been attached,2021/2022,Same - covers entire jurisdiction and nothing else,141514.0,2006 IPCC Guidelines for National Greenhouse Gas Inventories,,Other: Herramienta propia desarrollada con base en las guías del IPCC,CO2|N2O|CH4,Default IPCC emission factors,IPCC Third Assessment Report (2001),,,,,"El presente documento compila los resultados más significativos correspondientes a la región Lagunas dentro del Estado de Jalisco. El inventario fue desarrollado con sustento metodológico de las Directrices del Panel Intergubernamental de Cambio Climático (IPCC, por sus siglas en inglés) del 2006 para inventarios de GEI nacionales considerando el perfeccionamiento de sus lineamientos del 201910. Adicionalmente, también se utilizó lo planteado por el Protocolo Global para Inventarios de Emisión de Gases de Efecto Invernadero a Escala Comunitaria (GPC, por\nsus siglas en inglés) respecto a los alcances y límites geográficos."
2025 Disclosure Cycle,779465,CDP,848122,Alajuela,City,Latin America,Costa Rica,Public,Q3.1.1,Provide information on and an attachment (in spreadsheet format)/ direct link to your main community-wide GHG emissions inventory.,1,Response,Informe IGEI Cantón Alajuela 2024.pdf,2024,The emissions inventory has been attached,2024,Same - covers entire jurisdiction and nothing else,314209.0,,Regional or country/area specific methodology,"Other regionally/nationally developed tool/process: Programa País Carbono Neutralidad 2.0 Categoría Cantonal, así como la norma INTE B5 2021",CO2|CH4|N2O,,"Other: Instituto Meteorológico Nacional de Costa Rica, 2020",,,,,
2025 Disclosure Cycle,779465,CDP,848125,Oreamuno,City,Latin America,Costa Rica,Public,Q3.1.1,Provide information on and an attachment (in spreadsheet format)/ direct link to your main community-wide GHG emissions inventory.,1,Response,BIOMATEC_GIZ_DCC_Oreamuno_Cálculo de emisiones de GEI de 2018_2020.pdf,Inventario de GEI Cantón de Oreamuno ,The emissions inventory has been attached,2023/2024,Same - covers entire jurisdiction and nothing else,45473,,2006 IPCC Guidelines for National Greenhouse Gas Inventories,Other: El Programa País de Carbono Neutralidad 2.0 (PPCN 2.0),CO2|N2O|CH4|HFCs,Default IPCC emission factors,IPCC Fourth Assessment Report (2007),"No, not audited/verified",Emissions factors - High data quality|Activity data - Medium data quality,"Other: No se tiene un inventario anterior. Sin embargo, actualmente el gobierno local se encuentra en a elaborando una actualización prevista para el 2024.",Herramienta-PPCN-FINAL.xlsx,Se mantiene el inventario inicial y se proyecta un nuevo inventario dentro de 3 años.\nTodos los años se toma el inventario como base para la toma de decisiones.
2025 Disclosure Cycle,779465,CDP,848126,La Democracia,City,Latin America,Guatemala,Public,Q3.1.1,Provide information on and an attachment (in spreadsheet format)/ direct link to your main community-wide GHG emissions inventory.,1,Response,Inventario GEI LaDemocracia.pdf,https://drive.google.com/file/d/1xgCq2VgwOJZKq2WatVqesCZIfNoGSLB0/view?usp=drive_link,The emissions inventory has been attached and can be accessed (unrestricted) on the link provided,2022,Same - covers entire jurisdiction and nothing else,25917,,Other: Guía para elaboración o actualización de inventarios de emisiones de GEI en ciudades colombianas generada por WWF Colombia1,Do not know,CH4|N2O|CO2,Do not know,Do not know,"Yes, internally and externally audited/verified",Activity data - Medium data quality,No changes to the methodology and/or boundary used as this is the jurisdictions first year reporting an emissions inventory,Inventario GEI LaDemocracia.pdf,"Se estimaron las emisiones del municipio de La Democracia, Escuintla, para el año base 2,022. Para realizar los cálculos se utilizó información generada y/o proporcionada por diferentes instituciones tales como el Ministerio de Ambiente y Recursos Naturales (MARN), Ministerio de Agricultura y Ganadería (MAGA), Ministerio de Energía y Minas (MEM), Instituto Nacional de Estadística (INE), la Superintendencia de Administración Tributaria (SAT), Municipalidad de La Democracia y la Mancomunidad Sureña para el Desarrollo Integral (MASUR), entre otras fuentes consultadas.\nLa identificación de los principales sectores y actividades de emisión de gases de efecto invernadero, permitirán a La Democracia tomar decisiones estratégicas para un desarrollo sostenible de bajas emisiones. Además, brindará insumos para cumplir con los compromisos nacionales de mitigación y mejorar su resiliencia ante la vulnerabilidad del cambio climático.\nPara la estimación de las emisiones se siguieron las recomendaciones del Panel Intergubernamental de Expertos sobre el Cambio Climático (IPCC). En ese sentido, se tomaron en cuenta los sectores de Energía estacionaria, Agricultura, Silvicultura y otros Usos del Suelo (AFOLU), Transporte y Desechos. El sector de Procesos Industriales y Uso de Productos no se tomó en cuenta en la estimación, debido a que su incidencia en el municipio es baja.\nAdemás, se utilizó la Guía para elaboración o actualización de inventarios de emisiones de GEI en ciudades colombianas generada por WWF Colombia1. En la mayoría de los casos, las estimaciones emisión tienen un alcance del tipo 1, tomando en cuenta las emisiones generadas dentro del municipio. Sin embargo, el consumo de energía de la red nacional es del tipo 2, refiriéndose a emisiones generadas fuera de los límites geográficos del municipio, pero que tienen una relación directa a las actividades dentro de dichos límites."
2025 Disclosure Cycle,779465,CDP,848135,San Pedro de la Paz,City,Latin America,Chile,Public,Q3.1.1,Provide information on and an attachment (in spreadsheet format)/ direct link to your main community-wide GHG emissions inventory.,1,Response,"CIRIS San Pedro de la Paz - Sin Absorción.xlsx,CIRIS San Pedro de la Paz - Sin Absorción.xlsx",https://drive.google.com/file/d/1UXfQrzdz3MLtDVEC_VuxhpP0f8aLcXCP/view\n,The emissions inventory has been attached,2024,Same - covers entire jurisdiction and nothing else,153516,,Jurisdiction specific methodology,Do not know,CO2|HFCs|N2O|CH4,Default IPCC emission factors,Do not know,"No, not audited/verified",Activity data - Medium data quality,Other: Es primer inventario de GEI Comunal,,https://drive.google.com/file/d/1UXfQrzdz3MLtDVEC_VuxhpP0f8aLcXCP/view?usp=drive_link
2025 Disclosure Cycle,779465,CDP,848476,Municipalidad de Cañas,City,Latin America,Costa Rica,Public,Q3.1.1,Provide information on and an attachment (in spreadsheet format)/ direct link to your main community-wide GHG emissions inventory.,1,Response,Informe de Gases de Efecto Invernadero 2023.pdf,https://municanas-my.sharepoint.com/my?viewid=7c6633c2%2D63fb%2D4b88%2Dbdfb%2D0f32f4ab9bae&id=%2Fpersonal%2Fkobando%5Fmunicanas%5Fgo%5Fcr%2FDocuments%2FEscritorio%2FCDP2025%2FNueva%20carpeta%2FInforme%20de%20Gases%20de%20Efecto%20Invernadero%202023%2Epdf&parent=%2Fpersonal%2Fkobando%5Fmunicanas%5Fgo%5Fcr%2FDocuments%2FEscritorio%2FCDP2025%2FNueva%20carpeta,The emissions inventory can be accessed (unrestricted) on the link provided,2023,Same - covers entire jurisdiction and nothing else,31738,,Global Protocol for Community-Scale Greenhouse Gas Emissions Inventories (GPC),Other regionally/nationally developed tool/process: Programa País Carbono Neutro Cantonal (PPCNC 2.0),N2O|CO2|CH4,Default IPCC emission factors,Do not know,"Yes, internally audited/verified (self-verification)",Activity data - Medium data quality,No changes to the methodology and/or boundary used when compared to the previously reported inventory,Informe de Gases de Efecto Invernadero 2023.pdf,"Actualmente se está actualizando el inventario de Gases de Efecto Invernadero del Cantón de Cañas para el año 2023, se espera tener el inventario a finales de noviembre del 2024."
2025 Disclosure Cycle,779465,CDP,848564,City of Zadar,City,Europe,Croatia,Public,Q3.1.1,Provide information on and an attachment (in spreadsheet format)/ direct link to your main community-wide GHG emissions inventory.,1,Response,Cetverogodisnje_izvjesce_SECAP_Zadar-final.pdf,https://www.grad-zadar.hr/repos/doc/SECAP_Zadar.pdf,The emissions inventory has been attached,2024,Same - covers entire jurisdiction and nothing else,73000,,2006 IPCC Guidelines for National Greenhouse Gas Inventories,Do not know,CO2,Default IPCC emission factors,"Other: According to the Covenant of Mayors guidelines, used standard emission factors (first IPCC methodology calculation level). For the electricity used specific emission factor according to the European Commission's Joint Research Centre data.","Yes, internally and externally audited/verified",Activity data - Medium data quality,No changes to the methodology and/or boundary used when compared to the previously reported inventory,SECAP_Zadar.pdf,https://www.grad-zadar.hr/dokumenti-1051/
2025 Disclosure Cycle,779465,CDP,848567,Mid-America Regional Council,City,North America,United States of America,Public,Q3.1.1,Provide information on and an attachment (in spreadsheet format)/ direct link to your main community-wide GHG emissions inventory.,1,Response,SHARED MARC GPC Emissions Report.xlsx,,The emissions inventory has been attached,2023,Same - covers entire jurisdiction and nothing else,2137829,,Global Protocol for Community-Scale Greenhouse Gas Emissions Inventories (GPC) reported in the format of GCoM Common Reporting Framework (CRF),Other: ScenaCommunity spatial energy and emissions modeling tool,CH4|CO2|N2O|PFCs|SF6|HFCs|NF3,Default IPCC emission factors,IPCC Sixth Assessment Report (2021),"No, not audited/verified",Emissions factors - Medium data quality|Activity data - Medium data quality,"Yes, due to changes in calculation methodology or improvements in data access and/or accuracy but this has not triggered a recalculation of historic emissions data",2015 GGI.docx,
2025 Disclosure Cycle,779465,CDP,848568,"Metropolitan Council, Twin Cities",City,North America,United States of America,Public,Q3.1.1,Provide information on and an attachment (in spreadsheet format)/ direct link to your main community-wide GHG emissions inventory.,1,Response,county_2022_inventory.csv,https://metropolitan-council.github.io/ghg-cprg/,The emissions inventory has been attached and can be accessed (unrestricted) on the link provided,2021/2022,"Other: As it was completed as part of a federal grant (Climate Pollution Reduction Planning Grant), the main inventory (linked) covers 4 additional counties outside the Met Council region, per the EPA's Metropolitan Statistical Area definition.",3186349,,Jurisdiction specific methodology,Internal tool/process,HFCs|CO2|N2O|CH4|SF6,National/sub-national emission factors: US EPA emission factors,IPCC Sixth Assessment Report (2021),"Yes, internally audited/verified (self-verification)",Emissions factors - Medium data quality|Activity data - High data quality,No changes to the methodology and/or boundary used as this is the jurisdictions first year reporting an emissions inventory,,
2025 Disclosure Cycle,779465,CDP,848950,Ushuaia,City,Latin America,Argentina,Public,Q3.1.1,Provide information on and an attachment (in spreadsheet format)/ direct link to your main community-wide GHG emissions inventory.,1,Response,Resultados Ushuaia_Reporte.xlsx,No hay enlace,The emissions inventory has been attached,2021,Same - covers entire jurisdiction and nothing else,82615,,Global Protocol for Community-Scale Greenhouse Gas Emissions Inventories (GPC) reported in the format of GCoM Common Reporting Framework (CRF),Internal tool/process,CH4|CO2|N2O,Default IPCC emission factors,Other: Se obtiene del último informe del IPCC y de los informes bienales de Argentina,"No, not audited/verified",Emissions factors - High data quality|Activity data - Medium data quality,No changes to the methodology and/or boundary used when compared to the previously reported inventory,Resultados Ushuaia_Reporte (2018).xlsx,"Se utilizó la herramienta de cálculo desarrollada por la Red Argentina de Municipios frente al Cambio Climático, que fue diseñada en base al protocolo GPC para inventarios de emisiones de GEI para ciudades argentinas.\n"
2025 Disclosure Cycle,779465,CDP,848981,City of Ormoc,City,South East Asia & Oceania,Philippines,Public,Q3.1.1,Provide information on and an attachment (in spreadsheet format)/ direct link to your main community-wide GHG emissions inventory.,1,Response,,https://drive.google.com/drive/folders/188R_bq3leU22n7zkYcUmJRFpgfhdNS8b?usp=sharing,The emissions inventory can be accessed (unrestricted) on the link provided,2017,Same - covers entire jurisdiction and nothing else,224860.0,,Regional or country/area specific methodology,Other regionally/nationally developed tool/process: Spreadsheet for Community-Level Greenhouse Gas (GHG) Inventory Quantification in the Philippines,CO2|CH4|N2O,,IPCC Second Assessment Report (1995),"No, not audited/verified",Activity data - Medium data quality|Emissions factors - Medium data quality,No changes to the methodology and/or boundary used when compared to the previously reported inventory,,"The greenhouse gas (GHG) inventory of Ormoc City was conducted to produce a baseline of the emissions at the community level (city level). The observation year is 2017. Its inventory was processed through the GHG Inventory Quantification Support Spreadsheet developed with Community-level GHG Inventory for Local Government Units in the Philippines User's Manual by the Climate Change Commission.The population of the city based on the national statistics authority in 2015 was 215,031 with a projection based on a 2.26% growth rate. "
2025 Disclosure Cycle,779465,CDP,848998,Villa de Merlo,City,Latin America,Argentina,Public,Q3.1.1,Provide information on and an attachment (in spreadsheet format)/ direct link to your main community-wide GHG emissions inventory.,1,Response,IGEI Villa de Merlo_Reporte.xlsx,no hay,The emissions inventory has been attached,2023,Same - covers entire jurisdiction and nothing else,25656,,Global Protocol for Community-Scale Greenhouse Gas Emissions Inventories (GPC) reported in the format of GCoM Common Reporting Framework (CRF),Internal tool/process,CO2|N2O|CH4,Default IPCC emission factors,Other: Se obtiene del último informe del IPCC y de los informes Bienales de la Argentina,"No, not audited/verified",Emissions factors - High data quality|Activity data - Medium data quality,No changes to the methodology and/or boundary used when compared to the previously reported inventory,IGEI Villa de Merlo_2018_reporte.xlsx,"Se utilizó la herramienta de cálculo desarrollada por la Red Argentina de Municipios frente al Cambio Climático, que fue diseñada en base al protocolo GPC para inventarios de emisiones de GEI para ciudades argentinas.\n"
2025 Disclosure Cycle,779465,CDP,849039,Ceres (Argentina),City,Latin America,Argentina,Public,Q3.1.1,Provide information on and an attachment (in spreadsheet format)/ direct link to your main community-wide GHG emissions inventory.,1,Response,IGEI Ceres_Reporte.xlsx,no hay,The emissions inventory has been attached,2023,Same - covers entire jurisdiction and nothing else,16600,,Global Protocol for Community-Scale Greenhouse Gas Emissions Inventories (GPC) reported in the format of GCoM Common Reporting Framework (CRF),Internal tool/process,N2O|CH4|CO2,Default IPCC emission factors,Other: Se obtiene del último informe del IPCC y de los informes Bienales de la Argentina,"No, not audited/verified",Emissions factors - High data quality|Activity data - Medium data quality,No changes to the methodology and/or boundary used when compared to the previously reported inventory,IGEI Ceres_Reporte_2018.xlsx,"Se utilizó la herramienta de cálculo desarrollada por la Red Argentina de Municipios frente al Cambio Climático, que fue diseñada en base al protocolo GPC para inventarios de emisiones de GEI para ciudades argentinas.\n"
2025 Disclosure Cycle,779465,CDP,849051,Udaipur Municipal Corporation,City,India,India,Public,Q3.1.1,Provide information on and an attachment (in spreadsheet format)/ direct link to your main community-wide GHG emissions inventory.,1,Response,Udaipur_Reporting Summary_CDP_GHG Inventory Summary and Emission Factors_2021-22 Final.xlsx,Udaipur_Reporting Summary_CDP_GHG Inventory Summary and Emission Factors_2021-22 Final,The emissions inventory has been attached,2021/2022,Same - covers entire jurisdiction and nothing else,554148,,Global Protocol for Community-Scale Greenhouse Gas Emissions Inventories (GPC) reported in the format of GCoM Common Reporting Framework (CRF),,CH4|CO2|N2O,Default IPCC emission factors,IPCC Fourth Assessment Report (2007),"Yes, externally audited/verified (third-party verification)",Activity data - High data quality|Emissions factors - High data quality,,,
2025 Disclosure Cycle,779465,CDP,850585,Municipality of Ambato,City,Latin America,Ecuador,Public,Q3.1.1,Provide information on and an attachment (in spreadsheet format)/ direct link to your main community-wide GHG emissions inventory.,1,Response,P3_Formulario_de_Reporte_estimaciones_2022_ILGEI_Ambato_V09092024.xlsx,ADJUNTO,The emissions inventory has been attached,2022,Same - covers entire jurisdiction and nothing else,370664,,Global Protocol for Community-Scale Greenhouse Gas Emissions Inventories (GPC) reported in the format of GCoM Common Reporting Framework (CRF),Consultancy-developed tool/process: Archivo excel desarrollado en la segunda estrategia nacional GCOM ECUADOR,CH4|CO2|N2O,Default IPCC emission factors,IPCC Sixth Assessment Report (2021),"Yes, internally audited/verified (self-verification)",Emissions factors - Medium data quality|Activity data - High data quality,No changes to the methodology and/or boundary used as this is the jurisdictions first year reporting an emissions inventory,Informe_ILGEI_Ambato_09092024.pdf,Es el primer inventario para el año 2022 del canton Ambato
2025 Disclosure Cycle,779465,CDP,852443,"Ferndale, MI",City,North America,United States of America,Public,Q3.1.1,Provide information on and an attachment (in spreadsheet format)/ direct link to your main community-wide GHG emissions inventory.,1,Response,,https://legistarweb-production.s3.amazonaws.com/uploads/attachment/pdf/894576/FINAL_FINAL_GHG_Emissions_Inventory_Report.pdf ,The emissions inventory can be accessed (unrestricted) on the link provided,2018,Same - covers entire jurisdiction and nothing else,19200.0,,International Emissions Analysis Protocol (ICLEI),Other: ICLEI's ClearPath Tool,CO2|CH4|N2O,,Do not know,"No, not audited/verified",,,,
2025 Disclosure Cycle,779465,CDP,852445,"Gainesville, FL",City,North America,United States of America,Public,Q3.1.1,Provide information on and an attachment (in spreadsheet format)/ direct link to your main community-wide GHG emissions inventory.,1,Response,2025-255B City of Gainesville GHG Inventory Report FY2023 Rev3 20250403.pdf,https://www.gainesvillefl.gov/Government-Pages/Government/Departments/Climate-Action,The emissions inventory has been attached,2022,Same - covers entire jurisdiction and nothing else,141085.0,U.S. Community Protocol for Accounting and Reporting of Greenhouse Gas Emissions (ICLEI USA),,ICLEI ClearPath,CH4|N2O|CO2,Default IPCC emission factors,IPCC Fifth Assessment Report (2013),"Yes, internally and externally audited/verified",Emissions factors - High data quality|Activity data - High data quality,No changes to the methodology and/or boundary used when compared to the previously reported inventory,gainesville_2019_inventoryreport.pdf,GHG inventory done for the City by Jacobs Engineering
2025 Disclosure Cycle,779465,CDP,852466,South Gloucestershire Council,City,UKWW,United Kingdom,Public,Q3.1.1,Provide information on and an attachment (in spreadsheet format)/ direct link to your main community-wide GHG emissions inventory.,1,Response,"2005-23-uk-local-authority-ghg-emissions-dl-10-09-25.xlsx,2005-23-uk-local-authority-ghg-emissions-dl-10-09-25.xlsx",https://www.gov.uk/government/statistics/uk-local-authority-and-regional-greenhouse-gas-emissions-statistics-2005-to-2023,The emissions inventory has been attached and can be accessed (unrestricted) on the link provided,2023,Same - covers entire jurisdiction and nothing else,299439,Regional or country/area specific methodology,,Other regionally/nationally developed tool/process: Department for Energy Security and Net Zero data,CO2|N2O|CH4,National/sub-national emission factors: https://www.gov.uk/government/publications/greenhouse-gas-reporting-conversion-factors-2024,IPCC Fifth Assessment Report (2013),,,,,Greenhouse gas emissions conversion factors:https://www.gov.uk/government/publications/greenhouse-gas-reporting-conversion-factors-2025
2025 Disclosure Cycle,779465,CDP,852473,Sandwell Metropolitan Borough Council,City,UKWW,United Kingdom,Public,Q3.1.1,Provide information on and an attachment (in spreadsheet format)/ direct link to your main community-wide GHG emissions inventory.,1,Response,SCATTER_sandwell_CDP-report-inventory_2020 (1).xlsx,,The emissions inventory has been attached,2020,Same - covers entire jurisdiction and nothing else,341436,Global Protocol for Community-Scale Greenhouse Gas Emissions Inventories (GPC),,SCATTER,CH4|N2O|CO2,Default IPCC emission factors,IPCC Fourth Assessment Report (2007),,,,,
2025 Disclosure Cycle,779465,CDP,852524,Westminster City Council,City,UKWW,United Kingdom,Public,Q3.1.1,Provide information on and an attachment (in spreadsheet format)/ direct link to your main community-wide GHG emissions inventory.,1,Response,,https://scattercities.com/data/crf-reporting,The emissions inventory can be accessed (unrestricted) on the link provided,2020,Same - covers entire jurisdiction and nothing else,253000.0,Global Protocol for Community-Scale Greenhouse Gas Emissions Inventories (GPC) reported in the format of GCoM Common Reporting Framework (CRF),,SCATTER,CO2|N2O|CH4,Default IPCC emission factors,IPCC Fourth Assessment Report (2007),"Yes, internally and externally audited/verified",Activity data - High data quality,"Yes, due to a change to the inventory boundary but this has not triggered a recalculation of historic emissions data",,N/A
2025 Disclosure Cycle,779465,CDP,854050,"City of Nanaimo, BC",City,North America,Canada,Public,Q3.1.1,Provide information on and an attachment (in spreadsheet format)/ direct link to your main community-wide GHG emissions inventory.,1,Response,rdn_ghg_calculator_20250714_1.xlsx,Attached spreadsheet with accompanying word document on methods ,The emissions inventory has been attached,2022/2023,Same - covers entire jurisdiction and nothing else,110591,,Global Protocol for Community-Scale Greenhouse Gas Emissions Inventories (GPC),Internal tool/process,NF3|N2O|HFCs|CH4|SF6|PFCs|CO2,National/sub-national emission factors: NRCAN,IPCC Fifth Assessment Report (2013),"Yes, internally and externally audited/verified",Emissions factors - Medium data quality,"Yes, due to changes in calculation methodology or improvements in data access and/or accuracy and this has triggered a recalculation of historic emissions data","rdn_ghg_2024_gpc_dft_rpt_20250626_1.docx,rdn_ghg_member_summary_rpt_20250626_1.docx",see attached spreadsheet.
2025 Disclosure Cycle,779465,CDP,856655,Cardiff Capital Region,City,UKWW,United Kingdom,Public,Q3.1.1,Provide information on and an attachment (in spreadsheet format)/ direct link to your main community-wide GHG emissions inventory.,1,Response,Emissions Inventory CCR 2025 (BEIS 2017-2023) v.1.xlsx,BEIS UK local authority and regional greenhouse gas emissions national statistics: 2005-2023,The emissions inventory has been attached,2023,Same - covers entire jurisdiction and nothing else,1560195,Regional or country/area specific methodology,,Other regionally/nationally developed tool/process: UK Government BEIS data has been used to compile the inventory consolidating the 10 Local Authority Territorial GHG emissions data sets.,N2O|CO2|CH4,National/sub-national emission factors: BEIS 2022 GHG reporting conversion factors,Other: IPCC AR5 global warming potential values,"Yes, externally audited/verified (third-party verification)",Emissions factors - High data quality,No changes to the methodology and/or boundary used when compared to the previously reported inventory,SCATTER_cardiff_capital_region_CDP-report-inventory_2020.xlsx,"CCR measure progress utilising BEIS annual publication of UK local authority and regional greenhouse gas emissions national statistics: 2005-2023 which provides territorial emissions by Local Authority area and is consolidated for the region. We have prepared a bespoke emissions inventory based on BEIS emissions to measure progress. SCATTER report provides a full emissions inventory for the region as based on source data from BEIS and other national databases. The Cardiff Capital Region Energy Vision focuses on the energy system, so excludes a proportion of these reported emissions *around 30% is excluded from the strategy which focuses on decarbonising energy systems. The SCATTER report covering the CCR (10 Local Authority areas) published in September 2024 has also been uploaded reflecting 2020 data for the region and a breakdown of Scope 1, 2 and 3 emission categories. \nNB DESNZ have decided not to proceed with SCATTER for this year and launched a survey in June 2025 to seek more information about what they need to provide as an alternative to SCATTER. We understand we can submit 2020 data from SCATTER for this year whist DESNZ appraise next steps and will not be penalised.\n"
2025 Disclosure Cycle,779465,CDP,859096,Kamakura City,City,Japan,Japan,Public,Q3.1.1,Provide information on and an attachment (in spreadsheet format)/ direct link to your main community-wide GHG emissions inventory.,1,Response,14204.xlsx,https://www.env.go.jp/policy/local_keikaku/data/karte/xlsx/14204.xlsx,The emissions inventory can be accessed (unrestricted) on the link provided,2022,Same - covers entire jurisdiction and nothing else,176460,,Regional or country/area specific methodology,Other: 国の政令で定められた地球温暖化係数を使用（地球温暖化対策推進法施行令第4条）,NF3|SF6|HFCs|CH4|CO2|PFCs|N2O,National/sub-national emission factors: 算定・報告・公表制度における算定方法・排出係数を使用,IPCC Fourth Assessment Report (2007),"No, not audited/verified",Activity data - High data quality,No changes to the methodology and/or boundary used when compared to the previously reported inventory,14204.pdf,環境省：算定・報告・公表制度における算定方法・排出係数一覧\nhttps://ghg-santeikohyo.env.go.jp/calc\n環境省：自治体排出量カルテ\nhttps://www.env.go.jp/policy/local_keikaku/tools/karte.html
2025 Disclosure Cycle,779465,CDP,859097,Yamato City,City,Japan,Japan,Public,Q3.1.1,Provide information on and an attachment (in spreadsheet format)/ direct link to your main community-wide GHG emissions inventory.,1,Response,,https://www.city.yamato.lg.jp/material/files/group/24/2022_kuikisisaku_PDF.pdf\n,The emissions inventory can be accessed (unrestricted) on the link provided,2022,Same - covers entire jurisdiction and nothing else,242680,Regional or country/area specific methodology,,Government of Japan Ministry of Environment Manual (Japan),SF6|PFCs|NF3|HFCs|CO2|CH4|N2O,National/sub-national emission factors: 環境省「地球温暖化対策実行計画（区域施策編）策定・実施マニュアル（算定手法編）」による,IPCC Sixth Assessment Report (2021),,,,,"2022年の大和市の人口一人当たりのGHG排出量は4,260t-CO2です。これは日本(8,660)、神奈川県(6,550)、全世界（4,800）を大きく下回ると共に、デンマーク(4,940)、フランス(4,760)なども下回っています。"
2025 Disclosure Cycle,779465,CDP,859128,Makinohara City,City,Japan,Japan,Public,Q3.1.1,Provide information on and an attachment (in spreadsheet format)/ direct link to your main community-wide GHG emissions inventory.,1,Response,,https://www.env.go.jp/policy/local_keikaku/tools/karte.html\n,The emissions inventory can be accessed (unrestricted) on the link provided,2021,Same - covers entire jurisdiction and nothing else,44560,Regional or country/area specific methodology,,Government of Japan Ministry of Environment Manual (Japan),CO2,National/sub-national emission factors: 電気事業者別化移出係数（特定排出者の温室ガス排出量算定用）環境省・経済産業省公表,IPCC Fourth Assessment Report (2007),"No, not audited/verified",Activity data - Medium data quality,No changes to the methodology and/or boundary used when compared to the previously reported inventory,,https://ghg-santeikohyo.env.go.jp/calc\n\n算定方法・排出係数一覧（環境省）
2025 Disclosure Cycle,779465,CDP,859135,Higashiura Town,City,Japan,Japan,Public,Q3.1.1,Provide information on and an attachment (in spreadsheet format)/ direct link to your main community-wide GHG emissions inventory.,1,Response,"【インベントリデータ】 .xlsx,【インベントリデータ】 .xlsx,【インベントリデータ】 .xlsx",https://covenantofmayors-japan.jp/helpful-information/inventorydata/,The emissions inventory can be accessed (unrestricted) on the link provided,2022/2023,Same - covers entire jurisdiction and nothing else,50162,,Regional or country/area specific methodology,Other: 世界首長誓約「日本事務局」が提供するインベントリデータ,CO2,National/sub-national emission factors: https://www.env.go.jp/policy/local_keikaku/tools/karte.html,Do not know,"Yes, internally audited/verified (self-verification)",Activity data - Medium data quality,No changes to the methodology and/or boundary used as this is the jurisdictions first year reporting an emissions inventory,,温室効果ガス排出インベントリについて、本町で策定している地球温暖化対策実行計画（区域施策編）では、環境省の自治体排出量カルテを使用していますが、本調査の回答では最新の二酸化炭素排出量が確認できる、世界首長誓約日本事務局提供のインベントリデータの数値を掲載しています。
2025 Disclosure Cycle,779465,CDP,859167,Imabari City,City,Japan,Japan,Public,Q3.1.1,Provide information on and an attachment (in spreadsheet format)/ direct link to your main community-wide GHG emissions inventory.,1,Response,,https://www.env.go.jp/policy/local_keikaku/data/karte/pdf/38202.pdf,The emissions inventory can be accessed (unrestricted) on the link provided,2020,Same - covers entire jurisdiction and nothing else,151672.0,Regional or country/area specific methodology,,Other regionally/nationally developed tool/process: 自治体排出量カルテ,CH4|CO2|N2O,Do not know,Do not know,"No, not audited/verified",,,,
2025 Disclosure Cycle,779465,CDP,859168,Saijo City,City,Japan,Japan,Public,Q3.1.1,Provide information on and an attachment (in spreadsheet format)/ direct link to your main community-wide GHG emissions inventory.,1,Response,,https://www.city.saijo.ehime.jp/uploaded/attachment/77384.pdf,The emissions inventory can be accessed (unrestricted) on the link provided,2021,Same - covers entire jurisdiction and nothing else,106265,Regional or country/area specific methodology,,Government of Japan Ministry of Environment Manual (Japan),CO2,National/sub-national emission factors: 温対法に対応して排出インベントリを作成している,IPCC Fourth Assessment Report (2007),"No, not audited/verified",Activity data - Medium data quality,"Yes, due to changes in calculation methodology or improvements in data access and/or accuracy and this has triggered a recalculation of historic emissions data",,特になし
2025 Disclosure Cycle,779465,CDP,860640,Junta Intermunicipal de Medio Ambiente Altos Norte (JIAN),City,Latin America,Mexico,Public,Q3.1.1,Provide information on and an attachment (in spreadsheet format)/ direct link to your main community-wide GHG emissions inventory.,1,Response,Anexo metodológico Inventario GEI Región Altos Norte (1).pdf,https://drive.google.com/drive/folders/1W3VGm_5lYSZOTV7YFE17hYzeUf7JHT5U?usp=drive_link,The emissions inventory has been attached and can be accessed (unrestricted) on the link provided,2018,Same - covers entire jurisdiction and nothing else,400000.0,2006 IPCC Guidelines for National Greenhouse Gas Inventories,,Do not know,CO2|CH4|N2O,Do not know,Do not know,"No, not audited/verified",Activity data - High data quality,No changes to the methodology and/or boundary used when compared to the previously reported inventory,,
2025 Disclosure Cycle,779465,CDP,861779,Järfälla Municipality,City,Europe,Sweden,Public,Q3.1.1,Provide information on and an attachment (in spreadsheet format)/ direct link to your main community-wide GHG emissions inventory.,1,Response,Kommunrapport_jarfalla_vaxthusgaser_totalt_.xlsx,https://nationellaemissionsdatabasen.smhi.se/,The emissions inventory has been attached,2023/2024,Same - covers entire jurisdiction and nothing else,86330,"Other: The national database for emissions to air holds data from the Swedish inventories, e.g. from the reporting to the United Nations Framework Convention on Climate Change (UNFCCC) and Convention on Long-Range Transboundary Air Pollution (CLRTAP).",,Other regionally/nationally developed tool/process: Carbon budget from Klimatsekretariatet and Uppsala University,SF6|HFCs|N2O|CO2|CH4|PFCs,National/sub-national emission factors: Transport Industry Agriculture Energy and Heating Heating of housholds Work machines Waste Product use International transportation,IPCC Sixth Assessment Report (2021),"Yes, externally audited/verified (third-party verification)",Activity data - High data quality|Emissions factors - High data quality,"Yes, due to a change to the inventory boundary but this has not triggered a recalculation of historic emissions data",,https://jarfalla.hallbarometern.se/klimat-och-miljo/miljoplan-2023-2030/minskad-klimatpaverkan/minskade-koldioxidutslapp/utslapp-av-vaxthusgaser-totalt/
2025 Disclosure Cycle,779465,CDP,861790,Wokingham Borough Council,City,UKWW,United Kingdom,Public,Q3.1.1,Provide information on and an attachment (in spreadsheet format)/ direct link to your main community-wide GHG emissions inventory.,1,Response,SCATTER_wokingham_CDP-report-inventory_2020.xlsx,Attached,The emissions inventory has been attached,2020,Same - covers entire jurisdiction and nothing else,171789,Global Protocol for Community-Scale Greenhouse Gas Emissions Inventories (GPC) reported in the format of GCoM Common Reporting Framework (CRF),,SCATTER,CO2,Default IPCC emission factors,Do not know,"No, not audited/verified",Activity data - Medium data quality,"Yes, due to changes in calculation methodology or improvements in data access and/or accuracy but this has not triggered a recalculation of historic emissions data",,"The data included within the SCATTER approach follows national methodologies and scopes, which differ slightly from the scopes within our Borough Action Plan due to the limited influence we have over certain elements."
2025 Disclosure Cycle,779465,CDP,862419,Sumbawa Regency,City,South East Asia & Oceania,Indonesia,Public,Q3.1.1,Provide information on and an attachment (in spreadsheet format)/ direct link to your main community-wide GHG emissions inventory.,1,Response,Dokumen RAD Perubahan Iklim Kabupaten Sumbawa.pdf,Sumbawa district greenhouse gas reduction regional action plan document ,The emissions inventory has been attached,2017,Same - covers entire jurisdiction and nothing else,445503.0,2006 IPCC Guidelines for National Greenhouse Gas Inventories,,SIGN-SMART (Indonesia),N2O|CH4|CO2,Default IPCC emission factors,IPCC Fourth Assessment Report (2007),"Yes, internally audited/verified (self-verification)",Activity data - Medium data quality,No changes to the methodology and/or boundary used when compared to the previously reported inventory,"Dokumen PRKBI Kabupaten Sumbawa.pdf,Dokumen RAD Perubahan Iklim Kabupaten Sumbawa.pdf,Laporan Akhir Penyusunan Dokumen Analisis Perubahan Tutupan Lahan pada KPHL Ampang Plampang.pdf","Greenhouse gas emission calculations were carried out in 2017 with the base data from 2009 to 2016. Greenhouse gas calculations were converted into CO2 equivalent for each sector. Namely the agriculture, livestock, energy, transportation, waste and forestry sectors. "
2025 Disclosure Cycle,779465,CDP,862504,Posadas,City,Latin America,Argentina,Public,Q3.1.1,Provide information on and an attachment (in spreadsheet format)/ direct link to your main community-wide GHG emissions inventory.,1,Response,IGEI Posadas_Reporte.xlsx,no hay,The emissions inventory has been attached,2022,Same - covers entire jurisdiction and nothing else,307412,,Global Protocol for Community-Scale Greenhouse Gas Emissions Inventories (GPC) reported in the format of GCoM Common Reporting Framework (CRF),Internal tool/process,N2O|CO2|CH4,Default IPCC emission factors,Other: ,"No, not audited/verified",Emissions factors - High data quality|Activity data - Medium data quality,No changes to the methodology and/or boundary used when compared to the previously reported inventory,IGEI Posadas 2018_Reporte.xlsx,no hay
2025 Disclosure Cycle,779465,CDP,862505,Cheltenham Borough Council,City,UKWW,United Kingdom,Public,Q3.1.1,Provide information on and an attachment (in spreadsheet format)/ direct link to your main community-wide GHG emissions inventory.,1,Response,SCATTER_cheltenham_Inventory_2020 (1).xlsx,SCATTER,The emissions inventory has been attached,2020,Same - covers entire jurisdiction and nothing else,118800,Global Protocol for Community-Scale Greenhouse Gas Emissions Inventories (GPC),,SCATTER,CO2|CH4|N2O,National/sub-national emission factors: Government Conversion Factors,IPCC Fourth Assessment Report (2007),,,,,
2025 Disclosure Cycle,779465,CDP,862520,Surrey County Council,City,UKWW,United Kingdom,Public,Q3.1.1,Provide information on and an attachment (in spreadsheet format)/ direct link to your main community-wide GHG emissions inventory.,1,Response,Surrey Emissions Inventory 2023.xlsx,n/a,The emissions inventory has been attached,2023/2024,Same - covers entire jurisdiction and nothing else,1203108.0,Regional or country/area specific methodology,,Other regionally/nationally developed tool/process: National Government Statistics,N2O|CH4|CO2,National/sub-national emission factors: National Government,IPCC Fifth Assessment Report (2013),"Yes, internally and externally audited/verified",Emissions factors - High data quality|Activity data - High data quality,"Yes, due to changes in calculation methodology or improvements in data access and/or accuracy but this has not triggered a recalculation of historic emissions data",,Spreadsheet includes historical emissions inventories back to 2018
2025 Disclosure Cycle,779465,CDP,862673,"City of Selkirk, MB",City,North America,Canada,Public,Q3.1.1,Provide information on and an attachment (in spreadsheet format)/ direct link to your main community-wide GHG emissions inventory.,1,Response,Selkirk City-Wide GHG Inventory - 2024.xlsx,N/A,The emissions inventory has been attached,2024,Same - covers entire jurisdiction and nothing else,10504.0,Global Protocol for Community-Scale Greenhouse Gas Emissions Inventories (GPC),,Internal tool/process,N2O|CH4|CO2,Default IPCC emission factors,IPCC Sixth Assessment Report (2021),"No, not audited/verified",Activity data - Medium data quality,No changes to the methodology and/or boundary used when compared to the previously reported inventory,"City of Selkirk Community GHG Emission Trends 2020-2024.pdf,City of Selkirk Corporate GHG Emission Trends 2016-2024.pdf",https://www.myselkirk.ca/ghgreporting/
2025 Disclosure Cycle,779465,CDP,862760,"City of Oxford, OH",City,North America,United States of America,Public,Q3.1.1,Provide information on and an attachment (in spreadsheet format)/ direct link to your main community-wide GHG emissions inventory.,1,Response,"DRAFT Oxford, Ohio - 2023 Greenhouse Gas Inventory - No MU (6).xlsx,Final Oxford, Ohio - 2023 Greenhouse Gas Inventory (1) (1).xlsx,Oxford, Ohio No MU - 2023 Greenhouse Gas Inventory .xlsx",NA,The emissions inventory has been attached,2023,"Other: Excludes Miami University, as they are a separate entity of the State within Oxford boundaries.",23000.0,,"U.S. EPA Greenhouse Gas Reporting Program (includes US EPA SIT tool, FLIGHT tool etc.)",US EPA Greenhouse Gas Inventory Tool (US),CH4|N2O|CO2,Default IPCC emission factors,IPCC Fifth Assessment Report (2013),"Yes, internally audited/verified (self-verification)",Activity data - Medium data quality,"Yes, due to changes in calculation methodology or improvements in data access and/or accuracy but this has not triggered a recalculation of historic emissions data",OxfordCSCY2019_withoutMiami_inventory_detail.xlsx,"2019 baseline inventory conducted using Clearpath, 2023 inventory conducted using US EPA Local GHG Inventory Tool by Power a Clean Future Ohio.\n\nMiami University excluded in inventory because they are a separate entity of the State of Ohio and Oxford City Council adopted climate goals excluding the University. "
2025 Disclosure Cycle,779465,CDP,862814,"South-East Region of Ireland (Kilkenny, Carlow, Wexford, and Waterford Counties)",City,Europe,Ireland,Public,Q3.1.1,Provide information on and an attachment (in spreadsheet format)/ direct link to your main community-wide GHG emissions inventory.,1,Response,"GHG emissions inventory SE 2023.xlsx,South East Summary Emissions (KtCO2 and GWh).docx",,The emissions inventory has been attached,2023/2024,Same - covers entire jurisdiction and nothing else,456228,Regional or country/area specific methodology,,Internal tool/process,NF3|PFCs|CO2|HFCs|N2O|CH4|SF6,,,,,,,Central Statistics Office Ireland\nMapELre.dk\nEnvironmental Protection Agency Ireland\nAgriculture and Food Development Authority\n
2025 Disclosure Cycle,779465,CDP,862909,"Blaine County, ID",City,North America,United States of America,Public,Q3.1.1,Provide information on and an attachment (in spreadsheet format)/ direct link to your main community-wide GHG emissions inventory.,1,Response,FINAL_Blaine County GHG Inventory_092524.xlsx,Not Available.,The emissions inventory has been attached,2023,Other: The inventory covers county jurisdiction as well as municipal jurisdiction.,24248,Global Protocol for Community-Scale Greenhouse Gas Emissions Inventories (GPC),,ICLEI ClearPath,CH4|CO2,Emission Factor Database (EFDB),IPCC Sixth Assessment Report (2021),"Yes, externally audited/verified (third-party verification)",Emissions factors - High data quality|Activity data - High data quality,"Yes, due to changes in calculation methodology or improvements in data access and/or accuracy but this has not triggered a recalculation of historic emissions data","Clean Energy Study_FINAL 221018[35] copy.pdf,Clean Energy Study_FINAL 221018[47] copy.pdf",Our first inventory was conducted in 2021 using 2018 data. Our second and latest inventory was conducted in 2024 using 2023 data.
2025 Disclosure Cycle,779465,CDP,862932,"Superior, CO",City,North America,United States of America,Public,Q3.1.1,Provide information on and an attachment (in spreadsheet format)/ direct link to your main community-wide GHG emissions inventory.,1,Response,,https://storymaps.arcgis.com/stories/b84cd2357f9a4a5f9e094309b692a41e,The emissions inventory can be accessed (unrestricted) on the link provided,2021,"Other: The inventory is for all of Boulder County, including the municipalities within (of which the Town of Superior is one).",13053.0,Global Protocol for Community-Scale Greenhouse Gas Emissions Inventories (GPC),,Other: Emissions and Generation Resource Integrated Database,CO2|N2O|HFCs|SF6|CH4|PFCs|NF3,Do not know,IPCC Sixth Assessment Report (2021),"Yes, externally audited/verified (third-party verification)",,No changes to the methodology and/or boundary used when compared to the previously reported inventory,,"The link to this document is not currently public on Boulder County's website, however it is available upon request."
2025 Disclosure Cycle,779465,CDP,862946,Manta,City,Latin America,Ecuador,Public,Q3.1.1,Provide information on and an attachment (in spreadsheet format)/ direct link to your main community-wide GHG emissions inventory.,1,Response,P3_Formulario_de_Reporte_estimaciones_2022_ILGEI_Manta_V09092024.xlsx,,The emissions inventory has been attached,2022,Same - covers entire jurisdiction and nothing else,271078,,Global Protocol for Community-Scale Greenhouse Gas Emissions Inventories (GPC) reported in the format of GCoM Common Reporting Framework (CRF),Consultancy-developed tool/process: Inventario generado en el marco de la plataforma ILGEI - SNIM Ecuador,CH4|N2O|CO2,Default IPCC emission factors,IPCC Fifth Assessment Report (2013),"Yes, internally audited/verified (self-verification)",Activity data - High data quality|Emissions factors - Medium data quality,No changes to the methodology and/or boundary used as this is the jurisdictions first year reporting an emissions inventory,Producto_III_Informe_Inventario_GEI_Manta_V21082024_limpio.pdf,"Primer inventario local de GEI del cantón Manta para el año 2022, efectuado para los sectores Energía Estacionaria, Transporte y Residuos. Se adjunta informe técnico"
2025 Disclosure Cycle,779465,CDP,862953,"District of North Vancouver, BC",City,North America,Canada,Public,Q3.1.1,Provide information on and an attachment (in spreadsheet format)/ direct link to your main community-wide GHG emissions inventory.,1,Response,"DNV Community Inventory 2024.v3 - FOR CDP.xlsx,energy-emissions-plan.pdf,energy-emissions-plan.pdf",https://dnv-docs.simplicitycms.ca/documents/energy-emissions-plan.pdf,The emissions inventory has been attached and can be accessed (unrestricted) on the link provided,2019,Same - covers entire jurisdiction and nothing else,88168.0,Global Protocol for Community-Scale Greenhouse Gas Emissions Inventories (GPC),,Internal tool/process,CO2|N2O|CH4,Default IPCC emission factors,IPCC Fourth Assessment Report (2007),,,,,The CEEP main inventory covers from 2007 to 2019. The most recent data is from an internal 2024 community emissions report.
2025 Disclosure Cycle,779465,CDP,863000,Lo Barnechea,City,Latin America,Chile,Public,Q3.1.1,Provide information on and an attachment (in spreadsheet format)/ direct link to your main community-wide GHG emissions inventory.,1,Response,"Inventario GEI 2025_CDP.xlsx,Inventario GEI 2025_CDP.xlsx",,The emissions inventory has been attached,2023,Same - covers entire jurisdiction and nothing else,129790,,Global Protocol for Community-Scale Greenhouse Gas Emissions Inventories (GPC) reported in the format of GCoM Common Reporting Framework (CRF),CIRIS,N2O|CH4|CO2,Default IPCC emission factors,IPCC Fifth Assessment Report (2013),"No, not audited/verified",Emissions factors - Medium data quality|Activity data - Medium data quality,"Yes, due to changes in calculation methodology or improvements in data access and/or accuracy but this has not triggered a recalculation of historic emissions data",CIRIS Lo Barnechea_Final.xlsx,No hay más documentación.
2025 Disclosure Cycle,779465,CDP,863190,Renca,City,Latin America,Chile,Public,Q3.1.1,Provide information on and an attachment (in spreadsheet format)/ direct link to your main community-wide GHG emissions inventory.,1,Response,Inventario 2021 Renca.docx.pdf,"Se ha adjuntado el inventario de emisiones 2021 de la comuna de Renca, esta es la ultima cuantificación de las emisiones que se ha realizado en la comuna. Ademas se ha adjuntado el inventario 2016, el cual fue presentado en el reporte anterior y corresponde al inventario linea base de Renca.\n\nToda la información que se reportara a continuación sera la que se encuentra disponible en ambos documentos, en especial la que corresponde a la ultima medición en relación a las emisiones generadas durante el 2021.",The emissions inventory has been attached,2021,Same - covers entire jurisdiction and nothing else,156576,,Global Protocol for Community-Scale Greenhouse Gas Emissions Inventories (GPC),Internal tool/process,N2O|NF3|CO2|SF6|PFCs|CH4|HFCs,Default IPCC emission factors,IPCC Fifth Assessment Report (2013),"No, not audited/verified",Activity data - Medium data quality|Activity data - Low data quality|Emissions factors - High data quality|Emissions factors - Medium data quality,"Yes, due to changes in calculation methodology or improvements in data access and/or accuracy but this has not triggered a recalculation of historic emissions data",Inventario 2016.pdf,No hay comentarios adicionales.
2025 Disclosure Cycle,779465,CDP,863201,Sanggau Regency,City,South East Asia & Oceania,Indonesia,Public,Q3.1.1,Provide information on and an attachment (in spreadsheet format)/ direct link to your main community-wide GHG emissions inventory.,1,Response,Laporan Akhir IGRK Kabupaten Sanggau Tahun 2024.pdf,https://signsmart.menlhk.go.id/v2.1/app/reports/worksheet/index/2022/5/368/forestry/3B1a_biomass_1/gain_loss_mineral\n\nhttps://drive.google.com/drive/folders/1R_Gzkjum9oBiqsdUuWr_F5ikaEmPr25t?usp=sharing\n,The emissions inventory can be accessed (unrestricted) on the link provided,2022/2023,Other: ,2024,Regional or country/area specific methodology,,SIGN-SMART (Indonesia),CH4,Local emission factors: ,Do not know,"No, not audited/verified",Activity data - Low data quality,Other: ,SE Bup Sgu_Siaga KARHUTLA SGU 2025.pdf,https://drive.google.com/drive/folders/1R_Gzkjum9oBiqsdUuWr_F5ikaEmPr25t?usp=sharing
2025 Disclosure Cycle,779465,CDP,863202,Trenggalek Regency,City,South East Asia & Oceania,Indonesia,Public,Q3.1.1,Provide information on and an attachment (in spreadsheet format)/ direct link to your main community-wide GHG emissions inventory.,1,Response,Inventarisasi Emisi CO2 Trenggalek 2018-2022.pdf,-,The emissions inventory has been attached,2023/2024,Same - covers entire jurisdiction and nothing else,739669,,2006 IPCC Guidelines for National Greenhouse Gas Inventories,Internal tool/process,CO2,Default IPCC emission factors,IPCC Fourth Assessment Report (2007),"Yes, internally audited/verified (self-verification)",Emissions factors - Medium data quality,No changes to the methodology and/or boundary used as this is the jurisdictions first year reporting an emissions inventory,,-
2025 Disclosure Cycle,779465,CDP,863224,East Central Florida Regional Planning Council,City,North America,United States of America,Public,Q3.1.1,Provide information on and an attachment (in spreadsheet format)/ direct link to your main community-wide GHG emissions inventory.,1,Response,eastcentralfloridaregionalboard_2022_GPC_REPORT_2025-08-29_16-58.xlsx,,The emissions inventory has been attached,2022,Same - covers entire jurisdiction and nothing else,4527940,,U.S. Community Protocol for Accounting and Reporting of Greenhouse Gas Emissions (ICLEI USA),ICLEI ClearPath,CH4|CO2|N2O,"Local emission factors: Emissions Factors in the Energy sector were utility provided for electricity generation, all other emission factors were as per ICLEI ClearPath 2.0",IPCC Fifth Assessment Report (2013),"Yes, internally and externally audited/verified",Activity data - Medium data quality|Emissions factors - High data quality,"Yes, due to changes in calculation methodology or improvements in data access and/or accuracy and this has triggered a recalculation of historic emissions data",eastcentralfloridaregionalboard_2019_GPC_REPORT_2025-08-29_17-13.xlsx,"2019 GHG inventory has been expanded, additional sectors are included on each tab within the additional/historical inventories attachment (residential energy, commercial energy, industrial energy, transportation and mobile sources, solid waste, water and wastewater, process and fugitive emissions and AFOLU)."
2025 Disclosure Cycle,779465,CDP,863405,"City of Boca Raton, FL",City,North America,United States of America,Public,Q3.1.1,Provide information on and an attachment (in spreadsheet format)/ direct link to your main community-wide GHG emissions inventory.,1,Response,Boca Raton 2021 Community-wide GHG Inventory.pdf,https://www.myboca.us/2279/2021-Greenhouse-Gas-Inventory,The emissions inventory has been attached,2021,Same - covers entire jurisdiction and nothing else,98776.0,Global Protocol for Community-Scale Greenhouse Gas Emissions Inventories (GPC),,ICLEI ClearPath,N2O|CO2|CH4,Local emission factors: Emission factors from FPL,IPCC Sixth Assessment Report (2021),"Other: We worked with ICLEI to complete a QA/QC of the inventory, but I am not sure if this qualifies as an audit.",Emissions factors - High data quality|Activity data - High data quality,"Yes, due to changes in calculation methodology or improvements in data access and/or accuracy and this has triggered a recalculation of historic emissions data",,None
2025 Disclosure Cycle,779465,CDP,863407,"Town of Durham, NH",City,North America,United States of America,Public,Q3.1.1,Provide information on and an attachment (in spreadsheet format)/ direct link to your main community-wide GHG emissions inventory.,1,Response,,https://www.ci.durham.nh.us/sites/default/files/fileattachments/sustainable_durham/page/65211/erin_dennehy_spring_report1_ghgis.pdf,The emissions inventory can be accessed (unrestricted) on the link provided,2022,Same - covers entire jurisdiction and nothing else,16293.0,,"Other: GHG Protocol, provided by SIMAP",Other: Custom tool using GHG- Protocol emissions factors from SIMAP® (Sustainability Indicator Management & Analysis Platform),CO2|N2O|CH4,"Local emission factors: Eversource, Unitil energy; and local emissions factors provided by ICLEI and UNH",IPCC Fifth Assessment Report (2013),"Yes, internally and externally audited/verified",Emissions factors - High data quality|Activity data - High data quality,No changes to the methodology and/or boundary used when compared to the previously reported inventory,,The 2019 inventory was reviewed and redone because it was incorrect.
2025 Disclosure Cycle,779465,CDP,863412,"City of Tumwater, WA",City,North America,United States of America,Public,Q3.1.1,Provide information on and an attachment (in spreadsheet format)/ direct link to your main community-wide GHG emissions inventory.,1,Response,CountyGHGAnalysisReport_Thurston.pdf,,The emissions inventory has been attached,2021/2022,"Other: Thurston County wide, which includes Tumwater",299003,,U.S. Community Protocol for Accounting and Reporting of Greenhouse Gas Emissions (ICLEI USA),Do not know,CH4|N2O|SF6|HFCs|PFCs|CO2,National/sub-national emission factors: See report for full list of emission factor sources.,Do not know,"No, not audited/verified",Emissions factors - High data quality|Activity data - High data quality,Other: This GHG inventory was completed on our behalf for the County and the consultant used their own calculation methodologies irregardless of our past inventories.,,
2025 Disclosure Cycle,779465,CDP,863419,"Town of New Glasgow, NS",City,North America,Canada,Public,Q3.1.1,Provide information on and an attachment (in spreadsheet format)/ direct link to your main community-wide GHG emissions inventory.,1,Response,"New Glasgow Community Emissions Inventory, 2018.pdf",,The emissions inventory has been attached,,Same - covers entire jurisdiction and nothing else,,,Regional or country/area specific methodology,ICLEI ClearPath,CO2|CH4|N2O,National/sub-national emission factors: Environment & Climate Change Canada (ECCC) listed emission factors,IPCC Fourth Assessment Report (2007),"No, not audited/verified",Activity data - Medium data quality,No changes to the methodology and/or boundary used as this is the jurisdictions first year reporting an emissions inventory,,
2025 Disclosure Cycle,779465,CDP,863470,Lago Agrio (Nueva Loja),City,Latin America,Ecuador,Public,Q3.1.1,Provide information on and an attachment (in spreadsheet format)/ direct link to your main community-wide GHG emissions inventory.,1,Response,P3_Formulario_de_Reporte_estimaciones_2022_ILGEI_Lago_Agrio_V09092024 (1).xlsx,\n\n\nArchivo adjunto\n,The emissions inventory has been attached and can be accessed (unrestricted) on the link provided,2022,Same - covers entire jurisdiction and nothing else,105044,,Global Protocol for Community-Scale Greenhouse Gas Emissions Inventories (GPC) reported in the format of GCoM Common Reporting Framework (CRF),Consultancy-developed tool/process: ,CO2|CH4|N2O,Default IPCC emission factors,IPCC Fifth Assessment Report (2013),"Yes, internally audited/verified (self-verification)",Emissions factors - Low data quality|Activity data - High data quality,No changes to the methodology and/or boundary used when compared to the previously reported inventory,,https://docs.google.com/document/d/1Ukr12T1-106QdF77cFXB46J4Ee3I2E9N/edit?usp=sharing&ouid=109602626487412702964&rtpof=true&sd=true\n
2025 Disclosure Cycle,779465,CDP,863533,San Antonio,City,Latin America,Chile,Public,Q3.1.1,Provide information on and an attachment (in spreadsheet format)/ direct link to your main community-wide GHG emissions inventory.,1,Response,Plan Local Cambio Climático San Antonio_versión final.pdf,No nay,The emissions inventory has been attached,2022,Same - covers entire jurisdiction and nothing else,92886,,Global Protocol for Community-Scale Greenhouse Gas Emissions Inventories (GPC),CIRIS,CH4|N2O|CO2,Default IPCC emission factors,IPCC Fourth Assessment Report (2007),"No, not audited/verified",Activity data - Medium data quality,"Yes, due to changes in calculation methodology or improvements in data access and/or accuracy but this has not triggered a recalculation of historic emissions data",,No hay
2025 Disclosure Cycle,779465,CDP,866887,"City of Bexley, OH",City,North America,United States of America,Public,Q3.1.1,Provide information on and an attachment (in spreadsheet format)/ direct link to your main community-wide GHG emissions inventory.,1,Response,FINAL City of Bexley - 2024 Greenhouse Gas Inventory (09102025).xlsx,https://docs.google.com/spreadsheets/d/1TjIz3MYH_Bxf9nfgvpMVA4WQMaE0EJ6Q/edit?usp=drive_link&ouid=106744114943371650744&rtpof=true&sd=true,The emissions inventory has been attached,2024/2025,Same - covers entire jurisdiction and nothing else,14000.0,Other: EPA's Local Greenhouse Gas Inventory Tool,,US EPA Greenhouse Gas Inventory Tool (US),CO2|CH4|N2O,Default IPCC emission factors,IPCC Fifth Assessment Report (2013),"No, not audited/verified",Activity data - Medium data quality,"Yes, due to changes in calculation methodology or improvements in data access and/or accuracy and this has triggered a recalculation of historic emissions data",,
2025 Disclosure Cycle,779465,CDP,866890,"City of Prairie Village, KS",City,North America,United States of America,Public,Q3.1.1,Provide information on and an attachment (in spreadsheet format)/ direct link to your main community-wide GHG emissions inventory.,1,Response,Primary PV Inventory.xlsx,,The emissions inventory has been attached,2018,Same - covers entire jurisdiction and nothing else,22048,Global Protocol for Community-Scale Greenhouse Gas Emissions Inventories (GPC),,Other: MS Excel,CO2|CH4|N2O,National/sub-national emission factors: EPA Emission Factors Hub 2020,IPCC Fourth Assessment Report (2007),"No, not audited/verified",Activity data - Medium data quality|Emissions factors - High data quality,"Yes, due to a change to the inventory boundary and this has triggered a recalculation of historic emissions data",,
2025 Disclosure Cycle,779465,CDP,866900,Delicias,City,Latin America,Mexico,Public,Q3.1.1,Provide information on and an attachment (in spreadsheet format)/ direct link to your main community-wide GHG emissions inventory.,1,Response,"PAC Delicias.pdf,PAC Delicias_Final_16.05.25.pdf",https://drive.google.com/file/d/17J7xMcfHL2Z5DQuscRwHnFWWhWEIN7bh/view?usp=sharing,The emissions inventory has been attached and can be accessed (unrestricted) on the link provided,2024/2025,Same - covers entire jurisdiction and nothing else,150506,,Global Protocol for Community-Scale Greenhouse Gas Emissions Inventories (GPC) reported in the format of GCoM Common Reporting Framework (CRF),,CO2|CH4|N2O,Default IPCC emission factors,IPCC Fourth Assessment Report (2007),"No, not audited/verified",Emissions factors - Medium data quality|Activity data - Medium data quality,Other: Es primera vez que se realiza en inventario por lo cual no hay fuente comparativa.,,"Se hizo un gran esfuerzo por proveedr datos concretos y actuales, sin embargo en el norte del país se carecen de organismos o instituciones que pueda proveer información, así como no hay una medición de lo que estamos produciendo en contaminación por fuentes."
2025 Disclosure Cycle,779465,CDP,867322,Prefeitura de Itabirito,City,Latin America,Brazil,Public,Q3.1.1,Provide information on and an attachment (in spreadsheet format)/ direct link to your main community-wide GHG emissions inventory.,1,Response,Relatorio_AEGEEc_Itabirito_V1_20-03-2023.pdf,Não há,The emissions inventory has been attached,2023,Same - covers entire jurisdiction and nothing else,53365,,2006 IPCC Guidelines for National Greenhouse Gas Inventories,ICLEI ClearPath,CH4|CO2|N2O,Default IPCC emission factors,IPCC Sixth Assessment Report (2021),"Yes, externally audited/verified (third-party verification)",Activity data - High data quality,"Yes, due to changes in calculation methodology or improvements in data access and/or accuracy but this has not triggered a recalculation of historic emissions data",,
2025 Disclosure Cycle,779465,CDP,884005,Dhaka South City,City,India,Bangladesh,Public,Q3.1.1,Provide information on and an attachment (in spreadsheet format)/ direct link to your main community-wide GHG emissions inventory.,1,Response,DSCC_2021-22 GHG Inventory results_29092023.docx,https://drive.google.com/drive/folders/1fCeNGvjdSBhM5Tm1-x45U20PIIFlbk6m?usp=sharing,The emissions inventory has been attached and can be accessed (unrestricted) on the link provided,2022/2023,Same - covers entire jurisdiction and nothing else,7000000.0,,Global Protocol for Community-Scale Greenhouse Gas Emissions Inventories (GPC),CIRIS,N2O|CH4|CO2,,IPCC Fifth Assessment Report (2013),"Yes, internally and externally audited/verified",Activity data - High data quality,"Yes, due to changes in calculation methodology or improvements in data access and/or accuracy and this has triggered a recalculation of historic emissions data",,https://drive.google.com/drive/folders/1fCeNGvjdSBhM5Tm1-x45U20PIIFlbk6m?usp=sharing
2025 Disclosure Cycle,779465,CDP,891125,Prefeitura de Aracruz,City,Latin America,Brazil,Public,Q3.1.1,Provide information on and an attachment (in spreadsheet format)/ direct link to your main community-wide GHG emissions inventory.,1,Response,inventory-BR ACZ-2022.csv,https://citycatalyst.io/pt/be29d114-9920-47b0-9a70-62ec2e412bc7/,The emissions inventory has been attached and can be accessed (unrestricted) on the link provided,2022,Same - covers entire jurisdiction and nothing else,95,,Global Protocol for Community-Scale Greenhouse Gas Emissions Inventories (GPC),Consultancy-developed tool/process: CityCatalyst (iCare Brasil),CO2,Default IPCC emission factors,Do not know,"Yes, externally audited/verified (third-party verification)",Emissions factors - High data quality|Activity data - High data quality,No changes to the methodology and/or boundary used as this is the jurisdictions first year reporting an emissions inventory,,
2025 Disclosure Cycle,779465,CDP,894049,San José de la Esquina,City,Latin America,Argentina,Public,Q3.1.1,Provide information on and an attachment (in spreadsheet format)/ direct link to your main community-wide GHG emissions inventory.,1,Response,IGEI San José de la Esquina_2022_Reporte .xlsx,no hay,The emissions inventory has been attached,2022,Same - covers entire jurisdiction and nothing else,8500,,Global Protocol for Community-Scale Greenhouse Gas Emissions Inventories (GPC) reported in the format of GCoM Common Reporting Framework (CRF),Internal tool/process,N2O|CH4|CO2,Default IPCC emission factors,Other: Se obtiene del último informe del IPCC y de los informes Bienales de la Argentina,"No, not audited/verified",Activity data - Medium data quality|Emissions factors - High data quality,No changes to the methodology and/or boundary used when compared to the previously reported inventory,IGEI SanJosédelaEsquina_2019_Reporte.xlsx,no hay
2025 Disclosure Cycle,779465,CDP,895257,Prefeitura de Barcarena,City,Latin America,Brazil,Public,Q3.1.1,Provide information on and an attachment (in spreadsheet format)/ direct link to your main community-wide GHG emissions inventory.,1,Response,,https://drive.google.com/file/d/1hL8eNNxA7z0tK2dYGuhhiO5XeZGjuefG/view?usp=drive_link,The emissions inventory can be accessed (unrestricted) on the link provided,2021/2022,"Other: Pela ausência de dados precisos quanto aos processos industriais referente a misturação de fertilizantes, beneficiamento de caulim e beneficiamento do alumínio para produção de cabos e ligas metálicas essas emissões não foram possíveis quantificar p",126650,,Global Protocol for Community-Scale Greenhouse Gas Emissions Inventories (GPC),Consultancy-developed tool/process: PLANILHA DE CÁLCULO MUNIDA DE,CH4|CO2|N2O,Default IPCC emission factors,"Other: 2006 IPCC Guidelines for National Greenhouse Gas Inventories. 2014 IPCC Global Warming Potential Values, Fifth Assessment Report (AR5).","Yes, internally and externally audited/verified",Activity data - High data quality|Emissions factors - High data quality,No changes to the methodology and/or boundary used as this is the jurisdictions first year reporting an emissions inventory,,PASTA DE DADOS REFERENTE AO 1º INVENTÁRIO DE EMISSÕES DE GASES DE EFEITO ESTUFA DE BARCARENA-PA:\n\nhttps://drive.google.com/drive/folders/1mCs41D349wqLFvnCncHOXUK_vcS3bj3_?usp=drive_link
2025 Disclosure Cycle,779465,CDP,895654,Segamat,City,South East Asia & Oceania,Malaysia,Public,Q3.1.1,Provide information on and an attachment (in spreadsheet format)/ direct link to your main community-wide GHG emissions inventory.,1,Response,20221117_CAP MPS GCoM_CIRIS_2018_ FINAL.xlsx,City Inventory Reporting and Information System (CIRIS),The emissions inventory has been attached,2018/2019,Same - covers entire jurisdiction and nothing else,152458.0,,Global Protocol for Community-Scale Greenhouse Gas Emissions Inventories (GPC) reported in the format of GCoM Common Reporting Framework (CRF),CIRIS,CO2|CH4|N2O,Default IPCC emission factors,IPCC Fifth Assessment Report (2013),"Yes, internally audited/verified (self-verification)",Activity data - Medium data quality,No changes to the methodology and/or boundary used when compared to the previously reported inventory,,
2025 Disclosure Cycle,779465,CDP,895681,Majlis Bandaraya Iskandar Puteri,City,South East Asia & Oceania,Malaysia,Public,Q3.1.1,Provide information on and an attachment (in spreadsheet format)/ direct link to your main community-wide GHG emissions inventory.,1,Response,Majlis Bandaraya Iskandar Puteri GHG Inventory Data.pdf,GHG Iskandar Puteri 2020,The emissions inventory has been attached,2020,Same - covers entire jurisdiction and nothing else,575536,,Global Protocol for Community-Scale Greenhouse Gas Emissions Inventories (GPC),Consultancy-developed tool/process: GHG inventory using GPC Basic,CH4|N2O|CO2,Default IPCC emission factors,IPCC Fifth Assessment Report (2013),"Yes, externally audited/verified (third-party verification)",Activity data - Medium data quality,"Yes, due to a change to the inventory boundary but this has not triggered a recalculation of historic emissions data",Majlis Bandaraya Iskandar Puteri GHG Inventory Data.pdf,"Majlis Bandaraya Iskandar Puteri prepared IM Inventory by using Basic+ Reporting 2018-2020 and GHG calculation. Currently, in 2025, Iskandar Puteri in progress updating the GHG Inventory using CIRIS method and will report the GHG in CDP Reporting 2025. "
2025 Disclosure Cycle,779465,CDP,895694,Municipalidad de Quilicura,City,Latin America,Chile,Public,Q3.1.1,Provide information on and an attachment (in spreadsheet format)/ direct link to your main community-wide GHG emissions inventory.,1,Response,INFORME HUELLA DE CARBONO PACCC QUILICURA_V3.pdf,,The emissions inventory has been attached,2024,"Other: Solo el edificio municipal, en vista que los datos para cubrir una extensión mas completa del territorio no se encuentran disponibles o completos.",3000,Other: Se utilizo la calculadora de la plataforma Huella Chile del Ministerio de Medio Ambiente,,Internal tool/process,CO2,National/sub-national emission factors: Factor de emisión de la calculadora de Huella Chile,Do not know,"No, not audited/verified",Activity data - High data quality,No changes to the methodology and/or boundary used when compared to the previously reported inventory,,
2025 Disclosure Cycle,779465,CDP,917883,Brecon Beacons National Park Authority,City,UKWW,United Kingdom,Public,Q3.1.1,Provide information on and an attachment (in spreadsheet format)/ direct link to your main community-wide GHG emissions inventory.,1,Response,BannauBrycheiniog_2023_footprint_upload.xlsx,,The emissions inventory has been attached,2023,Other: Includes postcodes and COAs intersected by the boundary that meet a certain inclusion threshold. Excludes large emitters within the postcode and COA boundary.,36582,Regional or country/area specific methodology,,"Consultancy-developed tool/process: Small World Consulting's Landscape Carbon Tracker is an online tool that takes data about an area's residents, visitors, industry and land-use, and shows you what the full carbon footprint looks like. It has reduction targets from 2022 to 2050 for 1.",CH4|CO2|SF6|N2O|NF3|PFCs|HFCs,Other: SWC-DESNZ Emissions Factors for Fuels SWC-EEIO Emissions Factors for Industries DEFRA Emission Factors for Land Use,Other: Inline with UK GHGI,"Yes, externally audited/verified (third-party verification)",Emissions factors - Medium data quality|Activity data - High data quality,"Yes, due to changes in calculation methodology or improvements in data access and/or accuracy and this has triggered a recalculation of historic emissions data",,Use national emission factors in our EEIO model to include the overall supply chain in a jurisdiction and location specific activity data.\n\nhttps://www.sw-consulting.co.uk/food-and-land\n
2025 Disclosure Cycle,779465,CDP,917886,Broxtowe Borough Council,City,UKWW,United Kingdom,Public,Q3.1.1,Provide information on and an attachment (in spreadsheet format)/ direct link to your main community-wide GHG emissions inventory.,1,Response,SCATTER_broxtowe_CDP-report-inventory_2020 (2).xlsx,NA,The emissions inventory has been attached,2020,Same - covers entire jurisdiction and nothing else,114600,Global Protocol for Community-Scale Greenhouse Gas Emissions Inventories (GPC),,SCATTER,N2O|CO2|CH4,National/sub-national emission factors: Global Protocol for City-wide Greenhouse Gas emissions for your local authority area,Do not know,,,,,"Source of Borough emissions comes from https://scattercities.com/\n\nBroxtowe Borough Council also report on it's Scopes 1, 2 and some of Scope 3 emissions and these are reported annually to Cabinet as well as to the public. The latest report to Cabinet can be found via the following links:\n\nhttps://democracy.broxtowe.gov.uk/documents/s37086/CLIMATE%20CHANGE%20AND%20GREEN%20FUTURES%20REVIEW.pdf\nhttps://democracy.broxtowe.gov.uk/documents/s37933/Enc.%201%20for%20CLIMATE%20CHANGE%20AND%20GREEN%20FUTURES%20REVIEW.pdf\nhttps://democracy.broxtowe.gov.uk/documents/s37935/Enc.%203%20for%20CLIMATE%20CHANGE%20AND%20GREEN%20FUTURES%20REVIEW.pdf\n\n\nAll historical reports can be found on the following webpage. https://www.broxtowe.gov.uk/for-you/climate-change/carbon-neutral-by-2027/"
2025 Disclosure Cycle,779465,CDP,917927,North Yorkshire Council,City,UKWW,United Kingdom,Public,Q3.1.1,Provide information on and an attachment (in spreadsheet format)/ direct link to your main community-wide GHG emissions inventory.,1,Response,SCATTER_north_yorkshire_CDP-report-inventory_2020.xlsx,n/a,The emissions inventory has been attached,2020,Same - covers entire jurisdiction and nothing else,618586,Global Protocol for Community-Scale Greenhouse Gas Emissions Inventories (GPC) reported in the format of GCoM Common Reporting Framework (CRF),,SCATTER,N2O|CH4|CO2,Default IPCC emission factors,IPCC Fourth Assessment Report (2007),"Yes, externally audited/verified (third-party verification)",Activity data - High data quality,No changes to the methodology and/or boundary used as this is the jurisdictions first year reporting an emissions inventory,,N/A
2025 Disclosure Cycle,779465,CDP,917931,Region of Powys,City,UKWW,United Kingdom,Public,Q3.1.1,Provide information on and an attachment (in spreadsheet format)/ direct link to your main community-wide GHG emissions inventory.,1,Response,Powys_2023_footprint_upload.xlsx,,The emissions inventory has been attached,2023,Other: Includes postcodes and COAs intersected by the boundary that meet a certain inclusion threshold. Excludes large emitters within the postcode and COA boundary.,133874,Regional or country/area specific methodology,,Consultancy-developed tool/process: Small World Consulting's Landscape Carbon Tracker,CO2|SF6|CH4|N2O|NF3|HFCs|PFCs,Other: SWC-DESNZ Emissions Factors for Fuels SWC-EEIO Emissions Factors for Industries DEFRA Emission Factors for Land Use,Other: Inline with UK GHGI,"Yes, externally audited/verified (third-party verification)",Activity data - High data quality|Emissions factors - Medium data quality,"Yes, due to changes in calculation methodology or improvements in data access and/or accuracy but this has not triggered a recalculation of historic emissions data",CDP_output_bannau.xlsx,Use national emission factors in our EEIO model to include the overall supply chain in a jurisdiction and location specific activity data).\n\nhttps://www.sw-consulting.co.uk/food-and-land
2025 Disclosure Cycle,779465,CDP,918239,City of Reșița,City,Europe,Romania,Public,Q3.1.1,Provide information on and an attachment (in spreadsheet format)/ direct link to your main community-wide GHG emissions inventory.,1,Response,,https://mycovenant.eumayors.eu/storage/web/mc_covenant/documents/31/rE_1V0p6UIlPElFpqaPSI0Hx09TezseN.pdf,The emissions inventory can be accessed (unrestricted) on the link provided,2020,Same - covers entire jurisdiction and nothing else,58393,2006 IPCC Guidelines for National Greenhouse Gas Inventories,,Internal tool/process,CO2,Other: IPCC and LCA,Do not know,"Yes, internally and externally audited/verified",Activity data - Medium data quality|Emissions factors - Medium data quality,"Yes, due to changes in calculation methodology or improvements in data access and/or accuracy but this has not triggered a recalculation of historic emissions data",,"For the calculation of the carbon dioxide (CO2) emissions inventory at the level of the Reșița Municipality, emissions from the industrial sector were not taken into account, because local agencies do not have the necessary tools to directly influence and control companies in this sector."
2025 Disclosure Cycle,779465,CDP,918254,Skellefteå Municipality,City,Europe,Sweden,Public,Q3.1.1,Provide information on and an attachment (in spreadsheet format)/ direct link to your main community-wide GHG emissions inventory.,1,Response,Klimat - Klimatberäkningar Skellefteå kommuns versksamhet_Tyrens.pdf,,The emissions inventory can be accessed (unrestricted) on the link provided,2023,Same - covers entire jurisdiction and nothing else,76500,Global Protocol for Community-Scale Greenhouse Gas Emissions Inventories (GPC),,ClimateView - ClimateOS,CO2|N2O|CH4,National/sub-national emission factors: SMHI,Do not know,"No, not audited/verified",Emissions factors - Medium data quality|Activity data - Medium data quality,No changes to the methodology and/or boundary used as this is the jurisdictions first year reporting an emissions inventory,Del I - Koldioxidbudget-2020-2040-Skellefteå.pdf,"The emissions data is based on climate calculations carried out by Tyréns on behalf of Skellefteå municipality. The data includes Scope 1, Scope 2, and selected Scope 3 emissions. The calculations are primarily based on local activity data (such as energy use and transport volumes) and national emissions factors. Since this is the first full inventory for the jurisdiction, and the calculations are based on secondary data sources rather than direct measurements, the data quality is considered low for both activity data and emission factors."
2025 Disclosure Cycle,779465,CDP,918264,Municipality of Ilion,City,Europe,Greece,Public,Q3.1.1,Provide information on and an attachment (in spreadsheet format)/ direct link to your main community-wide GHG emissions inventory.,1,Response,"Ανάλυση-Κ-Ο_ΜΑΚΡΟ_final_Σ1.xlsx,Ανάλυση-Κ-Ο_ΜΑΚΡΟ_final_Σ2.xlsx,ΣΕΑΚ ΙΛΙΟΥ.pdf",,The emissions inventory has been attached,2025,Same - covers entire jurisdiction and nothing else,84004,Regional or country/area specific methodology,,Other regionally/nationally developed tool/process: Primary data were collected and the guidelines of the Ministry of Environment and Energy were followed.,CO2,National/sub-national emission factors: The emission factor for carbon dioxide CO2 is taken from the relevant publication of the renewable Energy Sources Managing Authority (https://www.dapeep.gr/) and concerns the CO2 emission factor for the country's remaining energy mix for 2019.,Other: Within the framework of the Action Plan for the Energy Performance of Buildings only CO2 is calculated and not CO2 Eq.,Other: The Action Plan for the Energy Performance of Municipal Buildings has been internally approved and has been sent to the competent Ministry of Environment and Energy.,Emissions factors - High data quality|Activity data - High data quality,Other: Ilion Municipality elaborated the Sustainable Energy Action Plan (attached) in 2011 covering total emissions produced within its territory (municipal emissions included). The current inventory covers only the emissions from 90 municipal buildings.,ΣΔΑΕ ΔΗΜΟΥ ΙΛΙΟΥ.pdf,"SUSTAINABLE ENERGY ACTION PLAN, 2011.\nThe Municipality of Ilion signed the Covenant of Mayors on February 11, 2010, committing to reduce carbon dioxide (CO2) emissions by 20% by 2020. In 2011, the Sustainable Energy Action Plan (SEAP) was drafted with the participation of residents and local stakeholders, as well as in cooperation with the main energy providers. The plan was open for consultation from March 15, 2012, to March 30, 2012, and was subsequently approved by the Municipal Council.\nWithin the Municipality of Ilion, carbon dioxide emissions were estimated at 364,773 tons of CO2 annually, with a base year of 2008. Approximately 3% of these emissions come from municipal buildings, vehicles, and street lighting, 53% from the residential sector, 9% from the tertiary sector, and 35% from private vehicles. The goal was to reduce total emissions by 20% (73,622 tons of CO2 annually) by the year 2020.\nThe methodology followed was the calculation of energy consumption per sector, which was included in the Sustainable Energy Action Plan, and the summation of CO2 emissions to calculate the Municipality of Ilion's total Baseline Emission Inventory. The calculation used standard national average CO2 emission factors as calculated by the IPCC (2006) and Eurelectric (2005), as included in the guidelines of the Covenant of Mayors.\n"
2025 Disclosure Cycle,779465,CDP,918283,Municipality of Katerini,City,Europe,Greece,Public,Q3.1.1,Provide information on and an attachment (in spreadsheet format)/ direct link to your main community-wide GHG emissions inventory.,1,Response,Π1 - Στρατηγικό Σχέδιο Δράσης Κλιματικής Ουδετερότητας Δ. Κατερίνης.pdf,,The emissions inventory has been attached,2024/2025,Same - covers entire jurisdiction and nothing else,82892,Global Protocol for Community-Scale Greenhouse Gas Emissions Inventories (GPC),,Carbon Monitor Cities,CO2,Default IPCC emission factors,,,,,,
2025 Disclosure Cycle,779465,CDP,918366,City of Gradiška,City,Europe,Bosnia and Herzegovina,Public,Q3.1.1,Provide information on and an attachment (in spreadsheet format)/ direct link to your main community-wide GHG emissions inventory.,1,Response,SECAP_Gradiska_0408.pdf,https://www.gradgradiska.com/wp-content/uploads/2021/04/SECAP_Gradiska_0408.pdf,The emissions inventory has been attached,2012,Same - covers entire jurisdiction and nothing else,49196,,2006 IPCC Guidelines for National Greenhouse Gas Inventories,Other: ,CO2,Default IPCC emission factors,IPCC Second Assessment Report (1995),"Yes, internally audited/verified (self-verification)",Emissions factors - Medium data quality|Activity data - Medium data quality,No changes to the methodology and/or boundary used when compared to the previously reported inventory,SECAP_Gradiska_0408.pdf,"The baseline emissions inventory in the City of Gradiška`s SECAP uses the year 2005 as the reference year. In 2012, the City adopted a Local Environmental Action Plan (LEAP), which served as a foundation for later climate and energy planning. In 2020, the City developed its SECAP, which included a Monitoring Emissions Inventory (MEI) and updated emissions data for comparison with the 2005 baseline. Although the CDP platform doeas not allow selection of 2005 as the invetory year, this year is officially used in local planning documents."
2025 Disclosure Cycle,779465,CDP,918783,City of Békéscsaba,City,Europe,Hungary,Public,Q3.1.1,Provide information on and an attachment (in spreadsheet format)/ direct link to your main community-wide GHG emissions inventory.,1,Response,"City of Békéscsaba Emission inventory 2010 BEI 1, 2014 BEI2, 2014BEI2 corrected, 2022 MEI 1.xlsx,mei2022.docx",part of the SECAP,The emissions inventory has been attached,2022,Same - covers entire jurisdiction and nothing else,55455,,Other: do not know,Internal tool/process,CO2,LCA (Life Cycle Assessment) emission factors,Do not know,"Yes, internally audited/verified (self-verification)",Activity data - High data quality,"Yes, due to a change to the inventory boundary and this has triggered a recalculation of historic emissions data",,"The attached inventory contains the 2010 \'BEI 1\' the \'corrected 2010 BEI 1\', the 2014 \'BEI 2\', the corrected and recalculated 2014 \'BEI 2\' and the main community-wide 2022 \'MEI 1\' monitoring inventory as well. \n\nRegarding the tools that were used during the inventory development process, the inventory was based on statistical data (which mainly came from the Hungarian Central Statistical Office and the municipality's internal database), and special open-source datasets, like Google Environmental Explorer (for calculating transportation emission) or Hotmaps Online Heat Atlas (for heat demand validation and firewood usage estimation), were also used. These above-mentioned tools were applied in a complex, tailor-made methodology that was based on local statistical data and additional relevant information as well. "
2025 Disclosure Cycle,779465,CDP,918804,City of Budaörs,City,Europe,Hungary,Public,Q3.1.1,Provide information on and an attachment (in spreadsheet format)/ direct link to your main community-wide GHG emissions inventory.,1,Response,,https://budaors.hu/dokumentumok/onkormanyzat/budaors-fenntarthato-energia-es-klima-akcioterve.pdf (pp 16),The emissions inventory can be accessed (unrestricted) on the link provided,2018,Same - covers entire jurisdiction and nothing else,28844,,Other: Covenant of Mayors methodology,Internal tool/process,CO2,Default IPCC emission factors,Do not know,"No, not audited/verified",Activity data - High data quality,"Yes, due to changes in calculation methodology or improvements in data access and/or accuracy but this has not triggered a recalculation of historic emissions data",,
2025 Disclosure Cycle,779465,CDP,918805,City of Ajka,City,Europe,Hungary,Public,Q3.1.1,Provide information on and an attachment (in spreadsheet format)/ direct link to your main community-wide GHG emissions inventory.,1,Response,City of Ajka MEI Emission Invertory in Monitoring Year 2022.xlsx,https://www.ajka.hu/?page_id=1456\n\nAjka Város Önkormányzata Fenntartható Energia- és Klímaakcióterve felülvizsgált dokumentum a EU LIFE ASAP pályázat keretében\n\nAjka Város Önkormányzata Fenntartható Energia- és Klímaakcióterve...\n\nKibocsájtás leltár...,The emissions inventory can be accessed (unrestricted) on the link provided,2022,Same - covers entire jurisdiction and nothing else,26773,,International Emissions Analysis Protocol (ICLEI),Internal tool/process,CO2,LCA (Life Cycle Assessment) emission factors,Do not know,"Yes, internally audited/verified (self-verification)",Emissions factors - High data quality|Activity data - High data quality,No changes to the methodology and/or boundary used as this is the jurisdictions first year reporting an emissions inventory,City of Ajka_original BEI 2009_Corrected_BEI 2009_MEI 2022 inventory energy and emission.xlsx,"Attached you will find the original and corrected emission inventories for the city of Ajka for 2009 and the 2022 MEI. The 2009 base year had to be recalculated because the data in the original BEI and the data in the statistics showed a significant difference between the two. Based on these, the recalculated 2009 baseline total energy consumption was 855 669 MWh and the emissions 346141 tonnes CO2e in Ajka. In 2024, the SECAP revision shows a (MEI year 2022) total energy use of 818 4859 MWh (a slightly increased) but a drastic decrease in emissions (28.5%) to 209 827 tonnes CO2e. In the corrected BEI and MEI, the calculations are LCA downscaled and emissions from waste and wastewater treatment were included."
2025 Disclosure Cycle,779465,CDP,919095,City of London (City),City,UKWW,United Kingdom,Public,Q3.1.1,Provide information on and an attachment (in spreadsheet format)/ direct link to your main community-wide GHG emissions inventory.,1,Response,,"https://app.powerbi.com/view?r=eyJrIjoiOGVjNmNmYjItZWQwZS00ZDUyLTg3ZTctYWY2MGQ1YzQ4NTE3IiwidCI6IjlmZTY1OGNkLWIzY2QtNDA1Ni04NTE5LTMyMjJmZmE5NmJlOCJ9 (go to the Square Mile tab within it. Click the right navigation arrow at the bottom of the Square Mile tab to view the breakdown of jurisdiction emissions). 2021 is the latest jurisdiction data. The Dashboard will be updated in October 2025, at which point 2022 jurisdiction data will be available.",The emissions inventory can be accessed (unrestricted) on the link provided,2021,Same - covers entire jurisdiction and nothing else,8600,Global Protocol for Community-Scale Greenhouse Gas Emissions Inventories (GPC),,"Consultancy-developed tool/process: The tool used for scope 1 and 2 emissions calculations was London Energy and Greenhouse Gas Inventory (LEGGI) data, for scope 3 emissions calculations a consultancy developed model based on industry benchmarking was used for the jurisdiction",PFCs|CO2|SF6|N2O|HFCs|CH4|NF3,"National/sub-national emission factors: UK Department for Energy Security and Net Zero & Department for Business, Energy and Industrial Strategy (2022 - as per LEGGI dataset)",IPCC Fourth Assessment Report (2007),,,,,The London Energy and Greenhouse Gas Inventory (LEGGI) is an emissions inventory which quantifies greenhouse gas (GHG) emissions released to the environment: https://data.london.gov.uk/dataset/leggi 
2025 Disclosure Cycle,779465,CDP,919723,Alvesta Municipality,City,Europe,Sweden,Public,Q3.1.1,Provide information on and an attachment (in spreadsheet format)/ direct link to your main community-wide GHG emissions inventory.,1,Response,Energi-och-klimatprogram-for-Alvesta-kommun-2025-2030 (1).pdf,https://www.alvesta.se/wp-content/uploads/2025/04/Energi-och-klimatprogram-for-Alvesta-kommun-2025-2030.pdf,The emissions inventory has been attached,2021,Same - covers entire jurisdiction and nothing else,20172,Global Protocol for Community-Scale Greenhouse Gas Emissions Inventories (GPC) reported in the format of GCoM Common Reporting Framework (CRF),,Do not know,N2O|CO2|CH4,Do not know,Do not know,"No, not audited/verified",Activity data - Medium data quality,No changes to the methodology and/or boundary used when compared to the previously reported inventory,Energibalans Alvesta kommun 2021 version 2023-08-30.pdf,no comments
2025 Disclosure Cycle,779465,CDP,919724,Gällivare Municipality,City,Europe,Sweden,Public,Q3.1.1,Provide information on and an attachment (in spreadsheet format)/ direct link to your main community-wide GHG emissions inventory.,1,Response,"Emission inventory Gällivare OPCC 2025_2026.xlsx,Emission inventory Gällivare OPCC 2025_2026.xlsx",Spreadsheet attachment,The emissions inventory has been attached,2023,Same - covers entire jurisdiction and nothing else,17330,Global Protocol for Community-Scale Greenhouse Gas Emissions Inventories (GPC) reported in the format of GCoM Common Reporting Framework (CRF),,Internal tool/process,CH4|NF3|SF6|CO2|PFCs|HFCs|N2O,"Local emission factors: For district heating we use 13,3 kg CO2e/MWh, according to information from the local energy company.",IPCC Fourth Assessment Report (2007),"No, not audited/verified",Activity data - High data quality|Emissions factors - High data quality,"Yes, due to changes in calculation methodology or improvements in data access and/or accuracy but this has not triggered a recalculation of historic emissions data",,The emissions inventory are created this year (2025). The most recent data is from 2023. 
2025 Disclosure Cycle,779465,CDP,919730,Lambeth Council,City,UKWW,United Kingdom,Public,Q3.1.1,Provide information on and an attachment (in spreadsheet format)/ direct link to your main community-wide GHG emissions inventory.,1,Response,SCATTER_Pathways_Model_v1.0.xlsx,,The emissions inventory has been attached,2020,Same - covers entire jurisdiction and nothing else,318000,Global Protocol for Community-Scale Greenhouse Gas Emissions Inventories (GPC) reported in the format of GCoM Common Reporting Framework (CRF),,SCATTER,SF6|NF3|PFCs|HFCs|N2O|CH4|CO2,Emission Factor Database (EFDB),,"No, not audited/verified",,,,
2025 Disclosure Cycle,779465,CDP,923490,Frutillar,City,Latin America,Chile,Public,Q3.1.1,Provide information on and an attachment (in spreadsheet format)/ direct link to your main community-wide GHG emissions inventory.,1,Response,Inventario_GEI_Frutillar_2023_con_graficos.xlsx,https://docs.google.com/spreadsheets/d/1oTHmQKdk3uOAjJb-gb3_pT41wZ4f_eVm/edit?usp=sharing&ouid=107594745405471762521&rtpof=true&sd=true,The emissions inventory has been attached,2023,Same - covers entire jurisdiction and nothing else,20000,2006 IPCC Guidelines for National Greenhouse Gas Inventories,,Other: Protocolo Global para Inventarios de Emisiones a Escala Comunitaria (GPC),CO2|CH4|N2O,Default IPCC emission factors,IPCC Fourth Assessment Report (2007),"No, not audited/verified",Activity data - Medium data quality|Emissions factors - Medium data quality,"Other: No, no han cambiado metodologías ni límites, dado que este es el primer inventario comunal de GEI divulgado para Frutillar.",,
2025 Disclosure Cycle,779465,CDP,924780,City of Butuan,City,South East Asia & Oceania,Philippines,Public,Q3.1.1,Provide information on and an attachment (in spreadsheet format)/ direct link to your main community-wide GHG emissions inventory.,1,Response,"Butuan City GHG Inventory.xlsx,Butuan City GHG Inventory.xlsx",,The emissions inventory has been attached,2024/2025,Same - covers entire jurisdiction and nothing else,385530,Regional or country/area specific methodology,,Other regionally/nationally developed tool/process: Community Level GHG Inventory Tool,CO2|CH4,National/sub-national emission factors: Community Level Emission Factors,Do not know,"No, not audited/verified",Emissions factors - Low data quality,No changes to the methodology and/or boundary used as this is the jurisdictions first year reporting an emissions inventory,,
2025 Disclosure Cycle,779465,CDP,924872,"Colón, Entre Rios",City,Latin America,Argentina,Public,Q3.1.1,Provide information on and an attachment (in spreadsheet format)/ direct link to your main community-wide GHG emissions inventory.,1,Response,IGEI Colón_Reporte.xlsx,no hay,The emissions inventory has been attached,2021,Same - covers entire jurisdiction and nothing else,32547,,Global Protocol for Community-Scale Greenhouse Gas Emissions Inventories (GPC) reported in the format of GCoM Common Reporting Framework (CRF),Internal tool/process,CH4|CO2|N2O,Default IPCC emission factors,Other: Se obtiene del último informe del IPCC y de los informes Bienales de la Argentina,"No, not audited/verified",Activity data - Medium data quality|Emissions factors - High data quality,No changes to the methodology and/or boundary used when compared to the previously reported inventory,,"Se utilizó la herramienta de cálculo desarrollada por la Red Argentina de Municipios frente al Cambio Climático, que fue diseñada en base al protocolo GPC para inventarios de emisiones de GEI para ciudades argentinas.\n"
2025 Disclosure Cycle,779465,CDP,929491,Municipalidad de San Lucas Sacatepéquez,City,Latin America,Guatemala,Public,Q3.1.1,Provide information on and an attachment (in spreadsheet format)/ direct link to your main community-wide GHG emissions inventory.,1,Response,"InvGEI_muni_San Lucas Sac_WWF_VF 2025 Rev IZ_GM Sept25.pdf,PACMUN San Lucas, Sac_VF.pdf,PACMUN San Lucas, Sac_VF.pdf",https://drive.google.com/file/d/1uGIbGeHEm2gv2NE9Qmx8FPLoiTwo_yLn/view?usp=sharing,The emissions inventory has been attached,2022/2023,Same - covers entire jurisdiction and nothing else,28066,,Global Protocol for Community-Scale Greenhouse Gas Emissions Inventories (GPC),Internal tool/process,CH4|N2O|HFCs|CO2,Default IPCC emission factors,IPCC Fourth Assessment Report (2007),"No, not audited/verified",Emissions factors - Medium data quality|Activity data - Medium data quality,No changes to the methodology and/or boundary used as this is the jurisdictions first year reporting an emissions inventory,"PACMUN San Lucas, Sac_VF.pdf,PACMUN San Lucas, Sac_VF.pdf",https://drive.google.com/file/d/1uGIbGeHEm2gv2NE9Qmx8FPLoiTwo_yLn/view?usp=sharing
2025 Disclosure Cycle,779465,CDP,929965,Çorlu Belediyesi,City,UKWW,Türkiye,Public,Q3.1.1,Provide information on and an attachment (in spreadsheet format)/ direct link to your main community-wide GHG emissions inventory.,1,Response,envanter.pdf,https://www.corlu.bel.tr/yayin/101/0/1/corlu-sustainable-energy-and-climate-action-plan,The emissions inventory has been attached and can be accessed (unrestricted) on the link provided,2019,Same - covers entire jurisdiction and nothing else,271,Global Protocol for Community-Scale Greenhouse Gas Emissions Inventories (GPC),,ICLEI ClearPath,CH4|N2O|CO2,Default IPCC emission factors,IPCC Fourth Assessment Report (2007),"Yes, externally audited/verified (third-party verification)",Activity data - Medium data quality,No changes to the methodology and/or boundary used as this is the jurisdictions first year reporting an emissions inventory,Corlu_Tarihsel_Emisyon_Envanteri ingilizce.pdf,"In 2019, Çorlu Municipality's community-wide greenhouse gas emissions were approximately 339,420 tons of CO₂e, but by 2025, they had decreased to a certain extent thanks to energy efficiency measures, improvements in transportation infrastructure and progress in waste management. In particular, policies such as insulation practices and increased use of natural gas in residential buildings, widespread use of efficiency projects in industry, modernization of public transport fleets and increased bicycle lanes have contributed to reducing the carbon footprint. In addition, increased recycling rates and waste management activities have also contributed to lower emissions. As a result of these efforts, Çorlu's annual emissions are projected to decline to around 305,000-320,000 tons CO₂e by 2025. However, this reduction must be made sustainable in the face of factors such as increasing population, rapid urbanization and consumption pressure. While the progress achieved in this period demonstrates Çorlu's commitment and capacity to achieve the SECAP targets, it also clearly shows the need for the development of more effective emission reduction policies."
2025 Disclosure Cycle,779465,CDP,929994,Uskudar Municipality,City,UKWW,Türkiye,Public,Q3.1.1,Provide information on and an attachment (in spreadsheet format)/ direct link to your main community-wide GHG emissions inventory.,1,Response,CIRIS 2024.xls,,The emissions inventory has been attached,2024,Same - covers entire jurisdiction and nothing else,512981,,Global Protocol for Community-Scale Greenhouse Gas Emissions Inventories (GPC),CIRIS,N2O|CH4|CO2,Default IPCC emission factors,IPCC Fifth Assessment Report (2013),"Yes, internally audited/verified (self-verification)",Activity data - High data quality|Emissions factors - High data quality,"Yes, due to changes in calculation methodology or improvements in data access and/or accuracy and this has triggered a recalculation of historic emissions data",,
2025 Disclosure Cycle,779465,CDP,930073,Quang Binh Province,City,South East Asia & Oceania,Viet Nam,Public,Q3.1.1,Provide information on and an attachment (in spreadsheet format)/ direct link to your main community-wide GHG emissions inventory.,1,Response,Kiểm kê KNK.pdf,https://drive.google.com/file/d/1WeWs6zjxdTLs_vDkxV_jtwFwYXkl-lUP/view?usp=sharing,The emissions inventory has been attached and can be accessed (unrestricted) on the link provided,2022,Same - covers entire jurisdiction and nothing else,913862,2006 IPCC Guidelines for National Greenhouse Gas Inventories,,"Consultancy-developed tool/process: The tool developed by the Center for Climate Change Adaptation and Carbon Neutrality, which belongs to the Department of Climate Change (Ministry of Agriculture and Environment)",N2O|CH4|CO2|HFCs|SF6|PFCs,National/sub-national emission factors: Emission factors developed by the Ministry of Natural Resources and Environment (currently the Ministry of Agriculture and Environment),IPCC Fourth Assessment Report (2007),"Yes, internally and externally audited/verified",Emissions factors - Medium data quality|Activity data - Medium data quality,"Yes, due to a change to the inventory boundary and this has triggered a recalculation of historic emissions data",,"The greenhouse gas inventory for Quang Binh Province has been conducted on two occasions. The first 2022 inventory, undertaken in 2023, was implemented at the BASIC level in accordance with the Global Protocol for Community-Scale Greenhouse Gas Emission Inventories (GPC) guidelines, utilizing the CIRIS calculation tool. The second 2022 inventory, completed in 2025, provided a comprehensive accounting across all five sectors—Stationary Energy, Transportation, Waste, Industrial Processes and Product Use (IPPU), and Agriculture, Forestry and Other Land Use (AFOLU)—and was compiled following the methodological framework of the 2006 IPCC Guidelines."
2025 Disclosure Cycle,779465,CDP,930247,Prefeitura de Carinhanha,City,Latin America,Brazil,Public,Q3.1.1,Provide information on and an attachment (in spreadsheet format)/ direct link to your main community-wide GHG emissions inventory.,1,Response,Inventário de Gases do Efeito Estufa - Carinhanha_Bahia FINAL.2.pdf,Anexado em excel,The emissions inventory has been attached,2022,Same - covers entire jurisdiction and nothing else,28869,,International Emissions Analysis Protocol (ICLEI),Consultancy-developed tool/process: Ferramenta facilitada pelo acompanhamento técnico realizado pelo GCoM,N2O|CH4|CO2,Do not know,IPCC Fifth Assessment Report (2013),"Yes, internally audited/verified (self-verification)",Activity data - Medium data quality,No changes to the methodology and/or boundary used when compared to the previously reported inventory,,Foi adicionado o Inventário detalhado com informações por escrito além dos dados. \n
2025 Disclosure Cycle,779465,CDP,930248,Prefeitura de Jandaíra,City,Latin America,Brazil,Public,Q3.1.1,Provide information on and an attachment (in spreadsheet format)/ direct link to your main community-wide GHG emissions inventory.,1,Response,,https://docs.google.com/spreadsheets/d/19fGFGnm6Zcv9ykje2Tk0lfEZDlSHfYPU/edit?usp=drive_link&ouid=117819311340139715010&rtpof=true&sd=true,The emissions inventory can be accessed (unrestricted) on the link provided,2022,Same - covers entire jurisdiction and nothing else,6562,,Global Protocol for Community-Scale Greenhouse Gas Emissions Inventories (GPC) reported in the format of GCoM Common Reporting Framework (CRF),Consultancy-developed tool/process: Ferramenta facilitada pelo acompanhamento técnico realizado pelo GCoM,CO2|N2O|CH4,,IPCC Fifth Assessment Report (2013),"Yes, internally and externally audited/verified",Activity data - Medium data quality,No changes to the methodology and/or boundary used as this is the jurisdictions first year reporting an emissions inventory,,
2025 Disclosure Cycle,779465,CDP,930254,Thua Thien Hue Province,City,South East Asia & Oceania,Viet Nam,Public,Q3.1.1,Provide information on and an attachment (in spreadsheet format)/ direct link to your main community-wide GHG emissions inventory.,1,Response,"GHG Inventory_2022_updated.xlsx,GHG Inventory_updated.xlsx",https://drive.google.com/file/d/1DgNcQSzJjCD4uyNyz8U3_sIsp55CnxNa/view?usp=sharing\n\nhttps://drive.google.com/file/d/1ThkoS2Gfm2ZGk9Fyw6uK1fSsmE8sURjf/view?usp=sharing\n\nhttps://drive.google.com/file/d/1bOx3RGe8KjRbJYk5CThtCg1VG1I65iHI/view?usp=sharing,The emissions inventory can be accessed (unrestricted) on the link provided,2022,Same - covers entire jurisdiction and nothing else,1160224,Global Protocol for Community-Scale Greenhouse Gas Emissions Inventories (GPC),,CIRIS,N2O|CH4|CO2,National/sub-national emission factors: Emission factors issued in 2022 by the Ministry of Natural Resources and Environment,IPCC Fifth Assessment Report (2013),"Yes, externally audited/verified (third-party verification)",Activity data - Medium data quality|Emissions factors - Medium data quality,No changes to the methodology and/or boundary used as this is the jurisdictions first year reporting an emissions inventory,"BC report_Hue_Final.pdf,BC_territoire_Hue_Final.xlsx","In the past, Hue City had a GHG inventory using the Bilan Carbone method to estimate the GHG inventory of Hue City's Authority. Within the framework of the project “Action towards Resource-efficient and Low Carbon \nCities in Asia”, this report in the link shown below is made to provide some general information about Hue City and an inventory of GHG emissions in 2010 for all of Hue municipality's activities. For the latter purpose, the related data have been collected from 81 units under the direct administration of Hue City's People's Committee. The final data analysis based on the Bilan Carbone method shows that among the municipality's activities, the travel by employees and all visitors of the municipality is the largest source of GHG emissions (1,824 tonnes equ CO2). Two other \nsectors of the municipality that contribute most to its total GHG emissions are materials \ninput and freight, respectively. The analysis of materials inputs, which include incoming \nmaterials, products, and services purchased, reveals that the GHG emission contribution of \nthis sector is 1,813 tonnes equ. CO2, and the largest share of GHG emissions in this sector \ncomes from the purchase of building materials. The freight, which comprises “internal \ntransports by municipal vehicles”, “incoming vehicles with goods to municipality”, and \n“outgoing vehicles with goods from municipality” is estimated to release 1,462 tonnes. \nCO2e and the largest share of GHG emission in this sector comes from the outgoing freight \n(627 tonnes equ. CO2). Finally, the report attempts to give some explanations for these final analysis outcomes, put forward some plans, and propose some next steps for the city, based on the final analysis outcomes, to raise the population's awareness and to get multi-stakeholders involved in the mitigation of GHG emissions.\n\nLink: https://docs.google.com/spreadsheets/d/1LXInYBfo__LPm_yRNhjtOg8TFUvqxCoG/edit?usp=sharing&ouid=103740872216874092076&rtpof=true&sd=true"
2025 Disclosure Cycle,779465,CDP,930270,Ilustre Municipalidad de Ancud,City,Latin America,Chile,Public,Q3.1.1,Provide information on and an attachment (in spreadsheet format)/ direct link to your main community-wide GHG emissions inventory.,1,Response,CIRIS_Standard_v2.5_ES_ANCUD2 2022_sin macros.xlsx,Sin enlace,The emissions inventory has been attached,2022,Same - covers entire jurisdiction and nothing else,42516,,Global Protocol for Community-Scale Greenhouse Gas Emissions Inventories (GPC),CIRIS,CO2|CH4|N2O,Emission Factor Database (EFDB),IPCC Fourth Assessment Report (2007),"Yes, internally audited/verified (self-verification)",Activity data - Medium data quality|Emissions factors - Medium data quality,No changes to the methodology and/or boundary used when compared to the previously reported inventory,,Es el primer inventario de emisiones con que cuenta Ancud
2025 Disclosure Cycle,779465,CDP,930332,"City of Orillia, ON",City,North America,Canada,Public,Q3.1.1,Provide information on and an attachment (in spreadsheet format)/ direct link to your main community-wide GHG emissions inventory.,1,Response,Orillia's Climate Future.pdf,Attached,The emissions inventory has been attached,2016,Same - covers entire jurisdiction and nothing else,35560.0,Global Protocol for Community-Scale Greenhouse Gas Emissions Inventories (GPC),,Other: Climate Neutral,CO2|CH4|N2O,Default IPCC emission factors,"Other: Environment and Climate Change Canada. National Inventory Report 1990-2015: Greenhouse Gas Sources and Sinks in Canada, Canada's Energy Future 2016, NIR Part 2, IPCC Guidelines Vol 5","No, not audited/verified",Activity data - High data quality,"Yes, due to changes in calculation methodology or improvements in data access and/or accuracy and this has triggered a recalculation of historic emissions data","Community Baseline Inventory Report - 2022 Updated.pdf,Community Inventory Report - 2023 Updated.pdf,Community Inventory Report - 2024 Updated.pdf",NA
2025 Disclosure Cycle,779465,CDP,930367,Municipio de Montecristi,City,Latin America,Ecuador,Public,Q3.1.1,Provide information on and an attachment (in spreadsheet format)/ direct link to your main community-wide GHG emissions inventory.,1,Response,"P3_Matriz_estimaciones_2022_ILGEI_Energía_y_Transporte _Montecristi_VF_09092024.xlsx,P3_Matriz_estimaciones_2022_ILGEI_Residuos_Montecristi_VF_09092024.xlsx",hu,The emissions inventory has been attached and can be accessed (unrestricted) on the link provided,2022/2023,Same - covers entire jurisdiction and nothing else,,,Global Protocol for Community-Scale Greenhouse Gas Emissions Inventories (GPC),Consultancy-developed tool/process: ARCHIVO EXCELL EN EL MARCO DE LA PLATAFORMA ILGEI/SNIM/AME INVENTARIO DE GASES DE EFECTO INVERNADERO,CH4|N2O|CO2,Default IPCC emission factors,IPCC Fifth Assessment Report (2013),"Yes, internally audited/verified (self-verification)",Activity data - High data quality,No changes to the methodology and/or boundary used as this is the jurisdictions first year reporting an emissions inventory,,
2025 Disclosure Cycle,779465,CDP,930753,Yeoncheon County,City,South East Asia & Oceania,Korea (The Republic of),Public,Q3.1.1,Provide information on and an attachment (in spreadsheet format)/ direct link to your main community-wide GHG emissions inventory.,1,Response,경기 연천군_온실가스배출자료_vkt 기준.xlsx,https://www.gir.go.kr/home/board/read.do?pagerOffset=0&maxPageItems=10&maxIndexPages=10&searchKey=&searchValue=&menuId=36&boardId=81&boardMasterId=2&boardCategoryId=,The emissions inventory has been attached,2022,Same - covers entire jurisdiction and nothing else,42062,,Global Protocol for Community-Scale Greenhouse Gas Emissions Inventories (GPC) reported in the format of GCoM Common Reporting Framework (CRF),Other: Korea GIR Inventory Tool,CH4|SF6|HFCs|N2O|CO2|PFCs,Default IPCC emission factors,,,,,,Gyeonggi Province Climate Platform (Korean)\n\nclimate.gg.go.kr/ips/carbon/space#emissions
2025 Disclosure Cycle,779465,CDP,931095,Lake District National Park Authority,City,UKWW,United Kingdom,Public,Q3.1.1,Provide information on and an attachment (in spreadsheet format)/ direct link to your main community-wide GHG emissions inventory.,1,Response,"LakeDistrict_2023_footprint_upload.csv,LakeDistrict_2023_footprint_upload.csv",FILE ATTACHED\n,The emissions inventory has been attached,2023,Same - covers entire jurisdiction and nothing else,36005,Regional or country/area specific methodology,,"Other regionally/nationally developed tool/process: Small World Consulting's Landscape Carbon Tracker The Landscape Carbon Tracker is an online tool that takes data about an area's residents, visitors, industry and land-use, and shows you what the full carbon footprint looks like.",PFCs|CO2|N2O|CH4|SF6|HFCs|NF3,Local emission factors: SWC-DESNZ Emissions Factors for Fuels SWC-EEIO Emissions Factors for Industries DEFRA Emission Factors for Land Use,Other: Inline with UK GHGI,"Yes, externally audited/verified (third-party verification)",Emissions factors - High data quality|Activity data - High data quality,No changes to the methodology and/or boundary used when compared to the previously reported inventory,CDP_output_lakes.xlsx,https://www.sw-consulting.co.uk/food-and-land
2025 Disclosure Cycle,779465,CDP,931104,City of Leh,City,India,India,Public,Q3.1.1,Provide information on and an attachment (in spreadsheet format)/ direct link to your main community-wide GHG emissions inventory.,1,Response,,Link for the GHG Emission Inventory Summary (See page 64-65):\n\nchrome-extension://efaidnbmnnnibpcajpcglclefindmkaj/https://niua.in/c-cube/sites/all/themes/zap/pdf/LehCAP%20Report__For_WEB.pdf,The emissions inventory can be accessed (unrestricted) on the link provided,2021/2022,Same - covers entire jurisdiction and nothing else,43193.0,,Global Protocol for Community-Scale Greenhouse Gas Emissions Inventories (GPC),Internal tool/process,N2O|CH4|CO2,Default IPCC emission factors,IPCC Sixth Assessment Report (2021),"Yes, internally audited/verified (self-verification)",Activity data - Medium data quality|Emissions factors - Medium data quality,No changes to the methodology and/or boundary used when compared to the previously reported inventory,,The summary of GHG Emission Inventory can be accessed from the \'Leh City Climate Action Plan Net Zero by 2047\'. (Page number 64-65)\nThe link of the document is attached here:\nchrome-extension://efaidnbmnnnibpcajpcglclefindmkaj/https://niua.in/c-cube/sites/all/themes/zap/pdf/LehCAP%20Report__For_WEB.pdf\n\nNo historical inventories prepared for Leh city.
2025 Disclosure Cycle,779465,CDP,931111,South Downs National Park Authority,City,UKWW,United Kingdom,Public,Q3.1.1,Provide information on and an attachment (in spreadsheet format)/ direct link to your main community-wide GHG emissions inventory.,1,Response,SouthDowns_2023_footprint_upload.xlsx,https://www.southdowns.gov.uk/wp-content/uploads/2022/09/South-Downs-Carbon-Baseline-Assessment.pdf,The emissions inventory has been attached,2023,Same - covers entire jurisdiction and nothing else,135824,Regional or country/area specific methodology,,Consultancy-developed tool/process: Small World Consulting's Landscape Carbon Tracker,CO2|CH4|NF3|SF6|N2O|HFCs|PFCs,"National/sub-national emission factors: Other, please specify SWC-DESNZ Emissions Factors for Fuels SWC-EEIO Emissions Factors for Industries DEFRA Emission Factors for Land Use",IPCC Sixth Assessment Report (2021),"Yes, externally audited/verified (third-party verification)",Emissions factors - Medium data quality|Activity data - High data quality,No changes to the methodology and/or boundary used as this is the jurisdictions first year reporting an emissions inventory,,Not applicable.
2025 Disclosure Cycle,779465,CDP,2012301,Broads National Park Authority,City,UKWW,United Kingdom,Public,Q3.1.1,Provide information on and an attachment (in spreadsheet format)/ direct link to your main community-wide GHG emissions inventory.,1,Response,CDP_output_broads.xlsx,,The emissions inventory has been attached,2022/2023,Other: Includes postcodes and COAs intersected by the boundary that meet a certain inclusion threshold. Excludes large emitters within the postcode and COA boundary.,18324,Regional or country/area specific methodology,,"Consultancy-developed tool/process: Small World Consulting's Landscape Carbon Tracker The Landscape Carbon Tracker is an online tool that takes data about an area's residents, visitors, industry and land-use, and shows you what the full carbon footprint looks like.",NF3|PFCs|HFCs|N2O|SF6|CO2|CH4,Other: Primary source of emission factors: SWC-DESNZ Emissions Factors for Fuels SWC-EEIO Emissions Factors for Industries DEFRA Emission Factors for Land Use,Other: Inline with UK GHGI,"Yes, externally audited/verified (third-party verification)",Emissions factors - Medium data quality|Activity data - High data quality,"Yes, due to changes in calculation methodology or improvements in data access and/or accuracy and this has triggered a recalculation of historic emissions data",,Use national emission factors in our EEIO model to include the overall supply chain in a jurisdiction and location specific activity data).\n\nhttps://www.sw-consulting.co.uk/food-and-land
2025 Disclosure Cycle,779465,CDP,2012303,Dartmoor National Park Authority,City,UKWW,United Kingdom,Public,Q3.1.1,Provide information on and an attachment (in spreadsheet format)/ direct link to your main community-wide GHG emissions inventory.,1,Response,"Dartmoor_2023_footprint_upload .csv,Dartmoor_2023_footprint_upload V3.xlsx,Dartmoor_2023_footprint_upload.xlsx",Not available,The emissions inventory has been attached,2023,Other: Includes postcodes and COAs intersected by the boundary that meet a certain inclusion threshold. Excludes large emitters within the postcode and COA boundary.,37241,Regional or country/area specific methodology,,Consultancy-developed tool/process: SWC's Landscape Carbon Tracker is an online tool that shows you what the full carbon footprint looks like. It has reduction targets from 2022 to 50 for 1.5 and 1.7 degree aligned pathways as well as 7th Carbon Budget aligned,CO2|NF3|N2O|PFCs|CH4|HFCs|SF6,Other: SWC-DESNZ Emissions Factors for Fuels SWC-EEIO Emissions Factors for Industries DEFRA Emission Factors for Land Use,Other: In line with UK GHGI,"Yes, externally audited/verified (third-party verification)",Emissions factors - Medium data quality|Activity data - High data quality,"Yes, due to changes in calculation methodology or improvements in data access and/or accuracy and this has triggered a recalculation of historic emissions data",,Use national emission factors in our EEIO model to include the overall supply chain in a jurisdiction and location specific activity data).\n\nhttps://www.sw-consulting.co.uk/food-and-land
2025 Disclosure Cycle,779465,CDP,2012305,Exmoor National Park Authority,City,UKWW,United Kingdom,Public,Q3.1.1,Provide information on and an attachment (in spreadsheet format)/ direct link to your main community-wide GHG emissions inventory.,1,Response,Copy of Exmoor_2023_footprint_uploadV3.xlsx,not available,The emissions inventory has been attached,2023,Other: Includes postcodes and COAs intersected by the boundary that meet a certain inclusion threshold. Excludes large emitters within the postcode and COA boundary.,9881,Regional or country/area specific methodology,,"Consultancy-developed tool/process: Small World Consulting's Landscape Carbon Tracker is an online tool that takes data about an area's residents, visitors, industry and land-use, and shows you what the full carbon footprint looks like. It has reduction targets from 2022 to 2050 for 1.",CO2|PFCs|HFCs|N2O|SF6|NF3|CH4,Other: SWC-DESNZ Emissions Factors for Fuels SWC-EEIO Emissions Factors for Industries DEFRA Emission Factors for Land Use,Other: Inline with UK GHGI,"Yes, externally audited/verified (third-party verification)",Emissions factors - Medium data quality|Activity data - High data quality,"Yes, due to changes in calculation methodology or improvements in data access and/or accuracy and this has triggered a recalculation of historic emissions data",Exmoor NP GHG Assessment Report_for website.pdf,Use national emission factors in our EEIO model to include the overall supply chain in a jurisdiction and location specific activity data).\n\nhttps://www.sw-consulting.co.uk/food-and-land
2025 Disclosure Cycle,779465,CDP,2012306,Loch Lomond and the Trossachs National Park Authority,City,UKWW,United Kingdom,Public,Q3.1.1,Provide information on and an attachment (in spreadsheet format)/ direct link to your main community-wide GHG emissions inventory.,1,Response,For 3.1 upload.xlsx,,The emissions inventory has been attached,2022,Other: Includes postcodes and COAs intersected by the boundary that meet a certain inclusion threshold. Excludes large emitters within the postcode and COA boundary.,14782,Regional or country/area specific methodology,,"Consultancy-developed tool/process: Small World Consulting's Landscape Carbon Tracker is an online tool that takes data about an area's residents, visitors, industry and land-use, and shows you what the full carbon footprint looks like. It has reduction targets from 2022 to 2050 for 1.",PFCs|HFCs|CO2|CH4|SF6|NF3|N2O,National/sub-national emission factors: SWC-DESNZ Emissions Factors for Fuels SWC-EEIO Emissions Factors for Industries DEFRA Emission Factors for Land Use,Other: Inline with UK GHGI,"Yes, externally audited/verified (third-party verification)",Activity data - High data quality|Emissions factors - Medium data quality,"Yes, due to changes in calculation methodology or improvements in data access and/or accuracy and this has triggered a recalculation of historic emissions data",,Use national emission factors in our EEIO model to include the overall supply chain in a jurisdiction and location specific activity data).\n\nhttps://www.sw-consulting.co.uk/food-and-land
2025 Disclosure Cycle,779465,CDP,2012307,New Forest National Park Authority,City,UKWW,United Kingdom,Public,Q3.1.1,Provide information on and an attachment (in spreadsheet format)/ direct link to your main community-wide GHG emissions inventory.,1,Response,"Copy of NewForest_2023_footprint_upload.xlsx,NewForest_2023_footprint_upload.csv",,The emissions inventory has been attached,2023,Other: Includes postcodes and COAs intersected by the boundary that meet a certain inclusion threshold. Excludes large emitters within the postcode and COA boundary.,33067,Regional or country/area specific methodology,,"Consultancy-developed tool/process: Small World Consulting's Landscape Carbon Tracker is an online tool that takes data about an area's residents, visitors, industry and land-use, and shows you what the full carbon footprint looks like. It has reduction targets from 2022 to 2050 for 1.",CO2|N2O|NF3|SF6|PFCs|HFCs|CH4,Other: SWC-DESNZ Emissions Factors for Fuels SWC-EEIO Emissions Factors for Industries DEFRA Emission Factors for Land Use,Other: Inline with UK GHGI,"Yes, externally audited/verified (third-party verification)",Emissions factors - Medium data quality|Activity data - High data quality,"Yes, due to a change to the inventory boundary but this has not triggered a recalculation of historic emissions data",New-Forest-NP-GHG-Assessment-Report-v5-FINAL-221117 (1).pdf,Use national emission factors in our EEIO model to include the overall supply chain in a jurisdiction and location specific activity data).\n\nhttps://www.sw-consulting.co.uk/food-and-land
2025 Disclosure Cycle,779465,CDP,2012308,North York Moors National Park Authority,City,UKWW,United Kingdom,Public,Q3.1.1,Provide information on and an attachment (in spreadsheet format)/ direct link to your main community-wide GHG emissions inventory.,1,Response,NorthYorkMoors_2023_footprint_upload.xlsx,,The emissions inventory has been attached,2023,Other: Includes postcodes and COAs intersected by the boundary that meet a certain inclusion threshold. Excludes large emitters within the postcode and COA boundary.,23035,Regional or country/area specific methodology,,"Consultancy-developed tool/process: Small World Consulting's Landscape Carbon Tracker uses data about area's residents, visitors, industry and land-use. It has reduction targets from 2022 to 2050 for 1.5 and 1.7 degree aligned pathways.",SF6|CO2|PFCs|CH4|HFCs|NF3|N2O,Other: SWC-DESNZ Emissions Factors for Fuels SWC-EEIO Emissions Factors for Industries DEFRA Emission Factors for Land Use,Other: Inline with UK GHGI,"Yes, externally audited/verified (third-party verification)",Activity data - High data quality|Emissions factors - Medium data quality,"Yes, due to a change to the inventory boundary and this has triggered a recalculation of historic emissions data",,"The SWC (Small World Consulting) inventory that is attached uses national emission factors in our EEIO model to include the overall supply chain in a jurisdiction and location specific activity data).\n\nhttps://www.sw-consulting.co.uk/food-and-land\n\nAll other data in this section (including the population estimate for 2023) is from https://assets.publishing.service.gov.uk/media/686539813b77477f9da072ad/2005-23-uk-protected-landscapes-ghg-emissions.xlsx\n\nThis is only for CO2, nitrous oxide and methane emissions"
2025 Disclosure Cycle,779465,CDP,2012309,Northumberland National Park Authority,City,UKWW,United Kingdom,Public,Q3.1.1,Provide information on and an attachment (in spreadsheet format)/ direct link to your main community-wide GHG emissions inventory.,1,Response,"2025-09-12_Northumberland_2023_footprint_upload_v3.xlsx,2025_09_12_SWC_CDP_Skeleton_Northumberland_v3.xlsx,Copy of 2025_CDP_skeleton_Northumberland.xlsx",,The emissions inventory has been attached,2023,Other: Includes postcodes and COAs intersected by the boundary that meet a certain inclusion threshold. Excludes large emitters within the postcode and COA boundary.,1857,Regional or country/area specific methodology,,"Consultancy-developed tool/process: Small World Consulting's Landscape Carbon Tracker is an online tool that takes data about an area's residents, visitors, industry and land-use, and shows you what the full carbon footprint looks like. (see further details in last column).",NF3|CO2|SF6|N2O|PFCs|CH4|HFCs,Other: SWC-DESNZ Emissions Factors for Fuels. SWC-EEIO Emissions Factors for Industries DEFRA Emission Factors for Land Use,Other: Inline with UK Greenhouse Gas Inventory.,"Yes, externally audited/verified (third-party verification)",Activity data - High data quality|Emissions factors - Medium data quality,"Yes, due to changes in calculation methodology or improvements in data access and/or accuracy and this has triggered a recalculation of historic emissions data","2025-09-12_Northumberland_2023_footprint_upload_v3.xlsx,2025_09_12_SWC_CDP_Skeleton_Northumberland_v3.xlsx,Copy of 2025_CDP_skeleton_Northumberland.xlsx","Small World Consulting's Landscape Carbon Tracker is an online tool that takes data about an area's residents, visitors, industry and land-use, and shows you what the full carbon footprint looks like. It has reduction targets from 2022 to 2050 for 1.5 and 1.7 degree aligned pathways as well as 7th Carbon Budget aligned pathways, and shows the actual emissions for each year that you upload data for. All data (where appropriate) can be broken down into scope 1, 2, and 3 emissions, and the data can be viewed through territorial, consumption, and custom lenses.\n\nWe use national emission factors in our EEIO model to include the overall supply chain in a jurisdiction and location specific activity data).\n\nhttps://www.sw-consulting.co.uk/food-and-land"
2025 Disclosure Cycle,779465,CDP,2012310,Peak District National Park Authority,City,UKWW,United Kingdom,Public,Q3.1.1,Provide information on and an attachment (in spreadsheet format)/ direct link to your main community-wide GHG emissions inventory.,1,Response,"Peak District NP GHG Assessment Report v20 FINAL 230109.pdf,PeakDistrict_2023_footprint_upload.csv,V3 PeakDistrict_2023_footprint_upload.xlsx",n/a - see upload,The emissions inventory has been attached,2023,Other: Includes postcodes and COAs intersected by the boundary that meet a certain inclusion threshold. Excludes large emitters within the postcode and COA boundary.,40936,Regional or country/area specific methodology,,"Consultancy-developed tool/process: Small World Consulting's Landscape Carbon Tracker is an online tool that takes data about an area's residents, visitors, industry and land-use, and shows you what the full carbon footprint looks like. It has reduction targets from 2022 to 2050 for 1.",SF6|CO2|PFCs|NF3|N2O|HFCs|CH4,Other: SWC-DESNZ Emissions Factors for Fuels SWC-EEIO Emissions Factors for Industries DEFRA Emission Factors for Land Use,Other: Inline with UK GHGI,"Yes, externally audited/verified (third-party verification)",Activity data - High data quality|Emissions factors - Medium data quality,"Yes, due to changes in calculation methodology or improvements in data access and/or accuracy and this has triggered a recalculation of historic emissions data",Peak District NP GHG Assessment Report v20 FINAL 230109.pdf,Use national emission factors in our EEIO model to include the overall supply chain in a jurisdiction and location specific activity data.\n\nhttps://www.sw-consulting.co.uk/food-and-land\n
2025 Disclosure Cycle,779465,CDP,2012312,Yorkshire Dales National Park Authority,City,UKWW,United Kingdom,Public,Q3.1.1,Provide information on and an attachment (in spreadsheet format)/ direct link to your main community-wide GHG emissions inventory.,1,Response,"YorkshireDales emissions inventory 2023_SWC.xlsx,YorkshireDales_2023_footprint_upload.xlsx","A URL is not available for the SWC inventory, however there is a URL for the DESNZ figures for the national parks: https://assets.publishing.service.gov.uk/media/686539813b77477f9da072ad/2005-23-uk-protected-landscapes-ghg-emissions.xlsx",The emissions inventory has been attached,2023,Other: Includes postcodes and COAs intersected by the boundary that meet a certain inclusion threshold. Excludes large emitters within the postcode and COA boundary.,23205,Regional or country/area specific methodology,,"Consultancy-developed tool/process: Small World Consulting's Landscape Carbon Tracker. It has reduction targets from 2022 to 2050 for 1.5 and 1.7 degree aligned pathways as well as 7th Carbon Budget aligned pathways, and shows the actual emissions for each year that you upload data for",NF3|CH4|CO2|SF6|PFCs|N2O|HFCs,Other: SWC-DESNZ Emissions Factors for Fuels SWC-EEIO Emissions Factors for Industries DEFRA Emission Factors for Land Use,Other: Inline with UK GHGI,"Yes, externally audited/verified (third-party verification)",Activity data - High data quality|Emissions factors - Medium data quality,"Yes, due to changes in calculation methodology or improvements in data access and/or accuracy and this has triggered a recalculation of historic emissions data",,"The SWC emissions inventory (attached) uses national emission factors in the EEIO model to include the overall supply chain in a jurisdiction and location specific activity data).\n\nhttps://www.sw-consulting.co.uk/food-and-land\n\nThis is used for our Scope 1-3 emissions.\n\nAll other emissions in this section come from https://assets.publishing.service.gov.uk/media/686539813b77477f9da072ad/2005-23-uk-protected-landscapes-ghg-emissions.xlsx\n\nThis only includes CO2, Nitrous oxide and methane."
2025 Disclosure Cycle,779465,CDP,2023043,Nasushiobara City,City,Japan,Japan,Public,Q3.1.1,Provide information on and an attachment (in spreadsheet format)/ direct link to your main community-wide GHG emissions inventory.,1,Response,【最新】R4速報値 - 排出量推移.pdf,外部公表なし,The emissions inventory has been attached,2022,Same - covers entire jurisdiction and nothing else,116839,Jurisdiction specific methodology,,Other regionally/nationally developed tool/process: 自治体排出量カルテ、経済センサス、農業センサス、その他,CH4|CO2|N2O,National/sub-national emission factors: 温室効果ガス排出量算定・報告マニュアル,IPCC Sixth Assessment Report (2021),,,,,なし
2025 Disclosure Cycle,779465,CDP,2027109,Ilustre Municipalidad De El Quisco,City,Latin America,Chile,Public,Q3.1.1,Provide information on and an attachment (in spreadsheet format)/ direct link to your main community-wide GHG emissions inventory.,1,Response,Huella comunal El Quisco.xlsx,https://drive.google.com/file/d/1R3HqulcunRU4HX-N_lcESkb-hRz4hwCu/view?usp=sharing,The emissions inventory can be accessed (unrestricted) on the link provided,2022,Same - covers entire jurisdiction and nothing else,18334,,Global Protocol for Community-Scale Greenhouse Gas Emissions Inventories (GPC),CIRIS,SF6|CH4|NF3|N2O|CO2|PFCs|HFCs,National/sub-national emission factors: presentados por Hulla Chile,IPCC Fifth Assessment Report (2013),"Yes, externally audited/verified (third-party verification)",Activity data - Medium data quality|Emissions factors - Medium data quality,,,
2025 Disclosure Cycle,779465,CDP,2027854,"City of Lafayette, IN",City,North America,United States of America,Public,Q3.1.1,Provide information on and an attachment (in spreadsheet format)/ direct link to your main community-wide GHG emissions inventory.,1,Response,,"Greater Lafayette Climate Action Plan (GHG inventory begins on page 67*): https://greaterlafayetteind.com/wp-content/uploads/2023/05/Greater-Lafayette-Climate-Action-Plan-FINAL.pdf\n\n*The City of Lafayette currently does not have access to ICLEI's ClearPath tool and, therefore, cannot provide exact emission amounts at this time. Access will be restored in January 2026, however, and emissions will be accessible thereafter. The Greater Lafayette Climate Action Plan (linked) includes the City's GHG inventory and communicates emissions via visual data, but exact measurements are not available via the charts and graphs as this information is primarily used to show emissions by category. ",The emissions inventory can be accessed (unrestricted) on the link provided,2017,Same - covers entire jurisdiction and nothing else,70783,U.S. Community Protocol for Accounting and Reporting of Greenhouse Gas Emissions (ICLEI USA),,ICLEI ClearPath,,,,,,,,"*The City of Lafayette has not yet renewed their membership with ICLEI since completing the 2017 community-wide GHG inventory and, therefore, does not have direct access to the inventory or an excel sheet containing the inventory data. The attached PDF is a general overview of the inventory. The City plans to renew ICLEI membership in January 2025 and will be able to report this data in the next CDP reporting period. "
2025 Disclosure Cycle,779465,CDP,2027856,Cañada Rosquín,City,Latin America,Argentina,Public,Q3.1.1,Provide information on and an attachment (in spreadsheet format)/ direct link to your main community-wide GHG emissions inventory.,1,Response,IGEI_Cañada Rosquin_Reporte.xlsx,no hay,The emissions inventory has been attached,2019,Same - covers entire jurisdiction and nothing else,5643,,Global Protocol for Community-Scale Greenhouse Gas Emissions Inventories (GPC) reported in the format of GCoM Common Reporting Framework (CRF),Internal tool/process,CO2|CH4|N2O,Default IPCC emission factors,Other: Se obtiene del último informe del IPCC y de los informes Bienales de la Argentina,"No, not audited/verified",Emissions factors - High data quality|Activity data - Medium data quality,No changes to the methodology and/or boundary used when compared to the previously reported inventory,,"Se utilizó la herramienta de cálculo desarrollada por la Red Argentina de Municipios frente al Cambio Climático, que fue diseñada en base al protocolo GPC para inventarios de emisiones de GEI para ciudades argentinas.\n"
2025 Disclosure Cycle,779465,CDP,2027864,El Trebol,City,Latin America,Argentina,Public,Q3.1.1,Provide information on and an attachment (in spreadsheet format)/ direct link to your main community-wide GHG emissions inventory.,1,Response,IGEI El Trebol.xlsx,,The emissions inventory has been attached,2021,Same - covers entire jurisdiction and nothing else,13539,,Global Protocol for Community-Scale Greenhouse Gas Emissions Inventories (GPC),Internal tool/process,N2O|CH4|CO2,Default IPCC emission factors,IPCC Sixth Assessment Report (2021),"No, not audited/verified",Activity data - Medium data quality|Emissions factors - High data quality,No changes to the methodology and/or boundary used when compared to the previously reported inventory,,No existen inventarios anteriores
2025 Disclosure Cycle,779465,CDP,2027869,San Salvador de Jujuy,City,Latin America,Argentina,Public,Q3.1.1,Provide information on and an attachment (in spreadsheet format)/ direct link to your main community-wide GHG emissions inventory.,1,Response,"IGEI San Salvador de Jujuy_Reporte.xlsx,IGEI San Salvador de Jujuy_Reporte.xlsx",no hay,The emissions inventory has been attached,2022,Same - covers entire jurisdiction and nothing else,315292,,Global Protocol for Community-Scale Greenhouse Gas Emissions Inventories (GPC) reported in the format of GCoM Common Reporting Framework (CRF),Internal tool/process,CH4|N2O|CO2,Default IPCC emission factors,Other: Se obtiene del último informe del IPCC y de los informes Bienales de la Argentina,"No, not audited/verified",Emissions factors - High data quality|Activity data - Medium data quality,No changes to the methodology and/or boundary used when compared to the previously reported inventory,IGEI SSdJ_Reporte_2020.xlsx,"Se utilizó la herramienta de cálculo desarrollada por la Red Argentina de Municipios frente al Cambio Climático, que fue diseñada en base al protocolo GPC para inventarios de emisiones de GEI para ciudades argentinas.\n"
2025 Disclosure Cycle,779465,CDP,2027930,Ahome,City,Latin America,Mexico,Public,Q3.1.1,Provide information on and an attachment (in spreadsheet format)/ direct link to your main community-wide GHG emissions inventory.,1,Response,,,Unable to provide an attachment and/or direct link to my emissions inventory,2022,Same - covers entire jurisdiction and nothing else,459310,,Global Protocol for Community-Scale Greenhouse Gas Emissions Inventories (GPC) reported in the format of GCoM Common Reporting Framework (CRF),,CH4|N2O|CO2,Default IPCC emission factors,IPCC Fifth Assessment Report (2013),"No, not audited/verified",Emissions factors - High data quality|Activity data - High data quality,No changes to the methodology and/or boundary used as this is the jurisdictions first year reporting an emissions inventory,,"El Inventario de Gases de Efecto Invernadero, abordado como diagnóstico en el Programa Municipal de Acción Climática de Ahome, se espera que se publique dentro del próximo año. "
2025 Disclosure Cycle,779465,CDP,2033737,Prefeitura de Crato,City,Latin America,Brazil,Public,Q3.1.1,Provide information on and an attachment (in spreadsheet format)/ direct link to your main community-wide GHG emissions inventory.,1,Response,"Crato - Inventário de Emissões.pdf,Crato - Inventário de Emissões.pdf,eCRF-inventariocitycatalist.xlsx,inventário de emissões crato-citycatalist.xlsx",https://docs.google.com/spreadsheets/d/1qxruL_Ew3pgZ-MiwwLL4QC-QGqbeiJGI/edit?usp=sharing&ouid=114706145430061025514&rtpof=true&sd=true,The emissions inventory can be accessed (unrestricted) on the link provided,2022/2023,Same - covers entire jurisdiction and nothing else,131050,Global Protocol for Community-Scale Greenhouse Gas Emissions Inventories (GPC),,Other: CityCalist,NF3|CO2|SF6|CH4|HFCs|N2O|PFCs,Default IPCC emission factors,IPCC Sixth Assessment Report (2021),,,,,Não se aplica
2025 Disclosure Cycle,779465,CDP,2033759,Prefeitura de Ji-Paraná,City,Latin America,Brazil,Public,Q3.1.1,Provide information on and an attachment (in spreadsheet format)/ direct link to your main community-wide GHG emissions inventory.,1,Response,eCRF-inventory-BR JPR-2022.xlsx,,The emissions inventory has been attached,2022,Same - covers entire jurisdiction and nothing else,,Global Protocol for Community-Scale Greenhouse Gas Emissions Inventories (GPC),,Other: 'City Catalyst',N2O|CO2|HFCs|NF3|SF6|CH4|PFCs,Default IPCC emission factors,IPCC Sixth Assessment Report (2021),,,,,
2025 Disclosure Cycle,779465,CDP,2033760,Prefeitura de Maranguape,City,Latin America,Brazil,Public,Q3.1.1,Provide information on and an attachment (in spreadsheet format)/ direct link to your main community-wide GHG emissions inventory.,1,Response,inventory-BR MGE-2022.csv,https://citycatalyst.io/pt/4d31e071-98f2-4c86-9fca-489f61787d62/,The emissions inventory has been attached,2022,Same - covers entire jurisdiction and nothing else,105093,Global Protocol for Community-Scale Greenhouse Gas Emissions Inventories (GPC),,Other: CityCatalyst,CO2,Default IPCC emission factors,IPCC Fifth Assessment Report (2013),,,,,
2025 Disclosure Cycle,779465,CDP,2033764,Prefeitura de São João De Meriti,City,Latin America,Brazil,Public,Q3.1.1,Provide information on and an attachment (in spreadsheet format)/ direct link to your main community-wide GHG emissions inventory.,1,Response,eCRF-inventory-BR SJM-2022_CARBONO.xlsx,,The emissions inventory has been attached,2022,Same - covers entire jurisdiction and nothing else,440962,Global Protocol for Community-Scale Greenhouse Gas Emissions Inventories (GPC),,Other: City Catalyst,CO2,Other: SEEG - Sistema de Estimativa de Emissão de Gases de Efeito Estufa / EPE,Do not know,,,,,
2025 Disclosure Cycle,779465,CDP,2044300,Laoag City,City,South East Asia & Oceania,Philippines,Public,Q3.1.1,Provide information on and an attachment (in spreadsheet format)/ direct link to your main community-wide GHG emissions inventory.,1,Response,,https://drive.google.com/file/d/1wULMIz0TzeryOqC1uDE6AUuug2nkMjEJ/view?usp=drive_link,The emissions inventory can be accessed (unrestricted) on the link provided,2025,Other: ,112117,2006 IPCC Guidelines for National Greenhouse Gas Inventories,,Other regionally/nationally developed tool/process: Country Specific Calculator,CO2,Default IPCC emission factors,IPCC Fifth Assessment Report (2013),"No, not audited/verified",Emissions factors - Low data quality|Activity data - High data quality,No changes to the methodology and/or boundary used as this is the jurisdictions first year reporting an emissions inventory,,xxxxxx
2025 Disclosure Cycle,779465,CDP,2044700,Municipality of Escobar,City,Latin America,Argentina,Public,Q3.1.1,Provide information on and an attachment (in spreadsheet format)/ direct link to your main community-wide GHG emissions inventory.,1,Response,IGEI_Escobar_Planilla de Cálculo_2023.xlsx,no hay,The emissions inventory has been attached,2023,Same - covers entire jurisdiction and nothing else,260185,,Global Protocol for Community-Scale Greenhouse Gas Emissions Inventories (GPC) reported in the format of GCoM Common Reporting Framework (CRF),Internal tool/process,CO2|CH4|N2O,Default IPCC emission factors,Other: ,"No, not audited/verified",Activity data - Medium data quality|Emissions factors - High data quality,No changes to the methodology and/or boundary used when compared to the previously reported inventory,,"Se utilizó la herramienta de cálculo desarrollada por la Red Argentina de Municipios frente al Cambio Climático, que fue diseñada en base al protocolo GPC para inventarios de emisiones de GEI para ciudades argentinas.\n"
2025 Disclosure Cycle,779465,CDP,2044738,City of Balanga,City,South East Asia & Oceania,Philippines,Public,Q3.1.1,Provide information on and an attachment (in spreadsheet format)/ direct link to your main community-wide GHG emissions inventory.,1,Response,2018 GHG Inventory.pdf,https://drive.google.com/file/d/1l1g3Tj0U-jeMmLyddO_rlXxldZk8_KIW/view?usp=sharing,The emissions inventory has been attached,2018,Same - covers entire jurisdiction and nothing else,104173,2006 IPCC Guidelines for National Greenhouse Gas Inventories,,Internal tool/process,CH4|CO2|N2O,Emission Factor Database (EFDB),IPCC Fourth Assessment Report (2007),"No, not audited/verified",Emissions factors - High data quality,No changes to the methodology and/or boundary used when compared to the previously reported inventory,2018 GHG Inventory.pdf,https://www.scribd.com/document/850460140/07-City-of-Balanga-Comprehensive-Development-Plan-2022-2027
2025 Disclosure Cycle,779465,CDP,2044739,City of Carmona,City,South East Asia & Oceania,Philippines,Public,Q3.1.1,Provide information on and an attachment (in spreadsheet format)/ direct link to your main community-wide GHG emissions inventory.,1,Response,,https://docs.google.com/spreadsheets/d/1PIbHYI3BdAx6fGrkfGRvinPQ29Lmkcaj/edit?usp=drive_link&ouid=112621026580222481535&rtpof=true&sd=true,The emissions inventory has been attached,2023,Same - covers entire jurisdiction and nothing else,118647,Global Protocol for Community-Scale Greenhouse Gas Emissions Inventories (GPC),,Other regionally/nationally developed tool/process: Community-Level GHG Inventory for Local Government Units (LGUs) in the Philippines,CO2,Default IPCC emission factors,IPCC Fifth Assessment Report (2013),"No, not audited/verified",Emissions factors - Medium data quality|Activity data - Low data quality,No changes to the methodology and/or boundary used as this is the jurisdictions first year reporting an emissions inventory,,none
2025 Disclosure Cycle,779465,CDP,2044740,City of Samal,City,South East Asia & Oceania,Philippines,Public,Q3.1.1,Provide information on and an attachment (in spreadsheet format)/ direct link to your main community-wide GHG emissions inventory.,1,Response,Samal-2022-DavNor-GHG-Final-Report_As-of-March-30-2023-1-1.pdf,https://drive.google.com/drive/folders/1oSk-Nkaybj-Hh8NaVyEwQoCcW-TE6i0X?usp=sharing,The emissions inventory can be accessed (unrestricted) on the link provided,2022,Same - covers entire jurisdiction and nothing else,2022,2006 IPCC Guidelines for National Greenhouse Gas Inventories,,Internal tool/process,CH4|N2O|CO2,Default IPCC emission factors,IPCC Second Assessment Report (1995),"Yes, externally audited/verified (third-party verification)",Activity data - High data quality,No changes to the methodology and/or boundary used as this is the jurisdictions first year reporting an emissions inventory,Samal-2022-DavNor-GHG-Final-Report_As-of-March-30-2023-1-1.pdf,"The Island Garden City of Samal (IGaCoS) completed its first community-wide GHG inventory in 2022, prepared by Ridge to Reef Environmental Consultancy, Inc. under the Province of Davao del Norte's One Package E-LCCAP. The inventory covers all major IPCC categories (stationary fuel, electricity, transport, agriculture, solid waste, wastewater, and forestry sinks) and is consistent with the 2006 IPCC Guidelines for National GHG Inventories. Gross emissions were 137,588.78 tCO₂e, with forestry removals of 26,806.67 tCO₂, resulting in a net emission of 110,782 tCO₂e. The inventory was internally reviewed but has not yet been externally verified. We are attaching the inventory dataset in spreadsheet format for CDP reporting."
2025 Disclosure Cycle,779465,CDP,2044749,Kalix Municipality,City,Europe,Sweden,Public,Q3.1.1,Provide information on and an attachment (in spreadsheet format)/ direct link to your main community-wide GHG emissions inventory.,1,Response,Presentation kommunens hållbarhetsstyrgrupp 20240918.pdf,https://www.kalix.se/contentassets/60fc2383fd87456da46ac7220919a3db/klimatkartlaggning-av-kalix-kommunorganisation-samt-rekommendationer.pdf,The emissions inventory has been attached and can be accessed (unrestricted) on the link provided,2023,"Other: It covers the municipality (organisation, not geographical) and scope 1 and 2 of the GHG protocol. So what I mean by parts of jurisdiction is that it doesn't include all three scopes in GHG.",15547,Global Protocol for Community-Scale Greenhouse Gas Emissions Inventories (GPC) reported in the format of GCoM Common Reporting Framework (CRF),,Internal tool/process,CO2,Local emission factors: https://ei.se/bransch/ursprungsmarkning-av-el/residualmix. https://www.smed.se/luft-och-klimat/4708. https://energiforskmedia.blob.core.windows.net/media/17907/miljoefaktaboken-2011-vaermeforskrapport-1183.pdf. https://www.energiforetagen.se/statist,Do not know,"No, not audited/verified",Activity data - Medium data quality,No changes to the methodology and/or boundary used as this is the jurisdictions first year reporting an emissions inventory,,
2025 Disclosure Cycle,779465,CDP,2044752,Ystad Municipality,City,Europe,Sweden,Public,Q3.1.1,Provide information on and an attachment (in spreadsheet format)/ direct link to your main community-wide GHG emissions inventory.,1,Response,Ystad Emissions Inventory 2023 GPC-CRF.xlsx,https://nationellaemissionsdatabasen.smhi.se/,The emissions inventory has been attached,2023,Same - covers entire jurisdiction and nothing else,31911,Global Protocol for Community-Scale Greenhouse Gas Emissions Inventories (GPC) reported in the format of GCoM Common Reporting Framework (CRF),,Consultancy-developed tool/process: Sustainable Advantage,CH4|N2O|CO2|SF6|NF3|HFCs|PFCs,National/sub-national emission factors: Swedish Environmental Agency,IPCC Fourth Assessment Report (2007),"Yes, externally audited/verified (third-party verification)",Activity data - Medium data quality|Emissions factors - High data quality,No changes to the methodology and/or boundary used as this is the jurisdictions first year reporting an emissions inventory,Ystad statistik.xlsx,Additiopnal information is data from SYSAV (municipal waste company) - which is added as Scope 3. 
2025 Disclosure Cycle,779465,CDP,2044754,Karatay Municipality,City,UKWW,Türkiye,Public,Q3.1.1,Provide information on and an attachment (in spreadsheet format)/ direct link to your main community-wide GHG emissions inventory.,1,Response,CIRIS_Karatay_2023_V00.xlsx,Not yet published.,The emissions inventory has been attached,2023,Same - covers entire jurisdiction and nothing else,375919,,Global Protocol for Community-Scale Greenhouse Gas Emissions Inventories (GPC),CIRIS,CH4|CO2|N2O,Default IPCC emission factors,IPCC Fifth Assessment Report (2013),"Yes, internally audited/verified (self-verification)",Activity data - Medium data quality|Emissions factors - High data quality,No changes to the methodology and/or boundary used as this is the jurisdictions first year reporting an emissions inventory,KARATAY_GHG_2020-2023_v03-EN .pdf,No Comments
2025 Disclosure Cycle,779465,CDP,2044758,Cà Mau City,City,South East Asia & Oceania,Viet Nam,Public,Q3.1.1,Provide information on and an attachment (in spreadsheet format)/ direct link to your main community-wide GHG emissions inventory.,1,Response,"Ca Mau GHG Inventory_2024.xlsx,Ca Mau GHG Inventory_2024.xlsx,Ca Mau GHG Inventory_2024.xlsx",https://docs.google.com/spreadsheets/d/1GfXOtvcOOSSJjrGU0F0Y4uVNbVeM6_VK/edit?usp=sharing&ouid=104491246351386598953&rtpof=true&sd=true,The emissions inventory has been attached,2023/2024,Same - covers entire jurisdiction and nothing else,1212000,Global Protocol for Community-Scale Greenhouse Gas Emissions Inventories (GPC),,CIRIS,CO2|N2O|CH4,National/sub-national emission factors: Emission factors for GHG inventory issued in 2022 by the Ministry of Natural Resources and Environment,IPCC Fifth Assessment Report (2013),"No, not audited/verified",Emissions factors - Medium data quality|Activity data - Medium data quality,No changes to the methodology and/or boundary used as this is the jurisdictions first year reporting an emissions inventory,"Co sở kiêm kê KNK.pdf,phuluc 1 phân công nhiệm vụ kèm theo KH 241 (1).pdf","Ca Mau Province is currently in the process of implementing Decision No. 13/2024/QĐ-TTg of the Prime Minister. This decision promulgates the list of sectors and greenhouse gas (GHG) emitting facilities that are required to conduct GHG inventories.\n\nAccordingly, these facilities are responsible for:\n\nConducting the GHG inventory for the year 2024.\n\nSubmitting their first GHG inventory report to the provincial People's Committee in 2025.\n\nTherefore, at this stage, the province is in the period during which the designated enterprises are collecting data and preparing their reports. A consolidated provincial-level report can only be prepared after these facility-level data and reports have been received and compiled.\n\nAccording to information from the Ca Mau Provincial E-Portal, the facilities in the province that are subject to mandatory GHG inventory include:\n\nCa Mau Petrochemical Power Company (Ca Mau Power Plants 1 and 2)\n\nCa Mau Fertilizer Joint Stock Company (PVCFC)\n\nCa Mau Branch of PetroVietnam Gas Corporation\n\nCong Ly Trading - Service - Tourism Co., Ltd. (Ca Mau City Waste Treatment Plant)\n\nThese are major emitters, mainly in the energy, industrial, and waste treatment sectors.\n\nRelated action plans\n\nIn parallel with initiating the inventory, Ca Mau Province has proactively developed action plans to reduce GHG emissions, showing that the province is preparing on the basis of initial estimates:\n\nWaste management sector: The province has issued an action plan to mitigate GHG emissions in the solid waste management sector.\n\nTarget: Reduce GHG emissions in this sector by 18.3% by 2030 compared to the business-as-usual (BAU) scenario (and up to 63.5% with international support).\n\nActions: The plan includes a specific task to “conduct the inventory and establish the GHG emission boundary for the province's waste sector,” confirming that this is an ongoing and upcoming activity.\n\nIn short, the current status of GHG inventory in Ca Mau is that it is in the implementation phase. The province has identified the major emitting facilities that must report, and these facilities are currently preparing their first GHG inventory reports (submission deadline: March 2025)."
2025 Disclosure Cycle,779465,CDP,2044818,Municipalidad de Melipilla,City,Latin America,Chile,Public,Q3.1.1,Provide information on and an attachment (in spreadsheet format)/ direct link to your main community-wide GHG emissions inventory.,1,Response,"PACCC Melipilla.docx (1)-130-145.pdf,PACCC Melipilla.docx (1)-9-12 (1).pdf",No hay link de acceso ,The emissions inventory has been attached,2024,Same - covers entire jurisdiction and nothing else,136325,Global Protocol for Community-Scale Greenhouse Gas Emissions Inventories (GPC),,"Other: Se basa en la recopilación de datos de actividad, utiliza factores de emisión estandarizados y considera las metodologías de las normas ISO, facilitando así el seguimiento y la verificación de los resultados",CO2|CH4|N2O,"Other: Las principales fuentes de emisiones en Melipilla provienen del uso de energía (combustibles y electricidad), el transporte, la gestión de residuos y el sector agropecuario. Estas cuatro áreas concentran los gases de efecto invernadero más relevantes","Other: El inventario usa como fuente el IPCC, a través del estándar nacional Huella Chile (MMA), para definir los valores de Potencial de Calentamiento Global que permiten comparar y sumar CO₂, CH₄ y N₂O en una sola métrica: CO₂ equivalente (CO₂e)","Yes, externally audited/verified (third-party verification)",Activity data - Medium data quality,"Other: Es el primer inventario actualizado en la comuna, por ende, no hay otra metodología de comparación o de cambios",,Solo se ha elaborado un inventario a nivel comunal y es el que se adjunto en esta columna. 
2025 Disclosure Cycle,779465,CDP,2045054,Gunung Kidul Regency,City,South East Asia & Oceania,Indonesia,Public,Q3.1.1,Provide information on and an attachment (in spreadsheet format)/ direct link to your main community-wide GHG emissions inventory.,1,Response,LAPORAN AKHIR INVENTARISASI EMISI GRK.pdf,,The emissions inventory has been attached,2023/2024,Same - covers entire jurisdiction and nothing else,746714,2006 IPCC Guidelines for National Greenhouse Gas Inventories,,SIGN-SMART (Indonesia),HFCs|CO2|SF6|N2O|PFCs|CH4,Default IPCC emission factors,IPCC Fourth Assessment Report (2007),"No, not audited/verified",Activity data - Low data quality|Activity data - Medium data quality,No changes to the methodology and/or boundary used as this is the jurisdictions first year reporting an emissions inventory,,
2025 Disclosure Cycle,779465,CDP,2045064,Magelang City,City,South East Asia & Oceania,Indonesia,Public,Q3.1.1,Provide information on and an attachment (in spreadsheet format)/ direct link to your main community-wide GHG emissions inventory.,1,Response,"LAPORAN_GRK_2024_FIX.pdf,Laporan_IGRK_Kota_Magelang_2021.pdf",https://dlh.magelangkota.go.id/download/lingkungan/LAPORAN_GRK_2024_FIX.pdf,The emissions inventory has been attached and can be accessed (unrestricted) on the link provided,2024,Same - covers entire jurisdiction and nothing else,128709,2006 IPCC Guidelines for National Greenhouse Gas Inventories,,SIGN-SMART (Indonesia),CO2|CH4|N2O,Default IPCC emission factors,IPCC Fourth Assessment Report (2007),"Yes, internally audited/verified (self-verification)",Activity data - Medium data quality|Emissions factors - Low data quality,No changes to the methodology and/or boundary used when compared to the previously reported inventory,chart.pdf,https://signsmart.menlhk.go.id/v2.1/app/chart/emisi_m/index/3.8.28.270
2025 Disclosure Cycle,779465,CDP,2045081,Municipalidad de Humberto Primo,City,Latin America,Argentina,Public,Q3.1.1,Provide information on and an attachment (in spreadsheet format)/ direct link to your main community-wide GHG emissions inventory.,1,Response,Reporte_Humberto_Primo_IGEI_2023.xlsx,Adjuntado.,The emissions inventory has been attached,2023,Same - covers entire jurisdiction and nothing else,4943,,Global Protocol for Community-Scale Greenhouse Gas Emissions Inventories (GPC) reported in the format of GCoM Common Reporting Framework (CRF),Internal tool/process,CO2|N2O|CH4,Default IPCC emission factors,Other: Se obtiene del último informe del IPCC y de los informes Bienales de la Argentina,"No, not audited/verified",Activity data - Medium data quality|Emissions factors - High data quality,Other: No hay inventario anterior,,No hay inventario anterior
2025 Disclosure Cycle,779465,CDP,2045345,Municipality of Terézváros,City,Europe,Hungary,Public,Q3.1.1,Provide information on and an attachment (in spreadsheet format)/ direct link to your main community-wide GHG emissions inventory.,1,Response,"Base Emission Inventory_SECAP 2020.xlsx,Terézváros SECAP_2020.pdf",Pages 12-16:\nhttps://terezvaros.hu/terezvaros-portal/methods/fmFrontendControl/getFile?key=9GEkFLKqv9PpR3WDneWiRT17kZzVaMYTANViOiii6Um2kV2mH7,The emissions inventory has been attached and can be accessed (unrestricted) on the link provided,2011,Same - covers entire jurisdiction and nothing else,37305,1996 IPCC Guidelines for National Greenhouse Gas Inventories,,Do not know,CO2,Default IPCC emission factors,IPCC Fifth Assessment Report (2013),"No, not audited/verified",Emissions factors - High data quality|Activity data - High data quality,No changes to the methodology and/or boundary used as this is the jurisdictions first year reporting an emissions inventory,,
2025 Disclosure Cycle,779465,CDP,2045446,Phu Yen City,City,South East Asia & Oceania,Viet Nam,Public,Q3.1.1,Provide information on and an attachment (in spreadsheet format)/ direct link to your main community-wide GHG emissions inventory.,1,Response,Phu Yen GHG Inventory_2024.xlsx,https://docs.google.com/spreadsheets/d/1ifmc9D3SuDa9OhSbBCXq1vrfIAx80GuM/edit?usp=sharing&ouid=104661267792843512526&rtpof=true&sd=true,The emissions inventory has been attached and can be accessed (unrestricted) on the link provided,2024,Same - covers entire jurisdiction and nothing else,885161,Global Protocol for Community-Scale Greenhouse Gas Emissions Inventories (GPC),,CIRIS,CO2|CH4|N2O,National/sub-national emission factors: Emission factors issued in 2022 by the Ministry of Natural Resources and Environment,IPCC Fifth Assessment Report (2013),"No, not audited/verified",Activity data - Medium data quality|Emissions factors - Medium data quality,No changes to the methodology and/or boundary used as this is the jurisdictions first year reporting an emissions inventory,Cơ sở Kiểm kê KNK.pdf,"Here is the translation:\n\nPhu Yen is also part of the implementation roadmap for the Government's general regulations on GHG inventory, specifically in accordance with Decision No. 01/2022/QD-TTg (and its updates) issued by the Prime Minister:\n\nEntities subject to inventory: Facilities with GHG emissions of 3,000 tons of CO2 equivalent/year or more, or those belonging to certain sectors and having a certain total energy consumption.\n\n6 sectors required to conduct inventory: Industry and Trade, Transport, Construction, Industrial Processes, Agriculture and Rural Development (including forestry), and Waste.\n\nImplementation timeline: From 2025, many GHG emitting facilities have been and are urgently implementing their inventories.\n\nIn summary: The GHG inventory situation in Phu Yen is in the initial implementation phase as stipulated by law. The current focus is on requiring large emitters (if any) to self-conduct the inventory and report to the Department of Natural Resources and Environment (DONRE), and a comprehensive provincial-level result or report is not yet available."
2025 Disclosure Cycle,779465,CDP,2045903,Zugló District XIV of Budapest,City,Europe,Hungary,Public,Q3.1.1,Provide information on and an attachment (in spreadsheet format)/ direct link to your main community-wide GHG emissions inventory.,1,Response,Zugló SECAP energy and Emission inventory.xlsx,,The emissions inventory has been attached,2011,Same - covers entire jurisdiction and nothing else,122673,,Global Protocol for Community-Scale Greenhouse Gas Emissions Inventories (GPC) reported in the format of GCoM Common Reporting Framework (CRF),Do not know,CO2,Default IPCC emission factors,Do not know,"No, not audited/verified",Activity data - Medium data quality|Emissions factors - Medium data quality,No changes to the methodology and/or boundary used when compared to the previously reported inventory,,
2025 Disclosure Cycle,779465,CDP,2045991,Rosario de la Frontera,City,Latin America,Argentina,Public,Q3.1.1,Provide information on and an attachment (in spreadsheet format)/ direct link to your main community-wide GHG emissions inventory.,1,Response,RosariodelaFrontera_Planilla de Cálculo_2024_Entregable.xlsx,no hay,The emissions inventory has been attached,2024,Same - covers entire jurisdiction and nothing else,33720,,Global Protocol for Community-Scale Greenhouse Gas Emissions Inventories (GPC) reported in the format of GCoM Common Reporting Framework (CRF),Internal tool/process,CH4|CO2|N2O,Default IPCC emission factors,Other: Se obtiene del último informe del IPCC y de los informes Bienales de la Argentina,"No, not audited/verified",Emissions factors - High data quality|Activity data - Medium data quality,No changes to the methodology and/or boundary used as this is the jurisdictions first year reporting an emissions inventory,,no hay
2025 Disclosure Cycle,779465,CDP,2045992,Pergamino,City,Latin America,Argentina,Public,Q3.1.1,Provide information on and an attachment (in spreadsheet format)/ direct link to your main community-wide GHG emissions inventory.,1,Response,IGEI_Pergamino _Reporte2022.xlsx,no hay,The emissions inventory has been attached,2022,Same - covers entire jurisdiction and nothing else,115340,,Global Protocol for Community-Scale Greenhouse Gas Emissions Inventories (GPC) reported in the format of GCoM Common Reporting Framework (CRF),Internal tool/process,CO2|CH4|N2O,Default IPCC emission factors,Other: Se obtiene del último informe del IPCC y de los informes Bienales de la Argentina,"No, not audited/verified",Emissions factors - High data quality|Activity data - Medium data quality,No changes to the methodology and/or boundary used when compared to the previously reported inventory,,no hay
2025 Disclosure Cycle,779465,CDP,2046070,Municipalidad de Esperanza,City,Latin America,Argentina,Public,Q3.1.1,Provide information on and an attachment (in spreadsheet format)/ direct link to your main community-wide GHG emissions inventory.,1,Response,Reporte_Esperanza_IGEI_2023.xlsx,Adjuntado,The emissions inventory has been attached,2023,Same - covers entire jurisdiction and nothing else,47666,,Global Protocol for Community-Scale Greenhouse Gas Emissions Inventories (GPC) reported in the format of GCoM Common Reporting Framework (CRF),Internal tool/process,N2O|CH4|CO2,Default IPCC emission factors,Other: Se obtiene del último informe del IPCC y de los informes Bienales de la Argentina,"No, not audited/verified",Emissions factors - High data quality|Activity data - Medium data quality,No changes to the methodology and/or boundary used when compared to the previously reported inventory,,"Se utilizó la herramienta de cálculo desarrollada por la Red Argentina de Municipios frente al Cambio Climático, que fue diseñada en base al protocolo GPC para inventarios de emisiones de GEI para ciudades argentinas."
2025 Disclosure Cycle,779465,CDP,35913,City of Nairobi,City,UKWW,Kenya,Public,Q3.1.1,Provide information on and an attachment (in spreadsheet format)/ direct link to your main community-wide GHG emissions inventory.,1,Response,2023 Nairobi CIRIS Inventory - 24 March 2.pdf,GHG report Nairobi_GHG Emissions Inventory \n\n\n\n\nhttps://docs.google.com/spreadsheets/d/1YlAtJv6lvSI-R-7XnRzOOS0urqkqwqR8/edit?gid=812812130#gid=812812130\n,The emissions inventory can be accessed (unrestricted) on the link provided,2023,Other: Cross Boundary emmissions is of concern and therefore covered in the in study,5,,Global Protocol for Community-Scale Greenhouse Gas Emissions Inventories (GPC),CIRIS,N2O|CO2|CH4,National/sub-national emission factors: Kenya Population and Housing Census 2019: Vol IV,IPCC Fifth Assessment Report (2013),"Yes, externally audited/verified (third-party verification)",Activity data - High data quality,No changes to the methodology and/or boundary used when compared to the previously reported inventory,,The city developed the green gas inventory report .The city is completing updating GHG using 2021 data inventory and to also include Agriculture and land use industrial processes
2025 Disclosure Cycle,779465,CDP,44210,Yeosu City,City,South East Asia & Oceania,Korea (The Republic of),Public,Q3.1.1,Provide information on and an attachment (in spreadsheet format)/ direct link to your main community-wide GHG emissions inventory.,1,Response,GHGs_Inventory_Yeosu.xlsx,https://www.yeosu2050.or.kr/bbs.php?id=menu5_3&mode=view&no=6&page=1&category=&Search_mode=&Search_text=,The emissions inventory has been attached and can be accessed (unrestricted) on the link provided,2022,Same - covers entire jurisdiction and nothing else,274765,,2006 IPCC Guidelines for National Greenhouse Gas Inventories,Other: Korea GIR Inventory Tool,SF6|HFCs|PFCs|CO2|N2O|CH4,Default IPCC emission factors,IPCC Fifth Assessment Report (2013),"Yes, externally audited/verified (third-party verification)",Emissions factors - High data quality|Activity data - High data quality,No changes to the methodology and/or boundary used when compared to the previously reported inventory,,The Yeosu City greenhouse gas inventory based on GCoM criteria is attached as an additional file.
2025 Disclosure Cycle,779465,CDP,50387,Prefeitura de Guarulhos,City,Latin America,Brazil,Public,Q3.1.1,Provide information on and an attachment (in spreadsheet format)/ direct link to your main community-wide GHG emissions inventory.,1,Response,02_FINAL_Guarullhos_Inventário de GEE_V03_Revisão_26.09.pdf,https://www.guarulhos.sp.gov.br/sites/default/files/2025-02/02_FINAL_Guarullhos_Invent%C3%A1rio%20de%20GEE_V03_Revis%C3%A3o_26.09.pdf,The emissions inventory has been attached and can be accessed (unrestricted) on the link provided,2024,Same - covers entire jurisdiction and nothing else,1291771,,Global Protocol for Community-Scale Greenhouse Gas Emissions Inventories (GPC),CIRIS,N2O|CH4|HFCs|CO2|NF3|PFCs|SF6,Default IPCC emission factors,IPCC Sixth Assessment Report (2021),"Yes, internally audited/verified (self-verification)",Emissions factors - Medium data quality|Activity data - Medium data quality,No changes to the methodology and/or boundary used when compared to the previously reported inventory,,
2025 Disclosure Cycle,779465,CDP,50543,"Halifax Regional Municipality, NS",City,North America,Canada,Public,Q3.1.1,Provide information on and an attachment (in spreadsheet format)/ direct link to your main community-wide GHG emissions inventory.,1,Response,CDP_Emissions.xlsx,Attached: \'CDP_Emissions.xlsx\',The emissions inventory has been attached,2024,Same - covers entire jurisdiction and nothing else,517981,,Global Protocol for Community-Scale Greenhouse Gas Emissions Inventories (GPC) reported in the format of GCoM Common Reporting Framework (CRF),Consultancy-developed tool/process: We used a spreadsheet developed by a consultant,N2O|CO2|CH4,Default IPCC emission factors,IPCC Fourth Assessment Report (2007),"Yes, internally audited/verified (self-verification)",Emissions factors - Medium data quality|Activity data - Medium data quality,"Yes, due to changes in calculation methodology or improvements in data access and/or accuracy and this has triggered a recalculation of historic emissions data",,"The spreadsheet attached in 3.1.1.2 includes previous years in the same sheet. \n\nNote: We plan to review the inclusion of HFCs, PFCs, SF6, and NF3 this year."
2025 Disclosure Cycle,779465,CDP,55371,Municipalidad de Vicente López,City,Latin America,Argentina,Public,Q3.1.1,Provide information on and an attachment (in spreadsheet format)/ direct link to your main community-wide GHG emissions inventory.,1,Response,IGEI_ReporteVicenteLópez_2020.xlsx,no hay,The emissions inventory has been attached,2020,Same - covers entire jurisdiction and nothing else,267655,,Global Protocol for Community-Scale Greenhouse Gas Emissions Inventories (GPC) reported in the format of GCoM Common Reporting Framework (CRF),Internal tool/process,N2O|CO2|CH4,Default IPCC emission factors,Other: Se obtiene del último informe del IPCC y de los informes Bienales de la Argentina,"No, not audited/verified",Emissions factors - High data quality|Activity data - Medium data quality,No changes to the methodology and/or boundary used when compared to the previously reported inventory,,"Se utilizó la herramienta de cálculo desarrollada por la Red Argentina de Municipios frente al Cambio Climático, que fue diseñada en base al protocolo GPC para inventarios de emisiones de GEI para ciudades argentinas.\n"
2025 Disclosure Cycle,779465,CDP,58485,"Abington Township, PA",City,North America,United States of America,Public,Q3.1.1,Provide information on and an attachment (in spreadsheet format)/ direct link to your main community-wide GHG emissions inventory.,1,Response,,https://docs.google.com/spreadsheets/d/1POToZXQbL7oTRfcp9M2UIq48oPHMW64xhCiD1gxsXgc/edit?usp=sharing\n,The emissions inventory can be accessed (unrestricted) on the link provided,2018,Same - covers entire jurisdiction and nothing else,55573.0,,Global Protocol for Community-Scale Greenhouse Gas Emissions Inventories (GPC),ICLEI ClearPath,CO2|N2O|CH4,,IPCC Fifth Assessment Report (2013),"Yes, externally audited/verified (third-party verification)",Activity data - Medium data quality,"Yes, due to changes in calculation methodology or improvements in data access and/or accuracy but this has not triggered a recalculation of historic emissions data",,
2025 Disclosure Cycle,779465,CDP,60393,Municipalidad de Santiago,City,Latin America,Chile,Public,Q3.1.1,Provide information on and an attachment (in spreadsheet format)/ direct link to your main community-wide GHG emissions inventory.,1,Response,Informe cuantificacion comunal 2023 - Municipalidad de Santiago.pdf,https://drive.google.com/file/d/1ZSylZDiHq078LTNABwWmONImJblbRzlL/view?usp=sharing,The emissions inventory has been attached,2022,Same - covers entire jurisdiction and nothing else,527014,,2006 IPCC Guidelines for National Greenhouse Gas Inventories,"Other regionally/nationally developed tool/process: Huella Chile, Ministerio del Medio Ambiente",N2O|CH4|CO2,Default IPCC emission factors,IPCC Fourth Assessment Report (2007),"No, not audited/verified",Emissions factors - High data quality|Activity data - High data quality,"Yes, due to a change to the inventory boundary and this has triggered a recalculation of historic emissions data","2017 - Detalle Emisiones Comuna de Santiago (base 2016) OK.pdf,2019 - Detalle Emisiones Comuna de Santiago (base 2018) OK.pdf,2021 - Detalle Emisiones Comuna de Santiago (base 2020) OK.pdf",El calculo de emisiones corresponde al año 2023 y contiene los datos disponibles para el año 2022. Los límites del cálculo es la comuna completa. 
2025 Disclosure Cycle,779465,CDP,68375,Prefeitura de Abaetetuba,City,Latin America,Brazil,Public,Q3.1.1,Provide information on and an attachment (in spreadsheet format)/ direct link to your main community-wide GHG emissions inventory.,1,Response,Abaetetuba - Ajustes 11.xlsx,Planilha em anexo,The emissions inventory has been attached,2022,Same - covers entire jurisdiction and nothing else,158188.0,,Global Protocol for Community-Scale Greenhouse Gas Emissions Inventories (GPC),Consultancy-developed tool/process: Ferramenta facilitada pelo acompanhamento técnico realizado pelo GCoM,CO2|N2O|CH4,"Local emission factors: Stationary energy, transport and waste",IPCC Fifth Assessment Report (2013),"Yes, externally audited/verified (third-party verification)",Activity data - High data quality,No changes to the methodology and/or boundary used when compared to the previously reported inventory,inventário.pdf,"O Inventário de Emissões de Gases de Efeito Estufa (GEE) de Abaetetuba/PA representa o primeiro levantamento sistemático das emissões municipais, identificando as principais fontes de gases como dióxido de carbono (CO₂), metano (CH₄), óxido nitroso (N₂O) e gases industriais fluorados. O inventário atual considera setores como transporte, energia, resíduos sólidos e processos industriais, permitindo quantificar as emissões, subsidiar políticas públicas de mitigação e alinhar o município às metas de redução de emissões da Agenda 2030 e do Pacto Global de Prefeitos pelo Clima e Energia.\nPara o próximo inventário, será incluída a avaliação detalhada do setor AFOLU (Agricultura, Florestas e Outros Usos da Terra), abrangendo atividades como agricultura familiar, manejo florestal, desmatamento, reflorestamento e uso do solo. Essa inclusão permitirá uma análise mais completa das emissões e absorções de carbono no município, reforçando a capacidade de Abaetetuba de planejar ações climáticas integradas e sustentáveis, com foco tanto na mitigação quanto na adaptação às mudanças climáticas."
2025 Disclosure Cycle,779465,CDP,73533,Intendencia de Canelones,City,Latin America,Uruguay,Public,Q3.1.1,Provide information on and an attachment (in spreadsheet format)/ direct link to your main community-wide GHG emissions inventory.,1,Response,INGEI CANELONES.pdf,https://docs.google.com/document/d/1Rn3h_2zaKHVRQ8YKzDTfZujttYMeqTYGfyqyDKEipno/edit?usp=sharing \n,The emissions inventory has been attached and can be accessed (unrestricted) on the link provided,2023,Same - covers entire jurisdiction and nothing else,608960,,Global Protocol for Community-Scale Greenhouse Gas Emissions Inventories (GPC),CIRIS,N2O|CH4|CO2,Default IPCC emission factors,IPCC Fifth Assessment Report (2013),"No, not audited/verified",Emissions factors - High data quality|Emissions factors - Medium data quality|Activity data - Medium data quality|Activity data - High data quality,Other: El informe reporta una serie temporal de 2019-2023 con la misma metodología. Cambia si se lo compara con un inventario metropolitano anterior base 2006.,undp-uy-plan-climatico-tacc-2013.pdf,No corresponde. El antecedente de inventario que tenemos es de 2010 con base en 2006 y abarca más que nuestra jurisdicción. 
2025 Disclosure Cycle,779465,CDP,73734,Envigado,City,Latin America,Colombia,Public,Q3.1.1,Provide information on and an attachment (in spreadsheet format)/ direct link to your main community-wide GHG emissions inventory.,1,Response,Copia de Inventario_Envigado_v5 (1)final.xlsx,Se adjunta hoja de calculo del Inventario GEI ,The emissions inventory has been attached,2018,Same - covers entire jurisdiction and nothing else,232900.0,,Global Protocol for Community-Scale Greenhouse Gas Emissions Inventories (GPC) reported in the format of GCoM Common Reporting Framework (CRF),ICLEI ClearPath,PFCs|CO2|NF3|HFCs|SF6|N2O|CH4,Default IPCC emission factors,IPCC Fourth Assessment Report (2007),"Yes, internally and externally audited/verified",Activity data - Medium data quality|Emissions factors - High data quality,No changes to the methodology and/or boundary used when compared to the previously reported inventory,Informe Inventario GEI AMVA.pdf,"Inventario de GEI realizado por la firma Anthesis Lavola para ICLEI, en el marco del proyecto URBAN LEDS II, del cual Envigado hizo parte como mienbro de la Red de Gobiernos por la Sostenibilidad ICLEI El estudio de inventario GEI del Valle de Aburrá, contratado por el AMVA con la WWF, se denomina Inventario GEI 2016-2019 WWWF, el cual se adjunta.\n\nLa WWF realizó el Inventario GEI para los 10 municipios del Área Metropolitana, incluido Envigado para el periodo 2016-2019"
2025 Disclosure Cycle,779465,CDP,73793,La Estrella,City,Latin America,Colombia,Public,Q3.1.1,Provide information on and an attachment (in spreadsheet format)/ direct link to your main community-wide GHG emissions inventory.,1,Response,"Inventario-GEI-2016-2019-WWF.pdf,Inventario-GEI-2016-2019-WWF.pdf",https://municipiolaestrella-my.sharepoint.com/:b:/g/personal/santiago_castro_laestrella_gov_co/EZq15bsqVoRCqzOhk_ZGr5UB4bYrxNU6XAGeLUJKcvU2EA?e=0hDfl0,The emissions inventory can be accessed (unrestricted) on the link provided,2019,Other: En este inventario se incluye a los municipios que componen el Valle de Aburra,73696.0,,Global Protocol for Community-Scale Greenhouse Gas Emissions Inventories (GPC),"Other regionally/nationally developed tool/process: Guía para la actualización de inventarios de emisiones de GEI en ciudades colombianas y su herramienta ofimática (MADS-IDEAM-BEIS-WWF, 2021). Parte de los principios y ecuaciones de la GBP IPCC y el Protocolo Global para Inventarios de Emisión de Gas",N2O|CH4|CO2,Default IPCC emission factors,Do not know,"Yes, internally audited/verified (self-verification)",Emissions factors - High data quality,No changes to the methodology and/or boundary used when compared to the previously reported inventory,,Adicionalmente se adjunta hoja de calculo de inventario de GEI de las instalaciones y actividades propias de la Alcaldía de la Estrella para el año 2022.
2025 Disclosure Cycle,779465,CDP,74309,Nakhon Sawan City Municipality,City,South East Asia & Oceania,Thailand,Public,Q3.1.1,Provide information on and an attachment (in spreadsheet format)/ direct link to your main community-wide GHG emissions inventory.,1,Response,,https://drive.google.com/drive/folders/1PJOGFqTf736eVNum5Wd-EpCo6QzlEHnZ?usp=drive_link,The emissions inventory can be accessed (unrestricted) on the link provided,2018,Same - covers entire jurisdiction and nothing else,2018,Global Protocol for Community-Scale Greenhouse Gas Emissions Inventories (GPC),,Other: TGO,CH4|HFCs|CO2|PFCs|NF3|SF6|N2O,Default IPCC emission factors,IPCC Fifth Assessment Report (2013),,,,,https://drive.google.com/file/d/1-zCb03i6B0ME3kJ88CxjLcFoerFU2Giw/view?usp=drive_link
2025 Disclosure Cycle,779465,CDP,826201,Ayuntamiento de Zapopan,City,Latin America,Mexico,Public,Q3.1.1,Provide information on and an attachment (in spreadsheet format)/ direct link to your main community-wide GHG emissions inventory.,1,Response,"Inventario GEI Zapopan año base 2022 vf.pdf,Inventario GEI Zapopan año base 2022 vf.pdf",Inventario de Gases de Efecto de Invernadero de Zapopan año base 2022; https://drive.google.com/file/d/1b07H90Fx7puqxteRcV_oZF4vVAPgfFBS/view?usp=sharing,The emissions inventory has been attached and can be accessed (unrestricted) on the link provided,2022,Same - covers entire jurisdiction and nothing else,1539814,,2006 IPCC Guidelines for National Greenhouse Gas Inventories,US EPA Greenhouse Gas Inventory Tool (US),CO2|CH4|N2O,National/sub-national emission factors: ACUERDO particularidades técnicas y las fórmulas para la aplicación de metodologías para el cálculo de emisiones de gases o compuestos de efecto invernadero. https://www.dof.gob.mx/nota_detalle.php?codigo=5406149&fecha=03/09/2015#gsc.tab=0,IPCC Fifth Assessment Report (2013),"Yes, internally audited/verified (self-verification)",Activity data - High data quality|Emissions factors - High data quality,No changes to the methodology and/or boundary used as this is the jurisdictions first year reporting an emissions inventory,"IGEI Zapopan año base 2016.pdf,IGEI_año_base_2022_AMG.pdf","Se cuenta con un Inventario a escala metropolitana elaborado por parte de Instituto de Planeación y Gestión del Desarrollo del Área Metropolitana de Guadalajara (IMEPLAN) con año base 2022; asimismo, se cuenta con un Inventario de Gases de Efecto Invernadero del municipio de Zapopan año base 2016. El documento se encuentra disponible en: https://www.viiemetro.imeplan.mx/"
2025 Disclosure Cycle,779465,CDP,834373,"Town of York, ME",City,North America,United States of America,Public,Q3.1.1,Provide information on and an attachment (in spreadsheet format)/ direct link to your main community-wide GHG emissions inventory.,1,Response,,,The emissions inventory has been attached,2020,Same - covers entire jurisdiction and nothing else,13290.0,,U.S. Community Protocol for Accounting and Reporting of Greenhouse Gas Emissions (ICLEI USA),ICLEI ClearPath,CH4|N2O|CO2,,IPCC Sixth Assessment Report (2021),"No, not audited/verified",Activity data - Medium data quality,No changes to the methodology and/or boundary used when compared to the previously reported inventory,,"Given the report was compiled with a volunteers with limited access, there are some inconsistencies in the data which have only recently been discovered this reporting year. This has started the process of us planning for a new emissions report that isn't as patchworked, and a revised Climate Action Report. "
2025 Disclosure Cycle,779465,CDP,834374,Tagum City,City,South East Asia & Oceania,Philippines,Public,Q3.1.1,Provide information on and an attachment (in spreadsheet format)/ direct link to your main community-wide GHG emissions inventory.,1,Response,Tagum City_GHG Emmission Data from Residential.xlsx,https://docs.google.com/spreadsheets/d/13HjZlxcJoKGNSpYFdkxvtY8EBNChNgif/edit?usp=sharing&ouid=117743305173203387052&rtpof=true&sd=true,The emissions inventory has been attached,2023/2024,Same - covers entire jurisdiction and nothing else,300042,2006 IPCC Guidelines for National Greenhouse Gas Inventories,,Internal tool/process,HFCs|N2O|CO2|NF3|PFCs|CH4|SF6,Default IPCC emission factors,IPCC Sixth Assessment Report (2021),"Yes, externally audited/verified (third-party verification)",Activity data - High data quality|Emissions factors - High data quality,"Yes, due to a change to the inventory boundary and this has triggered a recalculation of historic emissions data",Tagum-City-GHG-Quantification-Spreadsheet.xlsx,"The quality of Tagum City's greenhouse gas inventory has significantly improved, expanding its coverage from an institutional scope to a comprehensive, community-wide assessment."
2025 Disclosure Cycle,779465,CDP,866903,Prefeitura de Itapipoca,City,Latin America,Brazil,Public,Q3.1.1,Provide information on and an attachment (in spreadsheet format)/ direct link to your main community-wide GHG emissions inventory.,1,Response,Relatório GEE Itapipoca.pdf,NÃO ,The emissions inventory has been attached,2022/2023,Same - covers entire jurisdiction and nothing else,131123,,Jurisdiction specific methodology,Consultancy-developed tool/process: ,CO2|CH4|N2O,Default IPCC emission factors,IPCC Fifth Assessment Report (2013),"Yes, internally and externally audited/verified",Emissions factors - High data quality|Activity data - High data quality,"Yes, due to a change to the inventory boundary and this has triggered a recalculation of historic emissions data",Relatório GEE Itapipoca.pdf,NÃO 
2025 Disclosure Cycle,779465,CDP,867329,Prefeitura de Cametá,City,Latin America,Brazil,Public,Q3.1.1,Provide information on and an attachment (in spreadsheet format)/ direct link to your main community-wide GHG emissions inventory.,1,Response,"20250625_Apresentação_Cameta_City Profile.pdf,20250625_Apresentação_Cameta_City Profile.pdf",,The emissions inventory has been attached,2025,Same - covers entire jurisdiction and nothing else,2025,,Global Protocol for Community-Scale Greenhouse Gas Emissions Inventories (GPC),Do not know,CO2,"Local emission factors: Mapbiomas, IBGE, MME, EPE",Do not know,"No, not audited/verified",Activity data - High data quality,No changes to the methodology and/or boundary used when compared to the previously reported inventory,,"O documento “Cametá | City Profile - Programa Cidades Modelos Verdes Resilientes” foi elaborado pela iCare Brasil, em parceria com a plataforma CityCatalyst e o programa internacional Cidades Modelo Verdes e Resilientes, que utiliza ferramentas de inventário e análise climática como CityCatalyst e CAP Tool."
