disclosure_cycle,cdp_requesting_org_number,requesting_organization,cdp_disclosing_org_number,disclosing_organization,disclosing_org_type,cdp_region,discloser_country_or_area,public_status,question_number,question_text,row_order,row_name,col1_Data availability,col2_Percentage of households with access to safely managed drinking water services,col3_Percentage of households with access to safely managed sanitation services,col4_Household water consumption (litres/capita/day),col5_Comment
2025 Disclosure Cycle,779465,CDP,1093,"City of Atlanta, GA",City,North America,United States of America,Public,Q4.10,"Provide details of the household access to water, sanitation services and water consumption in your jurisdiction.",1,Response,Data is available for the percentage of households with access to safely managed drinking water services|Data is available for the percentage of households with access to safely managed sanitation services|Data is available for the average household water consumption in litres per capita per day,100.0,100.0,32.07,"We provide access to our safely managed drinking water services and safely managed sanitation services to all households within the City of Atlanta. We reserve the right to halt this service for nonpayment or other violations, but access would still be available. "
2025 Disclosure Cycle,779465,CDP,1184,"City of Austin, TX",City,North America,United States of America,Public,Q4.10,"Provide details of the household access to water, sanitation services and water consumption in your jurisdiction.",1,Response,Data is available for the percentage of households with access to safely managed sanitation services|Data is available for the percentage of households with access to safely managed drinking water services|Data is available for the average household water consumption in litres per capita per day,100.0,100.0,1200,Austin Water estimates that all households in the Austin jurisdiction have access to potable water and sanitation services.
2025 Disclosure Cycle,779465,CDP,1499,City of Barcelona,City,Europe,Spain,Public,Q4.10,"Provide details of the household access to water, sanitation services and water consumption in your jurisdiction.",1,Response,Data is available for the percentage of households with access to safely managed sanitation services|Data is available for the average household water consumption in litres per capita per day|Data is available for the percentage of households with access to safely managed drinking water services,100.0,100.0,98.4,2024 data \nhttps://bcnroc.ajuntament.barcelona.cat/jspui/handle/11703/139970\n
2025 Disclosure Cycle,779465,CDP,1850,Birmingham City Council,City,UKWW,United Kingdom,Public,Q4.10,"Provide details of the household access to water, sanitation services and water consumption in your jurisdiction.",1,Response,Data is available for the percentage of households with access to safely managed drinking water services|Data is available for the average household water consumption in litres per capita per day|Data is available for the percentage of households with access to safely managed sanitation services,100,100,0,Household water consumption unknown but 0 entered to allow question to be marked complete
2025 Disclosure Cycle,779465,CDP,2621,Cambridgeshire County Council,City,UKWW,United Kingdom,Public,Q4.10,"Provide details of the household access to water, sanitation services and water consumption in your jurisdiction.",1,Response,Data is available for the percentage of households with access to safely managed drinking water services|Data is available for the average household water consumption in litres per capita per day|Data is available for the percentage of households with access to safely managed sanitation services,100.0,98.0,132,Based on UK wide data. https://ourworldindata.org/water-access#what-share-of-people-have-access-to-safe-drinking-water\n\nhttps://ourworldindata.org/sanitation#what-share-of-people-use-safely-managed-sanitation-facilities\n\nHousehold water consumption (litres/capita/day) data for Anglian Water (larger region which includes Cambridgeshire) for 2023/24 https://prod-swd.anglianwater.co.uk/siteassets/household/about-us/our-reports/service-commitment-plan-2024.pdf
2025 Disclosure Cycle,779465,CDP,3203,City of Chicago,City,North America,United States of America,Public,Q4.10,"Provide details of the household access to water, sanitation services and water consumption in your jurisdiction.",1,Response,Data is available for the percentage of households with access to safely managed drinking water services,100,,,"The Department of Water Management services 487,347 households with an estimated consumption rate of 400 million gallons/day in Chicago"
2025 Disclosure Cycle,779465,CDP,3417,"New York City, NY",City,North America,United States of America,Public,Q4.10,"Provide details of the household access to water, sanitation services and water consumption in your jurisdiction.",1,Response,Data is available for the percentage of households with access to safely managed drinking water services|Data is available for the average household water consumption in litres per capita per day|Data is available for the percentage of households with access to safely managed sanitation services,100.0,100.0,447.4,https://data.cityofnewyork.us/Environment/Water-Consumption-in-the-City-of-New-York/ia2d-e54m/explore/query/SELECT%0A%20%20%60year%60%2C%0A%20%20%60new_york_city_population%60%2C%0A%20%20%60nyc_consumption_million_gallons_per_day%60%2C%0A%20%20%60per_capita_gallons_per_person_per_day%60/page/filter
2025 Disclosure Cycle,779465,CDP,3422,Greater London Authority,City,UKWW,United Kingdom,Public,Q4.10,"Provide details of the household access to water, sanitation services and water consumption in your jurisdiction.",1,Response,Data is available for the percentage of households with access to safely managed sanitation services|Data is available for the percentage of households with access to safely managed drinking water services|Data is available for the average household water consumption in litres per capita per day,100.0,99.0,146,"Note that 'Percentage of households with access to safely managed sanitation services' is reported based on overall UK figures. The UK has universal access to safely managed sanitation services, so the percentage without access in London is likely to be close to none but the exact figure in the jurisdiction is not known. The figure on Household water consumption is at around 140litres per person taken from the Thames Water Resource Management Plan published in 2024 Keeping water flowing for the future | News| Thames Water."
2025 Disclosure Cycle,779465,CDP,3429,City of Stockholm,City,Europe,Sweden,Public,Q4.10,"Provide details of the household access to water, sanitation services and water consumption in your jurisdiction.",1,Response,Data is available for the percentage of households with access to safely managed drinking water services,100,,,-
2025 Disclosure Cycle,779465,CDP,5871,Essex County Council,City,UKWW,United Kingdom,Public,Q4.10,"Provide details of the household access to water, sanitation services and water consumption in your jurisdiction.",1,Response,Data is available for the percentage of households with access to safely managed drinking water services|Data is available for the average household water consumption in litres per capita per day,100.0,,152.3,"There are four companies responsible for providing water services for Essex residents: Affinity Water (28% of households), Anglian Water (20% of households), Essex and Suffolk Water (47% of households), and Thames Water (5% of households).\n\nData for average daily water consumption per capita is for the year 2024/25. It is a proportional average based on data from the 4 water companies that cover Essex, as their areas and datasets are bigger that just Essex."
2025 Disclosure Cycle,779465,CDP,10495,"City of Las Vegas, NV",City,North America,United States of America,Public,Q4.10,"Provide details of the household access to water, sanitation services and water consumption in your jurisdiction.",1,Response,Data is available for the percentage of households with access to safely managed drinking water services,99,,,no comment
2025 Disclosure Cycle,779465,CDP,10894,"City of Los Angeles, CA",City,North America,United States of America,Public,Q4.10,"Provide details of the household access to water, sanitation services and water consumption in your jurisdiction.",1,Response,Data is available for the average household water consumption in litres per capita per day|Data is available for the percentage of households with access to safely managed drinking water services|Data is available for the percentage of households with access to safely managed sanitation services,100.0,100.0,385.4,Based on 2023 potable distribution to customers converted to liters and divided by the population.
2025 Disclosure Cycle,779465,CDP,11315,City of Manchester,City,UKWW,United Kingdom,Public,Q4.10,"Provide details of the household access to water, sanitation services and water consumption in your jurisdiction.",1,Response,Data is available for the average household water consumption in litres per capita per day|Data is available for the percentage of households with access to safely managed sanitation services|Data is available for the percentage of households with access to safely managed drinking water services,100,98.96,377,% of households with safe managed water in 2022: https://sdgdata.gov.uk/6-1-1/\n% sanitation- \nUK average 99% in 2022 https://data.worldbank.org/indicator/SH.STA.SMSS.UR.ZS?locations=GB&view=map\nHousehold water consumption taken from: https://energysavingtrust.org.uk/sites/default/files/reports/AHHW2%20final.pdf
2025 Disclosure Cycle,779465,CDP,13067,"City of New Orleans, LA",City,North America,United States of America,Public,Q4.10,"Provide details of the household access to water, sanitation services and water consumption in your jurisdiction.",1,Response,Data is available for the average household water consumption in litres per capita per day|Data is available for the percentage of households with access to safely managed sanitation services|Data is available for the percentage of households with access to safely managed drinking water services,99.99,99.8,556.46,"This estimate comes from a general estimate from our water utility of 147 gal per day for households. We have total consumption for the entire City, but it includes all customers, which skews the household level data."
2025 Disclosure Cycle,779465,CDP,13113,Newcastle City Council,City,UKWW,United Kingdom,Public,Q4.10,"Provide details of the household access to water, sanitation services and water consumption in your jurisdiction.",1,Response,Data is available for the percentage of households with access to safely managed sanitation services|Data is available for the average household water consumption in litres per capita per day|Data is available for the percentage of households with access to safely managed drinking water services,100.0,100.0,166.0,"The data in this section has been provided by the regional water company, Northumbrian Water Limited (NWL). https://www.nwg.co.uk/news-and-media/news-releases/new-tool-will-help-reduce-your-water-and-energy-bills/"
2025 Disclosure Cycle,779465,CDP,13490,Northumberland County Council,City,UKWW,United Kingdom,Public,Q4.10,"Provide details of the household access to water, sanitation services and water consumption in your jurisdiction.",1,Response,Data is available for the average household water consumption in litres per capita per day,,,150,This information is from Northumbrian Water. The supply area is larger than the jurisdiction area. northumbrian-water_waters-worth-saving_home.pdf
2025 Disclosure Cycle,779465,CDP,13506,Nottingham City Council,City,UKWW,United Kingdom,Public,Q4.10,"Provide details of the household access to water, sanitation services and water consumption in your jurisdiction.",1,Response,Data is available for the percentage of households with access to safely managed sanitation services|Data is available for the average household water consumption in litres per capita per day|Data is available for the percentage of households with access to safely managed drinking water services,100,100,126.2,https://www.stwater.co.uk/content/dam/stw/about_us/documents/severn-trent-water-adaptation-report-2024.pdf
2025 Disclosure Cycle,779465,CDP,14088,Oslo Municipality,City,Europe,Norway,Public,Q4.10,"Provide details of the household access to water, sanitation services and water consumption in your jurisdiction.",1,Response,Data is available for the percentage of households with access to safely managed drinking water services|Data is available for the percentage of households with access to safely managed sanitation services|Data is available for the average household water consumption in litres per capita per day,100,100.0,160.0,"Household water consumption is not mainly measured by water meters, but estimated based on the square meter size of the living area. The 3% of the households that are metered, have an average consumption of 148 litres per capita per day."
2025 Disclosure Cycle,779465,CDP,14136,Oxford City Council,City,UKWW,United Kingdom,Public,Q4.10,"Provide details of the household access to water, sanitation services and water consumption in your jurisdiction.",1,Response,None of the above data is available to report,,,,
2025 Disclosure Cycle,779465,CDP,14874,"City of Portland, OR",City,North America,United States of America,Public,Q4.10,"Provide details of the household access to water, sanitation services and water consumption in your jurisdiction.",1,Response,Data is available for the percentage of households with access to safely managed sanitation services|Data is available for the average household water consumption in litres per capita per day|Data is available for the percentage of households with access to safely managed drinking water services,100.0,98.0,174.13,"1% of properties do not have public sewer service. A portion of these properties have septic systems, but it is not currently known what portion do and whether those septic systems meet the definition of safely managed sanitation service, so those properties have been excluded. A further 1% of homes have access to sewer service that does not conform to current standards, and so has been excluded from the total. Water services data provided by the Portland Water Bureau. Sanitation service data provided by the Portland Bureau of Environmental Services."
2025 Disclosure Cycle,779465,CDP,15515,Reading Borough Council,City,UKWW,United Kingdom,Public,Q4.10,"Provide details of the household access to water, sanitation services and water consumption in your jurisdiction.",1,Response,Data is available for the percentage of households with access to safely managed sanitation services|Data is available for the percentage of households with access to safely managed drinking water services|Data is available for the average household water consumption in litres per capita per day,100.0,98,138.47,"The access to safe drinking water and sanitation statistics above are national statistics for the UK taken from the WHO/UNICEF Joint Monitoring Program for Water Supply and Sanitation report of 2025 - see https://data.unicef.org/resources/jmp-report-2025/\nAs a developed urban area, it is reasonable to assume that Reading will achieve at least these percentages which are based on national averages. The household water consumption figure is calculated by Thames Water which is the main water services provider for the Reading Borough area. The figure of 138.47 litres per capita per day relates to 2023/24 - see https://www.thameswater.co.uk/media-library/home/about-us/regulation/water-resources/thames-water-wrmpar24.pdf. There is no update to that report at the time of this disclosure. "
2025 Disclosure Cycle,779465,CDP,16581,"City of Seattle, WA",City,North America,United States of America,Public,Q4.10,"Provide details of the household access to water, sanitation services and water consumption in your jurisdiction.",1,Response,Data is available for the percentage of households with access to safely managed sanitation services|Data is available for the percentage of households with access to safely managed drinking water services|Data is available for the average household water consumption in litres per capita per day,100.0,100.0,220.73,"2025 update: SPU produced 45.3 billion gallons of treated drinking water in 2024. Of that, 2.55 billion gallons were lost to leakage. Saving Water Partnership set a 10-year (2019-2028) conservation goal to keep the total average annual retail water use of its members below 110 million gallons per day (mgd) through 2028, despite forecasted population growth, by reducing per capita water use. In 2024, our customers met this goal, using 94.5 mgd. \n\n2024 Update: SPU produced 45.8 billion gallons of treated drinking water in 2023. In 2023 Seattle area's 1.6 million residents used about 96.3 million gallons per day, beating SPU's conservation goal of 110 million gallons per day through 2028. https://www.seattle.gov/documents/Departments/SPU/Services/Water/Reports/Water%20Quality/2023WaterQualityAnnualReport.pdf\n\n\nFor 2021, the annual consumption figure dropped to about 45,400,000,000 gallons per year, bringing consumption to 95.5 million gallons per day for a population of over 1.5 million in the Greater Seattle area. https://www.seattle.gov/documents/Departments/SPU/Services/Water/WaterQualityReport-2021.pdf"
2025 Disclosure Cycle,779465,CDP,18078,Swale Borough Council,City,UKWW,United Kingdom,Public,Q4.10,"Provide details of the household access to water, sanitation services and water consumption in your jurisdiction.",1,Response,None of the above data is available to report,,,,
2025 Disclosure Cycle,779465,CDP,19233,Municipality of Torres Vedras,City,Europe,Portugal,Public,Q4.10,"Provide details of the household access to water, sanitation services and water consumption in your jurisdiction.",1,Response,Data is available for the percentage of households with access to safely managed sanitation services|Data is available for the average household water consumption in litres per capita per day|Data is available for the percentage of households with access to safely managed drinking water services,99.44,84.72,165.02,"Fonte: Relatório de Atividades de 2024 dos SMAS de Torres Vedras\nhttps://www.smastv.pt/files/documents/ra_2024_am_final.pdf\n\nHousehold water consumption: 165,02\n3447275m3\nCensos 2021: 83 072 habitantes\n\n\n"
2025 Disclosure Cycle,779465,CDP,20113,"City of Vancouver, BC",City,North America,Canada,Public,Q4.10,"Provide details of the household access to water, sanitation services and water consumption in your jurisdiction.",1,Response,Data is available for the average household water consumption in litres per capita per day|Data is available for the percentage of households with access to safely managed sanitation services|Data is available for the percentage of households with access to safely managed drinking water services,100.0,100.0,384,"The figure is for all of the Metro Region, not only Vancouver. According to Metro Vancouver site: \'The average day per capita water use indicator describes the average annual daily volume of potable water supplied by Metro Vancouver, divided by the serviced population, in a calendar year. Average daily water demand is less sensitive to prevailing weather conditions in any given year and, over longer periods of time, is influenced by trends in conservation and water use efficiency. \' There are supply risks as a result of reduced snowpack in winter and lower than expected levels in reservoirs, exacerbated by longer, hotter summers. At current rates of water consumption, this could cause water stress in terms of availability and accessibility. Action to address risk include the Clean Water Program, which will expand water conservation programs across all consumer sectors and all City facilities and parks, with a goal to reduce city water consumption per-capita to 260L by 2028, as well as continuing programs include hydrant leak detection improvements (projected annual savings of $200,000 and 2 million litres of water), and water efficiency retrofits in City-owned buildings. See: https://metrovancouver.org/about-us/dashboards/water/per-capita-water-use"
2025 Disclosure Cycle,779465,CDP,31009,Copenhagen Municipality,City,Europe,Denmark,Public,Q4.10,"Provide details of the household access to water, sanitation services and water consumption in your jurisdiction.",1,Response,Data is available for the average household water consumption in litres per capita per day|Data is available for the percentage of households with access to safely managed sanitation services|Data is available for the percentage of households with access to safely managed drinking water services,100,100,99,n/a
2025 Disclosure Cycle,779465,CDP,31051,Coventry City Council,City,UKWW,United Kingdom,Public,Q4.10,"Provide details of the household access to water, sanitation services and water consumption in your jurisdiction.",1,Response,Data is available for the percentage of households with access to safely managed drinking water services|Data is available for the average household water consumption in litres per capita per day|Data is available for the percentage of households with access to safely managed sanitation services,100.0,100.0,134.8,Average for the Severn Trent region 
2025 Disclosure Cycle,779465,CDP,31052,City of Cardiff,City,UKWW,United Kingdom,Public,Q4.10,"Provide details of the household access to water, sanitation services and water consumption in your jurisdiction.",1,Response,None of the above data is available to report,,,,No data is available for this section to be completed.
2025 Disclosure Cycle,779465,CDP,31054,Belfast City Council,City,UKWW,United Kingdom,Public,Q4.10,"Provide details of the household access to water, sanitation services and water consumption in your jurisdiction.",1,Response,Data is available for the percentage of households with access to safely managed sanitation services|Data is available for the percentage of households with access to safely managed drinking water services|Data is available for the average household water consumption in litres per capita per day,95,82.0,145.0,Source - NI Water 
2025 Disclosure Cycle,779465,CDP,31055,Glasgow City Council,City,UKWW,United Kingdom,Public,Q4.10,"Provide details of the household access to water, sanitation services and water consumption in your jurisdiction.",1,Response,Data is available for the percentage of households with access to safely managed drinking water services|Data is available for the percentage of households with access to safely managed sanitation services,99.99,99.99,,No comments
2025 Disclosure Cycle,779465,CDP,31090,"District of Columbia, DC",City,North America,United States of America,Public,Q4.10,"Provide details of the household access to water, sanitation services and water consumption in your jurisdiction.",1,Response,Data is available for the percentage of households with access to safely managed sanitation services|Data is available for the percentage of households with access to safely managed drinking water services|Data is available for the average household water consumption in litres per capita per day,100.0,100.0,375.7,Based on annual citywide water consumption (potable water for residential & commercial) for 2023 / population.
2025 Disclosure Cycle,779465,CDP,31109,City of Melbourne,City,South East Asia & Oceania,Australia,Public,Q4.10,"Provide details of the household access to water, sanitation services and water consumption in your jurisdiction.",1,Response,Data is available for the percentage of households with access to safely managed sanitation services|Data is available for the average household water consumption in litres per capita per day|Data is available for the percentage of households with access to safely managed drinking water services,100,100.0,141,Household water consumption figures are sourced from our two water retailers Greater Western Water and South East Water. \n\nThis consumption figure is slightly higher than pre-COVID datasets
2025 Disclosure Cycle,779465,CDP,31110,City of Rome,City,Europe,Italy,Public,Q4.10,"Provide details of the household access to water, sanitation services and water consumption in your jurisdiction.",1,Response,Data is available for the average household water consumption in litres per capita per day|Data is available for the percentage of households with access to safely managed drinking water services,97.32,,249,Data % households with access from 2024 ACEA data (confidential) \nData WATER CONSUMPATION from 2022 Roma Capitale Statistic Office database at https://www.comune.roma.it/web/it/roma-statistica-ambiente1.page
2025 Disclosure Cycle,779465,CDP,31111,Tokyo Metropolitan Government,City,Japan,Japan,Public,Q4.10,"Provide details of the household access to water, sanitation services and water consumption in your jurisdiction.",1,Response,Data is available for the average household water consumption in litres per capita per day|Data is available for the percentage of households with access to safely managed drinking water services|Data is available for the percentage of households with access to safely managed sanitation services,100.0,99.7,221,安全に管理された飲料水サービスを利用可能な世帯の割合：「東京都の水道」（令和6年版）各種統計数値P13\nhttps://www.hokeniryo.metro.tokyo.lg.jp/documents/ d/hokeniryo/2025-04-23-094136-016\n安全に管理された衛生サービスを利用可能な世帯の割合：公益社団法人日本下水道協会ホームページ\nhttps://www.jswa.jp/sewage/qa/rate/\n東京都HP　リットル/人/日の単位で家庭での平均水消費量に関するデータ：もっと知りたい水道のこと\nhttps://www.waterworks.metro.tokyo.lg.jp//faq/qa-14#2
2025 Disclosure Cycle,779465,CDP,31112,Kaohsiung City Government,City,China,East Asia,Public,Q4.10,"Provide details of the household access to water, sanitation services and water consumption in your jurisdiction.",1,Response,Data is available for the percentage of households with access to safely managed sanitation services|Data is available for the percentage of households with access to safely managed drinking water services|Data is available for the average household water consumption in litres per capita per day,96.96,96.92,281,"Data are retrieved from:https://www.wra.gov.tw/News_Content.aspx?n=2945&s=7417, https://www.wra.gov.tw/News_Content.aspx?n=2945&s=7414"
2025 Disclosure Cycle,779465,CDP,31113,City of Yokohama,City,Japan,Japan,Public,Q4.10,"Provide details of the household access to water, sanitation services and water consumption in your jurisdiction.",1,Response,Data is available for the percentage of households with access to safely managed drinking water services|Data is available for the average household water consumption in litres per capita per day|Data is available for the percentage of households with access to safely managed sanitation services,100.0,100.0,293,https://www.city.yokohama.lg.jp/kurashi/sumai-kurashi/suido-gesui/suido/suidoujigyou/jigyogaiyou.files/0145_20241022.pdf
2025 Disclosure Cycle,779465,CDP,31114,City of Sydney,City,South East Asia & Oceania,Australia,Public,Q4.10,"Provide details of the household access to water, sanitation services and water consumption in your jurisdiction.",1,Response,Data is available for the percentage of households with access to safely managed sanitation services|Data is available for the percentage of households with access to safely managed drinking water services|Data is available for the average household water consumption in litres per capita per day,100.0,100.0,194,
2025 Disclosure Cycle,779465,CDP,31115,City of Johannesburg,City,UKWW,South Africa,Public,Q4.10,"Provide details of the household access to water, sanitation services and water consumption in your jurisdiction.",1,Response,Data is available for the average household water consumption in litres per capita per day|Data is available for the percentage of households with access to safely managed drinking water services|Data is available for the percentage of households with access to safely managed sanitation services,99,91,260,"According to the Johannesburg Water 2024/25 Business Plan, the City has made substantial progress in extending access to basic water and sanitation services, though challenges remain in certain areas.\nAccess to safely managed drinking water: Approximately 99% of households in Johannesburg have access to safely managed drinking water. This includes piped water inside dwellings, yards, or from a community standpipe within 200 metres. This near-universal coverage highlights the City's success in providing reliable water services across its jurisdiction. \nAccess to safely managed sanitation services: Around 91% of households have access to safely managed sanitation facilities, including flush toilets connected to the sewer system, septic tanks, or ventilated improved pit latrines. However, the remaining 9% represents a significant service backlog, particularly in informal settlements where infrastructure is less developed\n\nHousehold water consumption: On average, households in Johannesburg consume 260 litres per person per day (l/c/d). This is relatively high by global urban standards, placing pressure on the city's limited water resources. Managing demand through efficiency measures and reducing system losses are therefore key priorities."
2025 Disclosure Cycle,779465,CDP,31117,"City of Toronto, ON",City,North America,Canada,Public,Q4.10,"Provide details of the household access to water, sanitation services and water consumption in your jurisdiction.",1,Response,Data is available for the average household water consumption in litres per capita per day|Data is available for the percentage of households with access to safely managed sanitation services|Data is available for the percentage of households with access to safely managed drinking water services,100.0,100.0,315,Treated water volumes from Toronto Water flow meters. Population data for household water consumption from Statistics Canada
2025 Disclosure Cycle,779465,CDP,31146,Addis Ababa City Administration,City,UKWW,Ethiopia,Public,Q4.10,"Provide details of the household access to water, sanitation services and water consumption in your jurisdiction.",1,Response,None of the above data is available to report,,,,
2025 Disclosure Cycle,779465,CDP,31149,Municipality of Athens,City,Europe,Greece,Public,Q4.10,"Provide details of the household access to water, sanitation services and water consumption in your jurisdiction.",1,Response,Data is available for the percentage of households with access to safely managed sanitation services|Data is available for the percentage of households with access to safely managed drinking water services|Data is available for the average household water consumption in litres per capita per day,100.0,100,121.29,The municipality of Athens is provided with water by the Athens Water Supply and Sewerage Company (EYDAP S.A.). Further information can be found in its annual report: https://www.eydap.gr/userfiles/Presentations/presentations/EYDAP_SustainableDevelopment_2023.pdf and also on the data provided by the City of Athens on the 2022 Climate Action Plan (p.13).
2025 Disclosure Cycle,779465,CDP,31150,Bangkok Metropolitan Administration,City,South East Asia & Oceania,Thailand,Public,Q4.10,"Provide details of the household access to water, sanitation services and water consumption in your jurisdiction.",1,Response,Data is available for the percentage of households with access to safely managed sanitation services|Data is available for the percentage of households with access to safely managed drinking water services,100.0,100.0,,Source: National Statistical Office
2025 Disclosure Cycle,779465,CDP,31153,City-State of Berlin,City,Europe,Germany,Public,Q4.10,"Provide details of the household access to water, sanitation services and water consumption in your jurisdiction.",1,Response,Data is available for the percentage of households with access to safely managed drinking water services|Data is available for the percentage of households with access to safely managed sanitation services,100.0,100.0,,
2025 Disclosure Cycle,779465,CDP,31154,Bogotá Distrito Capital,City,Latin America,Colombia,Public,Q4.10,"Provide details of the household access to water, sanitation services and water consumption in your jurisdiction.",1,Response,Data is available for the average household water consumption in litres per capita per day|Data is available for the percentage of households with access to safely managed sanitation services|Data is available for the percentage of households with access to safely managed drinking water services,98.41,97.83,183,Información del año 2024
2025 Disclosure Cycle,779465,CDP,31155,City of Buenos Aires,City,Latin America,Argentina,Public,Q4.10,"Provide details of the household access to water, sanitation services and water consumption in your jurisdiction.",1,Response,Data is available for the percentage of households with access to safely managed drinking water services|Data is available for the percentage of households with access to safely managed sanitation services|Data is available for the average household water consumption in litres per capita per day,100.0,100.0,543,"El valor informado corresponde a la dotación de agua aportada por la empresa \'AySA\' a todos sus clientes de la Región Metropolitana de Buenos Aires y no solo a la Ciudad de Buenos Aires informado en su Informe de Sostenibilidad (AySA, 2023). La dotación de agua es la cantidad de agua asignada a cada habitante, considerando todos los consumos de los servicios y las pérdidas físicas que existen en cualquier sistema de distribución."
2025 Disclosure Cycle,779465,CDP,31156,Municipality of Curitiba,City,Latin America,Brazil,Public,Q4.10,"Provide details of the household access to water, sanitation services and water consumption in your jurisdiction.",1,Response,Data is available for the percentage of households with access to safely managed drinking water services|Data is available for the percentage of households with access to safely managed sanitation services|Data is available for the average household water consumption in litres per capita per day,100,100,169.77,Dados: SINISA 2024
2025 Disclosure Cycle,779465,CDP,31163,Istanbul Metropolitan Municipality,City,UKWW,Türkiye,Public,Q4.10,"Provide details of the household access to water, sanitation services and water consumption in your jurisdiction.",1,Response,Data is available for the average household water consumption in litres per capita per day|Data is available for the percentage of households with access to safely managed sanitation services|Data is available for the percentage of households with access to safely managed drinking water services,100.0,100.0,202,"(A) Provided daily average water amount in 2024 is 3,172,186,000 L.\n\n(B) Population of Istanbul in 2024 is 15,701,662.\n\nHousehold water consumption = A / B ~ 202 L/per capita/day\n\nNumbers taken from ISKI's Annual Report 2024 can be reached by this link: https://hizmetler.iski.gov.tr/ekitap/faaliyet_raporu_2024/"
2025 Disclosure Cycle,779465,CDP,31164,Ho Chi Minh City,City,South East Asia & Oceania,Viet Nam,Public,Q4.10,"Provide details of the household access to water, sanitation services and water consumption in your jurisdiction.",1,Response,Data is available for the percentage of households with access to safely managed sanitation services,,100.0,,
2025 Disclosure Cycle,779465,CDP,31165,City of Heidelberg,City,Europe,Germany,Public,Q4.10,"Provide details of the household access to water, sanitation services and water consumption in your jurisdiction.",1,Response,Data is available for the percentage of households with access to safely managed drinking water services|Data is available for the percentage of households with access to safely managed sanitation services,100.0,100.0,,no comment
2025 Disclosure Cycle,779465,CDP,31166,Jakarta City Government,City,South East Asia & Oceania,Indonesia,Public,Q4.10,"Provide details of the household access to water, sanitation services and water consumption in your jurisdiction.",1,Response,Data is available for the percentage of households with access to safely managed drinking water services,84.82,,,https://jakarta.bps.go.id/publication/2021/12/31/e0996a71944019a9ce21fdde/statistik-air-bersih-dki-jakarta-2018-2020.html
2025 Disclosure Cycle,779465,CDP,31167,City of Lagos,City,UKWW,Nigeria,Public,Q4.10,"Provide details of the household access to water, sanitation services and water consumption in your jurisdiction.",1,Response,Data is available for the average household water consumption in litres per capita per day|Data is available for the percentage of households with access to safely managed drinking water services|Data is available for the percentage of households with access to safely managed sanitation services,55,15,205.4,The data was obtained from water aid. See link to the data source below;\n\nhttps://www.wateraid.org/ng/media/wateraid-nigeria-rolls-out-project-to-improve-public-health-in-lagos-state
2025 Disclosure Cycle,779465,CDP,31168,City District Government Karachi,City,UKWW,Pakistan,Public,Q4.10,"Provide details of the household access to water, sanitation services and water consumption in your jurisdiction.",1,Response,Data is available for the average household water consumption in litres per capita per day|Data is available for the percentage of households with access to safely managed sanitation services|Data is available for the percentage of households with access to safely managed drinking water services,98.9,98.5,204,
2025 Disclosure Cycle,779465,CDP,31169,Government of Hong Kong Special Administrative Region,City,China,"China, Hong Kong Special Administrative Region",Public,Q4.10,"Provide details of the household access to water, sanitation services and water consumption in your jurisdiction.",1,Response,Data is available for the average household water consumption in litres per capita per day|Data is available for the percentage of households with access to safely managed drinking water services,94.1,,133.2,Sanitation water (i.e. Public sewage coverage) is based on the number of domestic water bill accounts with sewage charges levied.
2025 Disclosure Cycle,779465,CDP,31170,Metropolitan Municipality of Lima,City,Latin America,Peru,Public,Q4.10,"Provide details of the household access to water, sanitation services and water consumption in your jurisdiction.",1,Response,Data is available for the percentage of households with access to safely managed sanitation services|Data is available for the percentage of households with access to safely managed drinking water services,96.1,91,,"La información puede encontrarse en el siguiente link: https://drive.google.com/drive/folders/1Z3laNC6hmmPGUw9xyQqvuO-YWJ_ZuI7g?usp=sharing\nVer página 27(2022) y 48 (2024), respectivamente. "
2025 Disclosure Cycle,779465,CDP,31171,City of Madrid,City,Europe,Spain,Public,Q4.10,"Provide details of the household access to water, sanitation services and water consumption in your jurisdiction.",1,Response,Data is available for the average household water consumption in litres per capita per day,,,119,Average residential water consumption available at the Databank of the City Council of Madrid (year 2022).
2025 Disclosure Cycle,779465,CDP,31172,Mexico City,City,Latin America,Mexico,Public,Q4.10,"Provide details of the household access to water, sanitation services and water consumption in your jurisdiction.",1,Response,Data is available for the percentage of households with access to safely managed drinking water services|Data is available for the percentage of households with access to safely managed sanitation services|Data is available for the average household water consumption in litres per capita per day,98,94.8,150.0,"El Sistema de Aguas de la Ciudad de México mantiene y opera a diariamente 1,290 kilómetros de red primaria, 11,971.64 kilómetros de red secundaria, 731.42 kilómetros de acueductos y líneas de conducción, 360 tanques de almacenamiento, 267 plantas de bombeo y 63 plantas potabilizadoras. De acuerdo con la ENIGH en 2022, había 2,947,953 viviendas habitadas en la ciudad, de la cuales 2,794,026 disponían de drenaje, 2,722,715 disponían de agua entubada dentro de la vivienda, y 2,936,332 disponían de sanitario. A pesar de esos datos, dicha cobertura no garantiza el acceso al agua, un suministro continuo o un líquido de calidad para todas las personas, por lo tanto, no son indicadores precisos del goce efectivo del derecho al agua.\n\nAunque con estos datos la Ciudad de México es una con los mayores niveles de cobertura en infraestructura de abastecimiento de agua potable en México, aún existen viviendas que no están conectadas al servicio público y miles que obtienen el recurso por tandeo, con pipas (que en ocasiones su distribución no es equitativa, formal ni sustentable), por acarreo manual o mediante la compra de agua embotellada, colocándolas en una situación vulnerable, algo preocupante desde el punto de vista de la realización del derecho. El mayor porcentaje de quienes no disponen de agua entubada y deben obtenerla por los medios antes citados se presentan en el estrato de pobreza muy alta. Los datos anteriores, fueron obtenidos del Diagnóstico sobre los Derechos Humanos al Agua y al Saneamiento en la Ciudad de México, elaborado por la Instancia Ejecutora del Sistema Integral de Derechos Humanos de la Ciudad de México. Enlace para acceder al documento: https://sidh.cdmx.gob.mx/storage/app/media/Docs/Informes/2021/Diagnosticos_DH-Agua_28MAYO.pdf"
2025 Disclosure Cycle,779465,CDP,31173,City of Milan,City,Europe,Italy,Public,Q4.10,"Provide details of the household access to water, sanitation services and water consumption in your jurisdiction.",1,Response,Data is available for the percentage of households with access to safely managed sanitation services|Data is available for the percentage of households with access to safely managed drinking water services|Data is available for the average household water consumption in litres per capita per day,100,100.0,201,The household water consumption (201 litres/capita/day) includes floating population (476.112 people).
2025 Disclosure Cycle,779465,CDP,31175,City of Paris,City,Europe,France,Public,Q4.10,"Provide details of the household access to water, sanitation services and water consumption in your jurisdiction.",1,Response,Data is available for the percentage of households with access to safely managed drinking water services|Data is available for the percentage of households with access to safely managed sanitation services|Data is available for the average household water consumption in litres per capita per day,100.0,100.0,145.0,"In order to protect the resource, preserve biodiversity, and promote renewable energies, Eau de Paris adopted a new ecological transition strategy in 2021. Centered around the concept of industrial and territorial ecology, it translates into twelve concrete objectives, including the development of sustainable agricultural sectors, the management of digital impacts, and the fight against single-use plastics.Preservation of resource quality has also been strengthened through the Eau et Climat territorial contract, signed in early 2021 with the Seine-Normandie Water Agency. An allocation of €55 million is dedicated to the preservation of groundwater resources, supporting agricultural operations in adopting practices that promote water quality. As of early 2022, 82 farms have committed to these changes, covering an area of 125 km².https://rapportannuel2021.eaudeparis.fr/"
2025 Disclosure Cycle,779465,CDP,31176,Prefeitura do Rio de Janeiro,City,Latin America,Brazil,Public,Q4.10,"Provide details of the household access to water, sanitation services and water consumption in your jurisdiction.",1,Response,Data is available for the percentage of households with access to safely managed drinking water services|Data is available for the average household water consumption in litres per capita per day|Data is available for the percentage of households with access to safely managed sanitation services,99.6,96,125.3,"Para o acesso das residências à agua potável, considerou-se os domicílios atendidos por rede geral de distribuição de água, e os que possuem poços ou fontes/nascentes. \nPara o o acesso das residências ao saneamento , considerou-se os domicílios com rede de coleta de esgoto ou que possuem fossa séptica. \n"
2025 Disclosure Cycle,779465,CDP,31177,"Salt Lake City, UT",City,North America,United States of America,Public,Q4.10,"Provide details of the household access to water, sanitation services and water consumption in your jurisdiction.",1,Response,Data is available for the percentage of households with access to safely managed drinking water services|Data is available for the percentage of households with access to safely managed sanitation services,99.0,99.0,,
2025 Disclosure Cycle,779465,CDP,31178,City of Mumbai,City,India,India,Public,Q4.10,"Provide details of the household access to water, sanitation services and water consumption in your jurisdiction.",1,Response,Data is available for the percentage of households with access to safely managed drinking water services|Data is available for the percentage of households with access to safely managed sanitation services,94.4,58.3,,A study in Water Poverty in Urban India reported ~90.4 litres per capita per day for Mumbai (domestic consumption) based on survey data
2025 Disclosure Cycle,779465,CDP,31179,Municipality of Rotterdam,City,Europe,Netherlands,Public,Q4.10,"Provide details of the household access to water, sanitation services and water consumption in your jurisdiction.",1,Response,Data is available for the percentage of households with access to safely managed drinking water services|Data is available for the average household water consumption in litres per capita per day|Data is available for the percentage of households with access to safely managed sanitation services,100.0,100.0,130.0,Figure used for design purposes. 
2025 Disclosure Cycle,779465,CDP,31180,Región Metropolitana de Santiago,City,Latin America,Chile,Public,Q4.10,"Provide details of the household access to water, sanitation services and water consumption in your jurisdiction.",1,Response,None of the above data is available to report,,,,
2025 Disclosure Cycle,779465,CDP,31181,"City of Philadelphia, PA",City,North America,United States of America,Public,Q4.10,"Provide details of the household access to water, sanitation services and water consumption in your jurisdiction.",1,Response,Data is available for the average household water consumption in litres per capita per day|Data is available for the percentage of households with access to safely managed drinking water services|Data is available for the percentage of households with access to safely managed sanitation services,100,100,25.47,Litres per capita per day estimated from utility-level billing data FY22. All habitable structures within the City of Philadelphia boundary have access to the public water supply and wastewater systems. 
2025 Disclosure Cycle,779465,CDP,31182,"City of San Francisco, CA",City,North America,United States of America,Public,Q4.10,"Provide details of the household access to water, sanitation services and water consumption in your jurisdiction.",1,Response,Data is available for the average household water consumption in litres per capita per day,,,164,"City data shows that water usage in June 2025 was 43.47 gallons per capita per day (see following link: https://www.sf.gov/data--water-sold-san-francisco-residential-customers). \n\nThe value for households with access to water services and sanitation comes from a report published by Kings College London that analyzed \'plumbing poverty\' in the top 50 largest metropolitan areas in the US from 2000 to 2017. The value of 0.88% encompasses both water access and sanitation access. The households that make up this number are primarily single residency hotels (SRO's) in the Chinatown neighborhood. These SRO's sometimes only provide an entire floor with a single bathroom, shower, and kitchen. See the full report here: https://kclpure.kcl.ac.uk/ws/portalfiles/portal/159767495/Plumbing_Poverty_in_US_Cities.pdf\n"
2025 Disclosure Cycle,779465,CDP,31184,Prefeitura de São Paulo,City,Latin America,Brazil,Public,Q4.10,"Provide details of the household access to water, sanitation services and water consumption in your jurisdiction.",1,Response,Data is available for the percentage of households with access to safely managed sanitation services|Data is available for the average household water consumption in litres per capita per day|Data is available for the percentage of households with access to safely managed drinking water services,95.1,89,204,Fontes: Arsesp / Sabesp / Plano Municipal de Saneamento Ambiental Integrado (em elaboração). Indicadores de atendimento por água e esgoto referentes ao primeiro semestre de 2024. 
2025 Disclosure Cycle,779465,CDP,31185,City of Warsaw,City,Europe,Poland,Public,Q4.10,"Provide details of the household access to water, sanitation services and water consumption in your jurisdiction.",1,Response,Data is available for the average household water consumption in litres per capita per day,,,120,Source: https://obserwujmazowsze.stat.gov.pl/cele-zrownowazonego-rozwoju/czysta-woda-i-warunki-sanitarne.php
2025 Disclosure Cycle,779465,CDP,31186,Changwon City,City,South East Asia & Oceania,Korea (The Republic of),Public,Q4.10,"Provide details of the household access to water, sanitation services and water consumption in your jurisdiction.",1,Response,Data is available for the percentage of households with access to safely managed drinking water services|Data is available for the average household water consumption in litres per capita per day|Data is available for the percentage of households with access to safely managed sanitation services,99,100.0,305,"창원시는 안전한 식수 서비스 접근률이 99%, 위생 서비스 접근률이 100%로, 국내 평균과 유사하거나 그 이상 수준의 안정적인 생활 기반을 확보하고 있습니다. \n\n이는 수도·상하수도 보급률이 전국적으로 높은 대한민국의 여건을 반영하는 동시에 창원시가 대도시로서 안정적인 상수도 및 위생 인프라를 갖추고 있음을 의미합니다.\n\n또한 가정용 물소비량이 약 305 L/인/일로 산정되어, 창원시의 물 관리 및 공급 체계가 국가 평균과 균형을 이루고 있음을 보여주며, 자료의 신뢰성이 높다고 평가됩니다.\n\n<의미와 시사점>\n1)창원시는 안정적인 물 공급 및 위생 인프라를 기반으로 시민 생활안전·보건·위생 수준을 높게 유지하고 있음.\n2)물소비량 역시 국가 평균과 유사하여, 지속가능한 물 관리 정책이 효과적으로 작동하고 있음을 확인할 수 있음.\n3)다만, 기후위기(가뭄, 폭염 등)로 인한 물 수급 불안정 가능성에 대비하여, 물 절약형 도시 설계, 재이용수 확대, 스마트 물 관리 기술 도입 등이 향후 중요한 정책 과제로 제시될 수 있음.\n\n종합적으로, 창원시는 물·위생 부문에서 높은 접근성과 안정성을 이미 확보하고 있으며, 앞으로는 효율성과 기후위기 대응 차원에서의 선제적 관리가 필요하다고 판단됩니다."
2025 Disclosure Cycle,779465,CDP,31187,Seoul Metropolitan Government,City,South East Asia & Oceania,Korea (The Republic of),Public,Q4.10,"Provide details of the household access to water, sanitation services and water consumption in your jurisdiction.",1,Response,Data is available for the percentage of households with access to safely managed sanitation services|Data is available for the average household water consumption in litres per capita per day|Data is available for the percentage of households with access to safely managed drinking water services,100.0,100.0,306,"Seoul provides safe water to all households in the city and conduct legally required water quality examinations (Raw water: 38, Purified water: 60) as well as Seoul's own water quality monitoring activities. Seoul also manages data on daily average water consumption per capita to establish stable water supply system and prepare for increase/decrease in future water demand."
2025 Disclosure Cycle,779465,CDP,31446,Taipei City Government,City,China,East Asia,Public,Q4.10,"Provide details of the household access to water, sanitation services and water consumption in your jurisdiction.",1,Response,Data is available for the average household water consumption in litres per capita per day,,,209.8,"In 2024, the water supply coverage rate in Taipei City reached 99.71%, and the water quality compliance rate was 100%.\nThe total water distribution volume for 2024 was 900,485 thousand tons, with estimated total distribution volumes of 907,207 thousand tons for 2025 and 903,265 thousand tons for 2026.\n"
2025 Disclosure Cycle,779465,CDP,32480,City of Adelaide,City,South East Asia & Oceania,Australia,Public,Q4.10,"Provide details of the household access to water, sanitation services and water consumption in your jurisdiction.",1,Response,Data is available for the percentage of households with access to safely managed drinking water services|Data is available for the percentage of households with access to safely managed sanitation services,100.0,100.0,,All households in the City of Adelaide have access to safely managed drinking water and sanitation services.
2025 Disclosure Cycle,779465,CDP,32550,"City of Denver, CO",City,North America,United States of America,Public,Q4.10,"Provide details of the household access to water, sanitation services and water consumption in your jurisdiction.",1,Response,Data is available for the average household water consumption in litres per capita per day|Data is available for the percentage of households with access to safely managed drinking water services|Data is available for the percentage of households with access to safely managed sanitation services,100.0,100.0,189,Data from Denver Water
2025 Disclosure Cycle,779465,CDP,35268,"City of Boston, MA",City,North America,United States of America,Public,Q4.10,"Provide details of the household access to water, sanitation services and water consumption in your jurisdiction.",1,Response,Data is available for the percentage of households with access to safely managed drinking water services,100,,,Based on American Community Survey ACS-2023 B25134 Annual Water and Sewer Costs https://data.census.gov/table/ACSDT1Y2023.B25134?q=clean+water&g=040XX00US25_160XX00US2507000_310XX00US14460
2025 Disclosure Cycle,779465,CDP,35274,"City of Portland, ME",City,North America,United States of America,Public,Q4.10,"Provide details of the household access to water, sanitation services and water consumption in your jurisdiction.",1,Response,Data is available for the average household water consumption in litres per capita per day,,,900.0,Source: https://www.pwd.org/rates Based on daily usage of 60 gallons per person each month. 
2025 Disclosure Cycle,779465,CDP,35449,City of Zürich,City,Europe,Switzerland,Public,Q4.10,"Provide details of the household access to water, sanitation services and water consumption in your jurisdiction.",1,Response,Data is available for the percentage of households with access to safely managed drinking water services,100.0,,,"Jurisdiction of Zurich does not show any gender inequalities in water, sanitation and hygiene.further informations: https://www.stadt-zuerich.ch/dib/de/index/wasserversorgung/ueber_die_wasserversorgung/zahlen_und_fakten.html"
2025 Disclosure Cycle,779465,CDP,35475,"City of Calgary, AB",City,North America,Canada,Public,Q4.10,"Provide details of the household access to water, sanitation services and water consumption in your jurisdiction.",1,Response,Data is available for the percentage of households with access to safely managed sanitation services|Data is available for the percentage of households with access to safely managed drinking water services|Data is available for the average household water consumption in litres per capita per day,100.0,100.0,322,"The City of Calgary has been in line with the goal of 350L per capita per day for about 10 years. In 2024, significant water demand management practices (e.g. water use restrictions) were implemented due to major infrastructure failure and repairs that occurred from June through the end of 2024. Lessons learned will support current and future water efficiency planning. "
2025 Disclosure Cycle,779465,CDP,35848,Municipality of Belo Horizonte,City,Latin America,Brazil,Public,Q4.10,"Provide details of the household access to water, sanitation services and water consumption in your jurisdiction.",1,Response,Data is available for the percentage of households with access to safely managed sanitation services|Data is available for the percentage of households with access to safely managed drinking water services|Data is available for the average household water consumption in litres per capita per day,99.9,96.0,120.0,"Os dados do acesso das residências à água, serviços de senamento e consumo de água em Belo Horizonte são diponibilizados pela Companhia de Saneamento de Minas Gerais (COPSA). O município conta com um Plano Municipal de Saneamento de Belo Horizonte que é um dos instrumentos do Sistema Municipal de Saneamento da Política Municipal de Saneamento. A implantação da Política Municipal de Saneamento é mais um passo fundamental na busca da universalização das ações e serviços de saneamento ambiental em Belo Horizonte. Este documento pode ser acessado pelo link https://prefeitura.pbh.gov.br/obras-e-infraestrutura/informacoes/publicacoes/plano-de-saneamento Para mais informações relacioandas ao atendiemnto da população a esses serviços, o Indicados ODS de Belo Horizonte também reporta esses dados no link https://prefeitura.pbh.gov.br/planejamento/planejamento-e-orcamento/objetivos-de-desenvolvimento-sustentavel/indicadores-ods no Indicador ODS 6 \'Água limpa e saneamento\'."
2025 Disclosure Cycle,779465,CDP,35852,Ankara Metropolitan Municipality,City,UKWW,Türkiye,Public,Q4.10,"Provide details of the household access to water, sanitation services and water consumption in your jurisdiction.",1,Response,Data is available for the average household water consumption in litres per capita per day|Data is available for the percentage of households with access to safely managed sanitation services|Data is available for the percentage of households with access to safely managed drinking water services,99,97,180,"In Ankara, access to safely managed drinking water services is nearly universal. According to ASKİ, over 99% of households are connected to the piped water network, with water supply quality aligned with Turkish Standards Institute and WHO guidelines. Intermittent supply occurs mainly in peri-urban settlements, but potable water remains available within 200 meters of households. Approximately 97% of households have access to safely managed sanitation services, including sewerage connections and septic systems with regulated disposal. However, informal settlements and newly urbanized areas sometimes rely on septic tanks with insufficient treatment, presenting localized risks. Household water consumption averages 180 litres per person per day, higher than the WHO/UNICEF basic need benchmark of 50-100 L. This reflects relatively high urban living standards but also indicates stress on water resources, especially under recurrent droughts in Central Anatolia. ASKİ has introduced metering and progressive tariffs to encourage conservation. Water security is also a gendered issue: women and girls are disproportionately affected when supply disruptions occur, as they bear primary responsibility for household water collection and hygiene. In alignment with SDG6, AMM is prioritizing investments in leakage reduction (currently ~30% non-revenue water), wastewater treatment expansion, and demand management measures. Long-term forecasts anticipate rising consumption due to population growth and climate-induced drought, with ASKİ preparing strategic plans up to 2050 to balance water security and equity."
2025 Disclosure Cycle,779465,CDP,35853,"City of Baltimore, MD",City,North America,United States of America,Public,Q4.10,"Provide details of the household access to water, sanitation services and water consumption in your jurisdiction.",1,Response,Data is available for the percentage of households with access to safely managed sanitation services|Data is available for the percentage of households with access to safely managed drinking water services|Data is available for the average household water consumption in litres per capita per day,100.0,100.0,578.0,Source: City of Baltimore Water and Wastewater Plan DRAFT (November 2021)https://publicworks.baltimorecity.gov/sites/default/files/Draft_Water-Wastewater_Plan%20-%2020211122_0.pdfLiters/capita/day converted from Gallons per Capita per Day: 152.73 GPCD (FY2019)
2025 Disclosure Cycle,779465,CDP,35856,Busan Metropolitan City,City,South East Asia & Oceania,Korea (The Republic of),Public,Q4.10,"Provide details of the household access to water, sanitation services and water consumption in your jurisdiction.",1,Response,Data is available for the percentage of households with access to safely managed drinking water services|Data is available for the average household water consumption in litres per capita per day,100.0,,322.0,"2025년도 상수도 통계연보(2024년 기준) 42~43p 참고. 부산시는 깨끗하고 안전한 부산 수돗물 공급을 위해 노력하고 있음. 부산시의 수돗물은 현대적인 정수 시설로 과학적인 생산 과정을 갖추고 있으며, 원수에서 가정의 수도꼭지에 이르기 까지 정밀한 수질 검사를 거쳐 생산 공급되는 수돗물로서 가장 안전한 물임.\nhttps://www.busan.go.kr/water/statisticsWater\n\n수질검사: 먹는 물 수질검사 법정 항목 60개 이외에 환경부 감시 항목 29개항목, 부산시 자체 특별 감시 항목 195개 항목을 추가시켜 세밀하게 검사하여 안심하고 마실 수 있는 수돗물을 생산 공급하고 있음,\nhttps://www.busan.go.kr/water/purity\n"
2025 Disclosure Cycle,779465,CDP,35857,"City of Cincinnati, OH",City,North America,United States of America,Public,Q4.10,"Provide details of the household access to water, sanitation services and water consumption in your jurisdiction.",1,Response,None of the above data is available to report,,,,"Data is not available on household access to water, sanitation services and water consumption. All households have access to these services. However, the jurisdiction does not have data on how many structures where households reside do not have active drinking water services either due to disconnect or because they did not activate their service."
2025 Disclosure Cycle,779465,CDP,35858,City of Cape Town,City,UKWW,South Africa,Public,Q4.10,"Provide details of the household access to water, sanitation services and water consumption in your jurisdiction.",1,Response,Data is available for the percentage of households with access to safely managed sanitation services|Data is available for the percentage of households with access to safely managed drinking water services|Data is available for the average household water consumption in litres per capita per day,97.7,93.6,156.5,"To note:\n-2022 National Census Cape Town Profile (unverified) data - were used to project 2024/25 provisions estimated population . This is the most updated available data source at the time of reporting, but should be considered in the interpretation of data especially where data challenges occurred. Other data considerations include the 2022 Census lacking provisions for the radius to which sanitation services are provided to informal settlements. Budget constraints limited the City's Informal Settlements Basic Services to perform a GIS asset register for Informal Settlements provisions and the radius to which these provisions are made. \n-The % households figure can vary significantly due to the unpredictable and rapid growth of informal settlements within a given year.\n\n1) Access to safely managed drinking water services: 1 310 207 - Formal households (piped [tap] water inside the dwelling). 112 005 - Informal Backyard households (piped [tap] water inside the yard). 76 699 - Informal Settlements (piped [tap] water on community stand: distance less than 200m from dwelling). The SA national requirement for water service provision to informal settlements is one tap for 25 households within 200m of a dwelling. The City works towards a standard of one tap for 25 households within a max walking distance of 100m within informal settlements. However, the estimated number of informal dwellings falling outside 200m of a communal standpipe is 35 304. \n\n2) Access to safely managed sanitation services: 1 417 571 - Total number of flush toilets connected to a public sewerage system. 15 061 - Flush toilet connected to a septic tank or conservancy tank. 1 981 - Pit latrine/toilet with ventilation pipe (VIP). 926 - Ecological toilet (e.g. urine diversion, enviroloo, etc). 98 676 - Total number of all other toilet typologies in the 2022 Census (bucket toilet/ chemical toilet/ pit latrine without ventilation pipe/ ecological toilet). The SA national requirement for sanitation service provision to informal settlements is 1 toilet for a max of 5 households within a max walking distance of 200m within informal settlements. The City works towards a standard of 1 toilet for a max of 5 households within a max walking distance of 100m within informal settlements. However, the estimated number of dwellings without access to sanitation services is 15 189. \n\n3) Average household water consumption: Based on water use for the year 2024/25 and the total estimated population for 2025."
2025 Disclosure Cycle,779465,CDP,35859,"City of Cleveland, OH",City,North America,United States of America,Public,Q4.10,"Provide details of the household access to water, sanitation services and water consumption in your jurisdiction.",1,Response,Data is available for the percentage of households with access to safely managed drinking water services|Data is available for the percentage of households with access to safely managed sanitation services|Data is available for the average household water consumption in litres per capita per day,100.0,100.0,147.5,From LEED for Cities data (2019)
2025 Disclosure Cycle,779465,CDP,35860,"City of Dallas, TX",City,North America,United States of America,Public,Q4.10,"Provide details of the household access to water, sanitation services and water consumption in your jurisdiction.",1,Response,Data is available for the percentage of households with access to safely managed sanitation services|Data is available for the average household water consumption in litres per capita per day|Data is available for the percentage of households with access to safely managed drinking water services,100.0,100.0,416.0,"Based on published dataIn the most recent Water Conservation Plan published in 2019, we identified the 5-year goal for total GPCD as 173 GPCD for year 2024 and a 10-year goal for year 2029 is 164 GPCD."
2025 Disclosure Cycle,779465,CDP,35862,"City of Detroit, MI",City,North America,United States of America,Public,Q4.10,"Provide details of the household access to water, sanitation services and water consumption in your jurisdiction.",1,Response,Data is available for the percentage of households with access to safely managed drinking water services|Data is available for the average household water consumption in litres per capita per day,100,,127,Source: DWSD
2025 Disclosure Cycle,779465,CDP,35863,eThekwini Municipality,City,UKWW,South Africa,Public,Q4.10,"Provide details of the household access to water, sanitation services and water consumption in your jurisdiction.",1,Response,None of the above data is available to report,,,,No data
2025 Disclosure Cycle,779465,CDP,35864,Ekurhuleni Metropolitan Municipality,City,UKWW,South Africa,Public,Q4.10,"Provide details of the household access to water, sanitation services and water consumption in your jurisdiction.",1,Response,Data is available for the percentage of households with access to safely managed drinking water services|Data is available for the percentage of households with access to safely managed sanitation services,98.5,96.0,,
2025 Disclosure Cycle,779465,CDP,35865,Municipality of Fortaleza,City,Latin America,Brazil,Public,Q4.10,"Provide details of the household access to water, sanitation services and water consumption in your jurisdiction.",1,Response,Data is available for the average household water consumption in litres per capita per day|Data is available for the percentage of households with access to safely managed sanitation services|Data is available for the percentage of households with access to safely managed drinking water services,99.61,71.91,143,"Dados de 2024. Considerando a assinatura do contrato de Parceria Público-Privada (PPP) entre a CAGECE e a\nAMBIENTAL CEARÁ em 2023, que tem como objeto a universalização dos serviços de esgotamento\nsanitário no estado (incluindo coleta, tratamento, expansão da rede e serviços comerciais), Fortaleza está\ninserida no Bloco 2 da PPP do esgoto."
2025 Disclosure Cycle,779465,CDP,35867,Region Metropolitana de Guadalajara,City,Latin America,Mexico,Public,Q4.10,"Provide details of the household access to water, sanitation services and water consumption in your jurisdiction.",1,Response,Data is available for the average household water consumption in litres per capita per day|Data is available for the percentage of households with access to safely managed drinking water services,99.3,,209,"El dato correspondiente al porcentaje de viviendas particulares habitadas con disponibilidad de agua entubada se obtuvo a partir de los Cuadernillos Municipales 2024 del Instituto de Información Estadística y Geográfica del Estado de Jalisco (IIEG), con base en el índice de marginación por localidad, 2020 del Consejo Nacional de Población (CONAPO).\nDisponibles en: https://iieg.gob.mx/ns/?page_id=21707\n\nRespecto al consumo de agua en las viviendas, la Agenda de Resiliencia Hídrica (2022) refiere que el Sistema Intermunicipal de Agua Potable y Alcantarillado (SIAPA), estima el consumo promedio facturado de 209 litros/habitante/día. Sin embargo, la cantidad podría variar debido a que el SIAPA abastece a 4 municipios de la jurisdicción, por lo que falta información sobre 5 municipios."
2025 Disclosure Cycle,779465,CDP,35870,"City of Miami, FL",City,North America,United States of America,Public,Q4.10,"Provide details of the household access to water, sanitation services and water consumption in your jurisdiction.",1,Response,Data is available for the percentage of households with access to safely managed sanitation services|Data is available for the average household water consumption in litres per capita per day|Data is available for the percentage of households with access to safely managed drinking water services,100,100,498.12,"Calculated from data Miami-Dade County Water and Sewer Department (WASD) provided for 2023 GHG Inventory\n\nConverted 21,900,000,000 gallons to liters which resulted in 82,900,518,069.6 \n\n82,900,518,069.6 liters was divided by 2023 population (455,955) which resulted in 181,817.32 liters \n\n181,817.32 liters was then divided by 365 days which resulted in a total of 498.12 liters/capita/day "
2025 Disclosure Cycle,779465,CDP,35871,City of Monterrey,City,Latin America,Mexico,Public,Q4.10,"Provide details of the household access to water, sanitation services and water consumption in your jurisdiction.",1,Response,Data is available for the average household water consumption in litres per capita per day|Data is available for the percentage of households with access to safely managed drinking water services|Data is available for the percentage of households with access to safely managed sanitation services,98,99.1,156,El organismo encargado de brindar acceso de agua y servicios de saneamiento a las viviendas en la jurisdicción es competencia de una entidad paraestatal.
2025 Disclosure Cycle,779465,CDP,35872,Municipality of Recife,City,Latin America,Brazil,Public,Q4.10,"Provide details of the household access to water, sanitation services and water consumption in your jurisdiction.",1,Response,Data is available for the average household water consumption in litres per capita per day|Data is available for the percentage of households with access to safely managed sanitation services|Data is available for the percentage of households with access to safely managed drinking water services,84.04,67.44,232.5,-
2025 Disclosure Cycle,779465,CDP,35873,Medellín,City,Latin America,Colombia,Public,Q4.10,"Provide details of the household access to water, sanitation services and water consumption in your jurisdiction.",1,Response,Data is available for the average household water consumption in litres per capita per day|Data is available for the percentage of households with access to safely managed drinking water services|Data is available for the percentage of households with access to safely managed sanitation services,96.75,96.05,135.35,"Cobertura de alcantarillado y acceso a agua potable dado por la Subsecretaría de servisio publicos. Estimaciones de consumo según reporte de consumo anual (2024) de agua potable, calculo con base en consumo por instalación y número de personas por vivienda estimado."
2025 Disclosure Cycle,779465,CDP,35874,"City of Phoenix, AZ",City,North America,United States of America,Public,Q4.10,"Provide details of the household access to water, sanitation services and water consumption in your jurisdiction.",1,Response,Data is available for the percentage of households with access to safely managed drinking water services|Data is available for the percentage of households with access to safely managed sanitation services|Data is available for the average household water consumption in litres per capita per day,100.0,99.68,572,"https://cmpr-dashboard-phoenix.hub.arcgis.com/pages/wsd \n\n \n\nWhere water mains are available, hook up is required. https://phoenix.municipal.codes/CC/37-39#:~:text=To%20protect%20and%20support%20public,the%20City%20public%20water%20system. "
2025 Disclosure Cycle,779465,CDP,35877,"City of Pittsburgh, PA",City,North America,United States of America,Public,Q4.10,"Provide details of the household access to water, sanitation services and water consumption in your jurisdiction.",1,Response,Data is available for the percentage of households with access to safely managed drinking water services|Data is available for the percentage of households with access to safely managed sanitation services|Data is available for the average household water consumption in litres per capita per day,100.0,100.0,235,2023 Pittsburgh Water and Sewer Authority (PWSA) Annual water quality report\n\nhttps://www.pgh2o.com/sites/default/files/2024-05/PWSA%20CCR%202023%205-30_FINAL.pdf\n\n\nPA PUC FAQ\nhttps://www.puc.pa.gov/general/consumer_ed/pdf/waterbrochure.pdf
2025 Disclosure Cycle,779465,CDP,35878,"City of Sacramento, CA",City,North America,United States of America,Public,Q4.10,"Provide details of the household access to water, sanitation services and water consumption in your jurisdiction.",1,Response,Data is available for the percentage of households with access to safely managed drinking water services,100,,,https://www.cityofsacramento.gov/content/dam/portal/dou/utilities/water/water-quality/documents/2024%20Consumer%20Confidence%20Report.pdf\n\nThe City of Sacramento Water Division treats more than 25 billion gallons of drinking water per year (https://www.cityofsacramento.org/Utilities/Water).
2025 Disclosure Cycle,779465,CDP,35880,Municipality of Porto Alegre,City,Latin America,Brazil,Public,Q4.10,"Provide details of the household access to water, sanitation services and water consumption in your jurisdiction.",1,Response,Data is available for the average household water consumption in litres per capita per day|Data is available for the percentage of households with access to safely managed drinking water services|Data is available for the percentage of households with access to safely managed sanitation services,100.0,91.48,328,"Segundo o Departamento Municipal de Água e Esgotos (DMAE), 100% da população é atendida pelo abastecimento de água em áreas regulares do município, sendo 88% destinado ao uso residencial. Mais de 91,30% da população é atendida com coleta de esgoto. Apenas 57% do esgoto produzido é tratado, contudo, a cidade tem capacidade de tratar 80% do esgoto coletado e, por isso, os esforços estão concentrados nas obras de ampliação de redes e na regularização de ramais domiciliares. No ano de 2022, o DMAE abastecia diariamente a população com cerca de 328 litros de água para cada habitante, valor acima da média de 50 a 100 litros indicados pela World Health Organization (WHO) como suficientes para garantir o acesso à água para uso pessoal e doméstico e o atendimento das necessidades básicas."
2025 Disclosure Cycle,779465,CDP,35882,"City of Tampa, FL",City,North America,United States of America,Public,Q4.10,"Provide details of the household access to water, sanitation services and water consumption in your jurisdiction.",1,Response,Data is available for the average household water consumption in litres per capita per day,,,408.82,This number is derived from a calculation required by Southwest Florida Water Management District in our annual water use permit report.
2025 Disclosure Cycle,779465,CDP,35883,"City of San José, CA",City,North America,United States of America,Public,Q4.10,"Provide details of the household access to water, sanitation services and water consumption in your jurisdiction.",1,Response,Data is available for the percentage of households with access to safely managed drinking water services|Data is available for the average household water consumption in litres per capita per day|Data is available for the percentage of households with access to safely managed sanitation services,100.0,100.0,244,"Water consumption data is for 2023, based on residential water consumption data received by each of San Jose's three water retailers."
2025 Disclosure Cycle,779465,CDP,35884,"City of San Diego, CA",City,North America,United States of America,Public,Q4.10,"Provide details of the household access to water, sanitation services and water consumption in your jurisdiction.",1,Response,Data is available for the average household water consumption in litres per capita per day,,,394,Per capita average. Not associated with household use. 
2025 Disclosure Cycle,779465,CDP,35885,Tel Aviv-Yafo Municipality,City,UKWW,Israel,Public,Q4.10,"Provide details of the household access to water, sanitation services and water consumption in your jurisdiction.",1,Response,Data is available for the percentage of households with access to safely managed drinking water services|Data is available for the percentage of households with access to safely managed sanitation services|Data is available for the average household water consumption in litres per capita per day,100.0,100.0,66,for 2021 based on the \'Statistical Yearbook\' Tel Aviv\n 2023 \nhttps://www.tel-aviv.gov.il/Transparency/DocLib13/%E2%80%8F%D7%A2%D7%99%D7%A7%D7%A8%D7%99%20%D7%94%D7%A0%D7%AA%D7%95%D7%A0%D7%99%D7%9D%20%D7%95%D7%94%D7%9E%D7%92%D7%9E%D7%95%D7%AA%202023.pdf (page 56) 
2025 Disclosure Cycle,779465,CDP,35886,City of Turin,City,Europe,Italy,Public,Q4.10,"Provide details of the household access to water, sanitation services and water consumption in your jurisdiction.",1,Response,Data is available for the percentage of households with access to safely managed drinking water services,100.0,,,
2025 Disclosure Cycle,779465,CDP,35894,"Ville de Montreal, QC",City,North America,Canada,Public,Q4.10,"Provide details of the household access to water, sanitation services and water consumption in your jurisdiction.",1,Response,Data is available for the average household water consumption in litres per capita per day|Data is available for the percentage of households with access to safely managed drinking water services|Data is available for the percentage of households with access to safely managed sanitation services,99.9,99.9,315,https://mtl.ged.montreal.ca/constellio/?collection=mtlca&portal=REPDOCVDM#!displayDocument/00000103784
2025 Disclosure Cycle,779465,CDP,35897,Municipality of Campinas,City,Latin America,Brazil,Public,Q4.10,"Provide details of the household access to water, sanitation services and water consumption in your jurisdiction.",1,Response,Data is available for the percentage of households with access to safely managed sanitation services|Data is available for the percentage of households with access to safely managed drinking water services|Data is available for the average household water consumption in litres per capita per day,99.84,96.42,135.4,Referente aos Índices de População Urbana Com Abastecimento de Água e Coleta e Afastamento de Esgoto.
2025 Disclosure Cycle,779465,CDP,35898,Greater Manchester Combined Authority,City,UKWW,United Kingdom,Public,Q4.10,"Provide details of the household access to water, sanitation services and water consumption in your jurisdiction.",1,Response,Data is available for the percentage of households with access to safely managed drinking water services|Data is available for the percentage of households with access to safely managed sanitation services|Data is available for the average household water consumption in litres per capita per day,100.0,100.0,144.0,"Household water consumption is litres per person per day, as reported by United Utilities (2018/19). United Utilities are the water provider responsible for water and wastewater services in the North West of England, and cover the majority of properties across Greater Manchester. Some properties are not serviced by United Utilities and have a private supply; the percentage/volume of these properties is unknown at time of reporting, but 100% of properties serviced by UU have safe drinking water and sanitation services. "
2025 Disclosure Cycle,779465,CDP,35914,Greater Hyderabad Municipal Corporation,City,India,India,Public,Q4.10,"Provide details of the household access to water, sanitation services and water consumption in your jurisdiction.",1,Response,Data is available for the average household water consumption in litres per capita per day|Data is available for the percentage of households with access to safely managed sanitation services|Data is available for the percentage of households with access to safely managed drinking water services,100,97,150,The urban service analysis in sections 4.1.3 and 4.2.5 of CRVA will give further details on service level in the city.
2025 Disclosure Cycle,779465,CDP,35993,Singapore Government,City,South East Asia & Oceania,Singapore,Public,Q4.10,"Provide details of the household access to water, sanitation services and water consumption in your jurisdiction.",1,Response,Data is available for the average household water consumption in litres per capita per day|Data is available for the percentage of households with access to safely managed sanitation services|Data is available for the percentage of households with access to safely managed drinking water services,100.0,100,142,N/A
2025 Disclosure Cycle,779465,CDP,36032,Ville de Dakar,City,UKWW,Senegal,Public,Q4.10,"Provide details of the household access to water, sanitation services and water consumption in your jurisdiction.",1,Response,Data is available for the percentage of households with access to safely managed sanitation services|Data is available for the percentage of households with access to safely managed drinking water services|Data is available for the average household water consumption in litres per capita per day,100.0,90.0,,Un important volume d'eau consommé dans la ville de Dakar provient du Lac de Guiers situé dans le haut delta du fleuve Sénégal à 300 km de Dakar. De ce plan d'eau de 170 km2 situé au nord-ouest du pays provient la ressource en eau brute traitée pour la rendre apte à la consommation. 
2025 Disclosure Cycle,779465,CDP,36036,City of Ibadan,City,UKWW,Nigeria,Public,Q4.10,"Provide details of the household access to water, sanitation services and water consumption in your jurisdiction.",1,Response,Data is available for the percentage of households with access to safely managed drinking water services,35.0,,,There is need for improvement in the drive towards increasing the percentage of population having access to safely managed drinking water.
2025 Disclosure Cycle,779465,CDP,36037,Santiago de Cali,City,Latin America,Colombia,Public,Q4.10,"Provide details of the household access to water, sanitation services and water consumption in your jurisdiction.",1,Response,Data is available for the percentage of households with access to safely managed sanitation services|Data is available for the average household water consumption in litres per capita per day|Data is available for the percentage of households with access to safely managed drinking water services,83,83,114,"La información se encuentra disponible en la página de indicadores sociales de la ciudad. Es posible visualizarlos en el siguiente enlace: \nhttps://indicadores.cali.gov.co/consulta-indicadores/igc/IGC_1/IGC_1_T1/IGC_1_T1_I1/cali_en_cifras_-_emcali_y_dap/Total/2006,2007,2008,2009,2010,2011,2012,2013,2014,2015,2016,2017,2018,2019,2020,2021,2022/Cali"
2025 Disclosure Cycle,779465,CDP,36039,Accra Metropolitan Assembly,City,UKWW,Ghana,Public,Q4.10,"Provide details of the household access to water, sanitation services and water consumption in your jurisdiction.",1,Response,Data is available for the percentage of households with access to safely managed drinking water services|Data is available for the percentage of households with access to safely managed sanitation services,98.7,93.1,,"Data in respect of Greater Accra Region (2021 Ghana Population and Housing Census General Report 3M, Water and Sanitation)"
2025 Disclosure Cycle,779465,CDP,36045,Santiago de Guayaquil,City,Latin America,Ecuador,Public,Q4.10,"Provide details of the household access to water, sanitation services and water consumption in your jurisdiction.",1,Response,Data is available for the percentage of households with access to safely managed drinking water services|Data is available for the average household water consumption in litres per capita per day|Data is available for the percentage of households with access to safely managed sanitation services,93.7,98.5,166.0,N/A
2025 Disclosure Cycle,779465,CDP,36152,City of Tallinn,City,Europe,Estonia,Public,Q4.10,"Provide details of the household access to water, sanitation services and water consumption in your jurisdiction.",1,Response,Data is available for the average household water consumption in litres per capita per day|Data is available for the percentage of households with access to safely managed sanitation services|Data is available for the percentage of households with access to safely managed drinking water services,99.9,99.9,62,
2025 Disclosure Cycle,779465,CDP,36159,City of Lisbon,City,Europe,Portugal,Public,Q4.10,"Provide details of the household access to water, sanitation services and water consumption in your jurisdiction.",1,Response,Data is available for the average household water consumption in litres per capita per day|Data is available for the percentage of households with access to safely managed drinking water services|Data is available for the percentage of households with access to safely managed sanitation services,99.9,99.9,131,2023 data. From https://www.observatorios-lisboa.pt/info_agua.html
2025 Disclosure Cycle,779465,CDP,36218,Fukuoka City,City,Japan,Japan,Public,Q4.10,"Provide details of the household access to water, sanitation services and water consumption in your jurisdiction.",1,Response,Data is available for the percentage of households with access to safely managed sanitation services|Data is available for the average household water consumption in litres per capita per day|Data is available for the percentage of households with access to safely managed drinking water services,99.7,99.7,198,
2025 Disclosure Cycle,779465,CDP,36219,City of Sapporo,City,Japan,Japan,Public,Q4.10,"Provide details of the household access to water, sanitation services and water consumption in your jurisdiction.",1,Response,Data is available for the percentage of households with access to safely managed sanitation services|Data is available for the average household water consumption in litres per capita per day|Data is available for the percentage of households with access to safely managed drinking water services,99.9,93.1,205,安全に管理された衛生サービスを利用可能な世帯の割合(%)\n\n総務省「汚水衛生処理率の状況（令和5年度）」\n\n「汚水衛生処理率」より転記\n\nhttps://www.soumu.go.jp/main_sosiki/c-zaisei/kouei/osui_syori.html
2025 Disclosure Cycle,779465,CDP,36247,City of Arezzo,City,Europe,Italy,Public,Q4.10,"Provide details of the household access to water, sanitation services and water consumption in your jurisdiction.",1,Response,Data is available for the percentage of households with access to safely managed sanitation services|Data is available for the average household water consumption in litres per capita per day|Data is available for the percentage of households with access to safely managed drinking water services,100.0,74.0,103.0,x
2025 Disclosure Cycle,779465,CDP,36254,City of Venice,City,Europe,Italy,Public,Q4.10,"Provide details of the household access to water, sanitation services and water consumption in your jurisdiction.",1,Response,Data is available for the average household water consumption in litres per capita per day|Data is available for the percentage of households with access to safely managed sanitation services|Data is available for the percentage of households with access to safely managed drinking water services,100.0,100.0,236,Data source Istat 2023
2025 Disclosure Cycle,779465,CDP,36262,City of Genoa,City,Europe,Italy,Public,Q4.10,"Provide details of the household access to water, sanitation services and water consumption in your jurisdiction.",1,Response,Data is available for the percentage of households with access to safely managed sanitation services|Data is available for the percentage of households with access to safely managed drinking water services|Data is available for the average household water consumption in litres per capita per day,100.0,91.0,201,"In Italy the percentage of drinking water leakage has grown since 32,1 % in 2008 to 37,4 in 2012, while in Genoa the dispersion rate was 25.89% (Water Balance 2023).Starting from 2018, the company has been promoting an intense activity of district metering and pressure monitoring in the Genoa water supply network, which has already brought many benefits in terms of leakage control. In a few years, real water losses have decreased from 35% to 25%. *This maintenance program will continue in the upcoming years. The storage capacity of Genoa reservoirs is currently 38.7 cu.m. of water and will reach almost 44 cu.m. thanks to the recovery of the Badana Lake, envisaged in the next years.** Water sources provide good quality water, ensuring full compliance with the parametric values prescribed by law. Reuse of treated sewage could be made in plants ensuring adequate treatment processes to comply with regulations in force (which are currently redefined by the EU). These conditions are complied with by the Quinto waste water treatment plant and will be met by the new Depuratore Area Centrale (Central Area Wastewater treatment plant) which will be operating from July 2024: the total amount of water available for reuse, after the needed authorizations will be 35,000 cu.m water/day. Water will be available for public purposes (street washing and irrigation) and for industrial and recreational uses.Wastewater reuse has become particularly important in the last years, due to the effects of climate change, dramatically affecting distribution and intensity of rainfall all around the years. It is an effective solution to preserve water for human consumption, ensure resilience and service continuity and reduce environmental impact.General data regarding national, regional and municipal data are available at the link in question.http://statistica.comune.genova.it/pubblicazioni/download/annuario/ANNUARIO_ED_2022/ANNUARIO%202022.pdf"
2025 Disclosure Cycle,779465,CDP,36285,City of Florence,City,Europe,Italy,Public,Q4.10,"Provide details of the household access to water, sanitation services and water consumption in your jurisdiction.",1,Response,Data is available for the average household water consumption in litres per capita per day|Data is available for the percentage of households with access to safely managed drinking water services|Data is available for the percentage of households with access to safely managed sanitation services,100.0,100.0,143.0,"https://www.publiacqua.it/sites/publiacqua/files/bilancio_di_sostenibilita_2022_03082023_def.pdf \n Currently, at city level, 75% of the water supply is destined to domestic consumption, whereas the remaining part is destined to utilities of the tertiary sector. The specific consumption is 143 litres/day per inhabitant.During the past few years there has been a decrease in demand for drinkable water due to:-Greater resource efficiency following the renewal interventions of internal systems as well as the use of devices favouring water saving (double-box WC, faucet aerators, household appliances with improved performances in regard to water consumption);-information and awareness campaign on the City's policies concerning the use of the resource (included actions targeted to tourists on the environmental blueprint)All the drinkable water consumers (domestic, public and non-domestic) are provided with a meter for the measurement of water consumption. The water losses registered in the area of Florence are equal to 33%, intended as the ratio between the overall volume entering the network and the sales volume. This figure is lower than the regional average (about 40%).The chemical-physical and microbiological data of the drinkable water are published on the Publiaqua's website; a total of 300 qualitative catchment areas have been identified and, for each one, the mean semester values per single parameter are published.In order to upgrade and improve the offered service, Publiacqua has implemented and continues to maintain the following certifications:oSystem for Quality Management, in compliance with UNI EN ISO 9001;oSystem for Environmental Management, in compliance with UNI EN ISO 14001;oA model of Organisation, Management and Control, in compliance with for in the D.Lgs 231/01;oSystem for Quality Management of the Laboratory, in compliance with UNI CEI EN ISO/IEC 17025:2005;oSystem for Personnel's Health and Safety Management, in compliance with BSI OHSAS 18001:2007."
2025 Disclosure Cycle,779465,CDP,36410,"City of Memphis, TN",City,North America,United States of America,Public,Q4.10,"Provide details of the household access to water, sanitation services and water consumption in your jurisdiction.",1,Response,Data is available for the average household water consumption in litres per capita per day|Data is available for the percentage of households with access to safely managed drinking water services|Data is available for the percentage of households with access to safely managed sanitation services,100.0,100.0,220.712,"Everyone in the Memphis jurisdiction is serviced by the utility MLG&W, and all waste water is managed by Memphis treatment systems. Household water consumption comes from MLG&W's Facts and Figures 2023 report (publicly available online), converted from ccf/customer to liters/person"
2025 Disclosure Cycle,779465,CDP,36496,City of Palermo,City,Europe,Italy,Public,Q4.10,"Provide details of the household access to water, sanitation services and water consumption in your jurisdiction.",1,Response,None of the above data is available to report,,,,
2025 Disclosure Cycle,779465,CDP,36501,City of Prato,City,Europe,Italy,Public,Q4.10,"Provide details of the household access to water, sanitation services and water consumption in your jurisdiction.",1,Response,Data is available for the percentage of households with access to safely managed sanitation services|Data is available for the average household water consumption in litres per capita per day|Data is available for the percentage of households with access to safely managed drinking water services,100.0,100,130,"Water Safety Plan with Decree of the Ministry of Health of 14.06.17 (Transposition of the EU directive 2015/1787)Web link: https://www.publiacqua.it/presentato-il-water-safety-plan (in Italian language)\nCosuption water : Legambiente, 2021 "
2025 Disclosure Cycle,779465,CDP,36517,City of Treviso,City,Europe,Italy,Public,Q4.10,"Provide details of the household access to water, sanitation services and water consumption in your jurisdiction.",1,Response,Data is available for the average household water consumption in litres per capita per day,,,154,Dato 2024
2025 Disclosure Cycle,779465,CDP,37261,City of Pietermaritzburg,City,UKWW,South Africa,Public,Q4.10,"Provide details of the household access to water, sanitation services and water consumption in your jurisdiction.",1,Response,None of the above data is available to report,,,,
2025 Disclosure Cycle,779465,CDP,42120,City of Salvador,City,Latin America,Brazil,Public,Q4.10,"Provide details of the household access to water, sanitation services and water consumption in your jurisdiction.",1,Response,Data is available for the average household water consumption in litres per capita per day|Data is available for the percentage of households with access to safely managed sanitation services|Data is available for the percentage of households with access to safely managed drinking water services,99,88,126.2,"Os dados reportados para Salvador baseiam-se no Sistema Nacional de Informações sobre Saneamento (SNIS 2022) e em informações compiladas pelo Instituto Água e Saneamento, que utilizam registros oficiais da EMBASA. Para acesso à água potável gerida com segurança, considerou-se a cobertura da rede geral de abastecimento, próxima de 99%. Para acesso a saneamento seguro, utilizou-se a cobertura de esgotamento sanitário por serviço público, de cerca de 88%, valor mais conservador em relação ao indicador ampliado de aproximadamente 95% quando consideradas conexões indiretas. O consumo per capita de água, de 126,2 litros por habitante ao dia, reflete tanto as características de demanda urbana quanto restrições de oferta e ganhos de eficiência do sistema. No caso da energia elétrica, o consumo municipal foi estimado a partir das emissões locais reportadas e do fator médio de emissão do Sistema Interligado Nacional, adotando-se como referência o Balanço Energético Nacional 2022 para a composição da matriz elétrica. Categorias sem participação significativa, como geotermia e outras fontes renováveis ou não renováveis, foram reportadas como zero. Dessa forma, os valores apresentados refletem a melhor estimativa disponível com base em fontes oficiais, em alinhamento com os conceitos do ODS 6 e com a matriz elétrica nacional como proxy para o município."
2025 Disclosure Cycle,779465,CDP,42123,City of Goiânia,City,Latin America,Brazil,Public,Q4.10,"Provide details of the household access to water, sanitation services and water consumption in your jurisdiction.",1,Response,Data is available for the percentage of households with access to safely managed drinking water services|Data is available for the percentage of households with access to safely managed sanitation services,99.62,99.62,,Dados da Saneamento de Goiás S.A. - Saneago
2025 Disclosure Cycle,779465,CDP,42178,Distrito Metropolitano de Quito,City,Latin America,Ecuador,Public,Q4.10,"Provide details of the household access to water, sanitation services and water consumption in your jurisdiction.",1,Response,Data is available for the average household water consumption in litres per capita per day|Data is available for the percentage of households with access to safely managed drinking water services|Data is available for the percentage of households with access to safely managed sanitation services,98.33,94.15,137.9,"En Quito, el consumo habitual bordea los 140 litros por persona al día.\n"
2025 Disclosure Cycle,779465,CDP,42388,Intendencia de Montevideo,City,Latin America,Uruguay,Public,Q4.10,"Provide details of the household access to water, sanitation services and water consumption in your jurisdiction.",1,Response,Data is available for the percentage of households with access to safely managed drinking water services|Data is available for the percentage of households with access to safely managed sanitation services,99.5,97.1,,"Los datos son de 2019, proporcionados por el Ministerio de Desarrollo social con la fuente de la Encuesta Continua de Hogares del Instituto Nacional de Estadística."
2025 Disclosure Cycle,779465,CDP,43905,"City of San Antonio, TX",City,North America,United States of America,Public,Q4.10,"Provide details of the household access to water, sanitation services and water consumption in your jurisdiction.",1,Response,Data is available for the percentage of households with access to safely managed sanitation services|Data is available for the average household water consumption in litres per capita per day|Data is available for the percentage of households with access to safely managed drinking water services,100.0,100.0,443,https://my.saws.org/conservation/ \n117GPCD (gallons/capita/day) converted into liters/capita/day. 
2025 Disclosure Cycle,779465,CDP,43907,"City of Indianapolis, IN",City,North America,United States of America,Public,Q4.10,"Provide details of the household access to water, sanitation services and water consumption in your jurisdiction.",1,Response,None of the above data is available to report,,,,
2025 Disclosure Cycle,779465,CDP,43908,"City of Milwaukee, WI",City,North America,United States of America,Public,Q4.10,"Provide details of the household access to water, sanitation services and water consumption in your jurisdiction.",1,Response,Data is available for the percentage of households with access to safely managed drinking water services|Data is available for the percentage of households with access to safely managed sanitation services,99.0,99.0,,
2025 Disclosure Cycle,779465,CDP,43909,"City of Orlando, FL",City,North America,United States of America,Public,Q4.10,"Provide details of the household access to water, sanitation services and water consumption in your jurisdiction.",1,Response,Data is available for the percentage of households with access to safely managed sanitation services|Data is available for the percentage of households with access to safely managed drinking water services|Data is available for the average household water consumption in litres per capita per day,100.0,100,554,"According to the OUC Water Quality Report (Report attached), the utility pumps approximately 32.3 billion gallons of water annually to its customers, covering a service area of 200 square miles. This utility provides water not only to the city of Orlando but also to parts of unincorporated Orange County. Therefore, it's essential to estimate the amount of water explicitly supplied to the city of Orlando.\n\nBased on data from the United States Census Bureau, Orlando occupies a land area of 110.6 square miles, which represents about 55% of the total 200-square-mile service area. This source also notes that the city has a total of 141669 households. Additionally, as of 2024, the population of Orlando is 334,490.\n\nTaking these factors into account, the city of Orlando's household water consumption and per capita water consumption are estimated to be 1,307 liters/household/day and 554 liters per capita per day, respectively. \n\nRegarding access to safely managed drinking water and sanitation services, it is estimated that the city of Orlando has 100% access to both. This assessment is based on the city's urban context and robust water infrastructure. The World Health Organization indicates that most urban areas in the United States, including Orlando, have access to safely managed sanitation services.\n"
2025 Disclosure Cycle,779465,CDP,43910,"City of Columbus, OH",City,North America,United States of America,Public,Q4.10,"Provide details of the household access to water, sanitation services and water consumption in your jurisdiction.",1,Response,Data is available for the percentage of households with access to safely managed sanitation services|Data is available for the percentage of households with access to safely managed drinking water services|Data is available for the average household water consumption in litres per capita per day,100.0,100.0,1015.2,"City of Columbus Department of Public Utilities Division of Water delivers over 53 billion gallons (200 billion liters) of water a year to 1.4 million people. In an average day, 145 million gallons of water is pumped throughout the city with average usage of over 112 gallons (423 liters) per person per day. The average household in the City of Columbus contains 2.4 persons. Therefore, converting gallons to liters, and per person to household: 423 liters x 2.4 persons = 1015.2 liters/per household/per day."
2025 Disclosure Cycle,779465,CDP,43911,"City of Ottawa, ON",City,North America,Canada,Public,Q4.10,"Provide details of the household access to water, sanitation services and water consumption in your jurisdiction.",1,Response,Data is available for the percentage of households with access to safely managed sanitation services|Data is available for the percentage of households with access to safely managed drinking water services|Data is available for the average household water consumption in litres per capita per day,90,90,268.7,Household water consumption is calculated by dividing the Municipal drinking water summary by the population. 
2025 Disclosure Cycle,779465,CDP,43912,"City of Edmonton, AB",City,North America,Canada,Public,Q4.10,"Provide details of the household access to water, sanitation services and water consumption in your jurisdiction.",1,Response,Data is available for the percentage of households with access to safely managed sanitation services|Data is available for the percentage of households with access to safely managed drinking water services|Data is available for the average household water consumption in litres per capita per day,100.0,100.0,184.0,Household access to safely managed drinking water and sanitation services is required by law. The affordability of these services for the entire community is the only access challenge. Water consumption provided by EPCOR: https://www.epcor.com/products-services/water/Pages/high-water-usage.aspx
2025 Disclosure Cycle,779465,CDP,43914,"City of Charlotte, NC",City,North America,United States of America,Public,Q4.10,"Provide details of the household access to water, sanitation services and water consumption in your jurisdiction.",1,Response,Data is available for the average household water consumption in litres per capita per day|Data is available for the percentage of households with access to safely managed drinking water services|Data is available for the percentage of households with access to safely managed sanitation services,85,85,48,•\tPercentage of households with access to safely managed drinking water services: 85-90%\n\n•\tPercentage of households with access to safely managed sanitation services: 85-90%\n\n\n•\tHousehold water consumption was recorded in (gallons/capita/day)
2025 Disclosure Cycle,779465,CDP,43917,Capital Municipality of Sofia,City,Europe,Bulgaria,Public,Q4.10,"Provide details of the household access to water, sanitation services and water consumption in your jurisdiction.",1,Response,Data is available for the percentage of households with access to safely managed sanitation services|Data is available for the percentage of households with access to safely managed drinking water services,96.0,92.0,,No more data available
2025 Disclosure Cycle,779465,CDP,43920,City of Ljubljana,City,Europe,Slovenia,Public,Q4.10,"Provide details of the household access to water, sanitation services and water consumption in your jurisdiction.",1,Response,Data is available for the percentage of households with access to safely managed drinking water services|Data is available for the average household water consumption in litres per capita per day|Data is available for the percentage of households with access to safely managed sanitation services,100,93,130,"Data from a public utility company VOKA Snaga d.o.o., which is the largest company in Slovenia in terms of the number of users of the public drinking water supply system, the waste water drainage and treatment system as well as waste management system. All three public utility services are performed in the City of Ljubljana and other municipalities nearby."
2025 Disclosure Cycle,779465,CDP,43921,City of Zagreb,City,Europe,Croatia,Public,Q4.10,"Provide details of the household access to water, sanitation services and water consumption in your jurisdiction.",1,Response,Data is available for the percentage of households with access to safely managed drinking water services|Data is available for the average household water consumption in litres per capita per day|Data is available for the percentage of households with access to safely managed sanitation services,97,92,137,"97% percentage of connection to the public water supply system in the area of the City of Zagreb. Public water service provider in the City of Zagreb is VIO d.o.o., company for freshwater distribution and wastewater managment.\n\nSpecific consumption in the area of the City of Zagreb is around 135 - 138 l/capital/day\n"
2025 Disclosure Cycle,779465,CDP,43926,City of Mannheim,City,Europe,Germany,Public,Q4.10,"Provide details of the household access to water, sanitation services and water consumption in your jurisdiction.",1,Response,Data is available for the percentage of households with access to safely managed sanitation services|Data is available for the percentage of households with access to safely managed drinking water services|Data is available for the average household water consumption in litres per capita per day,99,99,145,"The Federal Government in Germany last confirmed this in writing in 2023: In Germany, access to sanitation and clean drinking water is guaranteed and there is currently no water shortage. Values close to 100% can therefore be assumed. There are no studies specific to Mannheim, as there is no need due to the good situation. Source: https://www.bundesregierung.de/breg-de/themen/nachhaltigkeitspolitik/sichere-wasserversorgung-313276 \n\nAnnual water consumption in Mannheim is 145 cubic meters per capita. his data applies to the year 2022 and was provided by our municipal utilities. "
2025 Disclosure Cycle,779465,CDP,43930,Municipality of The Hague,City,Europe,Netherlands,Public,Q4.10,"Provide details of the household access to water, sanitation services and water consumption in your jurisdiction.",1,Response,Data is available for the percentage of households with access to safely managed drinking water services,100.0,,,no comment
2025 Disclosure Cycle,779465,CDP,43932,Auckland Council,City,South East Asia & Oceania,New Zealand,Public,Q4.10,"Provide details of the household access to water, sanitation services and water consumption in your jurisdiction.",1,Response,Data is available for the percentage of households with access to safely managed sanitation services|Data is available for the percentage of households with access to safely managed drinking water services|Data is available for the average household water consumption in litres per capita per day,100.0,100.0,243.9,"Household water consumption data (litres/capita/day) is from Watercare Annual Report 2022, p109, https://wslpwstoreprd.blob.core.windows.net/kentico-media-libraries-prod/watercarepublicweb/media/watercare-media-library/about-us/watercare_annual_report_2022_web.pdf"
2025 Disclosure Cycle,779465,CDP,43937,Wellington City Council,City,South East Asia & Oceania,New Zealand,Public,Q4.10,"Provide details of the household access to water, sanitation services and water consumption in your jurisdiction.",1,Response,Data is available for the percentage of households with access to safely managed drinking water services|Data is available for the average household water consumption in litres per capita per day|Data is available for the percentage of households with access to safely managed sanitation services,100,99.45,350,"Drinking water services: The WHO/UNICEF Joint Monitoring Programme as well as the World Bank report that 100% of New Zealand population has access to safely managed drinking water services. So, this is 100% for Wellington City too. \n\nSource 1: https://washdata.org/data/household#!/table?geo0=country&geo1=NZL\n\nSource 2: https://databank.worldbank.org/source/world-development-indicators#\n\n\nSanitation services: \n\nTo calculate the percentage of households with access to safely managed sanitation services, we have used the 2023 census data \'access to toilet for dwellings\'. Census data 2023 shows that % access to toilet (safely managed sanitation services) for Wellington City was 99.45%. \n\nHowever, the WHO/UNICEF Joint Monitoring Programme and the World Bank report that 88.7% of New Zealand's population has access to safely managed sanitation services. While it is likely that Wellington exceeds the national average in terms of access to these services, we can confidently state that the city's access rate is at least on par with the national figure of 88.8%. \n\nSource 1: https://washdata.org/data/household#!/table?geo0=country&geo1=NZL\n\nSource 2: https://databank.worldbank.org/source/world-development-indicators#\n\nGiven that we have census data for Wellington City on this, we used the figure relevant to our jurisdiction instead of using the national level data.\n\nHousehold water consumption (litres/capita/day): Wellington City Council publishes water consumption data regularly on its website and the latest figure shows that water consumption is typically about 378 litres per person per day.\n\nData Source: \nhttps://wellington.govt.nz/climate-change-sustainability-environment/water/wellingtons-water-supply/water-usage\n"
2025 Disclosure Cycle,779465,CDP,43938,"Environment and Climate Change Authority, Govt of Dubai",City,UKWW,United Arab Emirates,Public,Q4.10,"Provide details of the household access to water, sanitation services and water consumption in your jurisdiction.",1,Response,Data is available for the average household water consumption in litres per capita per day|Data is available for the percentage of households with access to safely managed sanitation services|Data is available for the percentage of households with access to safely managed drinking water services,100.0,100,283,"Municipal water is of drinking quality in Dubai. Other than that, there are water fountains in the public areas that are accessible to all. Dubai Can initiative was launched early 2022 to enhance the distribution and accessibility of public refill water stations throughout the city. \nhttps://www.dubaidet.gov.ae/en/dubai-can"
2025 Disclosure Cycle,779465,CDP,43940,City of Malmö,City,Europe,Sweden,Public,Q4.10,"Provide details of the household access to water, sanitation services and water consumption in your jurisdiction.",1,Response,Data is available for the average household water consumption in litres per capita per day|Data is available for the percentage of households with access to safely managed sanitation services|Data is available for the percentage of households with access to safely managed drinking water services,99.9,99.9,144,"These numbers are monitored by municipally owned water company VA Syd. The percentage for drinking water and sanitation refers to household who are connected to the municipal grid. However, that does not necessarily mean that the small number of households that use other options (such as farms with their own wells) doesn't have safe access to water, only that it isn't monitored yearly by the municipality or the municipally owned companies."
2025 Disclosure Cycle,779465,CDP,43970,Alcaldía Distrital de Barranquilla,City,Latin America,Colombia,Public,Q4.10,"Provide details of the household access to water, sanitation services and water consumption in your jurisdiction.",1,Response,Data is available for the percentage of households with access to safely managed drinking water services|Data is available for the average household water consumption in litres per capita per day,100,,150,"La seguridad de la gestión de\nla prestación en la práctica\npodríamos representarla en\ntérminos de la continuidad y la\ncalidad del suministro; Triple A\ncumple con el Índice de\nContinuidad e Índice de Riesgo de\ncalidad de Agua Potable al 100%\npara el área definida dentro de su\nAPS que incluye las viviendas\ngeográficamente localizadas\ndentro de ella. Por otra parte, puede inferirse que si desde nuestro CPS (Consumo Promedio\npor Suscriptor) de 15,8 m3 mes,\nconsiderando que un suscriptor es\nuna vivienda, y que las viviendas en\npromedio tienen 3,5 habitantes en\nBarranquilla (según la última\nEncuesta de Pulso Social del DANE)\nentonces 15,8/3,5/30 días = 0,150 o\n150 litros/persona/día.\n"
2025 Disclosure Cycle,779465,CDP,44076,Bursa Metropolitan Municipality,City,UKWW,Türkiye,Public,Q4.10,"Provide details of the household access to water, sanitation services and water consumption in your jurisdiction.",1,Response,Data is available for the percentage of households with access to safely managed sanitation services|Data is available for the percentage of households with access to safely managed drinking water services|Data is available for the average household water consumption in litres per capita per day,99.95,99.0,163.65,Datas are taken from Bursa Water and Sewerage Administration.
2025 Disclosure Cycle,779465,CDP,44080,City of Kitakyushu,City,Japan,Japan,Public,Q4.10,"Provide details of the household access to water, sanitation services and water consumption in your jurisdiction.",1,Response,Data is available for the average household water consumption in litres per capita per day,,,213,
2025 Disclosure Cycle,779465,CDP,44180,Daegu Metropolitan City,City,South East Asia & Oceania,Korea (The Republic of),Public,Q4.10,"Provide details of the household access to water, sanitation services and water consumption in your jurisdiction.",1,Response,Data is available for the percentage of households with access to safely managed sanitation services|Data is available for the average household water consumption in litres per capita per day|Data is available for the percentage of households with access to safely managed drinking water services,100.0,100,315,"Daegu Metropolitan City is the first city in the country to apply advanced treatment facilities at both water purification and sewage treatment plants. \n1) At the water purification plant, ozone and activated carbon are used to supply safe drinking water. \n2) At the sewage treatment plant, technologies for nutrient removal (nitrogen and phosphorus) and advanced oxidation (UV and ozone) are implemented to safely discharge treated water."
2025 Disclosure Cycle,779465,CDP,44181,Gwangju Metropolitan City,City,South East Asia & Oceania,Korea (The Republic of),Public,Q4.10,"Provide details of the household access to water, sanitation services and water consumption in your jurisdiction.",1,Response,Data is available for the percentage of households with access to safely managed drinking water services|Data is available for the average household water consumption in litres per capita per day|Data is available for the percentage of households with access to safely managed sanitation services,100,100,287.6,출처: 국가상수도정보시스템(환경부)\nhttps://www.waternow.go.kr/web/data/ssdoDataPop?GROUP=1261
2025 Disclosure Cycle,779465,CDP,44184,Ulsan Metropolitan City,City,South East Asia & Oceania,Korea (The Republic of),Public,Q4.10,"Provide details of the household access to water, sanitation services and water consumption in your jurisdiction.",1,Response,Data is available for the percentage of households with access to safely managed drinking water services,100,,,2개소 정수처리장을 운영하여 시민들에게 깨끗하고 안전한 식수를 일평균 351천㎥ 공급하고 있음 
2025 Disclosure Cycle,779465,CDP,44185,Suwon City,City,South East Asia & Oceania,Korea (The Republic of),Public,Q4.10,"Provide details of the household access to water, sanitation services and water consumption in your jurisdiction.",1,Response,Data is available for the percentage of households with access to safely managed drinking water services,100.0,,,"수원은 상수도 기반시설 정비, 정수처리시설 고도화, 효율적인 상수도 관리시스템 구축, 안정적인 수자원 확보 등을 통해 현재 99.7%에 이르는 상수도 보급률을 2030년까지 100% 달성하는 것을 목표로 하고 있다. 아울러, 하수도 시설 확충 및 정비, 하수처리장 생태공원화, 중수도 지역순환방식 도입, 자연순환 확대를 통해 안전한 수처리와 녹색도시형 물 순환 시스템을 구축해 나가고 있다."
2025 Disclosure Cycle,779465,CDP,44187,Goyang City,City,South East Asia & Oceania,Korea (The Republic of),Public,Q4.10,"Provide details of the household access to water, sanitation services and water consumption in your jurisdiction.",1,Response,Data is available for the percentage of households with access to safely managed drinking water services|Data is available for the average household water consumption in litres per capita per day,99.8,,313,https://www.goyang.go.kr/bigdata/statsData/statsData.do?selected=2
2025 Disclosure Cycle,779465,CDP,44188,Yongin City,City,South East Asia & Oceania,Korea (The Republic of),Public,Q4.10,"Provide details of the household access to water, sanitation services and water consumption in your jurisdiction.",1,Response,Data is available for the average household water consumption in litres per capita per day|Data is available for the percentage of households with access to safely managed drinking water services|Data is available for the percentage of households with access to safely managed sanitation services,99.4,99.4,324,
2025 Disclosure Cycle,779465,CDP,44191,Ansan City,City,South East Asia & Oceania,Korea (The Republic of),Public,Q4.10,"Provide details of the household access to water, sanitation services and water consumption in your jurisdiction.",1,Response,Data is available for the percentage of households with access to safely managed drinking water services|Data is available for the percentage of households with access to safely managed sanitation services|Data is available for the average household water consumption in litres per capita per day,99.9,99.9,348.2,자료출처 : 2022년 상수도 통계(환경부)\n- 상수도 운영현황
2025 Disclosure Cycle,779465,CDP,44194,Jeonju City,City,South East Asia & Oceania,Korea (The Republic of),Public,Q4.10,"Provide details of the household access to water, sanitation services and water consumption in your jurisdiction.",1,Response,Data is available for the average household water consumption in litres per capita per day|Data is available for the percentage of households with access to safely managed drinking water services|Data is available for the percentage of households with access to safely managed sanitation services,100,100,279,-
2025 Disclosure Cycle,779465,CDP,44196,Hwaseong City,City,South East Asia & Oceania,Korea (The Republic of),Public,Q4.10,"Provide details of the household access to water, sanitation services and water consumption in your jurisdiction.",1,Response,None of the above data is available to report,,,,
2025 Disclosure Cycle,779465,CDP,44205,Gwangmyeong City,City,South East Asia & Oceania,Korea (The Republic of),Public,Q4.10,"Provide details of the household access to water, sanitation services and water consumption in your jurisdiction.",1,Response,Data is available for the average household water consumption in litres per capita per day|Data is available for the percentage of households with access to safely managed drinking water services,99.9,,325,"○ 2023년 광명시 통계연보(2022)\n 57-08. 전기, 가스, 수도(8-6. 상수도 보급현황)"
2025 Disclosure Cycle,779465,CDP,44299,Dangjin City,City,South East Asia & Oceania,Korea (The Republic of),Public,Q4.10,"Provide details of the household access to water, sanitation services and water consumption in your jurisdiction.",1,Response,Data is available for the average household water consumption in litres per capita per day,,,228.4,"Ministry of Environment, Waterworks Statistics for 2020"
2025 Disclosure Cycle,779465,CDP,46263,Amdavad Municipal Corporation (Ahmedabad),City,India,India,Public,Q4.10,"Provide details of the household access to water, sanitation services and water consumption in your jurisdiction.",1,Response,Data is available for the percentage of households with access to safely managed drinking water services|Data is available for the percentage of households with access to safely managed sanitation services|Data is available for the average household water consumption in litres per capita per day,100.0,95.0,170,"As per Water Resource Management Department, AMC 2021. See Section 3.1 of Ahmedabad Climate Resilient City Action Plan (Towards a Net-zero Future 2070)."
2025 Disclosure Cycle,779465,CDP,46470,Municipality of Vitoria-Gasteiz,City,Europe,Spain,Public,Q4.10,"Provide details of the household access to water, sanitation services and water consumption in your jurisdiction.",1,Response,Data is available for the percentage of households with access to safely managed sanitation services|Data is available for the percentage of households with access to safely managed drinking water services|Data is available for the average household water consumption in litres per capita per day,100.0,100.0,108,"El consumo doméstico de agua en los últimos años se sitúa en el rango 105,5-108,4 litros por habitantes y día. En los últimos años ese consumo se ha reducido considerablemente. En 2010, el consumo doméstico era de 118 litros por habitante y día."
2025 Disclosure Cycle,779465,CDP,46473,Municipality of Zaragoza (Spain),City,Europe,Spain,Public,Q4.10,"Provide details of the household access to water, sanitation services and water consumption in your jurisdiction.",1,Response,Data is available for the percentage of households with access to safely managed sanitation services|Data is available for the average household water consumption in litres per capita per day|Data is available for the percentage of households with access to safely managed drinking water services,99,97.9,103,Informacion sobre el abastecimiento de agua: https://bonansa.aragon.es/iaest/fic_mun/pdf/50297.pdf y la informacion sobe el consumo (Ebropolis): https://ebropolis.es/observatorio-urbano/cuadro-de-mando/dimensiones/\nEnlace Infraestructuras Ayuntamiento Zaragoza (en línea): https://www.zaragoza.es/sede/portal/infraestructuras/
2025 Disclosure Cycle,779465,CDP,46514,City of Porto,City,Europe,Portugal,Public,Q4.10,"Provide details of the household access to water, sanitation services and water consumption in your jurisdiction.",1,Response,Data is available for the percentage of households with access to safely managed sanitation services|Data is available for the percentage of households with access to safely managed drinking water services|Data is available for the average household water consumption in litres per capita per day,100.0,99.79,223,Data provided by Águas e Energia do Porto.
2025 Disclosure Cycle,779465,CDP,49172,"City of St. Petersburg, FL",City,North America,United States of America,Public,Q4.10,"Provide details of the household access to water, sanitation services and water consumption in your jurisdiction.",1,Response,Data is available for the average household water consumption in litres per capita per day|Data is available for the percentage of households with access to safely managed drinking water services,100.0,,213.156,"Average single family residential consumption per unit as 3,700 gallons per month. Census says 2.19 p/HH, so result is 56.31 gpcd or 213.156 litters a day."
2025 Disclosure Cycle,779465,CDP,49326,"Ville de Quebec, QC",City,North America,Canada,Public,Q4.10,"Provide details of the household access to water, sanitation services and water consumption in your jurisdiction.",1,Response,Data is available for the percentage of households with access to safely managed drinking water services|Data is available for the average household water consumption in litres per capita per day|Data is available for the percentage of households with access to safely managed sanitation services,100.0,100.0,238,
2025 Disclosure Cycle,779465,CDP,49327,"City of Providence, RI",City,North America,United States of America,Public,Q4.10,"Provide details of the household access to water, sanitation services and water consumption in your jurisdiction.",1,Response,Data is available for the percentage of households with access to safely managed drinking water services,100,,,All residents living in homes have access to water and sanitation services. Unhoused residents lack immediate access to these services. 
2025 Disclosure Cycle,779465,CDP,49330,"Kansas City, MO",City,North America,United States of America,Public,Q4.10,"Provide details of the household access to water, sanitation services and water consumption in your jurisdiction.",1,Response,Data is available for the percentage of households with access to safely managed sanitation services|Data is available for the percentage of households with access to safely managed drinking water services|Data is available for the average household water consumption in litres per capita per day,100.0,97.0,393.69,"All KCMO residential households have access to safely managed drinking water but there might be a few households in the outer city limits that are using well water. Approximately 97% of households are using sewer service, but there are roughly 4,400 households inside the city limits on a septic system. "
2025 Disclosure Cycle,779465,CDP,49333,"City of Louisville, KY",City,North America,United States of America,Public,Q4.10,"Provide details of the household access to water, sanitation services and water consumption in your jurisdiction.",1,Response,Data is available for the percentage of households with access to safely managed sanitation services|Data is available for the average household water consumption in litres per capita per day|Data is available for the percentage of households with access to safely managed drinking water services,99.4,100,492,"100% of households with City Sewer services have safely managed sanitation, unknown for total population of jurisdiction because some residents in rural areas are on septic. The number of residents on septic is not quantified.\n\nLouisville Water Company estimated in 2020 that 99.4% of parcels that abut a water main in Jefferson County have access to public water. The remaining 0.6% that do not\nabut a water main either have wells or cisterns to meet their potable water needs. The household water consumption calculation includes residential billed consumption,\nresidential estimated under-registered meter loss, and non-revenue water. Irrigation and wholesale water have been excluded from this calculation."
2025 Disclosure Cycle,779465,CDP,49334,"City of Richmond, VA",City,North America,United States of America,Public,Q4.10,"Provide details of the household access to water, sanitation services and water consumption in your jurisdiction.",1,Response,Data is available for the percentage of households with access to safely managed drinking water services|Data is available for the average household water consumption in litres per capita per day|Data is available for the percentage of households with access to safely managed sanitation services,100,98.5,284,Water-Department of Public Utilities confirms full compliance with all federal and state Safe Drinking Water Act regulations
2025 Disclosure Cycle,779465,CDP,49335,"Metropolitan Government of Nashville and Davidson County, TN",City,North America,United States of America,Public,Q4.10,"Provide details of the household access to water, sanitation services and water consumption in your jurisdiction.",1,Response,Data is available for the percentage of households with access to safely managed drinking water services|Data is available for the percentage of households with access to safely managed sanitation services,100.0,100.0,,
2025 Disclosure Cycle,779465,CDP,49342,"City of Rochester, NY",City,North America,United States of America,Public,Q4.10,"Provide details of the household access to water, sanitation services and water consumption in your jurisdiction.",1,Response,None of the above data is available to report,,,,None of the above data is available to report
2025 Disclosure Cycle,779465,CDP,49345,"City of Birmingham, AL",City,North America,United States of America,Public,Q4.10,"Provide details of the household access to water, sanitation services and water consumption in your jurisdiction.",1,Response,Data is available for the percentage of households with access to safely managed drinking water services,100,,,
2025 Disclosure Cycle,779465,CDP,49346,"City of Allentown, PA",City,North America,United States of America,Public,Q4.10,"Provide details of the household access to water, sanitation services and water consumption in your jurisdiction.",1,Response,Data is available for the percentage of households with access to safely managed sanitation services|Data is available for the average household water consumption in litres per capita per day|Data is available for the percentage of households with access to safely managed drinking water services,100,100,679,"Household water consumption was estimated based on the Lehigh County Authority's estimate that the Allentown division draws approximately 22.4 million gallons of water per day, and the city has 124,880 residents."
2025 Disclosure Cycle,779465,CDP,49347,"City of Omaha, NE",City,North America,United States of America,Public,Q4.10,"Provide details of the household access to water, sanitation services and water consumption in your jurisdiction.",1,Response,Data is available for the percentage of households with access to safely managed sanitation services|Data is available for the average household water consumption in litres per capita per day|Data is available for the percentage of households with access to safely managed drinking water services,100.0,100.0,807.0,"Household consumption is estimated based on an average annual residential use of 104 CCF per household in the Metropolitan Utility District (MUD) 2022 budget report. MUD serves a population of nearly 600,000 people and operates and maintains more than 3,100 miles of mains that deliver clean drinking water to the taps of 225,028 homes and businesses in the metro Omaha area. MUD serves an average of 90 million gallons of water daily to the community and maintains more than 27,000 hydrants for fire protection. Three water treatment plants service the water supply."
2025 Disclosure Cycle,779465,CDP,49360,City of Tshwane,City,UKWW,South Africa,Public,Q4.10,"Provide details of the household access to water, sanitation services and water consumption in your jurisdiction.",1,Response,Data is available for the percentage of households with access to safely managed sanitation services|Data is available for the average household water consumption in litres per capita per day|Data is available for the percentage of households with access to safely managed drinking water services,77.0,64.0,270.0,The data supplied here is drawn from the Integrated Development Plan approve from 2021/22-2025/26. It is important to note that the provision of water and sanitation services is a moving target due to the high rates of urbanisation. The City has 530 informal settlements which is more than double the number of informal settlements counted in 2018.
2025 Disclosure Cycle,779465,CDP,49367,Freetown City,City,UKWW,Sierra Leone,Public,Q4.10,"Provide details of the household access to water, sanitation services and water consumption in your jurisdiction.",1,Response,Data is available for the percentage of households with access to safely managed drinking water services,50.0,,,"Freetown's reservoir was originally designed to serve a much smaller population, but the city now has over 1.2 million residents, with a recent estimated annual growth rate of 2.4%. With the added pressures of climate change, Freetown may face severe droughts in the future."
2025 Disclosure Cycle,779465,CDP,49385,Bandung City,City,South East Asia & Oceania,Indonesia,Public,Q4.10,"Provide details of the household access to water, sanitation services and water consumption in your jurisdiction.",1,Response,Data is available for the average household water consumption in litres per capita per day,,,150,Data diperoleh dari Perumda Tirtawening
2025 Disclosure Cycle,779465,CDP,49389,Kyoto City,City,Japan,Japan,Public,Q4.10,"Provide details of the household access to water, sanitation services and water consumption in your jurisdiction.",1,Response,Data is available for the percentage of households with access to safely managed drinking water services|Data is available for the percentage of households with access to safely managed sanitation services|Data is available for the average household water consumption in litres per capita per day,99.8,99.5,345.0,
2025 Disclosure Cycle,779465,CDP,50154,City of Turku,City,Europe,Finland,Public,Q4.10,"Provide details of the household access to water, sanitation services and water consumption in your jurisdiction.",1,Response,Data is available for the average household water consumption in litres per capita per day|Data is available for the percentage of households with access to safely managed drinking water services|Data is available for the percentage of households with access to safely managed sanitation services,100.0,100.0,123.0,
2025 Disclosure Cycle,779465,CDP,50203,Gaziantep Metropolitan Municipality,City,UKWW,Türkiye,Public,Q4.10,"Provide details of the household access to water, sanitation services and water consumption in your jurisdiction.",1,Response,Data is available for the average household water consumption in litres per capita per day|Data is available for the percentage of households with access to safely managed sanitation services|Data is available for the percentage of households with access to safely managed drinking water services,85,90,220,
2025 Disclosure Cycle,779465,CDP,50235,City of Kraków,City,Europe,Poland,Public,Q4.10,"Provide details of the household access to water, sanitation services and water consumption in your jurisdiction.",1,Response,Data is available for the average household water consumption in litres per capita per day|Data is available for the percentage of households with access to safely managed sanitation services|Data is available for the percentage of households with access to safely managed drinking water services,99.8,98.5,125,"Krakow has water of very good quality. Actually, it is the second best water in the world, after Singapur (according to EBC European Benchmark Company):https://krakow.wyborcza.pl/krakow/7,44425,19760747,krakowska-kranowka-druga-na-swiecie-pod-wzgledem-czystosci.html"
2025 Disclosure Cycle,779465,CDP,50355,Ayuntamiento de Tijuana,City,Latin America,Mexico,Public,Q4.10,"Provide details of the household access to water, sanitation services and water consumption in your jurisdiction.",1,Response,Data is available for the percentage of households with access to safely managed drinking water services|Data is available for the percentage of households with access to safely managed sanitation services,98,98,,"La provisión de agua potable y el saneamiento no es de competencia municipal, lo gestiona una parestatal, la Comisión Estatal de Servicios Públicos Municipales (CESPT). Los datos presentados los arroja el Inventario Nacional de Vivienda del Instituto Nacional de Estadística y Geografía (INEGI). https://www.inegi.org.mx/programas/ccpv/2020/default.html#tabulados\n\nLa dotación percapita/lts/hab/día es de 190.4 (Fuente: https://www.cespt.gob.mx/Documentos/Transparencia/Art_81/81_30/30_01_2022_BasicosIndicadoresGestion.pdf)"
2025 Disclosure Cycle,779465,CDP,50357,Ciudad de Mendoza,City,Latin America,Argentina,Public,Q4.10,"Provide details of the household access to water, sanitation services and water consumption in your jurisdiction.",1,Response,Data is available for the percentage of households with access to safely managed sanitation services|Data is available for the percentage of households with access to safely managed drinking water services,99.3,94.8,,Ninguno\n
2025 Disclosure Cycle,779465,CDP,50361,Ayuntamiento de Hermosillo,City,Latin America,Mexico,Public,Q4.10,"Provide details of the household access to water, sanitation services and water consumption in your jurisdiction.",1,Response,Data is available for the percentage of households with access to safely managed sanitation services|Data is available for the average household water consumption in litres per capita per day|Data is available for the percentage of households with access to safely managed drinking water services,99.0,98.0,490.0,"With data from the National Population Census (INEGI, 2020) and from the municipal water utility, the Municipal Institute of Water (AGUAH, 2020)."
2025 Disclosure Cycle,779465,CDP,50368,Municipalidad de Provincial de Arequipa,City,Latin America,Peru,Public,Q4.10,"Provide details of the household access to water, sanitation services and water consumption in your jurisdiction.",1,Response,Data is available for the average household water consumption in litres per capita per day|Data is available for the percentage of households with access to safely managed drinking water services|Data is available for the percentage of households with access to safely managed sanitation services,100,100,700,"El diagnóstico permite representar la situación actual de los servicios de agua y saneamiento en el ámbito urbano de las diferentes provincias de la región Arequipa.\nComo se observa en el cuadro 01, según el diagnóstico realizado, se detalla la cantidad de centros poblados (CCPP), población y viviendas, según el censo INEI 2017.Asimismo, la cobertura del servicio de agua en los indicadores de: CCPP, Población y Viviendas abastecidas por provincia\nEl consumo óptimo actual de Arequipa es mejor que en otras ciudades. el Promedio de consumo eficiente por habitante debería ser 80 litros por día, en Arequipa es de 132 litros por persona"
2025 Disclosure Cycle,779465,CDP,50369,Ayuntamiento de San Luis Potosí,City,Latin America,Mexico,Public,Q4.10,"Provide details of the household access to water, sanitation services and water consumption in your jurisdiction.",1,Response,Data is available for the percentage of households with access to safely managed drinking water services,91.48,,,"Existen 301,965 viviendas particulares de las cuales el 85.93% están\nhabitadas. De estas viviendas el 91.48% tienen disponibilidad de agua\ndentro de la casa o el terreno"
2025 Disclosure Cycle,779465,CDP,50371,Municipalidad de Córdoba,City,Latin America,Argentina,Public,Q4.10,"Provide details of the household access to water, sanitation services and water consumption in your jurisdiction.",1,Response,Data is available for the percentage of households with access to safely managed drinking water services|Data is available for the percentage of households with access to safely managed sanitation services,98,98,,"Data obtenida de: Cuadro 2.6. Provincia de Córdoba. Total de hogares, por procedencia del agua, según provisión del agua, por departamento. Año 2022. https://censo.gob.ar/index.php/datos_definitivos_cordoba/ "
2025 Disclosure Cycle,779465,CDP,50373,Municipalidad de Rosario,City,Latin America,Argentina,Public,Q4.10,"Provide details of the household access to water, sanitation services and water consumption in your jurisdiction.",1,Response,Data is available for the percentage of households with access to safely managed sanitation services|Data is available for the percentage of households with access to safely managed drinking water services|Data is available for the average household water consumption in litres per capita per day,99.3,89.81,300.0,"Los datos aportados en relación al acceso a agua y a la prestación del servicio de saneamiento son basados en la información proporcionada por Aguas Santafesinas Sociedad Anónima (ASSA), ya que estos servicios son de competencia del gobierno provincial y sus organismos correspondientes. https://www.aguassantafesinas.com.ar/portal/quienes-somos/rosario/"
2025 Disclosure Cycle,779465,CDP,50374,Alcaldia Distrital de Cartagena de Indias,City,Latin America,Colombia,Public,Q4.10,"Provide details of the household access to water, sanitation services and water consumption in your jurisdiction.",1,Response,Data is available for the percentage of households with access to safely managed sanitation services|Data is available for the percentage of households with access to safely managed drinking water services,85.5,52.1,,
2025 Disclosure Cycle,779465,CDP,50375,Ayuntamiento de Chihuahua,City,Latin America,Mexico,Public,Q4.10,"Provide details of the household access to water, sanitation services and water consumption in your jurisdiction.",1,Response,Data is available for the percentage of households with access to safely managed sanitation services|Data is available for the percentage of households with access to safely managed drinking water services,98.6,97.9,,"El porcentaje de viviendas en el municipio de Chihuahua con acceso a agua potable es de aproximadamente el 98.6%, según los datos más recientes de la JMAS, lo que representa un logro histórico para la capital. El 97.33% de las viviendas en el municipio tienen acceso a servicios de saneamiento dentro de la vivienda."
2025 Disclosure Cycle,779465,CDP,50381,Municipio de Torreón,City,Latin America,Mexico,Public,Q4.10,"Provide details of the household access to water, sanitation services and water consumption in your jurisdiction.",1,Response,Data is available for the percentage of households with access to safely managed sanitation services|Data is available for the percentage of households with access to safely managed drinking water services,97,99.6,,Fuente: Censo de Población y Vivienda del INEGI 2020
2025 Disclosure Cycle,779465,CDP,50382,Municipio de Mérida,City,Latin America,Mexico,Public,Q4.10,"Provide details of the household access to water, sanitation services and water consumption in your jurisdiction.",1,Response,Data is available for the percentage of households with access to safely managed drinking water services,96.1,,,"Datos proporcionado por el INEGI, Panorama Sociodemográfico de Yucatán. Censo de Población y Vivienda 2020. 2021"
2025 Disclosure Cycle,779465,CDP,50383,Prefeitura de Sorocaba,City,Latin America,Brazil,Public,Q4.10,"Provide details of the household access to water, sanitation services and water consumption in your jurisdiction.",1,Response,Data is available for the average household water consumption in litres per capita per day|Data is available for the percentage of households with access to safely managed drinking water services,98.63,,,
2025 Disclosure Cycle,779465,CDP,50384,Prefeitura de Florianópolis,City,Latin America,Brazil,Public,Q4.10,"Provide details of the household access to water, sanitation services and water consumption in your jurisdiction.",1,Response,Data is available for the percentage of households with access to safely managed drinking water services|Data is available for the percentage of households with access to safely managed sanitation services|Data is available for the average household water consumption in litres per capita per day,100.0,60.03,179.96,"Dado proveniente da concessionária de água e esgoto (CASAN). Atenção à metodologia utilizada pela CASAN difere da do município, tendo em vista que o município adota a da Agência Nacional de Águas e Saneamento Básico (ANA)\n"
2025 Disclosure Cycle,779465,CDP,50385,Prefeitura de Campo Grande,City,Latin America,Brazil,Public,Q4.10,"Provide details of the household access to water, sanitation services and water consumption in your jurisdiction.",1,Response,Data is available for the average household water consumption in litres per capita per day|Data is available for the percentage of households with access to safely managed drinking water services|Data is available for the percentage of households with access to safely managed sanitation services,96,67.19,238.74,"Dados de porcentagem, ano referência 2022: https://sidra.ibge.gov.br/pesquisa/censo-demografico/demografico-2022/universo-caracteristicas-dos-domicilios\n\nO consumo residencial - Fonte Concessionária Águas Guariroba "
2025 Disclosure Cycle,779465,CDP,50390,Prefeitura de Teresina,City,Latin America,Brazil,Public,Q4.10,"Provide details of the household access to water, sanitation services and water consumption in your jurisdiction.",1,Response,Data is available for the percentage of households with access to safely managed sanitation services|Data is available for the percentage of households with access to safely managed drinking water services|Data is available for the average household water consumption in litres per capita per day,94.15,40.17,151.2,"Dados informados, para porcentagem de residências com acesso à água potável e serviços de saneamento, conforme dados do SNIS de 2020.\nLink: https://infosanbas.org.br/municipio/teresina-pi/"
2025 Disclosure Cycle,779465,CDP,50394,Prefeitura Municipal de João Pessoa,City,Latin America,Brazil,Public,Q4.10,"Provide details of the household access to water, sanitation services and water consumption in your jurisdiction.",1,Response,Data is available for the percentage of households with access to safely managed sanitation services|Data is available for the percentage of households with access to safely managed drinking water services|Data is available for the average household water consumption in litres per capita per day,99.6,78,138,"99,6% da população tem acesso a água potável, 22% é a parcela da população sem coleta de esgoto e o consumo per capita de água é de 138 (L/dia/pessoa) (de acordo com o painel de Saneamento para o município de João Pessoa, disponível em:\nhttps://www.painelsaneamento.org.br/saneamento-mais/por-ano?id=1&S%5Bid%5D=250750\nAcessado em agosto de 2025).\nEsses dados informados, referem-se ao ano de 2023, pois é o último dado disponível no painel de saneamento. "
2025 Disclosure Cycle,779465,CDP,50396,Prefeitura Municipal de Santos,City,Latin America,Brazil,Public,Q4.10,"Provide details of the household access to water, sanitation services and water consumption in your jurisdiction.",1,Response,Data is available for the percentage of households with access to safely managed sanitation services|Data is available for the percentage of households with access to safely managed drinking water services,100,99.6,,"Dados % domicílios com acesso a água potável (https://tratabrasil.org.br/santos/)\n\nDomicílios atendidos pelo abastecimento público de água potável = 204.690 (https://egov.santos.sp.gov.br/dadosabertos/detalhes/5201)\n\nConsumo de água doméstico (m³) = 29.879.199,00 (https://egov.santos.sp.gov.br/dadosabertos/detalhes/5218)\n\nConsumo de água no comércio (m³) = 4.254.499,00 (https://egov.santos.sp.gov.br/dadosabertos/detalhes/5216)\n\nConsumo total de água (m³) = 37.325.232,00\n\nÍndice de colega de esgotos (%) considerando a população total = \t99,60 (https://egov.santos.sp.gov.br/dadosabertos/detalhes/6837)\n\nDados do Instituto Água e Saneamento\n- 98,3% da população é atendida com abastecimento de água, frente a média de 95,09% do estado e 84,24% do país;\n- 7.123 habitantes não têm acesso à água.\n- 95,89% da população é atendida com esgotamento sanitário, frente a média de 90,5% do estado e 55,5% do país;\n- O esgoto de 17.192 habitantes não é coletado.\n- 98,91% da população é atendida com coleta de Resíduos Domiciliares e possui coleta seletiva de Resíduos Sólidos, e recupera 8,57% do total de resíduos coletados no município;\n- O lixo de 4.513 habitantes não é recolhido.\n- 46,97% da população é atendida com Drenagem de Águas Pluviais, frente a média de 30,25% do estado e 26,8% do país;\n(https://www.aguaesaneamento.org.br/municipios-e-saneamento/sp/santos)\n\n"
2025 Disclosure Cycle,779465,CDP,50397,Presidencia Municipal de Saltillo,City,Latin America,Mexico,Public,Q4.10,"Provide details of the household access to water, sanitation services and water consumption in your jurisdiction.",1,Response,Data is available for the average household water consumption in litres per capita per day|Data is available for the percentage of households with access to safely managed drinking water services,95,,51400,"De acuerdo con cifras oficiales del Instituto Mexicano para la Competitividad IMCO, en su Índice de Competitividad Urbano 2024, para Saltillo el consumo de agua per cápita es de 51.4 metros cúbicos"
2025 Disclosure Cycle,779465,CDP,50401,"City of Madison, WI",City,North America,United States of America,Public,Q4.10,"Provide details of the household access to water, sanitation services and water consumption in your jurisdiction.",1,Response,Data is available for the average household water consumption in litres per capita per day,,,514,Water utility. Average person uses 64 gallons per day * Average household size in Madison 2.12 (US Census) * Number of liters in a gallon (3.78)
2025 Disclosure Cycle,779465,CDP,50540,"City of Albuquerque, NM",City,North America,United States of America,Public,Q4.10,"Provide details of the household access to water, sanitation services and water consumption in your jurisdiction.",1,Response,Data is available for the percentage of households with access to safely managed sanitation services|Data is available for the percentage of households with access to safely managed drinking water services|Data is available for the average household water consumption in litres per capita per day,100.0,100.0,473,Jurisdiction = Albuquerque metro area https://www.abcwua.org/?da_image=know-your-zone-map-2
2025 Disclosure Cycle,779465,CDP,50541,"City of Greensboro, NC",City,North America,United States of America,Public,Q4.10,"Provide details of the household access to water, sanitation services and water consumption in your jurisdiction.",1,Response,Data is available for the percentage of households with access to safely managed drinking water services|Data is available for the percentage of households with access to safely managed sanitation services,99.5,99.5,,"Nearly all Greensboro households are supplied by the city's municipal water system, and have access to safely managed sanitation services."
2025 Disclosure Cycle,779465,CDP,50545,"City of Henderson, NV",City,North America,United States of America,Public,Q4.10,"Provide details of the household access to water, sanitation services and water consumption in your jurisdiction.",1,Response,Data is available for the percentage of households with access to safely managed drinking water services|Data is available for the average household water consumption in litres per capita per day|Data is available for the percentage of households with access to safely managed sanitation services,99.0,99.0,642,"The household water consumption for Henderson in 2024 was 642 liters/capita/day. The response is based on the gallons of treated water supplied less the gallons of water returned to the washes in CY 2024, divided by the population estimate of 359,059 divided by 366 days because 2024 was a leap year. The result, 170 gal/capita/day, is multiplied by 3.785 to convert gallons to liters. As a point of reference, in 2023, the average single-family residence (SFR) consumed approximately 1348 liters/household/day. Compared to 2023, our population increased by 13,563 people, or 3.93% and our residential water consumption decreased 0.93% due primarily to heightened conservation awareness despite record heat all summer and an increased Max Day Demand. This may be largely attributable to new homes that are more efficient, with less grass at SFR homes, and fewer and smaller pools. "
2025 Disclosure Cycle,779465,CDP,50550,"City of Buffalo, NY",City,North America,United States of America,Public,Q4.10,"Provide details of the household access to water, sanitation services and water consumption in your jurisdiction.",1,Response,Data is available for the percentage of households with access to safely managed sanitation services|Data is available for the percentage of households with access to safely managed drinking water services,100,100,,Data on household water consumption is not readily available.
2025 Disclosure Cycle,779465,CDP,50551,"City of Long Beach, CA",City,North America,United States of America,Public,Q4.10,"Provide details of the household access to water, sanitation services and water consumption in your jurisdiction.",1,Response,None of the above data is available to report,,,,
2025 Disclosure Cycle,779465,CDP,50555,"City of Hamilton, ON",City,North America,Canada,Public,Q4.10,"Provide details of the household access to water, sanitation services and water consumption in your jurisdiction.",1,Response,Data is available for the average household water consumption in litres per capita per day|Data is available for the percentage of households with access to safely managed drinking water services|Data is available for the percentage of households with access to safely managed sanitation services,70.4,70.4,875.0,"https://www.hamilton.ca/home-neighbourhood/water-wastewater-stormwater/water-treatment-distribution. Safely managed drinking water services: Treat data with strong caution, as Hamilton does not have a streamlined approach to separating out multi-residential metered accounts along with industrial, commercial, and institutional uses. This calculation was from our most recent # of metered accounts (156,920) divided by the total number of households in Hamilton (222,805) House water consumption: Treat with caution - likely overestimated - As of July 1st, the current number of active single residential accounts (with their own water meter) is 156,920. We do not have a way to separately identify multi-residential and industrial, commercial, and institutional accounts where multiple users use a single water meter. Additionally, mixed used properties (eg. commercial on ground level with residential tenants on upper floors) are classified as commercial and hence, not in the single residential total. Used total number of households of 222,805 "
2025 Disclosure Cycle,779465,CDP,50558,"City of London, ON",City,North America,Canada,Public,Q4.10,"Provide details of the household access to water, sanitation services and water consumption in your jurisdiction.",1,Response,Data is available for the percentage of households with access to safely managed drinking water services|Data is available for the percentage of households with access to safely managed sanitation services|Data is available for the average household water consumption in litres per capita per day,100.0,100.0,170,none
2025 Disclosure Cycle,779465,CDP,50559,"City of St Catharines, ON",City,North America,Canada,Public,Q4.10,"Provide details of the household access to water, sanitation services and water consumption in your jurisdiction.",1,Response,Data is available for the average household water consumption in litres per capita per day|Data is available for the percentage of households with access to safely managed drinking water services|Data is available for the percentage of households with access to safely managed sanitation services,98.83,98.83,650,"14,321,439,000 L in 2022 / 144,829 (2022 population) / 365 days per year = 270.92 L per capita per day Per household - have to multiply by 2.4 for people per household = 650 L"
2025 Disclosure Cycle,779465,CDP,50562,"City of Chula Vista, CA",City,North America,United States of America,Public,Q4.10,"Provide details of the household access to water, sanitation services and water consumption in your jurisdiction.",1,Response,Data is available for the percentage of households with access to safely managed sanitation services|Data is available for the percentage of households with access to safely managed drinking water services|Data is available for the average household water consumption in litres per capita per day,100,100,318,Homes in California are required to have access to water and sanitation services.
2025 Disclosure Cycle,779465,CDP,50565,"City of Toledo, OH",City,North America,United States of America,Public,Q4.10,"Provide details of the household access to water, sanitation services and water consumption in your jurisdiction.",1,Response,Data is available for the average household water consumption in litres per capita per day,,,958,NA
2025 Disclosure Cycle,779465,CDP,50566,"City of Anchorage, AK",City,North America,United States of America,Public,Q4.10,"Provide details of the household access to water, sanitation services and water consumption in your jurisdiction.",1,Response,Data is available for the percentage of households with access to safely managed drinking water services,99,,,
2025 Disclosure Cycle,779465,CDP,50568,"City of Saskatoon, SK",City,North America,Canada,Public,Q4.10,"Provide details of the household access to water, sanitation services and water consumption in your jurisdiction.",1,Response,Data is available for the percentage of households with access to safely managed sanitation services|Data is available for the average household water consumption in litres per capita per day|Data is available for the percentage of households with access to safely managed drinking water services,99.0,99.0,181,"The City provides safe drinking water and sanitation service to greater than 99% of households in Saskatoon via a public utility. Less than 1% of households within city limits have not yet been connected to City services (e.g. acreages on recently annexed land). These households are responsible for ensuring their own access through private means until the City expands services to these areas. While an exact figure is unavailable, <0.1% of households are believed to be without access to City service. The City cannot verify whether private services are safely managed. Sources:(1) Water and Wastewater Utilities 2023 Annual Report, and (2) https://www.saskatoon.ca/sites/default/files/documents/corporate-performance/environmental-corporate-initiatives/water-conservation/water_conservation_strategy_2022.pdf"
2025 Disclosure Cycle,779465,CDP,50569,"City of Stockton, CA",City,North America,United States of America,Public,Q4.10,"Provide details of the household access to water, sanitation services and water consumption in your jurisdiction.",1,Response,None of the above data is available to report,,,,Not applicable.
2025 Disclosure Cycle,779465,CDP,50572,"City of Saint Paul, MN",City,North America,United States of America,Public,Q4.10,"Provide details of the household access to water, sanitation services and water consumption in your jurisdiction.",1,Response,Data is available for the percentage of households with access to safely managed drinking water services|Data is available for the average household water consumption in litres per capita per day,100.0,,181.6,"- The percentage of households with access to safely managed drinking water is an estimate, based on the fact that Saint Paul Regional Water Services serves every household in Saint Paul. Saint Paul Regional Water Services serves approximately 450,000 customers in the region, including the City of Saint Paul: https://www.stpaul.gov/departments/saint-paul-regional-water-services.- The average water consumption answer is arrived at by dividing the total billed consumption (20,649,284,845 liters) by the population (311,527) and dividing that answer by 365 (days in the year). The total billed consumption includes data for apartment/condo, apartment-20+ units, duplex, single-family residences, townhouse, and triplex."
2025 Disclosure Cycle,779465,CDP,50577,"City of Wichita, KS",City,North America,United States of America,Public,Q4.10,"Provide details of the household access to water, sanitation services and water consumption in your jurisdiction.",1,Response,Data is available for the percentage of households with access to safely managed drinking water services|Data is available for the average household water consumption in litres per capita per day|Data is available for the percentage of households with access to safely managed sanitation services,100.0,100.0,115.6,Water is distributed beyond city limits into neighboring towns therefore per capita is estimated.
2025 Disclosure Cycle,779465,CDP,50578,"City of Windsor, ON",City,North America,Canada,Public,Q4.10,"Provide details of the household access to water, sanitation services and water consumption in your jurisdiction.",1,Response,Data is available for the average household water consumption in litres per capita per day|Data is available for the percentage of households with access to safely managed drinking water services|Data is available for the percentage of households with access to safely managed sanitation services,100.0,100.0,393,"All buildings in the City of Windsor are serviced by municipal tap water. There are no water wells remaining for drinking water purposes. Household water consumption: We have data for all potable water consumed within the city which includes commercial, institutional, and industrial usage (2021 data)"
2025 Disclosure Cycle,779465,CDP,50579,"City of Winnipeg, MB",City,North America,Canada,Public,Q4.10,"Provide details of the household access to water, sanitation services and water consumption in your jurisdiction.",1,Response,Data is available for the average household water consumption in litres per capita per day,,,221.0,"This data is for 2021. This is per-capita water consumed, per reported authorized water consumption.Data illustrates a generally downward trend in waterconsumption, year over year, since 1990, when per capita consumption was 397 l/capita/dData can be found at https://legacy.winnipeg.ca/waterandwaste/water/conservation/consumptionReport.stm"
2025 Disclosure Cycle,779465,CDP,50650,City of Gibraltar,City,Europe,Gibraltar,Public,Q4.10,"Provide details of the household access to water, sanitation services and water consumption in your jurisdiction.",1,Response,Data is available for the percentage of households with access to safely managed drinking water services|Data is available for the percentage of households with access to safely managed sanitation services,100.0,100.0,,NA
2025 Disclosure Cycle,779465,CDP,50664,Municipality of Almada,City,Europe,Portugal,Public,Q4.10,"Provide details of the household access to water, sanitation services and water consumption in your jurisdiction.",1,Response,Data is available for the average household water consumption in litres per capita per day|Data is available for the percentage of households with access to safely managed sanitation services|Data is available for the percentage of households with access to safely managed drinking water services,100,98,139,Water consumption (households): 9.024.498 m3\nClients (households): 100.487\nInhabitants: 177.238
2025 Disclosure Cycle,779465,CDP,50669,Municipality of Matosinhos,City,Europe,Portugal,Public,Q4.10,"Provide details of the household access to water, sanitation services and water consumption in your jurisdiction.",1,Response,Data is available for the percentage of households with access to safely managed sanitation services|Data is available for the average household water consumption in litres per capita per day|Data is available for the percentage of households with access to safely managed drinking water services,100.0,100.0,118,Capitação média 2024.
2025 Disclosure Cycle,779465,CDP,50673,Municipality of Faro,City,Europe,Portugal,Public,Q4.10,"Provide details of the household access to water, sanitation services and water consumption in your jurisdiction.",1,Response,Data is available for the percentage of households with access to safely managed sanitation services|Data is available for the percentage of households with access to safely managed drinking water services|Data is available for the average household water consumption in litres per capita per day,96,90.0,125,dados 2023
2025 Disclosure Cycle,779465,CDP,50674,Municipality of Viseu,City,Europe,Portugal,Public,Q4.10,"Provide details of the household access to water, sanitation services and water consumption in your jurisdiction.",1,Response,Data is available for the percentage of households with access to safely managed drinking water services|Data is available for the percentage of households with access to safely managed sanitation services|Data is available for the average household water consumption in litres per capita per day,98.2,97,160,Entidade Regadora: ERSAR Entidade Gestora: Águas de Viseu
2025 Disclosure Cycle,779465,CDP,50678,Municipality of Évora,City,Europe,Portugal,Public,Q4.10,"Provide details of the household access to water, sanitation services and water consumption in your jurisdiction.",1,Response,Data is available for the percentage of households with access to safely managed drinking water services|Data is available for the percentage of households with access to safely managed sanitation services|Data is available for the average household water consumption in litres per capita per day,91.0,88.0,154.0,"O abastecimento Público de água de Évora é composto por diversos sistemas que garantem o fornecimento de água ao domicílio a cerca de 95% da população residente.Os valores apresentados referem-se a 2019 e resultam da avaliação da qualidade do serviço de abastecimento de água e do sistema municipal de saneamento prestado pela Câmara Municipal de Évora, efetuada pela Entidade Reguladora dos Serviços de Águas e Resíduos em Portugal."
2025 Disclosure Cycle,779465,CDP,50680,Municipality of Cascais,City,Europe,Portugal,Public,Q4.10,"Provide details of the household access to water, sanitation services and water consumption in your jurisdiction.",1,Response,Data is available for the percentage of households with access to safely managed sanitation services|Data is available for the average household water consumption in litres per capita per day|Data is available for the percentage of households with access to safely managed drinking water services,100.0,100.0,219,The water consumption per capita is available on the annual report of the water service provider: https://www.aguasdecascais.pt/wp-content/uploads/2025/05/Relatorio_Gestao_Contas_AdC_2024_reduzido.pdf
2025 Disclosure Cycle,779465,CDP,51075,City of Shenzhen,City,China,China,Public,Q4.10,"Provide details of the household access to water, sanitation services and water consumption in your jurisdiction.",1,Response,Data is available for the average household water consumption in litres per capita per day,,,344.36,https://swj.sz.gov.cn/sjfb/szygb/content/post_11813342.html
2025 Disclosure Cycle,779465,CDP,51374,Prefeitura de Rio Branco,City,Latin America,Brazil,Public,Q4.10,"Provide details of the household access to water, sanitation services and water consumption in your jurisdiction.",1,Response,Data is available for the percentage of households with access to safely managed sanitation services,,50,,População atendida com abastecimento de água potável na rede pública 181.295 mil habitantes
2025 Disclosure Cycle,779465,CDP,52638,Prefeitura de Aracaju,City,Latin America,Brazil,Public,Q4.10,"Provide details of the household access to water, sanitation services and water consumption in your jurisdiction.",1,Response,Data is available for the percentage of households with access to safely managed sanitation services|Data is available for the percentage of households with access to safely managed drinking water services,99.6,65.0,,"No município, 99,6% da população é abrangida pelo serviço de fornecimento de água tratada, enquanto 65% da população é abrangida pelo serviço de coleta de esgotamento sanitário."
2025 Disclosure Cycle,779465,CDP,52896,"City of Fort Lauderdale, FL",City,North America,United States of America,Public,Q4.10,"Provide details of the household access to water, sanitation services and water consumption in your jurisdiction.",1,Response,Data is available for the percentage of households with access to safely managed drinking water services|Data is available for the average household water consumption in litres per capita per day|Data is available for the percentage of households with access to safely managed sanitation services,100,100,100,https://www.fortlauderdale.gov/government/departments-i-z/public-works/utilities-division
2025 Disclosure Cycle,779465,CDP,52897,"City of Aspen, CO",City,North America,United States of America,Public,Q4.10,"Provide details of the household access to water, sanitation services and water consumption in your jurisdiction.",1,Response,Data is available for the percentage of households with access to safely managed sanitation services|Data is available for the percentage of households with access to safely managed drinking water services|Data is available for the average household water consumption in litres per capita per day,100.0,100.0,1389,chrome-extension://efaidnbmnnnibpcajpcglclefindmkaj/https://aspen.gov/DocumentCenter/View/13158/2023-Drinking-Water-Consumer-Confidence-Report-PDF?bidId=\n\nextension://efaidnbmnnnibpcajpcglclefindmkaj/https://www.aspen.gov/DocumentCenter/View/7946/Aspen-Integrated-Water-Resource-Plan-November-2021?bidId=
2025 Disclosure Cycle,779465,CDP,53829,"City of Kingston, ON",City,North America,Canada,Public,Q4.10,"Provide details of the household access to water, sanitation services and water consumption in your jurisdiction.",1,Response,Data is available for the percentage of households with access to safely managed sanitation services|Data is available for the percentage of households with access to safely managed drinking water services|Data is available for the average household water consumption in litres per capita per day,100,100,172,"Kingston-specific data for household-only water use is not currently available—Utilities Kingston reports only total system flow (residential + commercial/institutional + system losses). Therefore, we use the Ontario provincial residential average of 172 L per capita per day for CDP reporting, based on the Minister's Annual Report on Drinking Water (2023) (https://www.ontario.ca/page/ministers-annual-report-drinking-water-2023?utm_source=chatgpt.com). Additionally, it is assumed that 100% of households in Kingston are connected to municipally managed drinking water and wastewater services through Utilities Kingston, as all urban households fall within the municipal service area. Utilities Kingston provides regulated drinking water and wastewater services under Ontario Regulation 170/03, with annual reporting to the Ministry of the Environment, Conservation and Parks. No specific statistic on household coverage is published"
2025 Disclosure Cycle,779465,CDP,53921,"City of Tempe, AZ",City,North America,United States of America,Public,Q4.10,"Provide details of the household access to water, sanitation services and water consumption in your jurisdiction.",1,Response,Data is available for the average household water consumption in litres per capita per day|Data is available for the percentage of households with access to safely managed sanitation services|Data is available for the percentage of households with access to safely managed drinking water services,100.0,100.0,500.1,
2025 Disclosure Cycle,779465,CDP,53931,"City of Alexandria, VA",City,North America,United States of America,Public,Q4.10,"Provide details of the household access to water, sanitation services and water consumption in your jurisdiction.",1,Response,Data is available for the average household water consumption in litres per capita per day|Data is available for the percentage of households with access to safely managed drinking water services|Data is available for the percentage of households with access to safely managed sanitation services,100.0,100.0,75.07,
2025 Disclosure Cycle,779465,CDP,53937,"City of Naperville, IL",City,North America,United States of America,Public,Q4.10,"Provide details of the household access to water, sanitation services and water consumption in your jurisdiction.",1,Response,Data is available for the percentage of households with access to safely managed drinking water services|Data is available for the average household water consumption in litres per capita per day|Data is available for the percentage of households with access to safely managed sanitation services,100.0,100.0,206.1,"Process for Household Water Consumption: We separated out residential water users to obtain residential water consumption for each month in gallons. We then converted residential water consumption for each month from gallons to litres. From there, we divided each month's residential water consumption in litres by the population. We then averaged the residential water consumption per month per person and divided that by 30 to get an approximate litres/capita/day. "
2025 Disclosure Cycle,779465,CDP,53959,"City of Fayetteville, AR",City,North America,United States of America,Public,Q4.10,"Provide details of the household access to water, sanitation services and water consumption in your jurisdiction.",1,Response,Data is available for the percentage of households with access to safely managed sanitation services|Data is available for the average household water consumption in litres per capita per day|Data is available for the percentage of households with access to safely managed drinking water services,100.0,100,228,
2025 Disclosure Cycle,779465,CDP,54026,"City of Tacoma, WA",City,North America,United States of America,Public,Q4.10,"Provide details of the household access to water, sanitation services and water consumption in your jurisdiction.",1,Response,Data is available for the percentage of households with access to safely managed drinking water services,100.0,,,
2025 Disclosure Cycle,779465,CDP,54027,"City of St. John's, NL",City,North America,Canada,Public,Q4.10,"Provide details of the household access to water, sanitation services and water consumption in your jurisdiction.",1,Response,Data is available for the percentage of households with access to safely managed drinking water services|Data is available for the average household water consumption in litres per capita per day|Data is available for the percentage of households with access to safely managed sanitation services,99.2,100,345,https://washdata.org/data/household#!/\n\nhttps://www150.statcan.gc.ca/n1/daily-quotidien/231114/cg-d002-eng.htm
2025 Disclosure Cycle,779465,CDP,54029,"City of Spokane, WA",City,North America,United States of America,Public,Q4.10,"Provide details of the household access to water, sanitation services and water consumption in your jurisdiction.",1,Response,Data is available for the average household water consumption in litres per capita per day|Data is available for the percentage of households with access to safely managed drinking water services|Data is available for the percentage of households with access to safely managed sanitation services,100,100,764,202 gallons per day on page 3 https://static.spokanecity.org/documents/bcc/committees/public-infrastructure-environment-sustainability/sustainability-action-subcommittee/water-conservation-q-and-a.pdf\n
2025 Disclosure Cycle,779465,CDP,54030,"City of Little Rock, AR",City,North America,United States of America,Public,Q4.10,"Provide details of the household access to water, sanitation services and water consumption in your jurisdiction.",1,Response,Data is available for the average household water consumption in litres per capita per day,,,594.31,"In Arkansas, there are on average 71 billion gallons of water flowing in rivers, 4.8 trillion gallons in lakes and 200 trillion gallons in the ground.Our state is abundant with water resources and much of our economy depends on it. It is estimated Arkansans use 157 gallons of water every day."
2025 Disclosure Cycle,779465,CDP,54034,"City of Grand Rapids, MI",City,North America,United States of America,Public,Q4.10,"Provide details of the household access to water, sanitation services and water consumption in your jurisdiction.",1,Response,Data is available for the percentage of households with access to safely managed drinking water services|Data is available for the average household water consumption in litres per capita per day|Data is available for the percentage of households with access to safely managed sanitation services,100,100,327.08,N/A
2025 Disclosure Cycle,779465,CDP,54040,"City of Regina, SK",City,North America,Canada,Public,Q4.10,"Provide details of the household access to water, sanitation services and water consumption in your jurisdiction.",1,Response,Data is available for the percentage of households with access to safely managed sanitation services|Data is available for the percentage of households with access to safely managed drinking water services|Data is available for the average household water consumption in litres per capita per day,100,100,298.72,"The value we have directly from 2024 total water usage in Regina from Buffalo Pound Water Treatment Plant . This results in 298.72/capita/day=27,847,000,000 (L)/255,395 (population)/365 (days)"
2025 Disclosure Cycle,779465,CDP,54048,"City of Knoxville, TN",City,North America,United States of America,Public,Q4.10,"Provide details of the household access to water, sanitation services and water consumption in your jurisdiction.",1,Response,Data is available for the percentage of households with access to safely managed drinking water services|Data is available for the average household water consumption in litres per capita per day|Data is available for the percentage of households with access to safely managed sanitation services,98,97,850,"Data for safely managed drinking water and sanitation services are from the World Health Organization's Water, Sanitation and Hygiene tool. Data represents 2022 averages for urban areas across the country, and is representative of Knoxville.\n\nData for household water consumption is from First Utility District within Knox County."
2025 Disclosure Cycle,779465,CDP,54060,"City of Greater Sudbury / Grand Sudbury, ON",City,North America,Canada,Public,Q4.10,"Provide details of the household access to water, sanitation services and water consumption in your jurisdiction.",1,Response,Data is available for the percentage of households with access to safely managed drinking water services,100,,,All households have either municipal drinking water or a well that is regulated and monitored.
2025 Disclosure Cycle,779465,CDP,54066,"City of Fort Collins, CO",City,North America,United States of America,Public,Q4.10,"Provide details of the household access to water, sanitation services and water consumption in your jurisdiction.",1,Response,Data is available for the percentage of households with access to safely managed sanitation services|Data is available for the average household water consumption in litres per capita per day|Data is available for the percentage of households with access to safely managed drinking water services,100.0,100.0,526,"Though Fort Collins Utilities supplies drinking water to the highest standard, the City recognizes that in some manufactured home communities, the water lines that are managed by the landowner, instead of the utility, are not always maintained to a high standard and therefore result in poor water quality for those residents. There is not comprehensive data regarding this issue in Fort Collins at this time, but in 2019, Larimer County Health Survey included results that 3.5% of residents reported finding unsafe or unclean water for drinking to be a major problem where they live."
2025 Disclosure Cycle,779465,CDP,54075,"City of Lakewood, CO",City,North America,United States of America,Public,Q4.10,"Provide details of the household access to water, sanitation services and water consumption in your jurisdiction.",1,Response,Data is available for the percentage of households with access to safely managed drinking water services|Data is available for the percentage of households with access to safely managed sanitation services|Data is available for the average household water consumption in litres per capita per day,100.0,100.0,337,No comments
2025 Disclosure Cycle,779465,CDP,54080,"City of Sunnyvale, CA",City,North America,United States of America,Public,Q4.10,"Provide details of the household access to water, sanitation services and water consumption in your jurisdiction.",1,Response,Data is available for the percentage of households with access to safely managed sanitation services|Data is available for the percentage of households with access to safely managed drinking water services|Data is available for the average household water consumption in litres per capita per day,100,100,389.897,
2025 Disclosure Cycle,779465,CDP,54084,"City of Guelph, ON",City,North America,Canada,Public,Q4.10,"Provide details of the household access to water, sanitation services and water consumption in your jurisdiction.",1,Response,Data is available for the average household water consumption in litres per capita per day|Data is available for the percentage of households with access to safely managed sanitation services|Data is available for the percentage of households with access to safely managed drinking water services,100.0,100.0,163.0,
2025 Disclosure Cycle,779465,CDP,54088,"City of Peterborough, ON",City,North America,Canada,Public,Q4.10,"Provide details of the household access to water, sanitation services and water consumption in your jurisdiction.",1,Response,Data is available for the percentage of households with access to safely managed drinking water services|Data is available for the percentage of households with access to safely managed sanitation services|Data is available for the average household water consumption in litres per capita per day,100,100,337,https://www.peterboroughutilities.ca/en/services/resources/Documents/2022-PUC-Report.pdf
2025 Disclosure Cycle,779465,CDP,54092,"City of Ann Arbor, MI",City,North America,United States of America,Public,Q4.10,"Provide details of the household access to water, sanitation services and water consumption in your jurisdiction.",1,Response,Data is available for the average household water consumption in litres per capita per day|Data is available for the percentage of households with access to safely managed sanitation services,,100.0,315,N/A
2025 Disclosure Cycle,779465,CDP,54096,"City of Saint John, NB",City,North America,Canada,Public,Q4.10,"Provide details of the household access to water, sanitation services and water consumption in your jurisdiction.",1,Response,Data is available for the percentage of households with access to safely managed sanitation services|Data is available for the percentage of households with access to safely managed drinking water services,100,100,,
2025 Disclosure Cycle,779465,CDP,54098,"City of Thunder Bay, ON",City,North America,Canada,Public,Q4.10,"Provide details of the household access to water, sanitation services and water consumption in your jurisdiction.",1,Response,Data is available for the average household water consumption in litres per capita per day|Data is available for the percentage of households with access to safely managed drinking water services|Data is available for the percentage of households with access to safely managed sanitation services,100.0,100.0,890.61,"Each household consumes approximately 891 litres of water per day, based on 2021 Canadian Census Data (https://www12.statcan.gc.ca/census-recensement/2021/dp-pd/prof/details/page.cfm?Lang=E&SearchText=Thunder%20Bay&GENDERlist=1,2,3&STATISTIClist=1&DGUIDlist=2021A00033558&HEADERlist=0) and Thunder Bay's Annual Wastewater Report 2023 (https://www.thunderbay.ca/en/city-services/resources/Documents/Water-and-Sewer-Services/5840_COTB_WastewaterReport_2023_Accessible.pdf)"
2025 Disclosure Cycle,779465,CDP,54100,"City of Columbia, MO",City,North America,United States of America,Public,Q4.10,"Provide details of the household access to water, sanitation services and water consumption in your jurisdiction.",1,Response,Data is available for the percentage of households with access to safely managed drinking water services,100,,,Data is obtained from the Annual Water Quality Report. 
2025 Disclosure Cycle,779465,CDP,54104,"City of Boulder, CO",City,North America,United States of America,Public,Q4.10,"Provide details of the household access to water, sanitation services and water consumption in your jurisdiction.",1,Response,Data is available for the percentage of households with access to safely managed drinking water services|Data is available for the average household water consumption in litres per capita per day,100.0,,300,Drinking Water: https://bouldercolorado.gov/media/1620/download?inline Water consumption data provided by City of Boulder Water Resources team and only includes residential use.
2025 Disclosure Cycle,779465,CDP,54105,"City of Duluth, MN",City,North America,United States of America,Public,Q4.10,"Provide details of the household access to water, sanitation services and water consumption in your jurisdiction.",1,Response,None of the above data is available to report,,,,Data not available.
2025 Disclosure Cycle,779465,CDP,54109,"City of Bloomington, IN",City,North America,United States of America,Public,Q4.10,"Provide details of the household access to water, sanitation services and water consumption in your jurisdiction.",1,Response,Data is available for the average household water consumption in litres per capita per day|Data is available for the percentage of households with access to safely managed sanitation services|Data is available for the percentage of households with access to safely managed drinking water services,100,100,238,All households in Bloomington connected to City of Bloomington drinking water services which is in state and federal compliance for drinking water services. Water quality reports can be found at: https://bloomington.in.gov/utilities/water-quality 
2025 Disclosure Cycle,779465,CDP,54110,"City of Santa Monica, CA",City,North America,United States of America,Public,Q4.10,"Provide details of the household access to water, sanitation services and water consumption in your jurisdiction.",1,Response,Data is available for the average household water consumption in litres per capita per day,,,279.0,NA
2025 Disclosure Cycle,779465,CDP,54111,"City of Iowa City, IA",City,North America,United States of America,Public,Q4.10,"Provide details of the household access to water, sanitation services and water consumption in your jurisdiction.",1,Response,Data is available for the percentage of households with access to safely managed sanitation services|Data is available for the percentage of households with access to safely managed drinking water services,100.0,100.0,,"The City of Iowa City operates both the water treatment facility for potable water, and the wastewater treatment plant to safely treat wastewater. All residents have access to these services."
2025 Disclosure Cycle,779465,CDP,54113,"City of Flagstaff, AZ",City,North America,United States of America,Public,Q4.10,"Provide details of the household access to water, sanitation services and water consumption in your jurisdiction.",1,Response,Data is available for the percentage of households with access to safely managed sanitation services|Data is available for the percentage of households with access to safely managed drinking water services|Data is available for the average household water consumption in litres per capita per day,100.0,100.0,185.0,All homes and multifamily units in the city limit have access to safely managed drinking water services and sanitation services. 
2025 Disclosure Cycle,779465,CDP,54114,"City of Asheville, NC",City,North America,United States of America,Public,Q4.10,"Provide details of the household access to water, sanitation services and water consumption in your jurisdiction.",1,Response,Data is available for the percentage of households with access to safely managed drinking water services|Data is available for the percentage of households with access to safely managed sanitation services|Data is available for the average household water consumption in litres per capita per day,100.0,100.0,321,The estimated liters/capita/day is based on 57266 single family residential homes with water connections in 2024 and a calendar year usage of 3936402 CCF's of water utilized by residential hook ups. No data is available on multi family connections or apartment complexes. 
2025 Disclosure Cycle,779465,CDP,54116,"City of Dubuque, IA",City,North America,United States of America,Public,Q4.10,"Provide details of the household access to water, sanitation services and water consumption in your jurisdiction.",1,Response,Data is available for the average household water consumption in litres per capita per day|Data is available for the percentage of households with access to safely managed sanitation services|Data is available for the percentage of households with access to safely managed drinking water services,100.0,100.0,750.0,Based on the City's Utility Billing Information 
2025 Disclosure Cycle,779465,CDP,54119,"City of Palo Alto, CA",City,North America,United States of America,Public,Q4.10,"Provide details of the household access to water, sanitation services and water consumption in your jurisdiction.",1,Response,Data is available for the percentage of households with access to safely managed drinking water services|Data is available for the percentage of households with access to safely managed sanitation services|Data is available for the average household water consumption in litres per capita per day,100.0,100.0,324.0,Household water consumption data from City of Palo Alto Utilities.
2025 Disclosure Cycle,779465,CDP,54124,"City of Fremont, CA",City,North America,United States of America,Public,Q4.10,"Provide details of the household access to water, sanitation services and water consumption in your jurisdiction.",1,Response,Data is available for the percentage of households with access to safely managed sanitation services|Data is available for the average household water consumption in litres per capita per day|Data is available for the percentage of households with access to safely managed drinking water services,100,100.0,426.3046,This data is based on the 2018 ghg emissions inventory which is the official inventory for the City as of now.\n
2025 Disclosure Cycle,779465,CDP,54125,"City of Boise, ID",City,North America,United States of America,Public,Q4.10,"Provide details of the household access to water, sanitation services and water consumption in your jurisdiction.",1,Response,Data is available for the percentage of households with access to safely managed sanitation services|Data is available for the percentage of households with access to safely managed drinking water services|Data is available for the average household water consumption in litres per capita per day,100.0,100.0,608,Household water consumption data is from 2024 and includes both indoor and outdoor use. 
2025 Disclosure Cycle,779465,CDP,54128,"City of Reno, NV",City,North America,United States of America,Public,Q4.10,"Provide details of the household access to water, sanitation services and water consumption in your jurisdiction.",1,Response,Data is available for the percentage of households with access to safely managed drinking water services|Data is available for the average household water consumption in litres per capita per day,99.0,,0.098,.0989 millions of gallons per day 
2025 Disclosure Cycle,779465,CDP,54144,City of Yarra,City,South East Asia & Oceania,Australia,Public,Q4.10,"Provide details of the household access to water, sanitation services and water consumption in your jurisdiction.",1,Response,Data is available for the percentage of households with access to safely managed drinking water services,100,,,https://www.yvw.com.au/about-us/news-room/tips-get-water-wise-summer
2025 Disclosure Cycle,779465,CDP,54253,Wollongong City Council,City,South East Asia & Oceania,Australia,Public,Q4.10,"Provide details of the household access to water, sanitation services and water consumption in your jurisdiction.",1,Response,None of the above data is available to report,,,,No data available
2025 Disclosure Cycle,779465,CDP,54268,Dunedin City Council,City,South East Asia & Oceania,New Zealand,Public,Q4.10,"Provide details of the household access to water, sanitation services and water consumption in your jurisdiction.",1,Response,Data is available for the percentage of households with access to safely managed drinking water services,98.0,,,Data from 2023 Census (to Dunedin level) 'access to tap water that is safe to drink' 
2025 Disclosure Cycle,779465,CDP,54277,New Plymouth District Council,City,South East Asia & Oceania,New Zealand,Public,Q4.10,"Provide details of the household access to water, sanitation services and water consumption in your jurisdiction.",1,Response,Data is available for the percentage of households with access to safely managed sanitation services|Data is available for the percentage of households with access to safely managed drinking water services|Data is available for the average household water consumption in litres per capita per day,86.7,82.0,301.0,2022 data from Waster NZ annual reporting
2025 Disclosure Cycle,779465,CDP,54290,Qingdao Municipal Government,City,China,China,Public,Q4.10,"Provide details of the household access to water, sanitation services and water consumption in your jurisdiction.",1,Response,Data is available for the percentage of households with access to safely managed sanitation services,,100,,2024年青岛市生态环境状况公报：2024年，城镇集中式饮用水水源地水质达标率100%。全市20个国省控地表水考核断面水质全部达到或优于年度目标，达到或优于Ⅲ类13个，Ⅳ类7个。全市66个市控及以上地表水水质监测断面中，断流2个，达到或优于Ⅲ类41个，Ⅳ类18个，V类5个。流浩河、五沽河等河流水质未达到考核目标要求。
2025 Disclosure Cycle,779465,CDP,54293,People's Government of Guangzhou Municipality,City,China,China,Public,Q4.10,"Provide details of the household access to water, sanitation services and water consumption in your jurisdiction.",1,Response,None of the above data is available to report,,,,
2025 Disclosure Cycle,779465,CDP,54298,Dalian Municipal People's Government,City,China,China,Public,Q4.10,"Provide details of the household access to water, sanitation services and water consumption in your jurisdiction.",1,Response,Data is available for the average household water consumption in litres per capita per day,,,120,城市建成区提供120L/人/天
2025 Disclosure Cycle,779465,CDP,54305,Rajkot Municipal Corporation,City,India,India,Public,Q4.10,"Provide details of the household access to water, sanitation services and water consumption in your jurisdiction.",1,Response,Data is available for the percentage of households with access to safely managed sanitation services|Data is available for the percentage of households with access to safely managed drinking water services|Data is available for the average household water consumption in litres per capita per day,98,95,130.0,
2025 Disclosure Cycle,779465,CDP,54306,Medan City Government,City,South East Asia & Oceania,Indonesia,Public,Q4.10,"Provide details of the household access to water, sanitation services and water consumption in your jurisdiction.",1,Response,Data is available for the percentage of households with access to safely managed sanitation services|Data is available for the percentage of households with access to safely managed drinking water services|Data is available for the average household water consumption in litres per capita per day,66.3,9.41,131,"Berikut penjelasan menyeluruh terkait akses rumah tangga terhadap air, layanan sanitasi, dan konsumsi air di Kota Medan tahun 2024:\n\n1. Akses Rumah Tangga Terhadap Air Minum\na. Jumlah pelanggan air bersih (PDAM): 410.146 pelanggan\nb. Total air yang disalurkan: 118.241.335,558 m³/tahun\n- Ini menunjukkan bahwa sebagian besar penduduk Kota Medan sudah memiliki akses ke air bersih melalui jaringan perpipaan.\n- Jika dibandingkan dengan jumlah penduduk Kota Medan tahun 2024 (2.474.166 jiwa), diperkirakan sekitar 66,3% rumah tangga memiliki akses langsung ke air minum melalui PDAM.\n- Sisanya (sekitar 33,7%) masih mengandalkan sumber air lain seperti sumur bor, sumur gali, atau air isi ulang.\n\n2. Layanan Sanitasi\nLayanan danitasi di Kota Medan yaitu :\na. Akses air limbah aman masih rendah, hanya 9,41% yang memiliki akses ke sistem pengelolaan limbah yang memenuhi standar.\nb. Akses layak individu: 68,08% - masyarakat memiliki sarana sanitasi sendiri, tetapi belum terhubung dengan sistem pengolahan limbah aman.\nc. Akses layak bersama: 9,41% - fasilitas sanitasi dipakai bersama, namun belum seluruhnya memenuhi standar kebersihan dan keamanan.\nd. Akses belum layak: 16,38% - rumah tangga masih menggunakan fasilitas sanitasi yang tidak memenuhi syarat, seperti buang air besar sembarangan atau saluran terbuka.\n\n3. Konsumsi Air Rumah Tangga\nKonsumsi rata-rata air per kapita yaitu : 118.241.335,558 m3 / 2.474.166 jiwa = 47,76 m³/jiwa/tahun (131 liter/orang/hari)\n\n"
2025 Disclosure Cycle,779465,CDP,54308,Coimbatore City Municipal Corporation,City,India,India,Public,Q4.10,"Provide details of the household access to water, sanitation services and water consumption in your jurisdiction.",1,Response,Data is available for the percentage of households with access to safely managed drinking water services|Data is available for the average household water consumption in litres per capita per day|Data is available for the percentage of households with access to safely managed sanitation services,100.0,90.0,120.0,
2025 Disclosure Cycle,779465,CDP,54310,Government of Palembang,City,South East Asia & Oceania,Indonesia,Public,Q4.10,"Provide details of the household access to water, sanitation services and water consumption in your jurisdiction.",1,Response,Data is available for the percentage of households with access to safely managed sanitation services|Data is available for the percentage of households with access to safely managed drinking water services,95,94.29,,"Penduduk Kota Palembang sudah memiliki akses layanan air minum sebesar 95 dan akses ke layanan sanitasi 94,29 persen untuk data tahun 2024. Data bersumber dari Palembang dalam angka tahun 2025"
2025 Disclosure Cycle,779465,CDP,54318,Government of Tangerang City,City,South East Asia & Oceania,Indonesia,Public,Q4.10,"Provide details of the household access to water, sanitation services and water consumption in your jurisdiction.",1,Response,Data is available for the percentage of households with access to safely managed drinking water services,2.802,,,"Data yang tersedia hanya dari data pelanggan PDAM (Perusahaan Daerah Air Minum) tahun 2020, sementara data konsumsi air minum dari sumber lain tidak tersedia. "
2025 Disclosure Cycle,779465,CDP,54327,Semarang City Government,City,South East Asia & Oceania,Indonesia,Public,Q4.10,"Provide details of the household access to water, sanitation services and water consumption in your jurisdiction.",1,Response,Data is available for the percentage of households with access to safely managed drinking water services|Data is available for the percentage of households with access to safely managed sanitation services,53.38,3.19,,"Data diambil Tahun 2024. Sumber IUP RPJMD 2025 - 2029\nSumber air bersih yang aman : Kajian RISPAM Kota Semarang, 2024"
2025 Disclosure Cycle,779465,CDP,54328,City of Niigata,City,Japan,Japan,Public,Q4.10,"Provide details of the household access to water, sanitation services and water consumption in your jurisdiction.",1,Response,Data is available for the percentage of households with access to safely managed sanitation services|Data is available for the percentage of households with access to safely managed drinking water services,99.7,90.5,,
2025 Disclosure Cycle,779465,CDP,54329,Bogor City Government,City,South East Asia & Oceania,Indonesia,Public,Q4.10,"Provide details of the household access to water, sanitation services and water consumption in your jurisdiction.",1,Response,Data is available for the percentage of households with access to safely managed drinking water services|Data is available for the percentage of households with access to safely managed sanitation services,87.22,78.45,,"Data on the coverage of drinking water services is sourced from the report of the regional drinking water company (Perumda Tirta Pakuan of Bogor City), while for the coverage of access to proper sanitation is sourced from the Bogor City Public Works and Spatial Planning Agency issued in 2023."
2025 Disclosure Cycle,779465,CDP,54330,City of Kawasaki,City,Japan,Japan,Public,Q4.10,"Provide details of the household access to water, sanitation services and water consumption in your jurisdiction.",1,Response,Data is available for the percentage of households with access to safely managed drinking water services|Data is available for the percentage of households with access to safely managed sanitation services,100.0,100.0,,
2025 Disclosure Cycle,779465,CDP,54331,City of Sagamihara,City,Japan,Japan,Public,Q4.10,"Provide details of the household access to water, sanitation services and water consumption in your jurisdiction.",1,Response,Data is available for the percentage of households with access to safely managed drinking water services,100.0,,,本市は中山間部の一部（市営の簡易水道）を除いて、市域のほとんどが神奈川県営水道の給水区域になります。神奈川県の水道事業の概要データによると、市区町村別の水道普及率は県営水道と市営簡易水道を併せた普及率は100％となっています。
2025 Disclosure Cycle,779465,CDP,54335,Government of the City of Yogyakarta,City,South East Asia & Oceania,Indonesia,Public,Q4.10,"Provide details of the household access to water, sanitation services and water consumption in your jurisdiction.",1,Response,Data is available for the percentage of households with access to safely managed drinking water services|Data is available for the percentage of households with access to safely managed sanitation services,72.93,94.8,,
2025 Disclosure Cycle,779465,CDP,54337,Greater Amman Municipality,City,UKWW,Jordan,Public,Q4.10,"Provide details of the household access to water, sanitation services and water consumption in your jurisdiction.",1,Response,Data is available for the average household water consumption in litres per capita per day|Data is available for the percentage of households with access to safely managed sanitation services|Data is available for the percentage of households with access to safely managed drinking water services,100.0,79.38,170,Sanitation and water are under the responsibility of Miyahuna- water distribution companysource : https://drive.google.com/file/d/11RNAiwCzB_iIcPaLISwlE2DSXXIcyrNW/view?usp=sharing (Arabic)
2025 Disclosure Cycle,779465,CDP,54339,Denpasar City Government,City,South East Asia & Oceania,Indonesia,Public,Q4.10,"Provide details of the household access to water, sanitation services and water consumption in your jurisdiction.",1,Response,Data is available for the average household water consumption in litres per capita per day|Data is available for the percentage of households with access to safely managed drinking water services|Data is available for the percentage of households with access to safely managed sanitation services,91.31,15.37,140,Sumber Data BPS Kota Denpasar Tahun 2025
2025 Disclosure Cycle,779465,CDP,54341,Toyama City,City,Japan,Japan,Public,Q4.10,"Provide details of the household access to water, sanitation services and water consumption in your jurisdiction.",1,Response,Data is available for the percentage of households with access to safely managed drinking water services|Data is available for the percentage of households with access to safely managed sanitation services,98.76,91.8,,
2025 Disclosure Cycle,779465,CDP,54345,City Government of Davao,City,South East Asia & Oceania,Philippines,Public,Q4.10,"Provide details of the household access to water, sanitation services and water consumption in your jurisdiction.",1,Response,Data is available for the percentage of households with access to safely managed drinking water services|Data is available for the average household water consumption in litres per capita per day|Data is available for the percentage of households with access to safely managed sanitation services,92.4,92,4.2,"Access to water and sanitation in Davao City is relatively high, with most households connected to safe water supply systems and improved sanitation facilities. However, the recorded household water consumption of 4.2 L/capita/day appears significantly below the WHO recommended minimum of 50-100 L/capita/day. This may reflect limitations in service coverage, water supply constraints, or data reporting gaps. Continuous investment in water infrastructure, regular monitoring, and demand management programs are needed to ensure sufficient and sustainable water access for all households."
2025 Disclosure Cycle,779465,CDP,54348,The Local Government of Quezon City,City,South East Asia & Oceania,Philippines,Public,Q4.10,"Provide details of the household access to water, sanitation services and water consumption in your jurisdiction.",1,Response,Data is available for the percentage of households with access to safely managed sanitation services|Data is available for the average household water consumption in litres per capita per day|Data is available for the percentage of households with access to safely managed drinking water services,100.0,100.0,48,Studies from 2022 indicate that each person in Metro Manila uses about 48 to 108 liters of water per day (stated also based from the Philippine Institute for Development Studies)
2025 Disclosure Cycle,779465,CDP,54349,Balikpapan City Government,City,South East Asia & Oceania,Indonesia,Public,Q4.10,"Provide details of the household access to water, sanitation services and water consumption in your jurisdiction.",1,Response,Data is available for the percentage of households with access to safely managed drinking water services|Data is available for the average household water consumption in litres per capita per day|Data is available for the percentage of households with access to safely managed sanitation services,99.01,81.74,650,one household equal to 5 people
2025 Disclosure Cycle,779465,CDP,54354,City Government of Makati,City,South East Asia & Oceania,Philippines,Public,Q4.10,"Provide details of the household access to water, sanitation services and water consumption in your jurisdiction.",1,Response,Data is available for the percentage of households with access to safely managed drinking water services|Data is available for the percentage of households with access to safely managed sanitation services|Data is available for the average household water consumption in litres per capita per day,100,100,205.0,"Data source are from the local water concessionaires that provides potable water supply in the city namely, Manila Water Company Inc. and Maynilad Water Services Inc. "
2025 Disclosure Cycle,779465,CDP,54361,Petaling Jaya City Council,City,South East Asia & Oceania,Malaysia,Public,Q4.10,"Provide details of the household access to water, sanitation services and water consumption in your jurisdiction.",1,Response,Data is available for the average household water consumption in litres per capita per day|Data is available for the percentage of households with access to safely managed drinking water services|Data is available for the percentage of households with access to safely managed sanitation services,100,100,201,The average Malaysian resident uses 201 litres per day according to the studied by The National Water Services Commission (SPAN).\n\nReference: https://www.airselangor.com/wp-content/uploads/2021/08/Air-Selangor-Water-Handbook-2.pdf
2025 Disclosure Cycle,779465,CDP,54385,Pak Kret City Municipality,City,South East Asia & Oceania,Thailand,Public,Q4.10,"Provide details of the household access to water, sanitation services and water consumption in your jurisdiction.",1,Response,Data is available for the percentage of households with access to safely managed sanitation services|Data is available for the percentage of households with access to safely managed drinking water services,100,100,,Located in the area of responsibility of the Metropolitan Waterworks Authority.
2025 Disclosure Cycle,779465,CDP,54386,Tainan City Government,City,China,East Asia,Public,Q4.10,"Provide details of the household access to water, sanitation services and water consumption in your jurisdiction.",1,Response,Data is available for the percentage of households with access to safely managed sanitation services|Data is available for the percentage of households with access to safely managed drinking water services|Data is available for the average household water consumption in litres per capita per day,99.05,64.52,276,"2023年臺南市每人每日平均生活用水量為276公升；自來水供水普及率已達99.05%；污水處理戶數累計為468,795戶，佔64.52%；公共污水下水道普及率則為27.94%，接管戶數累計為203,029戶。"
2025 Disclosure Cycle,779465,CDP,54388,Iskandar Regional Development Authority,City,South East Asia & Oceania,Malaysia,Public,Q4.10,"Provide details of the household access to water, sanitation services and water consumption in your jurisdiction.",1,Response,Data is available for the average household water consumption in litres per capita per day|Data is available for the percentage of households with access to safely managed drinking water services|Data is available for the percentage of households with access to safely managed sanitation services,100,100,261.0,Source of information \nWater and Sewerage Fact Book 2023\n\nhttps://irda-my.sharepoint.com/:b:/g/personal/zarini_irda_com_my/EVCtwXZG1R1BqQd9vaaryCYBavJF7vDqDKxYLsJYAXUSCw?e=kwcIlp\n\n\nSource of information is from International Conference on Water Resources Management 2023\n\nhttps://wst2040.my/wp-content/uploads/2022/09/WST2040-VOLUME-I_Final-Report-new.pdf \n\nhttps://irda-my.sharepoint.com/:b:/g/personal/zarini_irda_com_my/EUB3JL1i1cJDs7ajrg-5FfwBhgc8nLap8hCYsOEmzIJd4Q?e=XaO3wp\n\n
2025 Disclosure Cycle,779465,CDP,54389,Taichung City Government,City,China,East Asia,Public,Q4.10,"Provide details of the household access to water, sanitation services and water consumption in your jurisdiction.",1,Response,Data is available for the percentage of households with access to safely managed sanitation services|Data is available for the percentage of households with access to safely managed drinking water services|Data is available for the average household water consumption in litres per capita per day,99.29,95.3,291,"1. A total of 552 samples of tap water quality were tested in 2022, with a pass rate of 100%; 80 samples were tested for simple tap water sampling, of which 64 met the regulations, and based on the 2022 tap water penetration rate of 96.52%, the safe pass rate of drinking water was calculated to be about 99.29%.\n2. The calculation method for the percentage of households that can be provided with access to safety management, environmental sanitation services is: (number of households paying clearance fees with water bills+number of outsourced private clearance operators)/number of households registered in this city * 100%.\n3. Water Resources Agency of the Ministry of Economic Affairs: Water Resources Statistics>Official Statistical Reports>2023 Domestic Water Consumption Statistics of Tap Water.\n"
2025 Disclosure Cycle,779465,CDP,54391,Nonthaburi City Municipality,City,South East Asia & Oceania,Thailand,Public,Q4.10,"Provide details of the household access to water, sanitation services and water consumption in your jurisdiction.",1,Response,Data is available for the percentage of households with access to safely managed drinking water services|Data is available for the average household water consumption in litres per capita per day|Data is available for the percentage of households with access to safely managed sanitation services,100,100,,โดยเหตุการณ์ปกติ ทุกครัวเรือนในเขตจะสามารถเข้าถึงบริการสุขาภิบาล แหล่งน้ำใช้ที่สะอาดได้ตลอดเวลา มีแหล่งน้ำและระบบประปาที่มีคุณภาพและเพียงพอ 
2025 Disclosure Cycle,779465,CDP,54395,Taoyuan City Government,City,China,East Asia,Public,Q4.10,"Provide details of the household access to water, sanitation services and water consumption in your jurisdiction.",1,Response,Data is available for the percentage of households with access to safely managed drinking water services|Data is available for the average household water consumption in litres per capita per day|Data is available for the percentage of households with access to safely managed sanitation services,98.26,26.68,289,1. Reference Links by 2024:\n(1) https://www.tycg.gov.tw/NewsPage_Content.aspx?n=7&s=1564213\n(2) https://www.nlma.gov.tw/ch/titlelist/areapi/4739\n(3) https://www.wra.gov.tw/News_Content.aspx?n=2868&s=6999#lg=1&slide=0\n2. The household connection rate to sanitary treatment facilities refers to the proportion of households connected to the public sewage system; the remainder relies on individual septic tanks.\n
2025 Disclosure Cycle,779465,CDP,54402,City of Lahti,City,Europe,Finland,Public,Q4.10,"Provide details of the household access to water, sanitation services and water consumption in your jurisdiction.",1,Response,Data is available for the average household water consumption in litres per capita per day|Data is available for the percentage of households with access to safely managed drinking water services|Data is available for the percentage of households with access to safely managed sanitation services,100.0,100.0,114,
2025 Disclosure Cycle,779465,CDP,54403,City of Tampere,City,Europe,Finland,Public,Q4.10,"Provide details of the household access to water, sanitation services and water consumption in your jurisdiction.",1,Response,Data is available for the percentage of households with access to safely managed drinking water services|Data is available for the percentage of households with access to safely managed sanitation services|Data is available for the average household water consumption in litres per capita per day,100.0,100.0,124,Household water consumption data is from 2024.
2025 Disclosure Cycle,779465,CDP,54408,Aarhus Municipality,City,Europe,Denmark,Public,Q4.10,"Provide details of the household access to water, sanitation services and water consumption in your jurisdiction.",1,Response,Data is available for the percentage of households with access to safely managed sanitation services|Data is available for the percentage of households with access to safely managed drinking water services|Data is available for the average household water consumption in litres per capita per day,100.0,100.0,106.0,The average consumption pr. capita pr. day
2025 Disclosure Cycle,779465,CDP,54410,City of Oulu,City,Europe,Finland,Public,Q4.10,"Provide details of the household access to water, sanitation services and water consumption in your jurisdiction.",1,Response,Data is available for the percentage of households with access to safely managed drinking water services|Data is available for the average household water consumption in litres per capita per day|Data is available for the percentage of households with access to safely managed sanitation services,98,94,104, Household water consumption has decreased by 10 % over the last 2 years and has traditionally been lower than the national average.
2025 Disclosure Cycle,779465,CDP,54439,City of Münster,City,Europe,Germany,Public,Q4.10,"Provide details of the household access to water, sanitation services and water consumption in your jurisdiction.",1,Response,Data is available for the percentage of households with access to safely managed sanitation services|Data is available for the average household water consumption in litres per capita per day|Data is available for the percentage of households with access to safely managed drinking water services,100,100,125,In the City of Münster all households are connected to the water and sanitation service system. In 2024 the water consumtion per capita was 125 l (Stadtwerke Münster).
2025 Disclosure Cycle,779465,CDP,54459,City of Reykjavík,City,Europe,Iceland,Public,Q4.10,"Provide details of the household access to water, sanitation services and water consumption in your jurisdiction.",1,Response,Data is available for the percentage of households with access to safely managed sanitation services|Data is available for the percentage of households with access to safely managed drinking water services,100.0,100.0,,Iceland statistics measure the indicatiors for Sustainable Devleopment Goals including acess to drinking water and sanitation services https://heimsmarkmidin.hagstofa.is/en/6/
2025 Disclosure Cycle,779465,CDP,54467,Municipality of Eindhoven,City,Europe,Netherlands,Public,Q4.10,"Provide details of the household access to water, sanitation services and water consumption in your jurisdiction.",1,Response,Data is available for the percentage of households with access to safely managed drinking water services|Data is available for the average household water consumption in litres per capita per day,100,,129,in 2023
2025 Disclosure Cycle,779465,CDP,54478,Municipality of Nijmegen,City,Europe,Netherlands,Public,Q4.10,"Provide details of the household access to water, sanitation services and water consumption in your jurisdiction.",1,Response,Data is available for the percentage of households with access to safely managed sanitation services|Data is available for the average household water consumption in litres per capita per day|Data is available for the percentage of households with access to safely managed drinking water services,100.0,100.0,125.0,"We have not a local drinking water company, but only a regional one. Providing data on consumption is very dificult on local level, but the figure is a more or les constant figure all the years."
2025 Disclosure Cycle,779465,CDP,54484,Stavanger Municipality,City,Europe,Norway,Public,Q4.10,"Provide details of the household access to water, sanitation services and water consumption in your jurisdiction.",1,Response,Data is available for the percentage of households with access to safely managed drinking water services|Data is available for the average household water consumption in litres per capita per day|Data is available for the percentage of households with access to safely managed sanitation services,100,100,308,2024 data. Source: IVAR and from https://einnsyn.no/api/v2/fil?iri=https://prod02.elementscloud.no/33f551a9-0041-4966-95c7-d8872818674d
2025 Disclosure Cycle,779465,CDP,54488,Trondheim Municipality,City,Europe,Norway,Public,Q4.10,"Provide details of the household access to water, sanitation services and water consumption in your jurisdiction.",1,Response,Data is available for the percentage of households with access to safely managed drinking water services|Data is available for the average household water consumption in litres per capita per day|Data is available for the percentage of households with access to safely managed sanitation services,98.0,98.0,230.0,98 % of the population is connected to the public water supply covered by Water Safety Plan. The remaining 2 percent have private supply
2025 Disclosure Cycle,779465,CDP,54492,Bergen Municipality,City,Europe,Norway,Public,Q4.10,"Provide details of the household access to water, sanitation services and water consumption in your jurisdiction.",1,Response,Data is available for the percentage of households with access to safely managed sanitation services|Data is available for the percentage of households with access to safely managed drinking water services|Data is available for the average household water consumption in litres per capita per day,100.0,96,141,"The percentage of routine water analyzes with good hygienic water quality was 100% in the first quarter of 2024. The information is based on reporting carried out by Bergen Water, which is responsible for the water and sewage services in Bergen municipality. The answer for the proportion of households with access to safely administered sanitary services shows the proportion of residents in Bergen who are connected to municipal sewage services. The figure must therefore not be interpreted directly as the proportion of Bergen's residents with access to safely administered sanitary services, as the figure will probably be quite a bit higher. The statistics are taken from Statistics Norway.\n\nURL: https://www.ssb.no/statbank/table/13144/tableViewLayout1/\n\nThe data for average household water consumption in litres per capita per day comes from official statistics from Statistics Norway. The data show estimated average household consumption per associated resident per day (l/person/day) (litres).\n\nURL: https://www.ssb.no/statbank/table/11787/tableViewLayout1/"
2025 Disclosure Cycle,779465,CDP,54509,Jönköping Municipality,City,Europe,Sweden,Public,Q4.10,"Provide details of the household access to water, sanitation services and water consumption in your jurisdiction.",1,Response,Data is available for the percentage of households with access to safely managed drinking water services|Data is available for the average household water consumption in litres per capita per day|Data is available for the percentage of households with access to safely managed sanitation services,90,86,,The figures refer to connections to the municipal network. Other properties most likely have their own sewer or well.
2025 Disclosure Cycle,779465,CDP,54513,Uppsala Municipality,City,Europe,Sweden,Public,Q4.10,"Provide details of the household access to water, sanitation services and water consumption in your jurisdiction.",1,Response,Data is available for the percentage of households with access to safely managed drinking water services|Data is available for the average household water consumption in litres per capita per day|Data is available for the percentage of households with access to safely managed sanitation services,100.0,100.0,132,"Ca 12 000 properties get their water from a privately or cooperatively owned well (generally mountain bored wells) not owned by the municipality, with regulations on how much water can be used. The owner has the responsibility of following the regulations of the Swedish food agency. Of drinking water provided by the municipality, about 75% is for the households (ca 210 000 inhabitants), 15% for the industry, and the rest for schools and restaurants etc."
2025 Disclosure Cycle,779465,CDP,54516,Norrköping Municipality,City,Europe,Sweden,Public,Q4.10,"Provide details of the household access to water, sanitation services and water consumption in your jurisdiction.",1,Response,Data is available for the average household water consumption in litres per capita per day|Data is available for the percentage of households with access to safely managed sanitation services|Data is available for the percentage of households with access to safely managed drinking water services,91,91,203,Consumption from public water services - water consumption from industries is also included (litres/capita/day)
2025 Disclosure Cycle,779465,CDP,54518,City of Helsingborg,City,Europe,Sweden,Public,Q4.10,"Provide details of the household access to water, sanitation services and water consumption in your jurisdiction.",1,Response,Data is available for the percentage of households with access to safely managed drinking water services|Data is available for the average household water consumption in litres per capita per day|Data is available for the percentage of households with access to safely managed sanitation services,100,90.57,138,The percentage of households with access to safely managed sanitation service is a national average. percentage with access to safely managed drinking water and households water consumption are local data. 
2025 Disclosure Cycle,779465,CDP,54519,Lund Municipality,City,Europe,Sweden,Public,Q4.10,"Provide details of the household access to water, sanitation services and water consumption in your jurisdiction.",1,Response,Data is available for the percentage of households with access to safely managed drinking water services,100.0,,,
2025 Disclosure Cycle,779465,CDP,54529,City of Leicester,City,UKWW,United Kingdom,Public,Q4.10,"Provide details of the household access to water, sanitation services and water consumption in your jurisdiction.",1,Response,Data is available for the percentage of households with access to safely managed sanitation services|Data is available for the percentage of households with access to safely managed drinking water services|Data is available for the average household water consumption in litres per capita per day,100,98.1,137.6," - Drinking water access data is 2022 UK-wide figure from World Bank development indicators: https://data.worldbank.org/indicator/SH.H2O.SMDW.ZS\n - Safe sanitation data is 2022 UK-wide figure from UK SDG reporting: https://sdgdata.gov.uk/6-2-1/\n - Water consumption data is 22/23 financial year figure for local water company Severn Trent, taken from 2024 ESG databook: https://www.severntrent.com/sustainability-strategy/reports-and-publications/"
2025 Disclosure Cycle,779465,CDP,54530,City of Brighton & Hove,City,UKWW,United Kingdom,Public,Q4.10,"Provide details of the household access to water, sanitation services and water consumption in your jurisdiction.",1,Response,Data is available for the percentage of households with access to safely managed sanitation services|Data is available for the average household water consumption in litres per capita per day|Data is available for the percentage of households with access to safely managed drinking water services,100.0,100.0,127.2,Data from Southern Water Annual Report which provides water and waste water services in Brighton & Hove: https://www.southernwater.co.uk/media/o4tlu4gf/srn-2024-25-annual-performance-report-1-copy.pdf Water industry target is to reduce water consumption per capita to 100 litres / day by 2040.
2025 Disclosure Cycle,779465,CDP,54537,Sunderland City Council,City,UKWW,United Kingdom,Public,Q4.10,"Provide details of the household access to water, sanitation services and water consumption in your jurisdiction.",1,Response,Data is available for the percentage of households with access to safely managed sanitation services|Data is available for the average household water consumption in litres per capita per day|Data is available for the percentage of households with access to safely managed drinking water services,100.0,100.0,140.0,"Northumbrian Water (NW) is responsible for supplying Sunderland with water. Sunderland is covered in its entirety by the Kielder Resource Zone (WRZ).\n\nWater supply in North East England is particularly resilient to future climate change, due to the Kielder Reservoir, and it is expected that the WRZ will be in a supply surplus up to the end of the current Northumbrian Water Resources Management Plan (WRMP) period. This means that there is widespread citywide access to safely managed drinking water and sanitation services.\n\nWithin the Kielder WRZ, average per capita consumption is currently 140l/person/day. Northumbrian Water aims to achieve a household consumption of 110l/household/day by 2050.\n\nThe Northumbrian Water Resources Management Plan 2021-2025 aims to reduce leakage by 15% between 2020 and 2025, and a further 10% over each subsequent 5-year periods through to 2045. In addition, the WRMP aims to annually reduce per capita water consumption by 0.12l/head/day (0.33 Ml/day) by delivering water efficiency activities. This will not only improve water resource efficiency and security but will also save both the company and residents money.\n\nNorthumbrian Water received a three-star rating (good company) on an Environmental Performance Assessment for 2023 by the Environment Agency.\n\nNorthumbrian Water aim to build on their three-star rating and have more than £700 million of investment planned in their current Business Plan period 2020-2025. Northumbrian Water launched their 'Improving the Water Environment' scheme, where Northumbrian Water will help to deliver improvements to water quality among other areas.\n\nThese targets include but are not specific to Sunderland; they relate to the wider region aligned to the geographic remit of Northumbrian Water."
2025 Disclosure Cycle,779465,CDP,54608,Alcaldia de Montería,City,Latin America,Colombia,Public,Q4.10,"Provide details of the household access to water, sanitation services and water consumption in your jurisdiction.",1,Response,Data is available for the percentage of households with access to safely managed sanitation services,,100,,"Según la operadora Veolia Aguas de Montería, el servicio de agua potable beneficia a más de 119 000 viviendas, alcanzando una cobertura efectiva del 100 % en la zona urbana del municipio\nDe acuerdo con datos oficiales del DANE (estudio año 2017), la cobertura del acueducto en zonas rurales de Montería se estimó en 71 %\n\nUtilizando poblaciones del DANE:\n\nZona urbana: ~402 069 personas\n\nZona rural: ~114 148 personas → focalizamos en viviendas, pero se aplica proporcionalmente a cobertura de hogares.\n\nCalculamos cobertura global aproximada:\n(402 069×1,0) + (114 148×0,71) / (402 069+114 148) ≈ (402 069+81 083) / 516 217 ≈ 94,3%\n\nEn Montería, se estima que aproximadamente el 94 % de las viviendas tiene acceso al servicio de agua potable gestionado, con cobertura plena en la zona urbana y brechas evidentes aún en áreas rurales.\n"
2025 Disclosure Cycle,779465,CDP,54617,Alcaldia de Pereira,City,Latin America,Colombia,Public,Q4.10,"Provide details of the household access to water, sanitation services and water consumption in your jurisdiction.",1,Response,Data is available for the percentage of households with access to safely managed drinking water services|Data is available for the average household water consumption in litres per capita per day,90,,5,
2025 Disclosure Cycle,779465,CDP,54637,Alcaldía de Cuenca,City,Latin America,Ecuador,Public,Q4.10,"Provide details of the household access to water, sanitation services and water consumption in your jurisdiction.",1,Response,Data is available for the percentage of households with access to safely managed drinking water services,79.15,,,"Las redes de distribución de Agua Potable alcanzan una cobertura del 97,85% en el área Urbana y del 88% en el área Rural."
2025 Disclosure Cycle,779465,CDP,54638,Prefeitura de Louveira,City,Latin America,Brazil,Public,Q4.10,"Provide details of the household access to water, sanitation services and water consumption in your jurisdiction.",1,Response,Data is available for the average household water consumption in litres per capita per day,,,170,
2025 Disclosure Cycle,779465,CDP,54647,Prefeitura de Jundiaí,City,Latin America,Brazil,Public,Q4.10,"Provide details of the household access to water, sanitation services and water consumption in your jurisdiction.",1,Response,Data is available for the percentage of households with access to safely managed sanitation services|Data is available for the percentage of households with access to safely managed drinking water services|Data is available for the average household water consumption in litres per capita per day,99.65,98.79,155.51,"Jundiaí é uma das melhores cidades do Brasil quando o assunto é esgoto. Atualmente, 98,81% da população urbana e rural é atendida com redes de esgoto e 100% do que é coletado é tratado, sendo devolvido à natureza com 96% de eficiência em remoção DBO. Além disso, o principal resíduo do tratamento, o lodo de esgoto, é transformado num fertilizante orgânico, de uso seguro na agricultura.\nA Companhia de Saneamento de Jundiaí, concessionária privada, construiu e opera desde 1998 a principal estação de tratamento de esgoto da cidade, a ETE Jundiaí. "
2025 Disclosure Cycle,779465,CDP,54650,Prefeitura de Palmas,City,Latin America,Brazil,Public,Q4.10,"Provide details of the household access to water, sanitation services and water consumption in your jurisdiction.",1,Response,Data is available for the percentage of households with access to safely managed sanitation services|Data is available for the percentage of households with access to safely managed drinking water services|Data is available for the average household water consumption in litres per capita per day,100.0,80.19,165,"Os dados são de 2022. Praticamente 100% da área urbana possuem água tratada.Em relação ao esgoto, vale ressaltar que 100% do esgoto coletado é tratado."
2025 Disclosure Cycle,779465,CDP,54651,Prefeitura de Santo André,City,Latin America,Brazil,Public,Q4.10,"Provide details of the household access to water, sanitation services and water consumption in your jurisdiction.",1,Response,Data is available for the average household water consumption in litres per capita per day,,,165.84,"O consumo residencial de água em Santo André é de 165,84 litros per capita/dia, valor calculado com base nos dados de consumo total do município e em projeções populacionais. Esta estimativa reflete o padrão de consumo atual e considera as perdas na rede de distribuição, que na região do ABC Paulista atingem aproximadamente 30%, conforme identificado em estudos regionais. A previsão refere-se ao ano de 2023 e está alinhada com as métricas do Sistema Nacional de Informações sobre Saneamento (SNIS). Santo André reconhece que o acesso à água, saneamento e higiene (ASH) pode afetar diferentemente grupos vulneráveis, incluindo questões de gênero. Embora não exista atualmente um programa específico voltado exclusivamente para desigualdades de gênero em ASH, sabemos que a concessionária de Serviços de Saneamento (Sabesp), mantém políticas universais de acesso à água potável e esgotamento sanitário, que beneficiam toda a população, incluindo mulheres e crianças. Além disso, iniciativas como tarifa social e programas de educação ambiental em escolas e comunidades visam mitigar desigualdades socioeconômicas que podem ter recorte de gênero. Não foi possível obter projeções formais de consumo de água junto à Sabesp (empresa responsável pelo abastecimento na região) em tempo hábil para inclusão neste reporte. O município de Santo André reconhece a importância destes dados para o planejamento de longo prazo e buscará formalizar canais de cooperação para compilar estas informações em futuras atualizações."
2025 Disclosure Cycle,779465,CDP,54667,Prefeitura Municipal de Contagem,City,Latin America,Brazil,Public,Q4.10,"Provide details of the household access to water, sanitation services and water consumption in your jurisdiction.",1,Response,Data is available for the average household water consumption in litres per capita per day|Data is available for the percentage of households with access to safely managed sanitation services|Data is available for the percentage of households with access to safely managed drinking water services,88.49,80.43,332.7,Dados extraídos de: http://www.atlasbrasil.org.br/perfil/municipio/311860#sec-habitacao\n\nhttps://cidades.ibge.gov.br/brasil/mg/contagem/pesquisa/30/84366\n
2025 Disclosure Cycle,779465,CDP,54670,Prefeitura Municipal de Capivari,City,Latin America,Brazil,Public,Q4.10,"Provide details of the household access to water, sanitation services and water consumption in your jurisdiction.",1,Response,Data is available for the percentage of households with access to safely managed drinking water services|Data is available for the percentage of households with access to safely managed sanitation services,100,99,,"99% da população é atendida com coleta e afastamento do esgoto, mas apenas 33% deste é tratado atualmente."
2025 Disclosure Cycle,779465,CDP,54674,Prefeitura Municipal de Caxias do Sul,City,Latin America,Brazil,Public,Q4.10,"Provide details of the household access to water, sanitation services and water consumption in your jurisdiction.",1,Response,Data is available for the percentage of households with access to safely managed sanitation services|Data is available for the percentage of households with access to safely managed drinking water services,92,70,,
2025 Disclosure Cycle,779465,CDP,54676,Prefeitura Municipal de Ponta Grossa,City,Latin America,Brazil,Public,Q4.10,"Provide details of the household access to water, sanitation services and water consumption in your jurisdiction.",1,Response,Data is available for the average household water consumption in litres per capita per day|Data is available for the percentage of households with access to safely managed sanitation services|Data is available for the percentage of households with access to safely managed drinking water services,93.03,100,2470280000,
2025 Disclosure Cycle,779465,CDP,54693,Prefeitura Municipal de Ribeirão Preto,City,Latin America,Brazil,Public,Q4.10,"Provide details of the household access to water, sanitation services and water consumption in your jurisdiction.",1,Response,Data is available for the percentage of households with access to safely managed drinking water services|Data is available for the percentage of households with access to safely managed sanitation services|Data is available for the average household water consumption in litres per capita per day,99.74,99.0,240.11, Dados SNIS
2025 Disclosure Cycle,779465,CDP,54699,Prefeitura Municipal de Barueri,City,Latin America,Brazil,Public,Q4.10,"Provide details of the household access to water, sanitation services and water consumption in your jurisdiction.",1,Response,Data is available for the percentage of households with access to safely managed drinking water services|Data is available for the average household water consumption in litres per capita per day|Data is available for the percentage of households with access to safely managed sanitation services,99,86,202,supply of drinking water and sewage provided by SABESP (concession)
2025 Disclosure Cycle,779465,CDP,55161,City of Iida,City,Japan,Japan,Public,Q4.10,"Provide details of the household access to water, sanitation services and water consumption in your jurisdiction.",1,Response,Data is available for the percentage of households with access to safely managed sanitation services|Data is available for the percentage of households with access to safely managed drinking water services|Data is available for the average household water consumption in litres per capita per day,99.3,97.5,265.3,[安全に管理された飲料水サービス][安全に管理された衛生サービス]飯田市上下水道の概況（令和5年度版）より　給水人口普及率は99.3％、汚水処理人口普及率は97.4％　水消費量は有収水量/人口/日数
2025 Disclosure Cycle,779465,CDP,55180,City of Shizuoka,City,Japan,Japan,Public,Q4.10,"Provide details of the household access to water, sanitation services and water consumption in your jurisdiction.",1,Response,Data is available for the percentage of households with access to safely managed drinking water services|Data is available for the average household water consumption in litres per capita per day|Data is available for the percentage of households with access to safely managed sanitation services,98,88.3,347,
2025 Disclosure Cycle,779465,CDP,55324,Municipality of Guimarães,City,Europe,Portugal,Public,Q4.10,"Provide details of the household access to water, sanitation services and water consumption in your jurisdiction.",1,Response,Data is available for the average household water consumption in litres per capita per day|Data is available for the percentage of households with access to safely managed drinking water services|Data is available for the percentage of households with access to safely managed sanitation services,98.4,93.5,106.9,"Ano: 2024\nConsumo Faturado Doméstico (m3/ano)= 5.432.677\nClientes Domésticos (nº)= 64.172\nConsumo por alojamento (m3/aloj/ano)= 84,7\nConsumo por alojamento (m3/aloj/dia)= 232,1\n"
2025 Disclosure Cycle,779465,CDP,55325,Municipality of Águeda,City,Europe,Portugal,Public,Q4.10,"Provide details of the household access to water, sanitation services and water consumption in your jurisdiction.",1,Response,Data is available for the average household water consumption in litres per capita per day|Data is available for the percentage of households with access to safely managed drinking water services|Data is available for the percentage of households with access to safely managed sanitation services,99.0,82.0,11069.0,"A AdRA - Águas da Região de Aveiro, S.A, é a entidade gestora do sistema público de abastecimento de água nos municípios de Águeda, Albergaria-a-Velha, Estarreja, Ílhavo, Murtosa, Oliveira do Bairro, Ovar, Sever do Vouga e Vagos.Enquanto entidade gestora, tem a responsabilidade de controlar a qualidade da água fornecida em conformidade com as normas legalmente estabelecidas, assegurando a sua potabilidade e a sua salubridade.A AdRA garante ao consumidor, o direito de receber água própria para o consumo humano, 24 horas por dia, 365 dias por ano.A qualidade da água pode ser consultada selecionando no mapa o município que pretende.AdRA - Mapa de Abastecimento de ÁguaA este respeito ainda referir que no portal do Instituto Nacional de Estatísticas pode ser consultado também a água segura (em %) por localização geográfica (incluíndo escala do município), correspondendo a valores de 100% em 2019 e 99,91% em 2020.No portal do INE pode ser consultado (atualização abril de 2021) os dados referentes a “Proporção de alojamentos servidos por abastecimento de água (%), por localização geográfica (NUTIII). Dados abertos, em que os indicadores, anos, e escala a incluir nos quadros podem ser alterados consoante as necessidades do utilizador (https://www.ine.pt/xportal/xmain?xpid=INE&xpgid=ine_indicadores&indOcorrCod=0009604&xlang=pt&contexto=bd&selTab=tab2) Bem como % de alojamento servido por serviços de saneamento público.O INE permite também a consulta de consumo per capita a escala municipal, por habitante e por ano (40,4m3/hab/ano= 110,69 litros/dia) (https://www.ine.pt/xportal/xmain?xpid=INE&xpgid=ine_indicadores&indOcorrCod=0009604&xlang=pt&contexto=bd&selTab=tab2)"
2025 Disclosure Cycle,779465,CDP,55334,Municipality of Braga,City,Europe,Portugal,Public,Q4.10,"Provide details of the household access to water, sanitation services and water consumption in your jurisdiction.",1,Response,Data is available for the percentage of households with access to safely managed sanitation services|Data is available for the average household water consumption in litres per capita per day|Data is available for the percentage of households with access to safely managed drinking water services,100.0,100,128,"Em 2024, toda a população d cidade de Braga estava servida por uma rede de abastecimento de água e rede de saneamento de águas residuais ou saneamento. "
2025 Disclosure Cycle,779465,CDP,55468,"City of Thousand Oaks, CA",City,North America,United States of America,Public,Q4.10,"Provide details of the household access to water, sanitation services and water consumption in your jurisdiction.",1,Response,Data is available for the percentage of households with access to safely managed sanitation services|Data is available for the average household water consumption in litres per capita per day|Data is available for the percentage of households with access to safely managed drinking water services,100,100,100,"The City's water utility does not have demographic data needed to consider gender equality in water, sanitation, and hygiene. The population growth rate between 2020 and 2045 for the water service area was estimated at approximately 13 percent. This baseline is considered appropriate as per capita demands are not expected to change substantially going forward due to long-term conservation efforts that are ongoing and planned within the City and statewide. A linear growth rate for demands was assumed through 2045. Demands by water use sector were calculated based on average proportions of total water demands that each sector has historically made up. Those proportions have stayed relatively constant over the last ten years and are assumed to remain similar over the planning period. 2025 2030 2035 2040 2045 Single family 6,902 7,077 7,252 7,427 7,602 Multi-family725 743 761 780 798 Commercial 1,199 1,229 1,260 1,290 1,320 Landscape 1,403 1,439 1,474 1,510 1,546 Other 7 7 7 7 7 System Losses 455 467 478 490 501 Total 10,691 10,962 11,233 11,504 11,775"
2025 Disclosure Cycle,779465,CDP,55800,"City of Cambridge, MA",City,North America,United States of America,Public,Q4.10,"Provide details of the household access to water, sanitation services and water consumption in your jurisdiction.",1,Response,Data is available for the percentage of households with access to safely managed sanitation services|Data is available for the percentage of households with access to safely managed drinking water services,100,100.0,,There are no currently reported households that do not have access to drinking water services or sanitation services. Large multifamily buildings are required to procure private services for sanitation and waste management. 
2025 Disclosure Cycle,779465,CDP,55801,"City of West Palm Beach, FL",City,North America,United States of America,Public,Q4.10,"Provide details of the household access to water, sanitation services and water consumption in your jurisdiction.",1,Response,Data is available for the average household water consumption in litres per capita per day|Data is available for the percentage of households with access to safely managed drinking water services|Data is available for the percentage of households with access to safely managed sanitation services,100.0,100.0,308,"The City of West Palm Beach's Public Utilities Department affirms that public water supply and wastewater collection systems cover 100% of all buildings within city limits. \n\n In CY 2024, the City of West Palm Beach reported 8,635,586 ccf or 6,459,418,328 gallons of total water use, residential water use is 4,923429 or 3,682,724,892 gallons. It is 57 % of the total water consumption. With a population of 124,148 people, the City of West Palm Beach water comsumption totals to 29,664 gallons of water annualy per capita or 81.3 gallons or 308 liters per capita a day."
2025 Disclosure Cycle,779465,CDP,56276,New Taipei City Government,City,China,East Asia,Public,Q4.10,"Provide details of the household access to water, sanitation services and water consumption in your jurisdiction.",1,Response,Data is available for the average household water consumption in litres per capita per day|Data is available for the percentage of households with access to safely managed drinking water services,97.96,,307,The percentage of households with access to safe drinking water is calculated by dividing the actual number of people in the water supply service area (as provided by the Taipei Water Department) by the total population of the administrative district.\n\nThe data source for household water consumption is the Annual Report of the Water Resources Agency.\n\n
2025 Disclosure Cycle,779465,CDP,57347,Pingtung County Government,City,China,East Asia,Public,Q4.10,"Provide details of the household access to water, sanitation services and water consumption in your jurisdiction.",1,Response,Data is available for the percentage of households with access to safely managed sanitation services,,99.0,,News Link: https://www.water.gov.tw/dist13/Subject/Detail/90440?nodeId=7686
2025 Disclosure Cycle,779465,CDP,57408,Çanakkale Municipality,City,UKWW,Türkiye,Public,Q4.10,"Provide details of the household access to water, sanitation services and water consumption in your jurisdiction.",1,Response,Data is available for the percentage of households with access to safely managed drinking water services,99,,,"The majority of households within Çanakkale Municipality have access to safely managed drinking water and basic sanitation services. The municipal water system provides continuous access to safe drinking water for approximately 99% of households, meeting national quality and safety standards.\n\nRegarding sanitation, around 92-94% of households in urban and peri-urban areas are connected to the municipal sewage network. Households in rural or remote areas typically rely on individual septic tanks or similar systems, which are monitored periodically.\n\nWater consumption per capita is estimated at around 160 liters per person per day, based on billing data from the municipal water utility. Efforts to promote water efficiency and reduce losses in the distribution system are ongoing.\n\nWhile water access data is publicly available through local and national sources, data on sanitation and consumption is available internally but not publicly published."
2025 Disclosure Cycle,779465,CDP,57509,Prefeitura de Niterói,City,Latin America,Brazil,Public,Q4.10,"Provide details of the household access to water, sanitation services and water consumption in your jurisdiction.",1,Response,Data is available for the percentage of households with access to safely managed drinking water services,100.0,,,"todos as residências tem acesso a serviços de água potável gerenciados com segurança, entretanto dos 515.317 habitantes do ano de 2020, apenas 492.396 tem acesso ao esgotamento sanitário, totalizando 95% da população total. http://app4.mdr.gov.br/serieHistorica/#"
2025 Disclosure Cycle,779465,CDP,58413,"City of Carmel, IN",City,North America,United States of America,Public,Q4.10,"Provide details of the household access to water, sanitation services and water consumption in your jurisdiction.",1,Response,None of the above data is available to report,,,,
2025 Disclosure Cycle,779465,CDP,58489,Høje-Taastrup Municipality,City,Europe,Denmark,Public,Q4.10,"Provide details of the household access to water, sanitation services and water consumption in your jurisdiction.",1,Response,Data is available for the average household water consumption in litres per capita per day|Data is available for the percentage of households with access to safely managed drinking water services,100.0,,103,This is not a problem in our municipality
2025 Disclosure Cycle,779465,CDP,58513,"City of Medford, MA",City,North America,United States of America,Public,Q4.10,"Provide details of the household access to water, sanitation services and water consumption in your jurisdiction.",1,Response,None of the above data is available to report,,,,
2025 Disclosure Cycle,779465,CDP,58590,"City of Easton, PA",City,North America,United States of America,Public,Q4.10,"Provide details of the household access to water, sanitation services and water consumption in your jurisdiction.",1,Response,Data is available for the percentage of households with access to safely managed drinking water services,100,,,None
2025 Disclosure Cycle,779465,CDP,58595,Municipalidad de Belén,City,Latin America,Costa Rica,Public,Q4.10,"Provide details of the household access to water, sanitation services and water consumption in your jurisdiction.",1,Response,Data is available for the percentage of households with access to safely managed sanitation services|Data is available for the percentage of households with access to safely managed drinking water services,100.0,99.0,,"Sólo se cuenta con tres plantas de tratamiento a nivel del gobierno local, a nivel privado se cuenta con más pero no se tienen datos exactos de eso. Y la mayoría de las casas cuenta con tanques sépticos en funcionamiento. El 71% tiene tanque séptico, 19% alcantarillado sanitario, 9% planta de tratamiento. "
2025 Disclosure Cycle,779465,CDP,58597,Municipalidad de La Unión,City,Latin America,Costa Rica,Public,Q4.10,"Provide details of the household access to water, sanitation services and water consumption in your jurisdiction.",1,Response,None of the above data is available to report|Data is available for the percentage of households with access to safely managed drinking water services,91.0,,,"Con base en el informe de COBERTURA Y CALIDAD DEL AGUA PARA USO Y CONSUMO HUMANO SUMINISTRADA POR MUNICIPALIDADES Y LA ESPH EN EL 2021, recibido en el segundo trimestre se evidenció el cumplimiento del Reglamento para la calidad del Agua Potable. Con base en ese informe, se demostró que La Unión es uno de los gobiernos locales que suministran agua potable al 100%"
2025 Disclosure Cycle,779465,CDP,58613,City of York Council,City,UKWW,United Kingdom,Public,Q4.10,"Provide details of the household access to water, sanitation services and water consumption in your jurisdiction.",1,Response,Data is available for the average household water consumption in litres per capita per day|Data is available for the percentage of households with access to safely managed drinking water services|Data is available for the percentage of households with access to safely managed sanitation services,100,100,125.7,"Information from Yorkshire Water, York's regional water supplier \'Performance level - actual\n(2024-25)\' Litres/Capita/Day https://www.yorkshirewater.com/about-us/reports/\nand page 60 of https://www.yorkshirewater.com/media/wogc0ejj/annual-performance-report-2024-2025.pdf"
2025 Disclosure Cycle,779465,CDP,58616,Vijayawada Municipal Corporation,City,India,India,Public,Q4.10,"Provide details of the household access to water, sanitation services and water consumption in your jurisdiction.",1,Response,Data is available for the percentage of households with access to safely managed drinking water services|Data is available for the percentage of households with access to safely managed sanitation services|Data is available for the average household water consumption in litres per capita per day,100,100,156,As per the data provided by the Vijayawada Municipal Corporation.
2025 Disclosure Cycle,779465,CDP,58668,"City of New Bedford, MA",City,North America,United States of America,Public,Q4.10,"Provide details of the household access to water, sanitation services and water consumption in your jurisdiction.",1,Response,Data is available for the percentage of households with access to safely managed drinking water services|Data is available for the average household water consumption in litres per capita per day|Data is available for the percentage of households with access to safely managed sanitation services,100.0,100.0,178.0,2021 analysis: 47 Gallons per capita day
2025 Disclosure Cycle,779465,CDP,58671,Helsingør Municipality,City,Europe,Denmark,Public,Q4.10,"Provide details of the household access to water, sanitation services and water consumption in your jurisdiction.",1,Response,Data is available for the percentage of households with access to safely managed sanitation services|Data is available for the percentage of households with access to safely managed drinking water services|Data is available for the average household water consumption in litres per capita per day,100,100,100,Household water consumption is based on national average data collected in 2023
2025 Disclosure Cycle,779465,CDP,58866,Beşiktaş Municipality,City,UKWW,Türkiye,Public,Q4.10,"Provide details of the household access to water, sanitation services and water consumption in your jurisdiction.",1,Response,None of the above data is available to report,,,,
2025 Disclosure Cycle,779465,CDP,58871,"City of Salem, MA",City,North America,United States of America,Public,Q4.10,"Provide details of the household access to water, sanitation services and water consumption in your jurisdiction.",1,Response,Data is available for the average household water consumption in litres per capita per day,,,189.27,"Household water consumption data comes from DEP-approved performance standards for Massachusetts public water suppliers as of 9/3/25. Note: 31% UAW \n\nUnaccounted for Water (UAW) is the percent of water that cannot be accounted for by the PWS. UAW may be due to water loss through leaks (actual losses), differences between master meter and service meter totals (paper losses), and/or unmetered municipal uses such as firefighting. "
2025 Disclosure Cycle,779465,CDP,59151,City of Akureyri,City,Europe,Iceland,Public,Q4.10,"Provide details of the household access to water, sanitation services and water consumption in your jurisdiction.",1,Response,Data is available for the percentage of households with access to safely managed drinking water services,100,,,"All households have access to the same sources of safely managed drinking water, as every household is linked to the central drinking water system."
2025 Disclosure Cycle,779465,CDP,59166,Municipalidad de Independencia,City,Latin America,Chile,Public,Q4.10,"Provide details of the household access to water, sanitation services and water consumption in your jurisdiction.",1,Response,Data is available for the percentage of households with access to safely managed sanitation services|Data is available for the average household water consumption in litres per capita per day|Data is available for the percentage of households with access to safely managed drinking water services,100.0,100.0,620,"Datos de Superintendencia de Servicios Sanitarios, 2023"
2025 Disclosure Cycle,779465,CDP,59167,Municipalidad de Providencia,City,Latin America,Chile,Public,Q4.10,"Provide details of the household access to water, sanitation services and water consumption in your jurisdiction.",1,Response,None of the above data is available to report,,,,El consumo residencial equivale al 59% del consumo de la comuna y corresponde a aproximadamente 14.126.527 metros cúbicos por año (año referencia 2018)
2025 Disclosure Cycle,779465,CDP,59532,"City of Hoboken, NJ",City,North America,United States of America,Public,Q4.10,"Provide details of the household access to water, sanitation services and water consumption in your jurisdiction.",1,Response,Data is available for the percentage of households with access to safely managed drinking water services|Data is available for the percentage of households with access to safely managed sanitation services,100,100.0,,"The City of Hoboken's water supply comes from the Jersey City Reservoir at Boonton and the Split Rock Reservoir in RockawayTownship, NJ. All water operations are conducted by Suez. All sanitation services are performed by the North Hudson Sewerage Authority and City. "
2025 Disclosure Cycle,779465,CDP,59536,"City of Kitchener, ON",City,North America,Canada,Public,Q4.10,"Provide details of the household access to water, sanitation services and water consumption in your jurisdiction.",1,Response,Data is available for the percentage of households with access to safely managed sanitation services|Data is available for the percentage of households with access to safely managed drinking water services|Data is available for the average household water consumption in litres per capita per day,100,100,206.89,2021 data
2025 Disclosure Cycle,779465,CDP,59537,"City of Denton, TX",City,North America,United States of America,Public,Q4.10,"Provide details of the household access to water, sanitation services and water consumption in your jurisdiction.",1,Response,Data is available for the percentage of households with access to safely managed drinking water services|Data is available for the percentage of households with access to safely managed sanitation services|Data is available for the average household water consumption in litres per capita per day,100,100,149,"This data is from City of Denton fiscal year 2023-2024. For water access: Denton residents are primarily served by Denton Water Utility, those that are not are served by private wells (less than 1%). These wells are regulated by TCEQ and most recent information shows they are providing sufficient and quality water to their customers. Solid waste services are provided by the City of Denton Solid Waste to all residential customers within city limits, and available to some in the ETJ who chose to subscribe. "
2025 Disclosure Cycle,779465,CDP,59538,"City of Mississauga, ON",City,North America,Canada,Public,Q4.10,"Provide details of the household access to water, sanitation services and water consumption in your jurisdiction.",1,Response,Data is available for the average household water consumption in litres per capita per day,,,191.0,"Single Family Residential Litres per Person per day in Peel region, 2018 data. https://www.peelregion.ca/strategicplan/20-year-outcomes/domestic-water-consumption.asp"
2025 Disclosure Cycle,779465,CDP,59545,"City of Charlottesville, VA",City,North America,United States of America,Public,Q4.10,"Provide details of the household access to water, sanitation services and water consumption in your jurisdiction.",1,Response,Data is available for the percentage of households with access to safely managed drinking water services|Data is available for the percentage of households with access to safely managed sanitation services,100.0,100.0,,All properties are connected to the City utilities for water and sewer.
2025 Disclosure Cycle,779465,CDP,59563,"City of Takoma Park, MD",City,North America,United States of America,Public,Q4.10,"Provide details of the household access to water, sanitation services and water consumption in your jurisdiction.",1,Response,Data is available for the percentage of households with access to safely managed sanitation services|Data is available for the percentage of households with access to safely managed drinking water services,100.0,100.0,,Household water consumption data not available.
2025 Disclosure Cycle,779465,CDP,59572,"District of Saanich, BC",City,North America,Canada,Public,Q4.10,"Provide details of the household access to water, sanitation services and water consumption in your jurisdiction.",1,Response,Data is available for the percentage of households with access to safely managed sanitation services|Data is available for the average household water consumption in litres per capita per day|Data is available for the percentage of households with access to safely managed drinking water services,100.0,100.0,220,Water consumption information source: https://www.crd.bc.ca/education/water-conservation/at-home
2025 Disclosure Cycle,779465,CDP,59588,"Town of Chapel Hill, NC",City,North America,United States of America,Public,Q4.10,"Provide details of the household access to water, sanitation services and water consumption in your jurisdiction.",1,Response,Data is available for the percentage of households with access to safely managed drinking water services|Data is available for the average household water consumption in litres per capita per day|Data is available for the percentage of households with access to safely managed sanitation services,100,100,148,None.
2025 Disclosure Cycle,779465,CDP,59609,"City of Concord, CA",City,North America,United States of America,Public,Q4.10,"Provide details of the household access to water, sanitation services and water consumption in your jurisdiction.",1,Response,Data is available for the average household water consumption in litres per capita per day|Data is available for the percentage of households with access to safely managed drinking water services|Data is available for the percentage of households with access to safely managed sanitation services,100,100,334.97,"Contra Costa Water Department provides treated water to 100% of Concord residences.\n\nThe Contra Costa Sanitary District serves all residences in Concord. \n\nAverage water consumption for Multifamily Residential accounts, per dwelling, is 525.42 litres/day. This is not per capita.\n"
2025 Disclosure Cycle,779465,CDP,59633,"City of Santa Cruz, CA",City,North America,United States of America,Public,Q4.10,"Provide details of the household access to water, sanitation services and water consumption in your jurisdiction.",1,Response,Data is available for the average household water consumption in litres per capita per day,,,151.0,
2025 Disclosure Cycle,779465,CDP,59653,"City of Manhattan Beach, CA",City,North America,United States of America,Public,Q4.10,"Provide details of the household access to water, sanitation services and water consumption in your jurisdiction.",1,Response,Data is available for the percentage of households with access to safely managed drinking water services|Data is available for the percentage of households with access to safely managed sanitation services|Data is available for the average household water consumption in litres per capita per day,100,100,379,
2025 Disclosure Cycle,779465,CDP,59677,"City of Mountain View, CA",City,North America,United States of America,Public,Q4.10,"Provide details of the household access to water, sanitation services and water consumption in your jurisdiction.",1,Response,Data is available for the percentage of households with access to safely managed drinking water services|Data is available for the percentage of households with access to safely managed sanitation services|Data is available for the average household water consumption in litres per capita per day,100,100.0,407.06,This includes commercial and municipal water use. It is the total potable water used in Mountain View divided by the residential population. Metrics are for 2024. 
2025 Disclosure Cycle,779465,CDP,59678,"City of Evanston, IL",City,North America,United States of America,Public,Q4.10,"Provide details of the household access to water, sanitation services and water consumption in your jurisdiction.",1,Response,Data is available for the percentage of households with access to safely managed drinking water services,100,,,All households in Evanston have access to safely managed drinking water
2025 Disclosure Cycle,779465,CDP,59696,"City of Longmont, CO",City,North America,United States of America,Public,Q4.10,"Provide details of the household access to water, sanitation services and water consumption in your jurisdiction.",1,Response,Data is available for the average household water consumption in litres per capita per day,,,519,Average household water consumption uses gross water usage (all water used in Longmont not just residential water usage). The City does not track per capita data at this time based on residential water usage only.
2025 Disclosure Cycle,779465,CDP,59708,"City of Bethlehem, PA",City,North America,United States of America,Public,Q4.10,"Provide details of the household access to water, sanitation services and water consumption in your jurisdiction.",1,Response,Data is available for the percentage of households with access to safely managed drinking water services,100.0,,,
2025 Disclosure Cycle,779465,CDP,59956,Banda Aceh City Government,City,South East Asia & Oceania,Indonesia,Public,Q4.10,"Provide details of the household access to water, sanitation services and water consumption in your jurisdiction.",1,Response,Data is available for the percentage of households with access to safely managed drinking water services|Data is available for the average household water consumption in litres per capita per day|Data is available for the percentage of households with access to safely managed sanitation services,98.85,99.41,150.0,This is the average water consumption at householld per capita/day
2025 Disclosure Cycle,779465,CDP,59957,Samarinda City Government,City,South East Asia & Oceania,Indonesia,Public,Q4.10,"Provide details of the household access to water, sanitation services and water consumption in your jurisdiction.",1,Response,Data is available for the percentage of households with access to safely managed drinking water services|Data is available for the average household water consumption in litres per capita per day,77,,183,"More recent data from the end of 2024 shows that 23 percent of the total clean water demand remains unmet, meaning that approximately 77% of clean water demand is served by the Tirta Kencana Samarinda Water Company or other water treatment facilities. This indicates that most of the water used for domestic needs in Samarinda is treated.\n\n"
2025 Disclosure Cycle,779465,CDP,59958,Tweed Shire Council,City,South East Asia & Oceania,Australia,Public,Q4.10,"Provide details of the household access to water, sanitation services and water consumption in your jurisdiction.",1,Response,Data is available for the average household water consumption in litres per capita per day,,,167,https://www.tweed.nsw.gov.au/property-rates/water-wastewater/water-savings-restrictions
2025 Disclosure Cycle,779465,CDP,59985,City of Puerto Princesa,City,South East Asia & Oceania,Philippines,Public,Q4.10,"Provide details of the household access to water, sanitation services and water consumption in your jurisdiction.",1,Response,Data is available for the percentage of households with access to safely managed sanitation services|Data is available for the average household water consumption in litres per capita per day|Data is available for the percentage of households with access to safely managed drinking water services,96.55,93.54,133.0,N/A
2025 Disclosure Cycle,779465,CDP,59996,Batangas City,City,South East Asia & Oceania,Philippines,Public,Q4.10,"Provide details of the household access to water, sanitation services and water consumption in your jurisdiction.",1,Response,Data is available for the percentage of households with access to safely managed drinking water services,100,,,All the household in the jurisdiction has access in safely managed drinking water.
2025 Disclosure Cycle,779465,CDP,59997,City of Iloilo,City,South East Asia & Oceania,Philippines,Public,Q4.10,"Provide details of the household access to water, sanitation services and water consumption in your jurisdiction.",1,Response,Data is available for the percentage of households with access to safely managed sanitation services|Data is available for the percentage of households with access to safely managed drinking water services,74.44,99.49,,"ILOILO CITY GOVERNMENT THROUGH ILOILO CITY HEALTH OFFICE IS MANDATED TO LEAD THE DEVELOPMENT AND IMPLEMENTATION OF A RESPONSIVE EFFICIENT AND PEOPLE-CENTERED LOCAL HEALTH SYSTEM THAT ENSURES COMPREHENSIVE INTEGRATED AND SUSTAINABLE HEALTHCARE FOR EVERY ILONGGO. ANCHORED ON THE PRINCIPLES OF EQUITY, QUALITY, INNOVATION AND GOOD GOVERNANCE\n"
2025 Disclosure Cycle,779465,CDP,59998,Narayanganj City Corporation,City,India,Bangladesh,Public,Q4.10,"Provide details of the household access to water, sanitation services and water consumption in your jurisdiction.",1,Response,Data is available for the average household water consumption in litres per capita per day|Data is available for the percentage of households with access to safely managed drinking water services|Data is available for the percentage of households with access to safely managed sanitation services,75,60,,
2025 Disclosure Cycle,779465,CDP,60003,Baguio City,City,South East Asia & Oceania,Philippines,Public,Q4.10,"Provide details of the household access to water, sanitation services and water consumption in your jurisdiction.",1,Response,Data is available for the percentage of households with access to safely managed sanitation services|Data is available for the percentage of households with access to safely managed drinking water services|Data is available for the average household water consumption in litres per capita per day,100,100,0.0547,Based on Baguio's Comprehensive Development Plan 2023-2029 data
2025 Disclosure Cycle,779465,CDP,60007,City of Santa Rosa,City,South East Asia & Oceania,Philippines,Public,Q4.10,"Provide details of the household access to water, sanitation services and water consumption in your jurisdiction.",1,Response,Data is available for the percentage of households with access to safely managed drinking water services,100,,,
2025 Disclosure Cycle,779465,CDP,60009,Bacolod City,City,South East Asia & Oceania,Philippines,Public,Q4.10,"Provide details of the household access to water, sanitation services and water consumption in your jurisdiction.",1,Response,Data is available for the percentage of households with access to safely managed drinking water services,89.64,,,"The data shows a significant improvement in the percentage of the population with access to safe drinking water, indicating progress in public health and infrastructure development."
2025 Disclosure Cycle,779465,CDP,60019,Rajshahi City Corporation,City,India,Bangladesh,Public,Q4.10,"Provide details of the household access to water, sanitation services and water consumption in your jurisdiction.",1,Response,Data is available for the percentage of households with access to safely managed drinking water services,90,,,
2025 Disclosure Cycle,779465,CDP,60029,City of Cagayan de Oro,City,South East Asia & Oceania,Philippines,Public,Q4.10,"Provide details of the household access to water, sanitation services and water consumption in your jurisdiction.",1,Response,Data is available for the average household water consumption in litres per capita per day|Data is available for the percentage of households with access to safely managed drinking water services,88.69,,130,"The data is taken from the Local Sustainable Sanitation Plan (LSSP), 2021-2030, of Cagayan de Oro City. \n\nThe data for the percentage of households with access to safely managed drinking water services is based on the 2019 baseline for the LSSP.\n\nThe data for the average household waste consumption in liters per capita per day is provided by the Cagayan de Oro Water District (COWD) in 2024."
2025 Disclosure Cycle,779465,CDP,60051,Kakinada Municipal Corporation,City,India,India,Public,Q4.10,"Provide details of the household access to water, sanitation services and water consumption in your jurisdiction.",1,Response,Data is available for the percentage of households with access to safely managed sanitation services|Data is available for the percentage of households with access to safely managed drinking water services|Data is available for the average household water consumption in litres per capita per day,100,100,98,"As per Engineering Department, KMC 2021. See Section 4.1 of Kakinada Net-zero Climate Resilient City Action Plan "
2025 Disclosure Cycle,779465,CDP,60078,City of Lappeenranta,City,Europe,Finland,Public,Q4.10,"Provide details of the household access to water, sanitation services and water consumption in your jurisdiction.",1,Response,Data is available for the percentage of households with access to safely managed drinking water services,100.0,,,
2025 Disclosure Cycle,779465,CDP,60097,City of Sarajevo,City,Europe,Bosnia and Herzegovina,Public,Q4.10,"Provide details of the household access to water, sanitation services and water consumption in your jurisdiction.",1,Response,None of the above data is available to report,,,,No comment
2025 Disclosure Cycle,779465,CDP,60102,Blackpool Council,City,UKWW,United Kingdom,Public,Q4.10,"Provide details of the household access to water, sanitation services and water consumption in your jurisdiction.",1,Response,Data is available for the average household water consumption in litres per capita per day,,,144.7,Data is taken from Ofwat - 2022 - 2023 United Utilities performance report
2025 Disclosure Cycle,779465,CDP,60104,Cambridge City Council,City,UKWW,United Kingdom,Public,Q4.10,"Provide details of the household access to water, sanitation services and water consumption in your jurisdiction.",1,Response,Data is available for the percentage of households with access to safely managed sanitation services|Data is available for the percentage of households with access to safely managed drinking water services|Data is available for the average household water consumption in litres per capita per day,100.0,100.0,142,The average water use per person per day is 142 litres in England and Wales. \n\nSource = https://www.gov.uk/government/publications/addressing-water-scarcity-in-greater-cambridge-update-on-government-measures/addressing-water-scarcity-in-greater-cambridge-update-on-government-measures
2025 Disclosure Cycle,779465,CDP,60105,Kirklees Council,City,UKWW,United Kingdom,Public,Q4.10,"Provide details of the household access to water, sanitation services and water consumption in your jurisdiction.",1,Response,Data is available for the average household water consumption in litres per capita per day|Data is available for the percentage of households with access to safely managed sanitation services|Data is available for the percentage of households with access to safely managed drinking water services,100.0,100.0,126.9,"The majority of households in the district (over 99%) are provided with drinking water and sanitation services by Yorkshire Water. Kirklees Council provide water sampling for private water supplies in the area, with 238 registered properties. According to the reporting to the Drinking Water Inspectorate for all properties sampled in the last 2 years within Kirklees which had issues with water quality, issues have been corrected through treatment or moved to mains water supply. Household water consumption - This is the three-year rolling average performance (l/p/d) up to 2023/2024 - figure provided for Yorkshire Water customers, which covers Kirklees, but also the wider Yorkshire area. As reported in the Yorkshire Water Annual Performance Report - Yorkshire Water, Annual Performance Report 2023/2024, published July 2024. The source and usage of water for Kirklees is outlined below: Source \t2022/23 Dean Head & Scammonden \t3.646 megalitres per day Wessenden Valley, Blackmoorfoot & Deerhill \t21.21 megalitres per day Holmestyles & Digley Reservoirs \t7.894 megalitres per day "
2025 Disclosure Cycle,779465,CDP,60108,Norwich City Council,City,UKWW,United Kingdom,Public,Q4.10,"Provide details of the household access to water, sanitation services and water consumption in your jurisdiction.",1,Response,Data is available for the percentage of households with access to safely managed drinking water services|Data is available for the average household water consumption in litres per capita per day|Data is available for the percentage of households with access to safely managed sanitation services,99.8,98.1,128.1,Household water consumption (litres/capita/day) data is based on Anglian Water's 2024/25 forecast projection (see https://www.anglianwater.co.uk/siteassets/household/about-us/service-commitment-report-november-23.pdf)\n\nPercentage of households with access to safely managed drinking water and sanitation services is based on UK Sustainable Development Goals data (see https://sdgdata.gov.uk/6-2-1/)
2025 Disclosure Cycle,779465,CDP,60112,City of Debrecen,City,Europe,Hungary,Public,Q4.10,"Provide details of the household access to water, sanitation services and water consumption in your jurisdiction.",1,Response,Data is available for the percentage of households with access to safely managed drinking water services|Data is available for the average household water consumption in litres per capita per day|Data is available for the percentage of households with access to safely managed sanitation services,100.0,89.97,114.1,"Percentage of dwellings connected to the public drinking water network is 97.23% for 2020. Data of Percentage of households with access to safely managed sanitation services is for 2020. Data of Household water consumption (litres/capita/day) is calculated on the basis of the amount of household water supplied by the network (1000 m3): 8263.04 (2020) and the number of residents (persons): 201,112 (2020)."
2025 Disclosure Cycle,779465,CDP,60113,Dundee City Council,City,UKWW,United Kingdom,Public,Q4.10,"Provide details of the household access to water, sanitation services and water consumption in your jurisdiction.",1,Response,Data is available for the percentage of households with access to safely managed drinking water services,100.0,,,The \'Scotland and the Sustainable Development Goals: a National review to drive action report\' suggests that all Scottish citizens have access to clean drinking water. Information can be found using the link here: https://www.gov.scot/publications/scotland-sustainable-development-goals-national-review-drive-action/pages/9/
2025 Disclosure Cycle,779465,CDP,60126,City of Tartu,City,Europe,Estonia,Public,Q4.10,"Provide details of the household access to water, sanitation services and water consumption in your jurisdiction.",1,Response,Data is available for the average household water consumption in litres per capita per day,,,95,
2025 Disclosure Cycle,779465,CDP,60127,Municipality of Thessaloniki,City,Europe,Greece,Public,Q4.10,"Provide details of the household access to water, sanitation services and water consumption in your jurisdiction.",1,Response,None of the above data is available to report,,,,The responsible water company holds relevant data
2025 Disclosure Cycle,779465,CDP,60140,City of Nakuru,City,UKWW,Kenya,Public,Q4.10,"Provide details of the household access to water, sanitation services and water consumption in your jurisdiction.",1,Response,Data is available for the percentage of households with access to safely managed sanitation services|Data is available for the percentage of households with access to safely managed drinking water services|Data is available for the average household water consumption in litres per capita per day,63.0,25.4,50.0,"In Nakuru County, access to safe water and sanitation services varies across urban and rural areas. The urban population consumes approximately 150 liters per person per day, reflecting relatively higher access to piped and reliable water services. In contrast, rural households consume around 50 liters per person per day, highlighting ongoing challenges in water availability and infrastructure coverage. Access to adequate sanitation services remains a priority, particularly in underserved rural communities, where limited facilities can exacerbate public health risks."
2025 Disclosure Cycle,779465,CDP,60142,City of Kisumu,City,UKWW,Kenya,Public,Q4.10,"Provide details of the household access to water, sanitation services and water consumption in your jurisdiction.",1,Response,Data is available for the percentage of households with access to safely managed drinking water services,63.3,,,
2025 Disclosure Cycle,779465,CDP,60151,City of Tuzla (Bosnia-Herzegovina),City,Europe,Bosnia and Herzegovina,Public,Q4.10,"Provide details of the household access to water, sanitation services and water consumption in your jurisdiction.",1,Response,Data is available for the percentage of households with access to safely managed drinking water services,85,,,
2025 Disclosure Cycle,779465,CDP,60165,Municipality of Fuenlabrada,City,Europe,Spain,Public,Q4.10,"Provide details of the household access to water, sanitation services and water consumption in your jurisdiction.",1,Response,Data is available for the percentage of households with access to safely managed drinking water services,100,,,
2025 Disclosure Cycle,779465,CDP,60178,Linköping Municipality,City,Europe,Sweden,Public,Q4.10,"Provide details of the household access to water, sanitation services and water consumption in your jurisdiction.",1,Response,Data is available for the percentage of households with access to safely managed drinking water services|Data is available for the average household water consumption in litres per capita per day|Data is available for the percentage of households with access to safely managed sanitation services,100,100,134,
2025 Disclosure Cycle,779465,CDP,60183,City of Rzeszów,City,Europe,Poland,Public,Q4.10,"Provide details of the household access to water, sanitation services and water consumption in your jurisdiction.",1,Response,Data is available for the percentage of households with access to safely managed sanitation services|Data is available for the percentage of households with access to safely managed drinking water services|Data is available for the average household water consumption in litres per capita per day,99.55,99.13,98.6,Each recipient of services provided by MPWiK (Municipal Water Supply Company) has the ability to track water consumption via the iBOK platform
2025 Disclosure Cycle,779465,CDP,60187,City of Solna,City,Europe,Sweden,Public,Q4.10,"Provide details of the household access to water, sanitation services and water consumption in your jurisdiction.",1,Response,Data is available for the average household water consumption in litres per capita per day|Data is available for the percentage of households with access to safely managed sanitation services|Data is available for the percentage of households with access to safely managed drinking water services,100,100,295,Source: Solna Vatten AB
2025 Disclosure Cycle,779465,CDP,60216,Växjö Municipality,City,Europe,Sweden,Public,Q4.10,"Provide details of the household access to water, sanitation services and water consumption in your jurisdiction.",1,Response,Data is available for the percentage of households with access to safely managed drinking water services|Data is available for the percentage of households with access to safely managed sanitation services,100.0,100.0,,It should be noted that roughly 10% of the households have their own wells and/or sewage systems and are not connected to the municpally operations providing drinking water and sewage treatment.
2025 Disclosure Cycle,779465,CDP,60226,Luleå Municipality,City,Europe,Sweden,Public,Q4.10,"Provide details of the household access to water, sanitation services and water consumption in your jurisdiction.",1,Response,Data is available for the percentage of households with access to safely managed drinking water services|Data is available for the average household water consumption in litres per capita per day|Data is available for the percentage of households with access to safely managed sanitation services,98.9,98.15,134.7597,We have no data on multi housing but the data given reflects the single family housing that are occupied. Altough we can report data for housing that are second homes. Data reported is from 2023.
2025 Disclosure Cycle,779465,CDP,60236,Trelleborg Municipality,City,Europe,Sweden,Public,Q4.10,"Provide details of the household access to water, sanitation services and water consumption in your jurisdiction.",1,Response,Data is available for the percentage of households with access to safely managed sanitation services|Data is available for the percentage of households with access to safely managed drinking water services|Data is available for the average household water consumption in litres per capita per day,100.0,100.0,140.0,
2025 Disclosure Cycle,779465,CDP,60268,Prefeitura de Brumadinho,City,Latin America,Brazil,Public,Q4.10,"Provide details of the household access to water, sanitation services and water consumption in your jurisdiction.",1,Response,None of the above data is available to report,,,,
2025 Disclosure Cycle,779465,CDP,60310,Prefeitura de Petrópolis,City,Latin America,Brazil,Public,Q4.10,"Provide details of the household access to water, sanitation services and water consumption in your jurisdiction.",1,Response,Data is available for the percentage of households with access to safely managed sanitation services|Data is available for the percentage of households with access to safely managed drinking water services,,,,
2025 Disclosure Cycle,779465,CDP,60320,Prefeitura de Presidente Prudente,City,Latin America,Brazil,Public,Q4.10,"Provide details of the household access to water, sanitation services and water consumption in your jurisdiction.",1,Response,None of the above data is available to report,,,,
2025 Disclosure Cycle,779465,CDP,60332,Prefeitura de São Carlos,City,Latin America,Brazil,Public,Q4.10,"Provide details of the household access to water, sanitation services and water consumption in your jurisdiction.",1,Response,Data is available for the percentage of households with access to safely managed drinking water services,100,,,O município faz a distribuição de água tratada para 100% dos residentes
2025 Disclosure Cycle,779465,CDP,60341,Prefeitura de Rio Grande,City,Latin America,Brazil,Public,Q4.10,"Provide details of the household access to water, sanitation services and water consumption in your jurisdiction.",1,Response,Data is available for the percentage of households with access to safely managed drinking water services|Data is available for the percentage of households with access to safely managed sanitation services,95.5,31.1,,Os dados acima foram retirados do Plano Municipal de Saneamento Básico.
2025 Disclosure Cycle,779465,CDP,60349,Prefeitura de São Leopoldo,City,Latin America,Brazil,Public,Q4.10,"Provide details of the household access to water, sanitation services and water consumption in your jurisdiction.",1,Response,Data is available for the percentage of households with access to safely managed sanitation services|Data is available for the percentage of households with access to safely managed drinking water services,100,27,,"Atualmente, toda população de São Leopoldo conta com acesso a água potável. Com relação ao saneamento, 92,9% do esgotamento sanitário gerado é coletado, enquanto 27% recebe tratamento efetivo."
2025 Disclosure Cycle,779465,CDP,60351,Prefeitura de Sobral,City,Latin America,Brazil,Public,Q4.10,"Provide details of the household access to water, sanitation services and water consumption in your jurisdiction.",1,Response,Data is available for the percentage of households with access to safely managed sanitation services|Data is available for the percentage of households with access to safely managed drinking water services,96.11,68.31,,"De acordo com as informações do Serviço Autônomo de Água e Esgoto (SAAE) reportados no Sistema Nacional em 2022 Sobral possui: 68,31 % de imóveis contemplados com os serviços de coleta de esgoto sanitário; tendo ainda e 96,11 % de imóveis contemplados serviços de abastecimento de água.\n\nLink de acesso:\nhttp://appsnis.mdr.gov.br/indicadores-hmg/web/agua_esgoto/mapa-agua?codigo=2312908 (água)\n\nhttp://appsnis.mdr.gov.br/indicadores-hmg/web/agua_esgoto/mapa-esgoto?codigo=23 (esgoto)\nO PRODESOL financia o subcomponente de Ampliação e Requalificação do Sistema de Esgotamento Sanitário, na ordem de R$120 milhões, aproximadamente nas obras : Expansão da Rede Coletora, das Ligações Prediais e Intradomiciliares; Construção de Estações de Tratamento de Esgotos (ETEs); e Requalificação de Estações Elevatórias de Esgotos (EEEs). Na Matriz do Marco Lógico do Programa, foi prevista 75 mil metros de redes de esgotamento sanitário. Até então já foram implantados 75 metros de rede, que corresponde a 97,51% do quantitativo deste marco - ou seja, Sobral está próxima de atingir a meta, e, inclusive, a ultrapassará. As redes implantadas e em implementação beneficiam 14 (quatorze) bairros na sede municipal e 3 (três) distritos na zona rural. \n\nDessa forma, tem-se Expansão de 75 km de rede de esgoto na área urbana;\nExecução de 11 mil unidades de ligações prediais, com adequações internas à tubulação hidrossanitária gratuita dos imóveis beneficiados; \nRequalificação de 32 Estações Elevatórias de Esgotos (EEE);\nRequalificação de 7 Estações de Tratamento de Esgotos (ETE);\nConstrução de 25 km de rede adutora de água;\n\nNo subcomponente de Ampliação e Requalificação do Sistema de Abastecimento de Água, o investimento na ordem de R$22 milhões, para a modernização e Substituição da Rede de Amianto de Adução e Distribuição; Construção de Adutoras de Água potável, em operação que interliga os Distritos de Jaíbaras e Jordão. "
2025 Disclosure Cycle,779465,CDP,60361,Prefeitura de Tangará da Serra,City,Latin America,Brazil,Public,Q4.10,"Provide details of the household access to water, sanitation services and water consumption in your jurisdiction.",1,Response,None of the above data is available to report,,,,
2025 Disclosure Cycle,779465,CDP,60381,Alcaldía Distrital de Santa Marta,City,Latin America,Colombia,Public,Q4.10,"Provide details of the household access to water, sanitation services and water consumption in your jurisdiction.",1,Response,Data is available for the average household water consumption in litres per capita per day|Data is available for the percentage of households with access to safely managed drinking water services|Data is available for the percentage of households with access to safely managed sanitation services,80.62,75.99,12.36,N/A
2025 Disclosure Cycle,779465,CDP,60384,Alcaldía de Yopal,City,Latin America,Colombia,Public,Q4.10,"Provide details of the household access to water, sanitation services and water consumption in your jurisdiction.",1,Response,None of the above data is available to report,,,,n/a
2025 Disclosure Cycle,779465,CDP,60385,Alcaldía de Villavicencio,City,Latin America,Colombia,Public,Q4.10,"Provide details of the household access to water, sanitation services and water consumption in your jurisdiction.",1,Response,Data is available for the percentage of households with access to safely managed drinking water services,92.3,,,na
2025 Disclosure Cycle,779465,CDP,60388,Municipalidad Provincial de Chiclayo,City,Latin America,Peru,Public,Q4.10,"Provide details of the household access to water, sanitation services and water consumption in your jurisdiction.",1,Response,Data is available for the percentage of households with access to safely managed drinking water services,46,,,
2025 Disclosure Cycle,779465,CDP,60396,Municipalidad Provincial de Maynas (Iquitos),City,Latin America,Peru,Public,Q4.10,"Provide details of the household access to water, sanitation services and water consumption in your jurisdiction.",1,Response,Data is available for the percentage of households with access to safely managed drinking water services,85,,,
2025 Disclosure Cycle,779465,CDP,60400,Municipalidad de Temuco,City,Latin America,Chile,Public,Q4.10,"Provide details of the household access to water, sanitation services and water consumption in your jurisdiction.",1,Response,Data is available for the percentage of households with access to safely managed drinking water services,85,,,Se considera la cobertura de agua potable en base ala norma Chilena 409.
2025 Disclosure Cycle,779465,CDP,60407,Municipalidad de Colina,City,Latin America,Chile,Public,Q4.10,"Provide details of the household access to water, sanitation services and water consumption in your jurisdiction.",1,Response,None of the above data is available to report,,,,
2025 Disclosure Cycle,779465,CDP,60408,Municipalidad de Talca,City,Latin America,Chile,Public,Q4.10,"Provide details of the household access to water, sanitation services and water consumption in your jurisdiction.",1,Response,Data is available for the percentage of households with access to safely managed drinking water services|Data is available for the percentage of households with access to safely managed sanitation services|Data is available for the average household water consumption in litres per capita per day,99.5,99.5,180,Analisis realizadas en el marco de la Estrategia Hidrica Local. \nse distribuye por año todos usos confundidos 18 Milliones de metros cubicos de agua potable a escala comunal por año (205l/hab/dia )
2025 Disclosure Cycle,779465,CDP,60410,Municipalidad de Peñalolén,City,Latin America,Chile,Public,Q4.10,"Provide details of the household access to water, sanitation services and water consumption in your jurisdiction.",1,Response,Data is available for the percentage of households with access to safely managed sanitation services|Data is available for the average household water consumption in litres per capita per day|Data is available for the percentage of households with access to safely managed drinking water services,99,98.9,206.8,"-Porcentaje de viviendas con conexión a red pública de agua potable según datos del censo 2017 corresponden a un 99% de las viviendas (Este porcentaje está a nivel de la jurisdicción). -Porcentaje de la población de la Región Metropolitana con cobertura del sistema de alcantarillado, año 2020 (más amplia que la jurisdicción).-Litros por habitante al día según información entregada por Aguas Andinas para el año 2021. "
2025 Disclosure Cycle,779465,CDP,60433,Hvidovre Municipality,City,Europe,Denmark,Public,Q4.10,"Provide details of the household access to water, sanitation services and water consumption in your jurisdiction.",1,Response,Data is available for the percentage of households with access to safely managed drinking water services,100.0,,,.
2025 Disclosure Cycle,779465,CDP,60546,Nanjing Municipal People's Government,City,China,China,Public,Q4.10,"Provide details of the household access to water, sanitation services and water consumption in your jurisdiction.",1,Response,Data is available for the percentage of households with access to safely managed sanitation services|Data is available for the percentage of households with access to safely managed drinking water services,100,100,,
2025 Disclosure Cycle,779465,CDP,60588,City of Alba Iulia,City,Europe,Romania,Public,Q4.10,"Provide details of the household access to water, sanitation services and water consumption in your jurisdiction.",1,Response,Data is available for the percentage of households with access to safely managed drinking water services,98,,,This evaluation was provided by ANERGO Energy Observatory for research purposes only and is not official
2025 Disclosure Cycle,779465,CDP,60599,"Town of Bridgewater, NS",City,North America,Canada,Public,Q4.10,"Provide details of the household access to water, sanitation services and water consumption in your jurisdiction.",1,Response,Data is available for the percentage of households with access to safely managed sanitation services|Data is available for the percentage of households with access to safely managed drinking water services,100.0,100.0,,all households connected to water and sanitation
2025 Disclosure Cycle,779465,CDP,60602,"Town of Ajax, ON",City,North America,Canada,Public,Q4.10,"Provide details of the household access to water, sanitation services and water consumption in your jurisdiction.",1,Response,Data is available for the percentage of households with access to safely managed drinking water services,100,,,"The Region of Durham published an annual Water Quality Report for Oshawa, Whitby and Ajax: https://www.durham.ca/en/living-here/resources/Documents/WaterandSewer/2023-Annual-Water-Quality-Reports/Oshawa-Whitby-Ajax-2024-Water-Quality-Report.pdf"
2025 Disclosure Cycle,779465,CDP,60625,Dire Dawa,City,UKWW,Ethiopia,Public,Q4.10,"Provide details of the household access to water, sanitation services and water consumption in your jurisdiction.",1,Response,Data is available for the percentage of households with access to safely managed drinking water services,67,,,
2025 Disclosure Cycle,779465,CDP,60656,"City of Piedmont, CA",City,North America,United States of America,Public,Q4.10,"Provide details of the household access to water, sanitation services and water consumption in your jurisdiction.",1,Response,Data is available for the percentage of households with access to safely managed drinking water services|Data is available for the percentage of households with access to safely managed sanitation services,100.0,100.0,,
2025 Disclosure Cycle,779465,CDP,60892,Municipalidad de Punta Arenas,City,Latin America,Chile,Public,Q4.10,"Provide details of the household access to water, sanitation services and water consumption in your jurisdiction.",1,Response,Data is available for the percentage of households with access to safely managed drinking water services,97,,,Datos Censo 2017 para la comuna de Punta Arenas
2025 Disclosure Cycle,779465,CDP,60905,Municipalidad de Maipú,City,Latin America,Chile,Public,Q4.10,"Provide details of the household access to water, sanitation services and water consumption in your jurisdiction.",1,Response,Data is available for the average household water consumption in litres per capita per day|Data is available for the percentage of households with access to safely managed drinking water services|Data is available for the percentage of households with access to safely managed sanitation services,99.4,99.6,547,Datos obtenidos desde el capitulo de diagnostico de la Estrategia Hídrica Local
2025 Disclosure Cycle,779465,CDP,60906,Municipalidad de Vitacura,City,Latin America,Chile,Public,Q4.10,"Provide details of the household access to water, sanitation services and water consumption in your jurisdiction.",1,Response,Data is available for the percentage of households with access to safely managed drinking water services|Data is available for the percentage of households with access to safely managed sanitation services|Data is available for the average household water consumption in litres per capita per day,100.0,100.0,397.23,"Consumo litros/cápita/día año 2022. Cantidad de población ha sido proyectada desde el censo 2017, usando el año 2022\n"
2025 Disclosure Cycle,779465,CDP,61467,Dipolog City,City,South East Asia & Oceania,Philippines,Public,Q4.10,"Provide details of the household access to water, sanitation services and water consumption in your jurisdiction.",1,Response,Data is available for the percentage of households with access to safely managed drinking water services,85,,,
2025 Disclosure Cycle,779465,CDP,62171,Metropolitan Municipality of Rouen,City,Europe,France,Public,Q4.10,"Provide details of the household access to water, sanitation services and water consumption in your jurisdiction.",1,Response,Data is available for the average household water consumption in litres per capita per day|Data is available for the percentage of households with access to safely managed drinking water services|Data is available for the percentage of households with access to safely managed sanitation services,99.99,100.0,129.0,"20 abonnés sur 200 000 sont en 2022 en restriction partielle pour l'eau de boisson pour risque de dépassement ponctuel possible CVM (Chlorure de Vinyle Monomère) pour mauvais vieillissement des conduites d'eau, entraînant une possible accumulation de CVM en bout d'antenne.La consommation d'eau des ménages est un indicateur réglementaire, qui inclut la part d'eau consommée par l'activité économique, et est basé sur une évaluation du nombre d'habitant par abonnés."
2025 Disclosure Cycle,779465,CDP,62407,Blacktown City Council,City,South East Asia & Oceania,Australia,Public,Q4.10,"Provide details of the household access to water, sanitation services and water consumption in your jurisdiction.",1,Response,Data is available for the percentage of households with access to safely managed drinking water services|Data is available for the percentage of households with access to safely managed sanitation services|Data is available for the average household water consumption in litres per capita per day,99,99,525,"As part of the Greater Sydney Region, 99% of households in Blacktown have access to safely managed drinking water services. Based on available data and considering household sizes and property types in Blacktown, the estimated average daily household water consumption is approximately 525 liters. This is derived from an adjusted per-person consumption of 175 liters, accounting for outdoor water use in gardens. However, actual household consumption can vary significantly."
2025 Disclosure Cycle,779465,CDP,62791,City of Botoșani,City,Europe,Romania,Public,Q4.10,"Provide details of the household access to water, sanitation services and water consumption in your jurisdiction.",1,Response,Data is available for the percentage of households with access to safely managed sanitation services|Data is available for the percentage of households with access to safely managed drinking water services,95.7,0,,
2025 Disclosure Cycle,779465,CDP,62793,City of Ploiești,City,Europe,Romania,Public,Q4.10,"Provide details of the household access to water, sanitation services and water consumption in your jurisdiction.",1,Response,Data is available for the percentage of households with access to safely managed sanitation services|Data is available for the percentage of households with access to safely managed drinking water services,99,99,,"13.94 million cubic meters of drinking water. \n\nThe water supply and sewerage infrastructure in the municipality of Ploiești includes, according to the data provided by the operator, 397 km of water supply network and 332 km of sewerage network. The number of customers is 23,500 (of which 22,000 are households) for water supply, and 15,800 (14,500 individual homes and homeowners' associations, and 1,200 businesses and institutions) for sewerage. "
2025 Disclosure Cycle,779465,CDP,62795,City of Brașov,City,Europe,Romania,Public,Q4.10,"Provide details of the household access to water, sanitation services and water consumption in your jurisdiction.",1,Response,Data is available for the percentage of households with access to safely managed sanitation services|Data is available for the average household water consumption in litres per capita per day|Data is available for the percentage of households with access to safely managed drinking water services,96.8,92.3,91,Data Source: Water Company Brasov\nYear: 2024
2025 Disclosure Cycle,779465,CDP,62800,City of Bistrița,City,Europe,Romania,Public,Q4.10,"Provide details of the household access to water, sanitation services and water consumption in your jurisdiction.",1,Response,Data is available for the percentage of households with access to safely managed sanitation services|Data is available for the average household water consumption in litres per capita per day|Data is available for the percentage of households with access to safely managed drinking water services,94,85.4,89.22,No comments.
2025 Disclosure Cycle,779465,CDP,63562,"City of South Bend, IN",City,North America,United States of America,Public,Q4.10,"Provide details of the household access to water, sanitation services and water consumption in your jurisdiction.",1,Response,Data is available for the percentage of households with access to safely managed sanitation services|Data is available for the percentage of households with access to safely managed drinking water services|Data is available for the average household water consumption in litres per capita per day,100,100,637.5,https://southbendin.gov/wp-content/uploads/2020/05/2020_CCR_web.pdf 
2025 Disclosure Cycle,779465,CDP,63601,"Township of Maplewood, NJ",City,North America,United States of America,Public,Q4.10,"Provide details of the household access to water, sanitation services and water consumption in your jurisdiction.",1,Response,Data is available for the percentage of households with access to safely managed sanitation services|Data is available for the percentage of households with access to safely managed drinking water services,100.0,100.0,,All households are linked to public drinking water and sanitation services
2025 Disclosure Cycle,779465,CDP,63608,City of Melville,City,South East Asia & Oceania,Australia,Public,Q4.10,"Provide details of the household access to water, sanitation services and water consumption in your jurisdiction.",1,Response,Data is available for the percentage of households with access to safely managed drinking water services,100.0,,,Data from WaterCorportation
2025 Disclosure Cycle,779465,CDP,63836,Vadodara Municipal Corporation,City,India,India,Public,Q4.10,"Provide details of the household access to water, sanitation services and water consumption in your jurisdiction.",1,Response,Data is available for the average household water consumption in litres per capita per day|Data is available for the percentage of households with access to safely managed sanitation services|Data is available for the percentage of households with access to safely managed drinking water services,95,75,176,-
2025 Disclosure Cycle,779465,CDP,63941,"Broward County, FL",City,North America,United States of America,Public,Q4.10,"Provide details of the household access to water, sanitation services and water consumption in your jurisdiction.",1,Response,Data is available for the percentage of households with access to safely managed sanitation services|Data is available for the percentage of households with access to safely managed drinking water services|Data is available for the average household water consumption in litres per capita per day,99.6,99.6,460.95,"Plumbing Facilities for Occupied Housing Units: https://data.census.gov/table/ACSDT5Y2021.B25048?tid=ACSDT5Y2021.B25048\nComplete plumbing facilities number (123,536,429) divided by total (124,010,992) = 0.996 --> 99.6%\n\nComplete Plumbing Facilities Definition: https://www.census.gov/data/tables/time-series/dec/coh-plumbing.html \n\nComplete plumbing facilities are defined as hot and cold piped water, a bathtub or shower, and a flush toilet. In earlier censuses, these facilities must have been for exclusive use of a housing unit's inhabitants; this requirement was dropped in 1990.\n\nNumber was calculated by using per capita usage number in gallons per capita per day (2023 per capita usage via RS Environmental Program Supervisor for the Resilient Environment Department: 121.77 per capita usage in GPCD) and multiplying it by 3.7854118 to convert gallons to liters."
2025 Disclosure Cycle,779465,CDP,64014,"City of Cupertino, CA",City,North America,United States of America,Public,Q4.10,"Provide details of the household access to water, sanitation services and water consumption in your jurisdiction.",1,Response,Data is available for the percentage of households with access to safely managed sanitation services|Data is available for the percentage of households with access to safely managed drinking water services,100.0,100,,
2025 Disclosure Cycle,779465,CDP,68250,City of Canada Bay,City,South East Asia & Oceania,Australia,Public,Q4.10,"Provide details of the household access to water, sanitation services and water consumption in your jurisdiction.",1,Response,Data is available for the percentage of households with access to safely managed sanitation services|Data is available for the percentage of households with access to safely managed drinking water services|Data is available for the average household water consumption in litres per capita per day,100.0,100,599.6,Source Resilient Sydney 2019-20
2025 Disclosure Cycle,779465,CDP,68265,Georges River Council,City,South East Asia & Oceania,Australia,Public,Q4.10,"Provide details of the household access to water, sanitation services and water consumption in your jurisdiction.",1,Response,Data is available for the average household water consumption in litres per capita per day,,,187,
2025 Disclosure Cycle,779465,CDP,68267,Sutherland Shire Council,City,South East Asia & Oceania,Australia,Public,Q4.10,"Provide details of the household access to water, sanitation services and water consumption in your jurisdiction.",1,Response,Data is available for the percentage of households with access to safely managed drinking water services|Data is available for the average household water consumption in litres per capita per day|Data is available for the percentage of households with access to safely managed sanitation services,100.0,100,212,"212 is per person (capita) per day per year - NOT household. \n\nPotable water consumption data from Resilient Sydney for 2022/23:\n\n18,196,312 kL per consumed per annum.\n235,029 population\n77.42 kL per person per year divided by 365 days\n212.11 litre/capita/ day\n\n87,914 households in 2022/23.\n56.71 litres per day per household \n\n\n"
2025 Disclosure Cycle,779465,CDP,68384,Prefeitura de Engenheiro Coelho,City,Latin America,Brazil,Public,Q4.10,"Provide details of the household access to water, sanitation services and water consumption in your jurisdiction.",1,Response,Data is available for the average household water consumption in litres per capita per day|Data is available for the percentage of households with access to safely managed drinking water services,100,,735.3,Água tratada é 100% dentro da área urbana. Volume produzido é de 1.992.240 litros/ano. Volume por poços é de 566.640 litros e o consumo per capta é de 735.300 litros.
2025 Disclosure Cycle,779465,CDP,69824,Västervik Municipality,City,Europe,Sweden,Public,Q4.10,"Provide details of the household access to water, sanitation services and water consumption in your jurisdiction.",1,Response,Data is available for the percentage of households with access to safely managed sanitation services|Data is available for the percentage of households with access to safely managed drinking water services,98,98,,Nearley all housholds in the Municipality have access to safty manage sanitation services. Some small sewages systems in remote rural houses (mostly summer houses) have still old and ineffective sanitation. Ongoing follow-up inventories of individual sewers every year is done by the Municipality - See also Sustainability report on remediated sewers
2025 Disclosure Cycle,779465,CDP,69849,Santa Cruz de Galápagos,City,Latin America,Ecuador,Public,Q4.10,"Provide details of the household access to water, sanitation services and water consumption in your jurisdiction.",1,Response,Data is available for the average household water consumption in litres per capita per day,,,250,De acuerdo a la lectura promedio de consumo de agua.
2025 Disclosure Cycle,779465,CDP,69968,Alcaldia de Rionegro,City,Latin America,Colombia,Public,Q4.10,"Provide details of the household access to water, sanitation services and water consumption in your jurisdiction.",1,Response,Data is available for the percentage of households with access to safely managed drinking water services|Data is available for the percentage of households with access to safely managed sanitation services,99,85,,Zona Urbana tiene una cobertura del 99%Zona Rural tiene una cobertura del 70% según el diagnóstico del Plan de Desarrollo. 
2025 Disclosure Cycle,779465,CDP,70247,Hsinchu City Government,City,China,East Asia,Public,Q4.10,"Provide details of the household access to water, sanitation services and water consumption in your jurisdiction.",1,Response,Data is available for the percentage of households with access to safely managed drinking water services|Data is available for the percentage of households with access to safely managed sanitation services|Data is available for the average household water consumption in litres per capita per day,100.0,100.0,240.0,無
2025 Disclosure Cycle,779465,CDP,73295,"City of La Crosse, WI",City,North America,United States of America,Public,Q4.10,"Provide details of the household access to water, sanitation services and water consumption in your jurisdiction.",1,Response,Data is available for the percentage of households with access to safely managed drinking water services|Data is available for the average household water consumption in litres per capita per day|Data is available for the percentage of households with access to safely managed sanitation services,100.0,100.0,1692.71,"9.89 MGD / 22,117 households, then converted to liters"
2025 Disclosure Cycle,779465,CDP,73413,Commune de Cocody,City,UKWW,Côte d'Ivoire,Public,Q4.10,"Provide details of the household access to water, sanitation services and water consumption in your jurisdiction.",1,Response,Data is available for the percentage of households with access to safely managed drinking water services|Data is available for the percentage of households with access to safely managed sanitation services|Data is available for the average household water consumption in litres per capita per day,60.0,40.0,150.0,Les habitants des quartiers précaires nées de l'urbanisation galopante de la commune de Cocody n'ont pas tous accès l'eau courante et ont des caniveaux et égouts qui ne sont pas souvent connectés aux réseaux principaux d'assainissement. 
2025 Disclosure Cycle,779465,CDP,73645,KwaDukuza,City,UKWW,South Africa,Public,Q4.10,"Provide details of the household access to water, sanitation services and water consumption in your jurisdiction.",1,Response,Data is available for the percentage of households with access to safely managed drinking water services|Data is available for the percentage of households with access to safely managed sanitation services,92.2,71.3,,data is available in the STATS SA census 2022
2025 Disclosure Cycle,779465,CDP,73666,"Cuyahoga County, OH",City,North America,United States of America,Public,Q4.10,"Provide details of the household access to water, sanitation services and water consumption in your jurisdiction.",1,Response,Data is available for the average household water consumption in litres per capita per day,,,321.6,Source: 2019 Ohio EPA Sewer and Water Rate Survey: https://epa.ohio.gov/static/Portals/43/Rate+Reports/Ohio_EPA_2019_Sewer_and_Water_Rate_Survey.pdf
2025 Disclosure Cycle,779465,CDP,73669,"San Luis Obispo, CA",City,North America,United States of America,Public,Q4.10,"Provide details of the household access to water, sanitation services and water consumption in your jurisdiction.",1,Response,Data is available for the average household water consumption in litres per capita per day|Data is available for the percentage of households with access to safely managed sanitation services|Data is available for the percentage of households with access to safely managed drinking water services,100.0,100.0,209.0,Source: City of San Luis Obispo Public Utilities Department (2022). 
2025 Disclosure Cycle,779465,CDP,73678,Chañar Ladeado,City,Latin America,Argentina,Public,Q4.10,"Provide details of the household access to water, sanitation services and water consumption in your jurisdiction.",1,Response,None of the above data is available to report,,,,NE
2025 Disclosure Cycle,779465,CDP,73683,Municipality of Durango,City,Europe,Spain,Public,Q4.10,"Provide details of the household access to water, sanitation services and water consumption in your jurisdiction.",1,Response,Data is available for the percentage of households with access to safely managed drinking water services,99.19,,,"El 99.19 % de la población del municipio cuenta con acceso a servicios de agua potable gestionados de forma segura, es decir, agua entubada disponible dentro de la vivienda, o en el patio o terreno."
2025 Disclosure Cycle,779465,CDP,73687,Sabaneta,City,Latin America,Colombia,Public,Q4.10,"Provide details of the household access to water, sanitation services and water consumption in your jurisdiction.",1,Response,Data is available for the percentage of households with access to safely managed drinking water services,100,,,
2025 Disclosure Cycle,779465,CDP,73725,Guaminí,City,Latin America,Argentina,Public,Q4.10,"Provide details of the household access to water, sanitation services and water consumption in your jurisdiction.",1,Response,Data is available for the percentage of households with access to safely managed sanitation services|Data is available for the percentage of households with access to safely managed drinking water services,100,63.12,,ninguno
2025 Disclosure Cycle,779465,CDP,73738,Khon Kaen City Municipality,City,South East Asia & Oceania,Thailand,Public,Q4.10,"Provide details of the household access to water, sanitation services and water consumption in your jurisdiction.",1,Response,Data is available for the percentage of households with access to safely managed drinking water services,100,,,เทศบาลนครขอนแก่นมีน้ำประปาที่ผลิตจากการประปาส่วนภูมิภาคที่ได้มาตรฐาน มีตู้กดน้ำดื่มหยอดเหรียญตามชุมชนที่ผ่านการตรวจสุขาภิบาล
2025 Disclosure Cycle,779465,CDP,73742,City of Catbalogan,City,South East Asia & Oceania,Philippines,Public,Q4.10,"Provide details of the household access to water, sanitation services and water consumption in your jurisdiction.",1,Response,Data is available for the average household water consumption in litres per capita per day|Data is available for the percentage of households with access to safely managed sanitation services|Data is available for the percentage of households with access to safely managed drinking water services,72.3,74.69,50.39,17283/23880 clean drinking water\n17837/23880 - access to safely managed sanitation services
2025 Disclosure Cycle,779465,CDP,73746,Probolinggo,City,South East Asia & Oceania,Indonesia,Public,Q4.10,"Provide details of the household access to water, sanitation services and water consumption in your jurisdiction.",1,Response,Data is available for the average household water consumption in litres per capita per day|Data is available for the percentage of households with access to safely managed drinking water services|Data is available for the percentage of households with access to safely managed sanitation services,35.24,97.6,118.0,piped water network by 35.24%Non-piped drinking water network by 64.76%
2025 Disclosure Cycle,779465,CDP,73750,Tarakan City,City,South East Asia & Oceania,Indonesia,Public,Q4.10,"Provide details of the household access to water, sanitation services and water consumption in your jurisdiction.",1,Response,Data is available for the average household water consumption in litres per capita per day,,,101.36,Annual data from regional public companies (Tirta Alam) divided by the number of residents divided by the number of days per year
2025 Disclosure Cycle,779465,CDP,73752,Bontang City,City,South East Asia & Oceania,Indonesia,Public,Q4.10,"Provide details of the household access to water, sanitation services and water consumption in your jurisdiction.",1,Response,Data is available for the percentage of households with access to safely managed drinking water services|Data is available for the average household water consumption in litres per capita per day|Data is available for the percentage of households with access to safely managed sanitation services,85.72,96.02,170,
2025 Disclosure Cycle,779465,CDP,73758,Mataram City,City,South East Asia & Oceania,Indonesia,Public,Q4.10,"Provide details of the household access to water, sanitation services and water consumption in your jurisdiction.",1,Response,Data is available for the average household water consumption in litres per capita per day|Data is available for the percentage of households with access to safely managed drinking water services|Data is available for the percentage of households with access to safely managed sanitation services,53.76,4.49,90.0,"The number of people with safe access to drinking water has decreased due to the absence of house connection services. Furthermore, data on the coverage of piped drinking water services served by PT AMGM does not reflect the actual conditions on the ground.\nWith regard to safe sanitation, the low coverage of safe sanitation is due to the reluctance of the community to use septic tanks. In addition, there is limited land available for sanitation infrastructure development in the villages."
2025 Disclosure Cycle,779465,CDP,73759,Jambi City,City,South East Asia & Oceania,Indonesia,Public,Q4.10,"Provide details of the household access to water, sanitation services and water consumption in your jurisdiction.",1,Response,Data is available for the average household water consumption in litres per capita per day|Data is available for the percentage of households with access to safely managed drinking water services|Data is available for the percentage of households with access to safely managed sanitation services,73.46,3.15,90.0,Data ini diperoleh dari Kota Jambi dalam Angka tahun 2021 dan Laporan Pertanggungjawaban Wali Kota Jambi tahun 2021.
2025 Disclosure Cycle,779465,CDP,73763,San Carlos City,City,South East Asia & Oceania,Philippines,Public,Q4.10,"Provide details of the household access to water, sanitation services and water consumption in your jurisdiction.",1,Response,Data is available for the percentage of households with access to safely managed drinking water services|Data is available for the average household water consumption in litres per capita per day,,,,
2025 Disclosure Cycle,779465,CDP,73782,Thimphu,City,India,Bhutan,Public,Q4.10,"Provide details of the household access to water, sanitation services and water consumption in your jurisdiction.",1,Response,Data is available for the average household water consumption in litres per capita per day,,,135,
2025 Disclosure Cycle,779465,CDP,73795,Girardota,City,Latin America,Colombia,Public,Q4.10,"Provide details of the household access to water, sanitation services and water consumption in your jurisdiction.",1,Response,Data is available for the percentage of households with access to safely managed drinking water services|Data is available for the percentage of households with access to safely managed sanitation services,60,10,,El municipio de Girardota no cuenta con saneamiento básico en la zona rural
2025 Disclosure Cycle,779465,CDP,73810,"Miami-Dade, FL",City,North America,United States of America,Public,Q4.10,"Provide details of the household access to water, sanitation services and water consumption in your jurisdiction.",1,Response,Data is available for the percentage of households with access to safely managed drinking water services|Data is available for the percentage of households with access to safely managed sanitation services|Data is available for the average household water consumption in litres per capita per day,100.0,100.0,542.0,Data provided by Miami-County Water and Sewer Department.
2025 Disclosure Cycle,779465,CDP,73892,Holbæk Municipality,City,Europe,Denmark,Public,Q4.10,"Provide details of the household access to water, sanitation services and water consumption in your jurisdiction.",1,Response,None of the above data is available to report,,,,
2025 Disclosure Cycle,779465,CDP,74296,Pekalongan,City,South East Asia & Oceania,Indonesia,Public,Q4.10,"Provide details of the household access to water, sanitation services and water consumption in your jurisdiction.",1,Response,Data is available for the percentage of households with access to safely managed drinking water services|Data is available for the percentage of households with access to safely managed sanitation services|Data is available for the average household water consumption in litres per capita per day,52.61,0.71,150,Persentase rumah tangga yang memiliki akses sanitasi yang dikelola dengan aman masih sangat sedikit
2025 Disclosure Cycle,779465,CDP,74302,Bandar Lampung City,City,South East Asia & Oceania,Indonesia,Public,Q4.10,"Provide details of the household access to water, sanitation services and water consumption in your jurisdiction.",1,Response,Data is available for the average household water consumption in litres per capita per day|Data is available for the percentage of households with access to safely managed drinking water services|Data is available for the percentage of households with access to safely managed sanitation services,98,5.59,180000,"In 2024, 98% of households had access to safely managed drinking water services, while only 5.59% had access to safely managed sanitation services. Household water consumption was recorded at 180,000 litres per capita per day, highlighting significant disparities between water access and sanitation services."
2025 Disclosure Cycle,779465,CDP,74317,Surat Thani Municipality,City,South East Asia & Oceania,Thailand,Public,Q4.10,"Provide details of the household access to water, sanitation services and water consumption in your jurisdiction.",1,Response,Data is available for the average household water consumption in litres per capita per day,,,461,"-ข้อมูลการใช้น้ำประปาของประชาชนในพื้นที่เทศบาลนครสุราษฎร์ธานี โดยมีน้ำประปาที่ใช้วันละ 78,502.87 ลบ.ม./วัน โดยเทศบาลฯ มีประชากรตามทะเบียนราษฎร์ และประชากรแฟงอยู่ที่ 170,151 คน "
2025 Disclosure Cycle,779465,CDP,74325,Pontianak,City,South East Asia & Oceania,Indonesia,Public,Q4.10,"Provide details of the household access to water, sanitation services and water consumption in your jurisdiction.",1,Response,Data is available for the percentage of households with access to safely managed sanitation services|Data is available for the percentage of households with access to safely managed drinking water services,85,96.12,,"Household access to water, sanitation services, and water consumption in the jurisdiction of Pontianak City is good and needs to be improved with action is integrated into existing programs/activities in Pontianak City, including: Management and Development of Domestic Wastewater Systems in Regency/City Areas, Rehabilitation/Improvement/Expansion of Centralized Domestic Wastewater Management Systems on a City Scale, and Construction of Domestic Communal IPAL"
2025 Disclosure Cycle,779465,CDP,74332,Manado City,City,South East Asia & Oceania,Indonesia,Public,Q4.10,"Provide details of the household access to water, sanitation services and water consumption in your jurisdiction.",1,Response,Data is available for the percentage of households with access to safely managed sanitation services|Data is available for the percentage of households with access to safely managed drinking water services,100,99,,"Hampir semua rumah tangga di Manado sudah memiliki akses ke air minum layak (100% pada 2024) dan sanitasi layak (99,9% pada 2024). Konsumsi air diproyeksikan terus meningkat seiring pertumbuhan penduduk, dengan kebutuhan mencapai sekitar 29,3 juta liter/hari pada 2045.\n"
2025 Disclosure Cycle,779465,CDP,74334,Cirebon City,City,South East Asia & Oceania,Indonesia,Public,Q4.10,"Provide details of the household access to water, sanitation services and water consumption in your jurisdiction.",1,Response,Data is available for the average household water consumption in litres per capita per day|Data is available for the percentage of households with access to safely managed drinking water services|Data is available for the percentage of households with access to safely managed sanitation services,83.66,86.05,120,"The data indicates that access to basic drinking water and sanitation services in Cirebon City is relatively strong, with 83.66% of households having access to safely managed drinking water services and 86.05% having access to safely managed sanitation services. While these figures show good progress, they also highlight that around 16-17% of households remain underserved and require further attention. Meanwhile, household water consumption at 120 liters per capita per day is within the typical range for urban areas but underscores the need for continued efforts to promote efficient water use, especially in the context of growing demand and climate-related pressures. Overall, the data reflects positive achievements, yet ongoing improvements are still necessary to reach universal and sustainable service coverage."
2025 Disclosure Cycle,779465,CDP,74346,Bengkulu City,City,South East Asia & Oceania,Indonesia,Public,Q4.10,"Provide details of the household access to water, sanitation services and water consumption in your jurisdiction.",1,Response,Data is available for the average household water consumption in litres per capita per day,,,7727913,"The need for clean drinking water in Bengkulu City is increasing along with population growth, this causes an increase in the budget needed to support these activities."
2025 Disclosure Cycle,779465,CDP,74350,Jayapura City,City,South East Asia & Oceania,Indonesia,Public,Q4.10,"Provide details of the household access to water, sanitation services and water consumption in your jurisdiction.",1,Response,Data is available for the percentage of households with access to safely managed sanitation services|Data is available for the percentage of households with access to safely managed drinking water services,75.7,74.3,,Data from the Jayapura City Statistics Agency \n\n(https://jayapurakota.bps.go.id/id/statistics-table/2/MjIxIzI=/individual-consumption-outcome-data-and-indicators-in-jayapura-municipality.html)\n\n(https://jayapurakota.bps.go.id/id/statistics-table/2/MjE1IzI=/percentage-of-household-with-access-to-improved-sanitation-services-in-jayapura-municipality.html)
2025 Disclosure Cycle,779465,CDP,74371,Himeji,City,Japan,Japan,Public,Q4.10,"Provide details of the household access to water, sanitation services and water consumption in your jurisdiction.",1,Response,Data is available for the percentage of households with access to safely managed sanitation services|Data is available for the percentage of households with access to safely managed drinking water services|Data is available for the average household water consumption in litres per capita per day,99.7,93.3,310,　
2025 Disclosure Cycle,779465,CDP,74401,"City of Encinitas, CA",City,North America,United States of America,Public,Q4.10,"Provide details of the household access to water, sanitation services and water consumption in your jurisdiction.",1,Response,Data is available for the average household water consumption in litres per capita per day,,,567.81,Encinitas has two water districts within the City. The City typically reports consumption in gallons per capita per day for both water districts. This metric includes synthesized data for both districts. Our 2024 data is an average of 150 gallons per capita per day which is equivalent to 567.81 liters.
2025 Disclosure Cycle,779465,CDP,74414,"Boulder County, CO",City,North America,United States of America,Public,Q4.10,"Provide details of the household access to water, sanitation services and water consumption in your jurisdiction.",1,Response,None of the above data is available to report,,,,"It is very difficult to compile this data for unincorporated residents. However, please see the following information:For drinking water, services, we have over 60 water providers in the county and around 10k private wells. In addition, we also have small drinking water providers that service small communities, such as mobile home parks, that are often in and out of compliance during inspections by CDPHE or with routine sampling results. These may not all be safely managed. For sanitation, similar to drinking water there are several sanitary sewer providers and about 14k properties onsite wastewater systems (aka septic). The data exists, but is very hard to pull together. We have some properties with unapproved OWTS so those would not be considered as safely managed. For water consumption, there is no way to compile this data for Unincorporated County residents that are serviced by private wells. "
2025 Disclosure Cycle,779465,CDP,74418,"Town of Breckenridge, CO",City,North America,United States of America,Public,Q4.10,"Provide details of the household access to water, sanitation services and water consumption in your jurisdiction.",1,Response,Data is available for the percentage of households with access to safely managed sanitation services|Data is available for the percentage of households with access to safely managed drinking water services,100.0,100.0,,
2025 Disclosure Cycle,779465,CDP,74462,"Village of Oak Park, IL",City,North America,United States of America,Public,Q4.10,"Provide details of the household access to water, sanitation services and water consumption in your jurisdiction.",1,Response,Data is available for the percentage of households with access to safely managed drinking water services|Data is available for the percentage of households with access to safely managed sanitation services|Data is available for the average household water consumption in litres per capita per day,100.0,100.0,749.5,n/a
2025 Disclosure Cycle,779465,CDP,74531,"Santa Fe County, NM",City,North America,United States of America,Public,Q4.10,"Provide details of the household access to water, sanitation services and water consumption in your jurisdiction.",1,Response,Data is available for the percentage of households with access to safely managed drinking water services|Data is available for the percentage of households with access to safely managed sanitation services|Data is available for the average household water consumption in litres per capita per day,97.5,99,352,"The Percentage of households with access to safe drinking water is derived from national-level data. (https://ourworldindata.org/grapher/proportion-using-safely-managed-drinking-water?tab=chart&country=~USA) Santa Fe County oversees domestic well monitoring and testing for contaminants such as PFAs. Due to the rural nature of the County, a sizeable proportion of the population obtains their water from wells. Even including the limited scope of potential PFAs contamination within the community of La Cienega, it is anticipated that the percentage of County residents with access to safe drinking water exceeds 97.5%. Household water consumption is derived from the 2024 Santa Fe Water Annual Report. \n\nSanitation values are derived from national-level data (https://ajph.aphapublications.org/doi/full/10.2105/AJPH.2020.305833). The majority of households are either connected to municipal waste management operations or utilize septic systems. As part of the County Sustainable Land Development Code regulation is in place to prevent groundwater contamination from septic systems. \n\n\nHousehold Water Consumption derived from the 2024 City of Santa Fe Annual Water Report (https://santafenm.gov/media/files/public_works/SantaFe2024AnnualReport.pdf) "
2025 Disclosure Cycle,779465,CDP,74539,"City of Oberlin, OH",City,North America,United States of America,Public,Q4.10,"Provide details of the household access to water, sanitation services and water consumption in your jurisdiction.",1,Response,Data is available for the percentage of households with access to safely managed drinking water services,100.0,,,The city of Oberlin maintains its own water treatment facility. All residents have access. For anyone who can't afford to pay their bills there is also funding available to support them.
2025 Disclosure Cycle,779465,CDP,74540,"Village of Hastings-on-Hudson, NY",City,North America,United States of America,Public,Q4.10,"Provide details of the household access to water, sanitation services and water consumption in your jurisdiction.",1,Response,Data is available for the percentage of households with access to safely managed sanitation services|Data is available for the percentage of households with access to safely managed drinking water services,100,100,,
2025 Disclosure Cycle,779465,CDP,74560,"City of Moab, UT",City,North America,United States of America,Public,Q4.10,"Provide details of the household access to water, sanitation services and water consumption in your jurisdiction.",1,Response,Data is available for the percentage of households with access to safely managed drinking water services,100,,,The City provides water service to residents.
2025 Disclosure Cycle,779465,CDP,74568,"City of Shoreline, WA",City,North America,United States of America,Public,Q4.10,"Provide details of the household access to water, sanitation services and water consumption in your jurisdiction.",1,Response,Data is available for the percentage of households with access to safely managed sanitation services|Data is available for the percentage of households with access to safely managed drinking water services,100.0,100.0,,Does not include unhoused persons.
2025 Disclosure Cycle,779465,CDP,74575,"Dane County, WI",City,North America,United States of America,Public,Q4.10,"Provide details of the household access to water, sanitation services and water consumption in your jurisdiction.",1,Response,Data is available for the percentage of households with access to safely managed sanitation services|Data is available for the percentage of households with access to safely managed drinking water services,100,99,,
2025 Disclosure Cycle,779465,CDP,74594,"City of Boynton Beach, FL",City,North America,United States of America,Public,Q4.10,"Provide details of the household access to water, sanitation services and water consumption in your jurisdiction.",1,Response,None of the above data is available to report,,,,"While exact data are unavailable, it can be assumed that all residents in the community have access to safely managed drinking water and sanitation services."
2025 Disclosure Cycle,779465,CDP,74670,Antalya Metropolitan Municipality,City,UKWW,Türkiye,Public,Q4.10,"Provide details of the household access to water, sanitation services and water consumption in your jurisdiction.",1,Response,Data is available for the percentage of households with access to safely managed sanitation services|Data is available for the average household water consumption in litres per capita per day|Data is available for the percentage of households with access to safely managed drinking water services,100.0,85,349,All data was obtained from the Turkish Statistical Institute's data portal. The data is from 2022.
2025 Disclosure Cycle,779465,CDP,74671,Kadıköy,City,UKWW,Türkiye,Public,Q4.10,"Provide details of the household access to water, sanitation services and water consumption in your jurisdiction.",1,Response,Data is available for the percentage of households with access to safely managed drinking water services|Data is available for the average household water consumption in litres per capita per day|Data is available for the percentage of households with access to safely managed sanitation services,100,100,190,"https://data.tuik.gov.tr/Bulten/Index?p=Su-ve-Atiksu-Istatistikleri-2022-49607#:~:text=Belediyeler%20taraf%C4%B1ndan%20i%C3%A7me%20ve%20kullanma,210%20litre%20oldu%C4%9Fu%20tespit%20edildi."
2025 Disclosure Cycle,779465,CDP,74672,Nilüfer Municipality,City,UKWW,Türkiye,Public,Q4.10,"Provide details of the household access to water, sanitation services and water consumption in your jurisdiction.",1,Response,Data is available for the average household water consumption in litres per capita per day,,,20918359.0,Total household water consumpion adresses \'m3/year\' in 2019.
2025 Disclosure Cycle,779465,CDP,74673,İzmir Metropolitan Municipality,City,UKWW,Türkiye,Public,Q4.10,"Provide details of the household access to water, sanitation services and water consumption in your jurisdiction.",1,Response,Data is available for the average household water consumption in litres per capita per day,,,156,
2025 Disclosure Cycle,779465,CDP,74690,Municipality of L'Hospitalet de Llobregat,City,Europe,Spain,Public,Q4.10,"Provide details of the household access to water, sanitation services and water consumption in your jurisdiction.",1,Response,Data is available for the average household water consumption in litres per capita per day|Data is available for the percentage of households with access to safely managed sanitation services|Data is available for the percentage of households with access to safely managed drinking water services,100,100,92.06,Fuente datos Aguas de Barcelona
2025 Disclosure Cycle,779465,CDP,74698,Beira,City,UKWW,Mozambique,Public,Q4.10,"Provide details of the household access to water, sanitation services and water consumption in your jurisdiction.",1,Response,None of the above data is available to report,,,,Sem dados a fornecer.
2025 Disclosure Cycle,779465,CDP,826129,Ayuntamiento de Jesús María,City,Latin America,Mexico,Public,Q4.10,"Provide details of the household access to water, sanitation services and water consumption in your jurisdiction.",1,Response,Data is available for the percentage of households with access to safely managed drinking water services,95.0,,,La mayoria de las viviendas cuentan con servicios de agua potable 
2025 Disclosure Cycle,779465,CDP,826208,Junta Intermunicipal de Medio Ambiente de Sierra Occidental y Costa (JISOC),City,Latin America,Mexico,Public,Q4.10,"Provide details of the household access to water, sanitation services and water consumption in your jurisdiction.",1,Response,Data is available for the percentage of households with access to safely managed drinking water services,89.0,,,En este conteo no se enlista el municipio de Puerto Vallarta
2025 Disclosure Cycle,779465,CDP,826211,Junta Intermunicipal de Medio Ambiente Altos Sur (JIAS),City,Latin America,Mexico,Public,Q4.10,"Provide details of the household access to water, sanitation services and water consumption in your jurisdiction.",1,Response,Data is available for the percentage of households with access to safely managed drinking water services,22.6,,,"El municipio con mayor número de hogares sin servicio de agua potable es Acatic con el 3.8% de los hogares que representa el 17.5% de sus habitantes.\nCañadas de Obregón en el municipio con mayor porcentaje de habitantes sin drenaje y escusado con un 1.7% de la población.\nFUENTE: Ficha IIEG, Diagnostico de la región altos Sur 2023"
2025 Disclosure Cycle,779465,CDP,826212,JIRCO,City,Latin America,Mexico,Public,Q4.10,"Provide details of the household access to water, sanitation services and water consumption in your jurisdiction.",1,Response,Data is available for the percentage of households with access to safely managed sanitation services|Data is available for the percentage of households with access to safely managed drinking water services,99,98,,"Datos tomados del CENSO de población 2020. Instituto Nacional de Estadística, Geografía e Informática. INEGI 2020"
2025 Disclosure Cycle,779465,CDP,826217,Prefeitura de Francisco Morato,City,Latin America,Brazil,Public,Q4.10,"Provide details of the household access to water, sanitation services and water consumption in your jurisdiction.",1,Response,Data is available for the percentage of households with access to safely managed drinking water services,95.0,,,A distribuição de água potável é serviço oferecido por empresa de saneamento Sabesp
2025 Disclosure Cycle,779465,CDP,826396,Municipality of Sintra,City,Europe,Portugal,Public,Q4.10,"Provide details of the household access to water, sanitation services and water consumption in your jurisdiction.",1,Response,Data is available for the percentage of households with access to safely managed drinking water services|Data is available for the average household water consumption in litres per capita per day|Data is available for the percentage of households with access to safely managed sanitation services,100.0,95,149,
2025 Disclosure Cycle,779465,CDP,826405,Municipality of Maia,City,Europe,Portugal,Public,Q4.10,"Provide details of the household access to water, sanitation services and water consumption in your jurisdiction.",1,Response,Data is available for the percentage of households with access to safely managed sanitation services|Data is available for the percentage of households with access to safely managed drinking water services|Data is available for the average household water consumption in litres per capita per day,100.0,99.0,107.58,Os dados fornecidos são valores municipais referentes a 2024. 
2025 Disclosure Cycle,779465,CDP,826425,Municipality of Caldas da Rainha,City,Europe,Portugal,Public,Q4.10,"Provide details of the household access to water, sanitation services and water consumption in your jurisdiction.",1,Response,Data is available for the percentage of households with access to safely managed drinking water services|Data is available for the percentage of households with access to safely managed sanitation services,100,91,,"De acordo com dados dos SMAS reportados à Entidade Reguladora dos Serviços de Águas e Resíduos (ERSAR), a percentagem (%) de água segura é de 99,39 (refere-se à qualidade da água distribuída no concelho das Caldas da Rainha). É definido como a percentagem de água controlada e de boa qualidade, sendo esta o produto da percentagem de cumprimento da frequência de amostragem pela percentagem de cumprimento dos valores paramétricos fixados na legislação dos parâmetros sujeitos a controlo de rotina 1, controlo de rotina 2 e controlo de inspeção, tal como definido nos Planos de Controlo da Qualidade da Água aprovados pela ERSAR, nos termos do Decreto-Lei n.º 306/2007, de 27 de agosto, alterado pelo Decreto-Lei n.º 152/2017, de 7 de dezembro. Os Indicadores da qualidade de serviço para o abastecimento de água (AA) e serviço de águas residuais (AR) referem acessibilidades físicas ao serviço de 97 e 94%, respetivamente. "
2025 Disclosure Cycle,779465,CDP,826429,Municipality of Figueira da Foz,City,Europe,Portugal,Public,Q4.10,"Provide details of the household access to water, sanitation services and water consumption in your jurisdiction.",1,Response,Data is available for the average household water consumption in litres per capita per day|Data is available for the percentage of households with access to safely managed drinking water services|Data is available for the percentage of households with access to safely managed sanitation services,100,95,160,O abastecimento de água e o saneamento das águas residuais domésticas no Município da Figueira da Foz é gerido pela empresa Águas da Figueira. Esta empresa cumpre com a legislação ambiental nesta matéria e publica trimestralmente os respetivos relatórios com os resultados obtidos.
2025 Disclosure Cycle,779465,CDP,826431,Municipality of Loulé,City,Europe,Portugal,Public,Q4.10,"Provide details of the household access to water, sanitation services and water consumption in your jurisdiction.",1,Response,Data is available for the percentage of households with access to safely managed sanitation services|Data is available for the average household water consumption in litres per capita per day|Data is available for the percentage of households with access to safely managed drinking water services,76,76,159.35,"Obs. 1) Proporção de alojamentos servidos por abastecimento de água (%), dados da Entidade Reguladora de Serviços de Água e Resíduos (ERSAR), última atualização em 2023. Sobre este indicador, é de salientar que, nas zonas mais interiores do município de Loulé (Barrocal e Serra), existem muitas habitações e/ou conjuntos de habitações isolados e dispersos, onde muitas vezes não é técnica ou economicamente viável construir redes integradas nos sistemas públicos de abastecimento, pelo que se encontram servidas normalmente por soluções individuais, com captações próprias., Contudo, o município tem vindo gradualmente a ampliar a rede publica de abastecimento para colmatar e minimizar essas situações: https://www.sulinformacao.pt/2021/06/monte-seco-cumpre-sonho-de-ter-agua-e-saneamento-basico/ Obs. 2) Proporção de alojamentos servidos por drenagem de águas residuais (%), dados da ERSAR, 2023.Obs. 3) Água distribuída/consumida por habitante, dados do município de 2023. Sobre este indicador, é de salientar que em Loulé, tal como em toda a região do Algarve, a sazonalidade turística é determinante, sendo o elevado consumo diário de água influenciado e justificado pela pressão da atividade turística na região (em época alta, a população presente no território municipal triplica), "
2025 Disclosure Cycle,779465,CDP,826446,City of Bradford,City,UKWW,United Kingdom,Public,Q4.10,"Provide details of the household access to water, sanitation services and water consumption in your jurisdiction.",1,Response,None of the above data is available to report|Data is available for the average household water consumption in litres per capita per day|Data is available for the percentage of households with access to safely managed sanitation services|Data is available for the percentage of households with access to safely managed drinking water services,100,97.7,140,"Household Access to Water\nUniversal access: Nearly all households in Bradford District have access to piped, treated water through Yorkshire Water, the regional utility provider.\n\nWater quality: Yorkshire Water consistently meets UK drinking water standards, with regular monitoring for contaminants and supply reliability.\n\nInfrastructure challenges: Some older housing stock may face issues with pipe leakage or inefficient plumbing, which can affect water pressure and consumption.\n\nSanitation Services\nSewerage coverage: Bradford has extensive coverage of mains sewerage systems, managed by Yorkshire Water.\n\nWastewater treatment: Facilities like the Esholt Wastewater Treatment Works serve the district, treating domestic and industrial wastewater before discharge.\n\nFlooding & overflow risks: Climate change has increased the risk of surface water flooding, which can overwhelm combined sewer systems and affect sanitation.\n\nThe link below provides further details on sanitation: \nhttps://sdgdata.gov.uk/6-2-1/\nhttps://www.yorkshirewater.com/\n\n\nhttps://www.yorkshirewater.com/\n\nWater Consumption in Bradford\nAverage household use: Estimated at 130-150 litres per person per day. This information is derived from UK national average.\n\nLink below provides more details on proportion of households with safely managed drinking water:\nhttps://sdgdata.gov.uk/6-1-1/\n\nHigh consumption areas: Larger households and older homes with inefficient fixtures tend to consume more.\n\nWater-saving initiatives:\n\nYorkshire Water offers free water-saving kits to Bradford residents.\n\nLocal campaigns promote metering, low-flow appliances, and rainwater harvesting.\n\nIn addition to the information above, the number of known Private Water Supplies (PWS) is as follows:\n\n218 - Single Property Supplies\n94 - Small Domestic Supplies\n79 - Commercial/Large Domestic Supplies\n\nTotal: 391 known supplies. It is likely that there are many unknown supplies within the District\n"
2025 Disclosure Cycle,779465,CDP,831234,"City of Fredericton, NB",City,North America,Canada,Public,Q4.10,"Provide details of the household access to water, sanitation services and water consumption in your jurisdiction.",1,Response,Data is available for the percentage of households with access to safely managed sanitation services|Data is available for the percentage of households with access to safely managed drinking water services|Data is available for the average household water consumption in litres per capita per day,100.0,100.0,340,"The City of Fredericton provides safely managed drinking water and sanitation services to all but 2,250 households in the City limits. Those households would be on well and septic systems and it is assumed that they have access to safe drinking water and sanitation. Household water consumption was determined by dividing by the number of connections; however, not all connections are residential (some commercial). "
2025 Disclosure Cycle,779465,CDP,831431,Cornwall Council,City,UKWW,United Kingdom,Public,Q4.10,"Provide details of the household access to water, sanitation services and water consumption in your jurisdiction.",1,Response,Data is available for the average household water consumption in litres per capita per day,,,158,https://www.southwestwater.co.uk/household/your-services/your-water data from South West Water and Environment Agency (2021-22)
2025 Disclosure Cycle,779465,CDP,831674,Municipality of Amarante,City,Europe,Portugal,Public,Q4.10,"Provide details of the household access to water, sanitation services and water consumption in your jurisdiction.",1,Response,Data is available for the percentage of households with access to safely managed sanitation services|Data is available for the percentage of households with access to safely managed drinking water services|Data is available for the average household water consumption in litres per capita per day,92.0,77.0,167.0,"1 -Os dados foram recolhidos junto da atual Entidade Gestora do sistema de abastecimento de água no Município, a Águas do Norte, sendo a informação actualizada à data de junho de 2023. 2- Os dados foram recolhidos junto da atual Entidade Gestora do sistema de saneamento no Município, a Águas do Norte, sendo a informação actualizada à data de junho de 2023.3 - Os dados foram recolhidos junto da atual Entidade Gestora do sistema de abastecimento de água no Município, a Águas do Norte, sendo a informação actualizada em 2022."
2025 Disclosure Cycle,779465,CDP,831812,Municipalidad de Puerto Barrios,City,Latin America,Guatemala,Public,Q4.10,"Provide details of the household access to water, sanitation services and water consumption in your jurisdiction.",1,Response,Data is available for the percentage of households with access to safely managed drinking water services,40,,,
2025 Disclosure Cycle,779465,CDP,831923,Muğla,City,UKWW,Türkiye,Public,Q4.10,"Provide details of the household access to water, sanitation services and water consumption in your jurisdiction.",1,Response,Data is available for the average household water consumption in litres per capita per day|None of the above data is available to report,,,0,.
2025 Disclosure Cycle,779465,CDP,831952,Municipalidad de Portoviejo,City,Latin America,Ecuador,Public,Q4.10,"Provide details of the household access to water, sanitation services and water consumption in your jurisdiction.",1,Response,Data is available for the percentage of households with access to safely managed drinking water services|Data is available for the percentage of households with access to safely managed sanitation services,88,26,,"Actualmente se continúa en desarrollo e implementación del proyecto Agua para las parroquias rurales, lo que asegurará la totalidad de acceso en el cantón a este servicio indispensable. Es un gran hito que se ha logrado. Se han iniciado los trabajos en territorio."
2025 Disclosure Cycle,779465,CDP,831999,Municipalidad de Monteverde,City,Latin America,Costa Rica,Public,Q4.10,"Provide details of the household access to water, sanitation services and water consumption in your jurisdiction.",1,Response,None of the above data is available to report,,,,
2025 Disclosure Cycle,779465,CDP,832078,Municipality of Mafra,City,Europe,Portugal,Public,Q4.10,"Provide details of the household access to water, sanitation services and water consumption in your jurisdiction.",1,Response,Data is available for the percentage of households with access to safely managed sanitation services|Data is available for the percentage of households with access to safely managed drinking water services,100,89,,"Os dados apresentados estão em conformidade com o relatório ISM 2025, ODS 6, indicadores 6.1.1 e 6.2.1"
2025 Disclosure Cycle,779465,CDP,832300,North Tyneside Council,City,UKWW,United Kingdom,Public,Q4.10,"Provide details of the household access to water, sanitation services and water consumption in your jurisdiction.",1,Response,Data is available for the percentage of households with access to safely managed drinking water services|Data is available for the average household water consumption in litres per capita per day|Data is available for the percentage of households with access to safely managed sanitation services,100.0,100.0,152.7,"Data taken from Northumbrian Water Group's Annual Performance Report 2024/25. Northumbrian Water is responsible for providing water and sanitation services to the North East region. Water supply in North East England is particularly resilient to future climate change, due to the Kielder Reservoir, and it is expected that the water resource zone will be in a supply surplus up to the end of the current Northumbrian Water Resources Management Plan period. This means that there is widespread borough wide access to safely managed drinking water and sanitation services. Data also applies to neighbouring jurisdictions as well as North Tyneside. The Annual Performance Report in full can be found here https://www.nwg.co.uk/globalassets/corporate/apr/2025/nwl-annual-performance-report-2024-25.pdf"
2025 Disclosure Cycle,779465,CDP,832508,Hartlepool Borough Council,City,UKWW,United Kingdom,Public,Q4.10,"Provide details of the household access to water, sanitation services and water consumption in your jurisdiction.",1,Response,None of the above data is available to report,,,,No Commen
2025 Disclosure Cycle,779465,CDP,832610,"Orange County, NC",City,North America,United States of America,Public,Q4.10,"Provide details of the household access to water, sanitation services and water consumption in your jurisdiction.",1,Response,None of the above data is available to report,,,,
2025 Disclosure Cycle,779465,CDP,832838,"Town of Wellfleet, MA",City,North America,United States of America,Public,Q4.10,"Provide details of the household access to water, sanitation services and water consumption in your jurisdiction.",1,Response,None of the above data is available to report,,,,
2025 Disclosure Cycle,779465,CDP,833284,West Midlands Combined Authority,City,UKWW,United Kingdom,Public,Q4.10,"Provide details of the household access to water, sanitation services and water consumption in your jurisdiction.",1,Response,None of the above data is available to report,,,,
2025 Disclosure Cycle,779465,CDP,834058,Bogor Regency,City,South East Asia & Oceania,Indonesia,Public,Q4.10,"Provide details of the household access to water, sanitation services and water consumption in your jurisdiction.",1,Response,Data is available for the percentage of households with access to safely managed sanitation services|Data is available for the percentage of households with access to safely managed drinking water services,12.81,1.4,,
2025 Disclosure Cycle,779465,CDP,834083,"City of Eau Claire, WI",City,North America,United States of America,Public,Q4.10,"Provide details of the household access to water, sanitation services and water consumption in your jurisdiction.",1,Response,None of the above data is available to report,,,,No data
2025 Disclosure Cycle,779465,CDP,834094,City of Ligao,City,South East Asia & Oceania,Philippines,Public,Q4.10,"Provide details of the household access to water, sanitation services and water consumption in your jurisdiction.",1,Response,Data is available for the percentage of households with access to safely managed drinking water services,85.61,,,Based on CBMS Census 2016-2017
2025 Disclosure Cycle,779465,CDP,834120,City of Tanjungpinang,City,South East Asia & Oceania,Indonesia,Public,Q4.10,"Provide details of the household access to water, sanitation services and water consumption in your jurisdiction.",1,Response,Data is available for the average household water consumption in litres per capita per day|Data is available for the percentage of households with access to safely managed sanitation services|Data is available for the percentage of households with access to safely managed drinking water services,100.0,89.19,110.0,
2025 Disclosure Cycle,779465,CDP,834126,Dobong-gu District of Seoul,City,South East Asia & Oceania,Korea (The Republic of),Public,Q4.10,"Provide details of the household access to water, sanitation services and water consumption in your jurisdiction.",1,Response,Data is available for the average household water consumption in litres per capita per day|Data is available for the percentage of households with access to safely managed drinking water services,100.0,,269.0,Dobong-gu water supply rate is 100% and all residents can use drinking water service (water supply) that is safely managedhttps://data.seoul.go.kr/dataList/345/S/2/datasetView.do
2025 Disclosure Cycle,779465,CDP,834142,George Local Municipality,City,UKWW,South Africa,Public,Q4.10,"Provide details of the household access to water, sanitation services and water consumption in your jurisdiction.",1,Response,Data is available for the percentage of households with access to safely managed drinking water services|Data is available for the percentage of households with access to safely managed sanitation services,97.1,97.0,,Data captured in 2021
2025 Disclosure Cycle,779465,CDP,834161,Kinmen County Government,City,China,East Asia,Public,Q4.10,"Provide details of the household access to water, sanitation services and water consumption in your jurisdiction.",1,Response,Data is available for the percentage of households with access to safely managed sanitation services|Data is available for the average household water consumption in litres per capita per day|Data is available for the percentage of households with access to safely managed drinking water services,99.35,40.52,191,依據金門縣自來水廠111年統計年報，2022年用水普及率為99.35%，每人每日生活用水量約為191公升。\n\n而根據內政部國土管理署的用戶接管普及率及污水處理率統計一覽表，2022年12月底金門縣整體汙水處理率約40.52%。
2025 Disclosure Cycle,779465,CDP,834261,Municipality of Irapuato,City,Latin America,Mexico,Public,Q4.10,"Provide details of the household access to water, sanitation services and water consumption in your jurisdiction.",1,Response,Data is available for the percentage of households with access to safely managed drinking water services|Data is available for the average household water consumption in litres per capita per day,77.61,,181.0,dato de 2021
2025 Disclosure Cycle,779465,CDP,834273,Municipality of Lautaro,City,Latin America,Chile,Public,Q4.10,"Provide details of the household access to water, sanitation services and water consumption in your jurisdiction.",1,Response,Data is available for the percentage of households with access to safely managed drinking water services,80,,,Se proyecta que la población sin acceso a agua potable disminuya con las políticas públicas implementadas a nivel país. 
2025 Disclosure Cycle,779465,CDP,834280,Municipality of Pérez,City,Latin America,Argentina,Public,Q4.10,"Provide details of the household access to water, sanitation services and water consumption in your jurisdiction.",1,Response,Data is available for the percentage of households with access to safely managed drinking water services|Data is available for the percentage of households with access to safely managed sanitation services,58.5,23,,ninguno\n
2025 Disclosure Cycle,779465,CDP,834284,Municipality of Salamanca,City,Latin America,Mexico,Public,Q4.10,"Provide details of the household access to water, sanitation services and water consumption in your jurisdiction.",1,Response,Data is available for the percentage of households with access to safely managed sanitation services|Data is available for the average household water consumption in litres per capita per day|Data is available for the percentage of households with access to safely managed drinking water services,86,98.3,418.212,El municipio cuenta con estos datos mediante la generación del censo de población y vivienda 2020 y datos municipales del comité de agua y alcantarillado para el año 2023
2025 Disclosure Cycle,779465,CDP,834339,Odawara City,City,Japan,Japan,Public,Q4.10,"Provide details of the household access to water, sanitation services and water consumption in your jurisdiction.",1,Response,None of the above data is available to report,,,,
2025 Disclosure Cycle,779465,CDP,834347,Seberang Perai Municipal Council,City,South East Asia & Oceania,Malaysia,Public,Q4.10,"Provide details of the household access to water, sanitation services and water consumption in your jurisdiction.",1,Response,Data is available for the percentage of households with access to safely managed drinking water services,100,,,"PBAPP is implementing its Water Contingency Plan 2030 (WCP 2030) to ensure water supply sufficiency until 2030 but beyond 2030, Penang needs the Perak- Penang Water Project and/or strategic desalination and wastewater recycling projects"
2025 Disclosure Cycle,779465,CDP,834348,Phuentsholing Municipality,City,India,Bhutan,Public,Q4.10,"Provide details of the household access to water, sanitation services and water consumption in your jurisdiction.",1,Response,Data is available for the percentage of households with access to safely managed sanitation services|Data is available for the percentage of households with access to safely managed drinking water services,100,100,,
2025 Disclosure Cycle,779465,CDP,834386,Thung Song Town Municipality,City,South East Asia & Oceania,Thailand,Public,Q4.10,"Provide details of the household access to water, sanitation services and water consumption in your jurisdiction.",1,Response,Data is available for the percentage of households with access to safely managed drinking water services,100,,,no
2025 Disclosure Cycle,779465,CDP,834400,Yasothon Town Municipality,City,South East Asia & Oceania,Thailand,Public,Q4.10,"Provide details of the household access to water, sanitation services and water consumption in your jurisdiction.",1,Response,Data is available for the percentage of households with access to safely managed drinking water services|Data is available for the average household water consumption in litres per capita per day,100,,195,Our city has access to safe water for consumption covering every household in the area. This information was obtained from inquiries with the Yasothon Provincial Waterworks Authority.
2025 Disclosure Cycle,779465,CDP,834515,Şanlıurfa Metropolitan Municipality,City,UKWW,Türkiye,Public,Q4.10,"Provide details of the household access to water, sanitation services and water consumption in your jurisdiction.",1,Response,Data is available for the percentage of households with access to safely managed drinking water services,100,,,No Comment
2025 Disclosure Cycle,779465,CDP,838937,Mersin Metropolitan Municipality,City,UKWW,Türkiye,Public,Q4.10,"Provide details of the household access to water, sanitation services and water consumption in your jurisdiction.",1,Response,Data is available for the percentage of households with access to safely managed drinking water services,100,,,No comment
2025 Disclosure Cycle,779465,CDP,838939,Kocaeli Metropolitan Municipality,City,UKWW,Türkiye,Public,Q4.10,"Provide details of the household access to water, sanitation services and water consumption in your jurisdiction.",1,Response,Data is available for the average household water consumption in litres per capita per day,,,131,"According to İSU General Directorate , the daily average per capita water consumption in Kocaeli is based on 2025 August data."
2025 Disclosure Cycle,779465,CDP,839572,Putrajaya City,City,South East Asia & Oceania,Malaysia,Public,Q4.10,"Provide details of the household access to water, sanitation services and water consumption in your jurisdiction.",1,Response,Data is available for the percentage of households with access to safely managed drinking water services|Data is available for the percentage of households with access to safely managed sanitation services,100,100,,Source: MURNInet Sustainable City Indicators Report
2025 Disclosure Cycle,779465,CDP,839666,Municipio de Escuintla,City,Latin America,Guatemala,Public,Q4.10,"Provide details of the household access to water, sanitation services and water consumption in your jurisdiction.",1,Response,Data is available for the percentage of households with access to safely managed drinking water services|Data is available for the percentage of households with access to safely managed sanitation services,68.0,84.0,,Estos son los datos del censo efectuado 2018 a nivel nacional Porcentaje de hogares que tienen tubería dentro de la vivienda como fuente de agua para consumo el cual se reporta enn un 68.3 %
2025 Disclosure Cycle,779465,CDP,839668,Municipio de Iztapa,City,Latin America,Guatemala,Public,Q4.10,"Provide details of the household access to water, sanitation services and water consumption in your jurisdiction.",1,Response,Data is available for the percentage of households with access to safely managed sanitation services|Data is available for the percentage of households with access to safely managed drinking water services,42.0,83.0,,Estos datos son sacados del censo nacional 2018 Porcentaje de hogares que tienen tubería dentro de la vivienda como fuente de agua para consumo.
2025 Disclosure Cycle,779465,CDP,839669,Municipio de San Jose,City,Latin America,Guatemala,Public,Q4.10,"Provide details of the household access to water, sanitation services and water consumption in your jurisdiction.",1,Response,Data is available for the percentage of households with access to safely managed drinking water services,30.0,,,"Son datos sobre el senso 2,018"
2025 Disclosure Cycle,779465,CDP,840024,Perth and Kinross,City,UKWW,United Kingdom,Public,Q4.10,"Provide details of the household access to water, sanitation services and water consumption in your jurisdiction.",1,Response,Data is available for the percentage of households with access to safely managed drinking water services,100.0,,,"The Scottish Water water quality map indicates that over 90% of households across Perth and Kinross have access to safely managed drinking water services - https://www.scottishwater.co.uk/en/Your-Home/Your-Water/Water-Quality/Water-Quality\n\nDue to the rural nature of Perth and Kinross, a sizeable percentage of properties have private water supplies or septic systems. Scottish Building standards govern these systems and water quality from private supplies are regularly monitored by the Council"
2025 Disclosure Cycle,779465,CDP,840075,Unley City Council,City,South East Asia & Oceania,Australia,Public,Q4.10,"Provide details of the household access to water, sanitation services and water consumption in your jurisdiction.",1,Response,Data is available for the percentage of households with access to safely managed sanitation services|Data is available for the percentage of households with access to safely managed drinking water services,100.0,100.0,,n/a
2025 Disclosure Cycle,779465,CDP,840105,Samdrup Jongkhar Municipality,City,India,Bhutan,Public,Q4.10,"Provide details of the household access to water, sanitation services and water consumption in your jurisdiction.",1,Response,Data is available for the percentage of households with access to safely managed sanitation services|Data is available for the percentage of households with access to safely managed drinking water services,100,100,,
2025 Disclosure Cycle,779465,CDP,840113,Bhavnagar Municipal Corporation,City,India,India,Public,Q4.10,"Provide details of the household access to water, sanitation services and water consumption in your jurisdiction.",1,Response,Data is available for the percentage of households with access to safely managed sanitation services|Data is available for the average household water consumption in litres per capita per day|Data is available for the percentage of households with access to safely managed drinking water services,98,96,145,Refer to Section 3.1 of the Bhavnagar Climate Resilient City Action Plan (page 33-37).
2025 Disclosure Cycle,779465,CDP,840118,Jamnagar Municipal Corporation,City,India,India,Public,Q4.10,"Provide details of the household access to water, sanitation services and water consumption in your jurisdiction.",1,Response,Data is available for the percentage of households with access to safely managed drinking water services|Data is available for the average household water consumption in litres per capita per day|Data is available for the percentage of households with access to safely managed sanitation services,73.41,50,155,-
2025 Disclosure Cycle,779465,CDP,840131,Tiruchirappalli City Municipal Corporation,City,India,India,Public,Q4.10,"Provide details of the household access to water, sanitation services and water consumption in your jurisdiction.",1,Response,Data is available for the percentage of households with access to safely managed drinking water services,100.0,,,100% of the city is covered with piped water supply.
2025 Disclosure Cycle,779465,CDP,840134,Tirunelveli Municipal Corporation,City,India,India,Public,Q4.10,"Provide details of the household access to water, sanitation services and water consumption in your jurisdiction.",1,Response,Data is available for the average household water consumption in litres per capita per day|Data is available for the percentage of households with access to safely managed drinking water services,95,,123.0,
2025 Disclosure Cycle,779465,CDP,840155,Calapan City,City,South East Asia & Oceania,Philippines,Public,Q4.10,"Provide details of the household access to water, sanitation services and water consumption in your jurisdiction.",1,Response,Data is available for the percentage of households with access to safely managed drinking water services,37.24,,,
2025 Disclosure Cycle,779465,CDP,840158,"City of San Fernando, La Union",City,South East Asia & Oceania,Philippines,Public,Q4.10,"Provide details of the household access to water, sanitation services and water consumption in your jurisdiction.",1,Response,Data is available for the percentage of households with access to safely managed drinking water services|Data is available for the percentage of households with access to safely managed sanitation services,99.55,100,,The City have the capacity to managed sanitation services.
2025 Disclosure Cycle,779465,CDP,840161,Municipality of Del Carmen,City,South East Asia & Oceania,Philippines,Public,Q4.10,"Provide details of the household access to water, sanitation services and water consumption in your jurisdiction.",1,Response,Data is available for the average household water consumption in litres per capita per day|Data is available for the percentage of households with access to safely managed drinking water services,50,,37.8541,"Household access to water depends on availability, quality and accessibility. Sanitation services can range from flush toilets connected to sewage systems or composting toilets. Water consumption per household is 10 cubic meter minimum."
2025 Disclosure Cycle,779465,CDP,840170,Nowon-gu Municipal Government of Seoul,City,South East Asia & Oceania,Korea (The Republic of),Public,Q4.10,"Provide details of the household access to water, sanitation services and water consumption in your jurisdiction.",1,Response,Data is available for the average household water consumption in litres per capita per day|Data is available for the percentage of households with access to safely managed sanitation services|Data is available for the percentage of households with access to safely managed drinking water services,100,100,252,"he percentage of households with access to safely managed drinking water services is reported based on the reference year 2024.\nIn Nowon-gu, the water supply coverage rate is 100%, and all residents have access to safely managed drinking water services.\nIn addition, the daily water supply volume of Nowon-gu in 2024 was 125,131 ㎥/day.\n\nSource : https://data.seoul.go.kr/dataList/345/S/2/datasetView.do\n\nAlso, The percentage of households with access to safely managed sanitation services (%) was derived based on the proportion of households connected to the sewer system and appropriately treated at sewage treatment plants, combined with the proportion of households served by septic tanks with properly managed collection and treatment.\n\nThe percentage of households with access to safely managed sanitation services is reported based on the reference year 2023.\nThe sanitation service rate (%) was calculated as:\n\nSewer pipeline coverage rate = 100% (2023)\nTotal number of households = 498,213 (2023)\nSewage treatment rate = 100% (treated properly at sewage treatment plants)\nNight soil treatment rate = 100% (collected from septic tanks and treated properly)\n\nTherefore, the sanitation service rate is 100%.\n\nSource\n1. https://data.seoul.go.kr/dataList/355/S/2/datasetView.do?utm_\n\n2. https://stat.kosis.kr/nsibsHtmlSvc/fileView/FileStbl/fileStblView.do?in_org_id=511&in_tbl_id=DT_511001_FILE2023"
2025 Disclosure Cycle,779465,CDP,840192,Kandy Municipal Council,City,India,Sri Lanka,Public,Q4.10,"Provide details of the household access to water, sanitation services and water consumption in your jurisdiction.",1,Response,Data is available for the average household water consumption in litres per capita per day|Data is available for the percentage of households with access to safely managed drinking water services,100,,150,
2025 Disclosure Cycle,779465,CDP,840194,Tepebaşi Municipality,City,UKWW,Türkiye,Public,Q4.10,"Provide details of the household access to water, sanitation services and water consumption in your jurisdiction.",1,Response,Data is available for the average household water consumption in litres per capita per day,,,93.7,"Water consumption monitoring in ciity is carried out by the ESKİ (Eskişehir Water and Sewerage Authority) Therefore, the data is based on the provincial level."
2025 Disclosure Cycle,779465,CDP,840195,Laholm Municipality,City,Europe,Sweden,Public,Q4.10,"Provide details of the household access to water, sanitation services and water consumption in your jurisdiction.",1,Response,Data is available for the average household water consumption in litres per capita per day,,,140.0,Data retrieved from Svenskt Vatten (Swedish Water)
2025 Disclosure Cycle,779465,CDP,840228,"Town of Davie, FL",City,North America,United States of America,Public,Q4.10,"Provide details of the household access to water, sanitation services and water consumption in your jurisdiction.",1,Response,Data is available for the percentage of households with access to safely managed drinking water services,100,,,
2025 Disclosure Cycle,779465,CDP,840269,"Town of Whitby, ON",City,North America,Canada,Public,Q4.10,"Provide details of the household access to water, sanitation services and water consumption in your jurisdiction.",1,Response,Data is available for the average household water consumption in litres per capita per day,,,150.5,"The Oshawa Drinking Water System provides potable water to consumers in the City of Oshawa, Municipality of Clarington (Courtice urban area), Town of Whitby, Brooklin urban area, Town of Ajax, and City of Pickering. The water supply plant is a Class Four Water Treatment Plant with an approved capacity of 134,000 cubic metres per day (m3/d). This is managed and operated by the Region of Durham.The overall Residential base consumption in the Region of Durham: 220 m3/customer/year (220,000 litres/customer/ year)Source: chrome-extension://efaidnbmnnnibpcajpcglclefindmkaj/https://www.durham.ca/en/resources/en/2025-Consolidated-User-Rates-Business-Plans-and-Budgets-Dec-12-2024-Accessible.pdf"
2025 Disclosure Cycle,779465,CDP,840313,Municipalidad de Cerro Navia,City,Latin America,Chile,Public,Q4.10,"Provide details of the household access to water, sanitation services and water consumption in your jurisdiction.",1,Response,Data is available for the percentage of households with access to safely managed sanitation services|Data is available for the percentage of households with access to safely managed drinking water services,99.9,99.9,,Toda la comuna cuenta con factibilidad técnica de acceso a agua potable y servicio de saneamiento.
2025 Disclosure Cycle,779465,CDP,840427,Hat Yai City Municipality,City,South East Asia & Oceania,Thailand,Public,Q4.10,"Provide details of the household access to water, sanitation services and water consumption in your jurisdiction.",1,Response,Data is available for the average household water consumption in litres per capita per day|Data is available for the percentage of households with access to safely managed sanitation services|Data is available for the percentage of households with access to safely managed drinking water services,100,100,600,เป็นข้อมูลที่เทศบาลนครหาดใหญ่จัดมีการสำรวจและจัดเก็บข้อมูล
2025 Disclosure Cycle,779465,CDP,840428,Hua-Hin Municipality,City,South East Asia & Oceania,Thailand,Public,Q4.10,"Provide details of the household access to water, sanitation services and water consumption in your jurisdiction.",1,Response,None of the above data is available to report,,,,
2025 Disclosure Cycle,779465,CDP,840492,City of Malolos,City,South East Asia & Oceania,Philippines,Public,Q4.10,"Provide details of the household access to water, sanitation services and water consumption in your jurisdiction.",1,Response,None of the above data is available to report,,,,
2025 Disclosure Cycle,779465,CDP,840515,Tangerang Selatan City,City,South East Asia & Oceania,Indonesia,Public,Q4.10,"Provide details of the household access to water, sanitation services and water consumption in your jurisdiction.",1,Response,Data is available for the percentage of households with access to safely managed drinking water services|Data is available for the average household water consumption in litres per capita per day|Data is available for the percentage of households with access to safely managed sanitation services,16,16,80,
2025 Disclosure Cycle,779465,CDP,840521,City of Denizli,City,UKWW,Türkiye,Public,Q4.10,"Provide details of the household access to water, sanitation services and water consumption in your jurisdiction.",1,Response,Data is available for the percentage of households with access to safely managed drinking water services,99.0,,,"Surface water, from sources located fully or partially within city boundaryGround water"
2025 Disclosure Cycle,779465,CDP,840914,Prefeitura de Cáceres (Brasil),City,Latin America,Brazil,Public,Q4.10,"Provide details of the household access to water, sanitation services and water consumption in your jurisdiction.",1,Response,Data is available for the percentage of households with access to safely managed drinking water services|Data is available for the percentage of households with access to safely managed sanitation services,81.99,7.04,,
2025 Disclosure Cycle,779465,CDP,840924,Prefeitura de Alexânia,City,Latin America,Brazil,Public,Q4.10,"Provide details of the household access to water, sanitation services and water consumption in your jurisdiction.",1,Response,None of the above data is available to report,,,,
2025 Disclosure Cycle,779465,CDP,840925,Prefeitura de Indiaroba,City,Latin America,Brazil,Public,Q4.10,"Provide details of the household access to water, sanitation services and water consumption in your jurisdiction.",1,Response,Data is available for the percentage of households with access to safely managed drinking water services,80.0,,,"Pequenas comunidades ainda tem dificuldade de acesso a água potável, a prefeitura municipal está viabilizando a perfuração de mais alguns poços para atender às comunidades desassistidas."
2025 Disclosure Cycle,779465,CDP,840926,Prefeitura de Serra Talhada,City,Latin America,Brazil,Public,Q4.10,"Provide details of the household access to water, sanitation services and water consumption in your jurisdiction.",1,Response,Data is available for the percentage of households with access to safely managed drinking water services,32,,,"Quantitativo fornecido pela compesa, epresa responsavel pelo abastecimento de agua da regiao. Estimativa de 29.440 ligacoes de agua na jurisdicao."
2025 Disclosure Cycle,779465,CDP,840927,Prefeitura de São Cristóvão,City,Latin America,Brazil,Public,Q4.10,"Provide details of the household access to water, sanitation services and water consumption in your jurisdiction.",1,Response,Data is available for the percentage of households with access to safely managed drinking water services,80,,,"Dados indicados pela SAAE, Serviço de Abastecimento de Água e coleta de esgoto municipal."
2025 Disclosure Cycle,779465,CDP,840931,Prefeitura de Cordeirópolis,City,Latin America,Brazil,Public,Q4.10,"Provide details of the household access to water, sanitation services and water consumption in your jurisdiction.",1,Response,Data is available for the percentage of households with access to safely managed drinking water services|Data is available for the percentage of households with access to safely managed sanitation services|Data is available for the average household water consumption in litres per capita per day,100.0,100,180.8,
2025 Disclosure Cycle,779465,CDP,840936,Prefeitura de Guanhães,City,Latin America,Brazil,Public,Q4.10,"Provide details of the household access to water, sanitation services and water consumption in your jurisdiction.",1,Response,None of the above data is available to report,,,,
2025 Disclosure Cycle,779465,CDP,841491,Muar Municipal Council,City,South East Asia & Oceania,Malaysia,Public,Q4.10,"Provide details of the household access to water, sanitation services and water consumption in your jurisdiction.",1,Response,Data is available for the average household water consumption in litres per capita per day,,,232,"Source from Suruhanjaya Perkhidmatan Air Negara SPAN, Water and Sewarage Factbook 2021\n"
2025 Disclosure Cycle,779465,CDP,841525,Blackburn with Darwen Borough Council,City,UKWW,United Kingdom,Public,Q4.10,"Provide details of the household access to water, sanitation services and water consumption in your jurisdiction.",1,Response,Data is available for the average household water consumption in litres per capita per day,,,140,This is the average figure for the UK as at 2023. More accurate local data is not available. The Council's Local Plan for 2023-37 proposes that new homes are designed to reduce this figure to 110 l/p/d.
2025 Disclosure Cycle,779465,CDP,841955,Hammersmith and Fulham London Borough Council,City,UKWW,United Kingdom,Public,Q4.10,"Provide details of the household access to water, sanitation services and water consumption in your jurisdiction.",1,Response,Data is available for the percentage of households with access to safely managed sanitation services|Data is available for the percentage of households with access to safely managed drinking water services|Data is available for the average household water consumption in litres per capita per day,99.8,98.1,142.3,"No localised data could be identified for this data point. Data on water quality in England is reported triennially, the latest report is 2020-2022: https://www.gov.uk/government/publications/drinking-water-quality-in-england-2020-to-2022/drinking-water-quality-in-england-a-triennial-report-2020-to-2022 . Data on the safety of drinking water is UK-wide, localised data cannot be identified, source: https://sdgdata.gov.uk/6-1-1/ and https://www.thameswater.co.uk/media-library/l13deqmw/thames-water-annual-report-2024-25.pdf . Data on household water consumption for 2022-2023, this is based on London, Thames Valley and Home Counties performance (not localised data): https://www.thameswater.co.uk/media-library/home/about-us/investors/our-results/2023-reports/annual-performance-report-2022-23.pdf"
2025 Disclosure Cycle,779465,CDP,841965,"City of Lansing, MI",City,North America,United States of America,Public,Q4.10,"Provide details of the household access to water, sanitation services and water consumption in your jurisdiction.",1,Response,None of the above data is available to report,,,,
2025 Disclosure Cycle,779465,CDP,841970,"City of West Lafayette, IN",City,North America,United States of America,Public,Q4.10,"Provide details of the household access to water, sanitation services and water consumption in your jurisdiction.",1,Response,Data is available for the average household water consumption in litres per capita per day,,,267.6,"Using the Indiana American Water 2024 Water Quality Report for West Lafayette, we use their \'average amount of water supplied to customers on a daily basis\' metric located on Page 5 of the Annual Report. This metric 5.2 million gallons per day. This data was then converted to megaliters then liters and divided by the population for Wabash and Tippecanoe County townships, the total area supplied by Indiana American Water, which includes the City of West Lafayette. More granular data was not available. \n\nhttps://www.amwater.com/ccr/westlafayette.pdf"
2025 Disclosure Cycle,779465,CDP,841976,Dhulikhel Municipality,City,India,Nepal,Public,Q4.10,"Provide details of the household access to water, sanitation services and water consumption in your jurisdiction.",1,Response,Data is available for the percentage of households with access to safely managed drinking water services|Data is available for the percentage of households with access to safely managed sanitation services,70,88,,"The percentage of households with access to safely managed drinking water services is approximately:\n70-75 %.This includes households with piped water supply or protected sources such as springs, tube wells, or wells.Data is based on the Dhulikhel Municipality Profile (2021) and National Population and Housing Census 2021.\n\nDhulikhel Municipality, the percentage of households with access to safely managed sanitation services is approximately:\n88 %. Includes households with improved sanitation facilities such as flush/pour-flush toilets connected to a sewer or septic system, and ventilated improved pit (VIP) latrines.\nAround 6-7 % of households still practice open defecation, and a small fraction use shared or unimproved latrines.\nSource: National Population and Housing Census 2021 and Dhulikhel Municipality Profile 2021."
2025 Disclosure Cycle,779465,CDP,842012,"City of Burlington, ON",City,North America,Canada,Public,Q4.10,"Provide details of the household access to water, sanitation services and water consumption in your jurisdiction.",1,Response,Data is available for the average household water consumption in litres per capita per day|Data is available for the percentage of households with access to safely managed drinking water services|Data is available for the percentage of households with access to safely managed sanitation services,100.0,100.0,282,"This is a Halton Region responsibility. Halton Region provides safe, high quality drinking water to 580,000 residents and businesses every day. Halton's drinking water is safe to drink and the potential for lead in our drinking water systems is extremely low in our community. The Ministry of Environment, Conservation and Parks enforces the Drinking Water Quality Standard for municipalities across Ontario. The provincial standard for lead is 10 micrograms per litre. The Region conducts regular sampling of public infrastructure and lead sampling in homes and within Halton's distribution systems as mandate by the province through the Community Lead Testing Program. Results between 2007 and 2019: 3,604 lead samples taken with over 99% compliance rating. \nhttps://www.halton.ca/For-Residents/Water-and-Environment \nIn rural areas of Halton, residents rely on private wells, cisterns and other sources for their drinking water. These wells are the responsibility of the homeowner. It is recommended that homeowners test their water in the spring, summer and fall, especially after a heavy rainfall. A process to order sample bottles and where to take the sample is outlined on Halton Region's website at https://www.halton.ca/For-Residents/Water-and-Environment/Water-Quality-Protection/Well-Water/Testing-Your-Well-Water. \nHalton Region is responsible for the treatment and management of wastewater. The Region owns and operates 7 Wastewater Treatment Plants. These treatment plants deal with 232,000 cubic metres of wastewater every day. \nhttps://www.halton.ca/For-Residents/Water-and-Environment/Wastewater/Wastewater-Treatment-Plants-Tours"
2025 Disclosure Cycle,779465,CDP,842044,"Ville de Longueuil, QC",City,North America,Canada,Public,Q4.10,"Provide details of the household access to water, sanitation services and water consumption in your jurisdiction.",1,Response,Data is available for the average household water consumption in litres per capita per day,,,582.0,"Cette consommation était pour 2018 à Longueuil, nous avons un objectif de réduction de celle-ci. "
2025 Disclosure Cycle,779465,CDP,842167,Sakarya,City,UKWW,Türkiye,Public,Q4.10,"Provide details of the household access to water, sanitation services and water consumption in your jurisdiction.",1,Response,Data is available for the percentage of households with access to safely managed sanitation services|Data is available for the average household water consumption in litres per capita per day|Data is available for the percentage of households with access to safely managed drinking water services,98,76,349,
2025 Disclosure Cycle,779465,CDP,843537,Shropshire Council,City,UKWW,United Kingdom,Public,Q4.10,"Provide details of the household access to water, sanitation services and water consumption in your jurisdiction.",1,Response,Data is available for the average household water consumption in litres per capita per day|Data is available for the percentage of households with access to safely managed drinking water services|Data is available for the percentage of households with access to safely managed sanitation services,99,99,145,"Estimated Shropshire Per Capita Range\nGiven national average ~145-150 L/day, and assuming:\nDŵr Cymru covers some Shropshire: ~140-160 L/day\nSevern Trent zones likely similar\n\nTherefore, Shropshire-wide per-person consumption most likely falls between 140-150 L/day."
2025 Disclosure Cycle,779465,CDP,847922,Junta Municipal de Medio Ambiente Lagunas (JIMAL),City,Latin America,Mexico,Public,Q4.10,"Provide details of the household access to water, sanitation services and water consumption in your jurisdiction.",1,Response,None of the above data is available to report,,,,La información no se encuentra disponible o no ha sido recopilada por las instituciones públicas locales.\n
2025 Disclosure Cycle,779465,CDP,848122,Alajuela,City,Latin America,Costa Rica,Public,Q4.10,"Provide details of the household access to water, sanitation services and water consumption in your jurisdiction.",1,Response,None of the above data is available to report,,,,"La Municipalidad de Alajuela, administra el sistema de agua potable en una parte del cantón, por lo que no se tienen información de todo el cantón, dado que se tienen otros administradores del agua como ASADAS, AYA. "
2025 Disclosure Cycle,779465,CDP,848125,Oreamuno,City,Latin America,Costa Rica,Public,Q4.10,"Provide details of the household access to water, sanitation services and water consumption in your jurisdiction.",1,Response,Data is available for the percentage of households with access to safely managed drinking water services|Data is available for the percentage of households with access to safely managed sanitation services,99.7,99.7,,Datos proporcionados por el Departamento de Acueducto Municipal 
2025 Disclosure Cycle,779465,CDP,848126,La Democracia,City,Latin America,Guatemala,Public,Q4.10,"Provide details of the household access to water, sanitation services and water consumption in your jurisdiction.",1,Response,Data is available for the average household water consumption in litres per capita per day,,,222,"El consumo per cápita de agua en Guatemala varía según la zona, pero un estudio de 2014 estimó un promedio residencial de 222 litros diarios en la Ciudad de Guatemala, aunque hay variaciones significativas"
2025 Disclosure Cycle,779465,CDP,848135,San Pedro de la Paz,City,Latin America,Chile,Public,Q4.10,"Provide details of the household access to water, sanitation services and water consumption in your jurisdiction.",1,Response,Data is available for the percentage of households with access to safely managed sanitation services|Data is available for the percentage of households with access to safely managed drinking water services,98.7,98.7,,Dato Censo
2025 Disclosure Cycle,779465,CDP,848476,Municipalidad de Cañas,City,Latin America,Costa Rica,Public,Q4.10,"Provide details of the household access to water, sanitation services and water consumption in your jurisdiction.",1,Response,None of the above data is available to report,,,,
2025 Disclosure Cycle,779465,CDP,848564,City of Zadar,City,Europe,Croatia,Public,Q4.10,"Provide details of the household access to water, sanitation services and water consumption in your jurisdiction.",1,Response,Data is available for the average household water consumption in litres per capita per day|Data is available for the percentage of households with access to safely managed drinking water services,97,,159.64,Data provided from Water supply company for the year 2022. 
2025 Disclosure Cycle,779465,CDP,848568,"Metropolitan Council, Twin Cities",City,North America,United States of America,Public,Q4.10,"Provide details of the household access to water, sanitation services and water consumption in your jurisdiction.",1,Response,Data is available for the percentage of households with access to safely managed sanitation services|Data is available for the percentage of households with access to safely managed drinking water services|Data is available for the average household water consumption in litres per capita per day,83,99.7,655,Data on access to drinking water services is from 2020. Sanitation access estimate is based on 2020 data and calculated using an estimate of subsurface sewage treatment systems statewide that posed an “imminent threat to public health and safety”. This estimate is likely conservative in our region. Household water consumption calculated based on an average of residential water delivered from 2012 to 2022.
2025 Disclosure Cycle,779465,CDP,848950,Ushuaia,City,Latin America,Argentina,Public,Q4.10,"Provide details of the household access to water, sanitation services and water consumption in your jurisdiction.",1,Response,None of the above data is available to report,,,,No hay datos disponibles
2025 Disclosure Cycle,779465,CDP,848981,City of Ormoc,City,South East Asia & Oceania,Philippines,Public,Q4.10,"Provide details of the household access to water, sanitation services and water consumption in your jurisdiction.",1,Response,Data is available for the percentage of households with access to safely managed drinking water services|Data is available for the percentage of households with access to safely managed sanitation services,100,97,,
2025 Disclosure Cycle,779465,CDP,848998,Villa de Merlo,City,Latin America,Argentina,Public,Q4.10,"Provide details of the household access to water, sanitation services and water consumption in your jurisdiction.",1,Response,Data is available for the percentage of households with access to safely managed drinking water services|Data is available for the percentage of households with access to safely managed sanitation services,88.2,4,,ninguno
2025 Disclosure Cycle,779465,CDP,849039,Ceres (Argentina),City,Latin America,Argentina,Public,Q4.10,"Provide details of the household access to water, sanitation services and water consumption in your jurisdiction.",1,Response,Data is available for the percentage of households with access to safely managed drinking water services|Data is available for the percentage of households with access to safely managed sanitation services,45,26,,ninguno
2025 Disclosure Cycle,779465,CDP,849051,Udaipur Municipal Corporation,City,India,India,Public,Q4.10,"Provide details of the household access to water, sanitation services and water consumption in your jurisdiction.",1,Response,Data is available for the average household water consumption in litres per capita per day,,,135,
2025 Disclosure Cycle,779465,CDP,850305,Prefeitura de Joaçaba,City,Latin America,Brazil,Public,Q4.10,"Provide details of the household access to water, sanitation services and water consumption in your jurisdiction.",1,Response,Data is available for the average household water consumption in litres per capita per day,,,178,
2025 Disclosure Cycle,779465,CDP,850413,Prefeitura de Itá,City,Latin America,Brazil,Public,Q4.10,"Provide details of the household access to water, sanitation services and water consumption in your jurisdiction.",1,Response,Data is available for the percentage of households with access to safely managed drinking water services|Data is available for the average household water consumption in litres per capita per day|Data is available for the percentage of households with access to safely managed sanitation services,90.0,90.0,210.0,"O saneamento não tem registro sistemático, apenas a exigência do setor de engenharia na liberação do imóvel e a fiscalização sanitária de maneira aleatória ou por denuncia de inconformidade."
2025 Disclosure Cycle,779465,CDP,850566,Prefeitura de Piraquara,City,Latin America,Brazil,Public,Q4.10,"Provide details of the household access to water, sanitation services and water consumption in your jurisdiction.",1,Response,Data is available for the average household water consumption in litres per capita per day|Data is available for the percentage of households with access to safely managed sanitation services|Data is available for the percentage of households with access to safely managed drinking water services,96.9,81.57,115.68,dados de 2018 disponíveis em https://www.piraquara.pr.gov.br/storage/content/publicacoes/documentos/6166/arquivos/documentos-20230613152354.pdf
2025 Disclosure Cycle,779465,CDP,850585,Municipality of Ambato,City,Latin America,Ecuador,Public,Q4.10,"Provide details of the household access to water, sanitation services and water consumption in your jurisdiction.",1,Response,Data is available for the percentage of households with access to safely managed drinking water services,79.28,,,
2025 Disclosure Cycle,779465,CDP,852443,"Ferndale, MI",City,North America,United States of America,Public,Q4.10,"Provide details of the household access to water, sanitation services and water consumption in your jurisdiction.",1,Response,None of the above data is available to report,,,,
2025 Disclosure Cycle,779465,CDP,852445,"Gainesville, FL",City,North America,United States of America,Public,Q4.10,"Provide details of the household access to water, sanitation services and water consumption in your jurisdiction.",1,Response,Data is available for the percentage of households with access to safely managed drinking water services|Data is available for the percentage of households with access to safely managed sanitation services,100.0,100.0,,"We are proud to report that 100 percent of homes in Gainesville have access to clean, safe, and reliable drinking water, ensuring that every resident in our community benefits from high-quality water services"
2025 Disclosure Cycle,779465,CDP,852466,South Gloucestershire Council,City,UKWW,United Kingdom,Public,Q4.10,"Provide details of the household access to water, sanitation services and water consumption in your jurisdiction.",1,Response,Data is available for the average household water consumption in litres per capita per day,,,148.8,Data taken from an area wider than our jurisdiction - Bristol Water 148.8 litres - https://www.bristolwater.co.uk/hubfs/Annual%20report%202024/BWCP_Annual_Report_2024.pdf
2025 Disclosure Cycle,779465,CDP,852473,Sandwell Metropolitan Borough Council,City,UKWW,United Kingdom,Public,Q4.10,"Provide details of the household access to water, sanitation services and water consumption in your jurisdiction.",1,Response,Data is available for the percentage of households with access to safely managed drinking water services,99.95,,,National Average - though we have no knowledge of any households that do not meet this standard in Sandwell. 
2025 Disclosure Cycle,779465,CDP,852524,Westminster City Council,City,UKWW,United Kingdom,Public,Q4.10,"Provide details of the household access to water, sanitation services and water consumption in your jurisdiction.",1,Response,Data is available for the percentage of households with access to safely managed sanitation services|Data is available for the percentage of households with access to safely managed drinking water services,100,100,,NA
2025 Disclosure Cycle,779465,CDP,854042,Metropolitan Municipality of Milan,City,Europe,Italy,Public,Q4.10,"Provide details of the household access to water, sanitation services and water consumption in your jurisdiction.",1,Response,Data is available for the percentage of households with access to safely managed sanitation services,,100.0,,All households 
2025 Disclosure Cycle,779465,CDP,854050,"City of Nanaimo, BC",City,North America,Canada,Public,Q4.10,"Provide details of the household access to water, sanitation services and water consumption in your jurisdiction.",1,Response,Data is available for the percentage of households with access to safely managed sanitation services|Data is available for the percentage of households with access to safely managed drinking water services,100.0,100.0,,All homes in the City of Nanaimo are required to be connected to City provided clean water and sanitation services or on some larger lots a Island Health approved well and/or sceptic tank.
2025 Disclosure Cycle,779465,CDP,856655,Cardiff Capital Region,City,UKWW,United Kingdom,Public,Q4.10,"Provide details of the household access to water, sanitation services and water consumption in your jurisdiction.",1,Response,None of the above data is available to report,,,,"It is assumed, 100% of households in CCR have access to safely managed drinking water and sanitation services as provided by Dwr Cymru (Welsh Water). "
2025 Disclosure Cycle,779465,CDP,859095,Mizuho Town,City,Japan,Japan,Public,Q4.10,"Provide details of the household access to water, sanitation services and water consumption in your jurisdiction.",1,Response,None of the above data is available to report,,,,データなし
2025 Disclosure Cycle,779465,CDP,859096,Kamakura City,City,Japan,Japan,Public,Q4.10,"Provide details of the household access to water, sanitation services and water consumption in your jurisdiction.",1,Response,Data is available for the percentage of households with access to safely managed drinking water services|Data is available for the average household water consumption in litres per capita per day|Data is available for the percentage of households with access to safely managed sanitation services,99.9,97.7,115.8,上水道普及率　都市マスタープラン「III部門別方針 4循環型のまちづくりの方針 1現況と課題」(1998年3月)\nhttps://www.city.kamakura.kanagawa.jp/plan/masterplan_plan_3syou_3-4_1.html\n下水道普及率　鎌倉市公共下水道経営戦略　令和 3 年（2021 年）3月https://www.city.kamakura.kanagawa.jp/gesui/documents/senryaku-hon2.pdf\n上水使用量　鎌倉市都市マスタープラン（平成27年9月）https://www.city.kamakura.kanagawa.jp/plan/documents/3-4jyunkan.pdf
2025 Disclosure Cycle,779465,CDP,859097,Yamato City,City,Japan,Japan,Public,Q4.10,"Provide details of the household access to water, sanitation services and water consumption in your jurisdiction.",1,Response,Data is available for the percentage of households with access to safely managed drinking water services|Data is available for the average household water consumption in litres per capita per day|Data is available for the percentage of households with access to safely managed sanitation services,100.0,100.0,262,「大和市統計概要」p.101「64．水道使用量」による。https://www.city.yamato.lg.jp/material/files/group/10/r6gaiyoupdf09.pdf\n
2025 Disclosure Cycle,779465,CDP,859128,Makinohara City,City,Japan,Japan,Public,Q4.10,"Provide details of the household access to water, sanitation services and water consumption in your jurisdiction.",1,Response,None of the above data is available to report,,,,
2025 Disclosure Cycle,779465,CDP,859135,Higashiura Town,City,Japan,Japan,Public,Q4.10,"Provide details of the household access to water, sanitation services and water consumption in your jurisdiction.",1,Response,Data is available for the percentage of households with access to safely managed sanitation services|Data is available for the percentage of households with access to safely managed drinking water services|Data is available for the average household water consumption in litres per capita per day,98.5,86.8,323,回答データはいずれも令和4年度実績
2025 Disclosure Cycle,779465,CDP,859167,Imabari City,City,Japan,Japan,Public,Q4.10,"Provide details of the household access to water, sanitation services and water consumption in your jurisdiction.",1,Response,Data is available for the average household water consumption in litres per capita per day|Data is available for the percentage of households with access to safely managed sanitation services|Data is available for the percentage of households with access to safely managed drinking water services,97.0,75.3,305.0,
2025 Disclosure Cycle,779465,CDP,859168,Saijo City,City,Japan,Japan,Public,Q4.10,"Provide details of the household access to water, sanitation services and water consumption in your jurisdiction.",1,Response,Data is available for the percentage of households with access to safely managed sanitation services|Data is available for the average household water consumption in litres per capita per day|Data is available for the percentage of households with access to safely managed drinking water services,48.3,62.4,313,衛生サービスは下水道の処理区域内人口から普及率を積算している
2025 Disclosure Cycle,779465,CDP,860640,Junta Intermunicipal de Medio Ambiente Altos Norte (JIAN),City,Latin America,Mexico,Public,Q4.10,"Provide details of the household access to water, sanitation services and water consumption in your jurisdiction.",1,Response,None of the above data is available to report,,,,"No manejamos esos datos, el personal es poco para poder gestionar o solicitar esa información"
2025 Disclosure Cycle,779465,CDP,861779,Järfälla Municipality,City,Europe,Sweden,Public,Q4.10,"Provide details of the household access to water, sanitation services and water consumption in your jurisdiction.",1,Response,Data is available for the percentage of households with access to safely managed drinking water services,100.0,,,https://www.jarfalla.se/download/18.3afa469018ec1644b4b1dee/1712653930236/vattentjanstplan.pdf 
2025 Disclosure Cycle,779465,CDP,861790,Wokingham Borough Council,City,UKWW,United Kingdom,Public,Q4.10,"Provide details of the household access to water, sanitation services and water consumption in your jurisdiction.",1,Response,None of the above data is available to report,,,,
2025 Disclosure Cycle,779465,CDP,862419,Sumbawa Regency,City,South East Asia & Oceania,Indonesia,Public,Q4.10,"Provide details of the household access to water, sanitation services and water consumption in your jurisdiction.",1,Response,None of the above data is available to report,,,,"Detailed data on household access to water, sanitation services, and water consumption in Kabupaten Sumbawa will be presented next, as the available data has not yet been published. "
2025 Disclosure Cycle,779465,CDP,862480,Ibarra,City,Latin America,Ecuador,Public,Q4.10,"Provide details of the household access to water, sanitation services and water consumption in your jurisdiction.",1,Response,Data is available for the percentage of households with access to safely managed drinking water services|Data is available for the percentage of households with access to safely managed sanitation services,88.69,87.31,,
2025 Disclosure Cycle,779465,CDP,862504,Posadas,City,Latin America,Argentina,Public,Q4.10,"Provide details of the household access to water, sanitation services and water consumption in your jurisdiction.",1,Response,Data is available for the percentage of households with access to safely managed drinking water services|Data is available for the percentage of households with access to safely managed sanitation services,93.4,52,,ninguno
2025 Disclosure Cycle,779465,CDP,862505,Cheltenham Borough Council,City,UKWW,United Kingdom,Public,Q4.10,"Provide details of the household access to water, sanitation services and water consumption in your jurisdiction.",1,Response,None of the above data is available to report,,,,
2025 Disclosure Cycle,779465,CDP,862520,Surrey County Council,City,UKWW,United Kingdom,Public,Q4.10,"Provide details of the household access to water, sanitation services and water consumption in your jurisdiction.",1,Response,Data is available for the percentage of households with access to safely managed drinking water services|Data is available for the percentage of households with access to safely managed sanitation services,99.804,99.804,,Data from 2022
2025 Disclosure Cycle,779465,CDP,862673,"City of Selkirk, MB",City,North America,Canada,Public,Q4.10,"Provide details of the household access to water, sanitation services and water consumption in your jurisdiction.",1,Response,Data is available for the percentage of households with access to safely managed sanitation services|Data is available for the percentage of households with access to safely managed drinking water services|Data is available for the average household water consumption in litres per capita per day,100,100.0,271.0,Regarding risk to water supply: Monitoring activities have been undertaken to monitor Selkirk's water supply to ensure it remains adequate and secure; the City of Selkirk has diversified its water supply such that water security is not a present concern. Water efficiency is still being pursued to reduce future water security risk. 
2025 Disclosure Cycle,779465,CDP,862760,"City of Oxford, OH",City,North America,United States of America,Public,Q4.10,"Provide details of the household access to water, sanitation services and water consumption in your jurisdiction.",1,Response,Data is available for the percentage of households with access to safely managed drinking water services,100.0,,,All households have access to safely managed drinking water services.
2025 Disclosure Cycle,779465,CDP,862814,"South-East Region of Ireland (Kilkenny, Carlow, Wexford, and Waterford Counties)",City,Europe,Ireland,Public,Q4.10,"Provide details of the household access to water, sanitation services and water consumption in your jurisdiction.",1,Response,Data is available for the percentage of households with access to safely managed sanitation services|Data is available for the average household water consumption in litres per capita per day|Data is available for the percentage of households with access to safely managed drinking water services,99.8,99.9,357.0,"https://www.cso.ie/en/releasesandpublications/ep/p-sdg6/irelandsunsdgs2019-reportonindicatorsforgoal6cleanwaterandsanitation/cleanandsafewater/#:~:text=All%20households%20(99.9%25)%20in%20Ireland%20had%20sewerage%20facilities%20in,for%2067%25%20of%20all%20households.https://www.cso.ie/en/releasesandpublications/er/dmwc/domesticmeteredpublicwaterconsumption2018/"
2025 Disclosure Cycle,779465,CDP,862909,"Blaine County, ID",City,North America,United States of America,Public,Q4.10,"Provide details of the household access to water, sanitation services and water consumption in your jurisdiction.",1,Response,None of the above data is available to report,,,,"Unfortunately, This data is unavailable."
2025 Disclosure Cycle,779465,CDP,862932,"Superior, CO",City,North America,United States of America,Public,Q4.10,"Provide details of the household access to water, sanitation services and water consumption in your jurisdiction.",1,Response,Data is available for the percentage of households with access to safely managed drinking water services,100.0,,,"Superior Metropolitan District (SMD) No. 1 provides water (potable and non-potable), wastewater, and storm water services to Superior residents. According to their 2024 report, the demand for raw, potable, and reused water in 2024 was 2,344 acre feet. 1 acre-foot = 1 surface acre 1 foot deep. This is equal to 2,891 megaliters.\n"
2025 Disclosure Cycle,779465,CDP,862946,Manta,City,Latin America,Ecuador,Public,Q4.10,"Provide details of the household access to water, sanitation services and water consumption in your jurisdiction.",1,Response,Data is available for the percentage of households with access to safely managed sanitation services|Data is available for the percentage of households with access to safely managed drinking water services,93.31,97.22,,Según datos del Censo 2022: El agua que recibe la vivienda es; Eliminación de la basura
2025 Disclosure Cycle,779465,CDP,862948,Municipalidad de Sucre,City,Latin America,Ecuador,Public,Q4.10,"Provide details of the household access to water, sanitation services and water consumption in your jurisdiction.",1,Response,None of the above data is available to report,,,,
2025 Disclosure Cycle,779465,CDP,862949,Latacunga,City,Latin America,Ecuador,Public,Q4.10,"Provide details of the household access to water, sanitation services and water consumption in your jurisdiction.",1,Response,Data is available for the percentage of households with access to safely managed sanitation services|Data is available for the average household water consumption in litres per capita per day|Data is available for the percentage of households with access to safely managed drinking water services,80.0,60.0,150.0,"En la ciudad de Latacunga la municipalidad es encargada de proveer el servicio de agua potable y alcantarillado a las parroquias urbanas y a dos de las 8 parroquias rurales, ya que en las zonas rurales el acceso al agua es manejado por las juntas de agua de cada localidad. "
2025 Disclosure Cycle,779465,CDP,862953,"District of North Vancouver, BC",City,North America,Canada,Public,Q4.10,"Provide details of the household access to water, sanitation services and water consumption in your jurisdiction.",1,Response,Data is available for the average household water consumption in litres per capita per day|Data is available for the percentage of households with access to safely managed sanitation services|Data is available for the percentage of households with access to safely managed drinking water services,100.0,100.0,307,"Most recent data is from a 2024 average of residential household water consumption. This figure excludes commercial consumption of water but includes residential outliers. Data is from a summary in the 2024 Annual report, for more information see https://docs.dnv.org/documents/annual-report-2024.pdf "
2025 Disclosure Cycle,779465,CDP,862999,Prefeitura de Ouro Preto,City,Latin America,Brazil,Public,Q4.10,"Provide details of the household access to water, sanitation services and water consumption in your jurisdiction.",1,Response,Data is available for the average household water consumption in litres per capita per day|Data is available for the percentage of households with access to safely managed sanitation services|Data is available for the percentage of households with access to safely managed drinking water services,85.74,64,282.75,"The water supply system serves approximately 95% of the concession area, but there is a portion of the population, such as the rural population, that is not connected to the system."
2025 Disclosure Cycle,779465,CDP,863000,Lo Barnechea,City,Latin America,Chile,Public,Q4.10,"Provide details of the household access to water, sanitation services and water consumption in your jurisdiction.",1,Response,Data is available for the percentage of households with access to safely managed sanitation services|Data is available for the average household water consumption in litres per capita per day|Data is available for the percentage of households with access to safely managed drinking water services,99.9,99.4,526,"Resultados INE, 2017; EBP, 2021"
2025 Disclosure Cycle,779465,CDP,863190,Renca,City,Latin America,Chile,Public,Q4.10,"Provide details of the household access to water, sanitation services and water consumption in your jurisdiction.",1,Response,Data is available for the percentage of households with access to safely managed sanitation services|Data is available for the percentage of households with access to safely managed drinking water services,98,96,,"Chile tiene una gran disponibilidad de agua por sus reservas superficiales y subterráneas, sin embargo hoy se enfrenta a una compleja situación hídrica en su extensión y una creciente escasez hídrica. Un futuro con vulnerabilidad hídrica requiere priorizar la protección de cuencas, la gestión integrada y la acción local, donde los Municipios serán la base para lograr un nuevo modelo de desarrollo hídrico y liderar la gobernanza para abrir espacios de diálogo entre las instituciones públicas, privadas y la comunidad, que fomente una nueva cultura del agua con miras a una sostenibilidad hídrica. Concretamente en materia hídrica, desde el municipio de Renca los últimos años se han desarrollado una serie de iniciativas en materia hídrica, a través de implementación de proyectos de eficiencia hídrica, como también importantes avances en la gestión en la materia, como lo es el caso de la actualización de su Ordenanza Ambiental el 2021, donde se incorpora un capítulo específico de “Sostenibilidad Hídrica”. Es por esto, que la EHL se establece como una herramienta de gestión municipal que enmarca dichas iniciativas y viene a fortalecer la hoja ruta para lograr la sostenibilidad hídrica en la comuna, con miras de una gestión integral en la cuenca. Dentro de la división de aprovechamiento común, la comuna de Renca comparte administrativamente el recurso hídrico subterráneo con 32 comunas de la RM. El número de clientes ha ido en aumento sostenido de manera mensual entre los años 2012 y 2021. A partir de la información de Registro Social de Hogares a diciembre del 2021, se identifican los hogares en la comuna de Renca que no tienen acceso a agua potable formal, identificando cuatros tipos de abastecimiento: Red pública sin medidor (633 casos)Pozo o noria (45 casos)Río, vertiente o estero (8 casos)Otra fuente (no potable) (147 casos)Por tanto, un total de 833 hogares no tienen acceso a agua potable de manera formal en Renca, en donde un 76% corresponde a las viviendas que tienen acceso a red pública, pero sin medidor. Finalmente, desde el año 2022, la comuna, cuenta con una Estrategia hídrica local, instrumento asociado a una planificación estratégica, para gestionar el recurso hídrico en el territorio. Se adjunta URL de la EHL (https://drive.google.com/drive/u/0/folders/15pwBBxQdbq3CdLNsY6M-qcdVjkr6t)"
2025 Disclosure Cycle,779465,CDP,863201,Sanggau Regency,City,South East Asia & Oceania,Indonesia,Public,Q4.10,"Provide details of the household access to water, sanitation services and water consumption in your jurisdiction.",1,Response,Data is available for the percentage of households with access to safely managed drinking water services|Data is available for the percentage of households with access to safely managed sanitation services|Data is available for the average household water consumption in litres per capita per day,51.02,47.5,4257079,"Based on data obtained from the Department of Housing, Public Works, Spatial Planning and Land Affairs of Sanggau Regency, the coverage of clean water in Sanggau Regency in the first semester of 2023 was at 18.7% or around 91,495 people who were served with clean water with a pipe network, while the overall coverage of clean water services reached 51% or around 248,051 people served with clean water, while 49% or around 238,324 people did not have access to clean water."
2025 Disclosure Cycle,779465,CDP,863202,Trenggalek Regency,City,South East Asia & Oceania,Indonesia,Public,Q4.10,"Provide details of the household access to water, sanitation services and water consumption in your jurisdiction.",1,Response,Data is available for the percentage of households with access to safely managed drinking water services|Data is available for the percentage of households with access to safely managed sanitation services,89.54,83.54,,The data used is 2024
2025 Disclosure Cycle,779465,CDP,863205,Gorontalo Regency,City,South East Asia & Oceania,Indonesia,Public,Q4.10,"Provide details of the household access to water, sanitation services and water consumption in your jurisdiction.",1,Response,Data is available for the percentage of households with access to safely managed sanitation services|Data is available for the percentage of households with access to safely managed drinking water services,94.69,85.23,,
2025 Disclosure Cycle,779465,CDP,863206,Langsa City,City,South East Asia & Oceania,Indonesia,Public,Q4.10,"Provide details of the household access to water, sanitation services and water consumption in your jurisdiction.",1,Response,Data is available for the average household water consumption in litres per capita per day,,,1543087,"Based on the 2011 Langsa City Data in Figures, the number of active customers and the volume of water distributed by sub-district are recorded. For example, in 2010, there were approximately 6,937 customers with a total water distribution of 1,543,087 m³.\n\nThis data demonstrates the capacity and service coverage of the PDAM in the past, although it still needs updating to reflect current conditions."
2025 Disclosure Cycle,779465,CDP,863224,East Central Florida Regional Planning Council,City,North America,United States of America,Public,Q4.10,"Provide details of the household access to water, sanitation services and water consumption in your jurisdiction.",1,Response,Data is available for the average household water consumption in litres per capita per day,,,435.0,"A St. Johns River Water Management District annual report shows that the daily per capita water use is about 435 liters (115 gallons). The St. Johns River Water Management District covers most of east-central Florida's counties; thus, it can be assumed that this is a representative average for the region. "
2025 Disclosure Cycle,779465,CDP,863405,"City of Boca Raton, FL",City,North America,United States of America,Public,Q4.10,"Provide details of the household access to water, sanitation services and water consumption in your jurisdiction.",1,Response,Data is available for the percentage of households with access to safely managed drinking water services|Data is available for the percentage of households with access to safely managed sanitation services|Data is available for the average household water consumption in litres per capita per day,100.0,100.0,704,n/a
2025 Disclosure Cycle,779465,CDP,863407,"Town of Durham, NH",City,North America,United States of America,Public,Q4.10,"Provide details of the household access to water, sanitation services and water consumption in your jurisdiction.",1,Response,None of the above data is available to report,,,,This is unknown for Durham at this time.
2025 Disclosure Cycle,779465,CDP,863412,"City of Tumwater, WA",City,North America,United States of America,Public,Q4.10,"Provide details of the household access to water, sanitation services and water consumption in your jurisdiction.",1,Response,Data is available for the percentage of households with access to safely managed sanitation services|Data is available for the average household water consumption in litres per capita per day|Data is available for the percentage of households with access to safely managed drinking water services,100.0,100.0,693.0,
2025 Disclosure Cycle,779465,CDP,863419,"Town of New Glasgow, NS",City,North America,Canada,Public,Q4.10,"Provide details of the household access to water, sanitation services and water consumption in your jurisdiction.",1,Response,Data is available for the percentage of households with access to safely managed sanitation services|Data is available for the percentage of households with access to safely managed drinking water services,100,100,,
2025 Disclosure Cycle,779465,CDP,863469,San Bernardo,City,Latin America,Chile,Public,Q4.10,"Provide details of the household access to water, sanitation services and water consumption in your jurisdiction.",1,Response,Data is available for the percentage of households with access to safely managed sanitation services,,90,,
2025 Disclosure Cycle,779465,CDP,863470,Lago Agrio (Nueva Loja),City,Latin America,Ecuador,Public,Q4.10,"Provide details of the household access to water, sanitation services and water consumption in your jurisdiction.",1,Response,Data is available for the percentage of households with access to safely managed drinking water services|Data is available for the percentage of households with access to safely managed sanitation services,89.25,67.31,,"Estos datos corresponden a mayo del 2025, tomado de la información para Municipios Saludadbles"
2025 Disclosure Cycle,779465,CDP,863533,San Antonio,City,Latin America,Chile,Public,Q4.10,"Provide details of the household access to water, sanitation services and water consumption in your jurisdiction.",1,Response,Data is available for the percentage of households with access to safely managed drinking water services,97,,,No hay
2025 Disclosure Cycle,779465,CDP,866887,"City of Bexley, OH",City,North America,United States of America,Public,Q4.10,"Provide details of the household access to water, sanitation services and water consumption in your jurisdiction.",1,Response,Data is available for the percentage of households with access to safely managed sanitation services|Data is available for the percentage of households with access to safely managed drinking water services|Data is available for the average household water consumption in litres per capita per day,100.0,100.0,,"The population does not include the study body at our local university, which accounts for approximately 2000 undergraduate students, in addition to faculty/staff, and graduate students. "
2025 Disclosure Cycle,779465,CDP,866890,"City of Prairie Village, KS",City,North America,United States of America,Public,Q4.10,"Provide details of the household access to water, sanitation services and water consumption in your jurisdiction.",1,Response,Data is available for the percentage of households with access to safely managed drinking water services|Data is available for the percentage of households with access to safely managed sanitation services|Data is available for the average household water consumption in litres per capita per day,100.0,100.0,560.24,First two data points received from Meghan Buum on 7/14/23: Every household is on the Johnson County wastewater and WaterOne. Regional average data pulled for 2023 (most recent) from: https://www.agriculture.ks.gov/divisions-programs/division-of-water-resources/water-appropriation/water-use-reporting
2025 Disclosure Cycle,779465,CDP,866900,Delicias,City,Latin America,Mexico,Public,Q4.10,"Provide details of the household access to water, sanitation services and water consumption in your jurisdiction.",1,Response,Data is available for the percentage of households with access to safely managed drinking water services|Data is available for the percentage of households with access to safely managed sanitation services,99.7,99.8,,Estos datos son declarados por el CONEVAL 2020
2025 Disclosure Cycle,779465,CDP,866901,Prefeitura de São Sepé,City,Latin America,Brazil,Public,Q4.10,"Provide details of the household access to water, sanitation services and water consumption in your jurisdiction.",1,Response,Data is available for the percentage of households with access to safely managed drinking water services,100,,,-
2025 Disclosure Cycle,779465,CDP,867322,Prefeitura de Itabirito,City,Latin America,Brazil,Public,Q4.10,"Provide details of the household access to water, sanitation services and water consumption in your jurisdiction.",1,Response,Data is available for the percentage of households with access to safely managed sanitation services|Data is available for the average household water consumption in litres per capita per day|Data is available for the percentage of households with access to safely managed drinking water services,96,94.35,105,
2025 Disclosure Cycle,779465,CDP,867355,Junagadh,City,India,India,Public,Q4.10,"Provide details of the household access to water, sanitation services and water consumption in your jurisdiction.",1,Response,None of the above data is available to report,,,,
2025 Disclosure Cycle,779465,CDP,884005,Dhaka South City,City,India,Bangladesh,Public,Q4.10,"Provide details of the household access to water, sanitation services and water consumption in your jurisdiction.",1,Response,None of the above data is available to report,,,,
2025 Disclosure Cycle,779465,CDP,891125,Prefeitura de Aracruz,City,Latin America,Brazil,Public,Q4.10,"Provide details of the household access to water, sanitation services and water consumption in your jurisdiction.",1,Response,Data is available for the percentage of households with access to safely managed sanitation services|Data is available for the average household water consumption in litres per capita per day|Data is available for the percentage of households with access to safely managed drinking water services,91.33,91.33,167,"Com base nos valores atuais de consumo de água nos sistemas operados pela Cesan e\npelo SAAE, foi obtido o coeficiente de consumo “per capita” médio de 167 L/hab.dia e\nestimada a demanda pelos serviços de abastecimento de água para todo o município,\nconforme Tabela 3-10 do Plano Municipal de Saneamento Básico: https://www.aracruz.es.gov.br/storage/42488/Decreto-Municipal-47337-2024---Aprova-PMSB.pdf"
2025 Disclosure Cycle,779465,CDP,894049,San José de la Esquina,City,Latin America,Argentina,Public,Q4.10,"Provide details of the household access to water, sanitation services and water consumption in your jurisdiction.",1,Response,Data is available for the percentage of households with access to safely managed drinking water services|Data is available for the percentage of households with access to safely managed sanitation services,98,66,,ninguno\n
2025 Disclosure Cycle,779465,CDP,895257,Prefeitura de Barcarena,City,Latin America,Brazil,Public,Q4.10,"Provide details of the household access to water, sanitation services and water consumption in your jurisdiction.",1,Response,Data is available for the percentage of households with access to safely managed drinking water services|Data is available for the percentage of households with access to safely managed sanitation services,78.0,24.0,,"O município de Barcarena realizou licitação para conceder a prestação do serviço de abastecimento de água e tratamento de esgoto na sua zona urbana. Após a realização do certame, consagrou-se vencedora a concessionária Águas de São Francisco, empresa integrante do Grupo AEGEA. A assinatura do contrato ocorreu no ano de 2014, cuja vigência é de 30 anos. A evolução da concessão e o cumprimento das metas é fiscalizado pela agência reguladora própria criada no município, autarquia municipal dotada de independência administrativa e financeira, qual seja a Agência Reguladora dos Serviços Públicos de Barcarena - ARSEP"
2025 Disclosure Cycle,779465,CDP,895653,North Minahasa,City,South East Asia & Oceania,Indonesia,Public,Q4.10,"Provide details of the household access to water, sanitation services and water consumption in your jurisdiction.",1,Response,Data is available for the percentage of households with access to safely managed drinking water services,,,,
2025 Disclosure Cycle,779465,CDP,895654,Segamat,City,South East Asia & Oceania,Malaysia,Public,Q4.10,"Provide details of the household access to water, sanitation services and water consumption in your jurisdiction.",1,Response,Data is available for the percentage of households with access to safely managed drinking water services|Data is available for the average household water consumption in litres per capita per day|Data is available for the percentage of households with access to safely managed sanitation services,100.0,100.0,289.79,"MY LOCAL STATS SEGAMAT JOHOR 2021 provided by the Statistics Department of Malaysia includes data on health. Data on access to safe drinking water, water consumption dan sanitation services are available upon request to the relevant service providers."
2025 Disclosure Cycle,779465,CDP,895655,Dhankuta,City,India,Nepal,Public,Q4.10,"Provide details of the household access to water, sanitation services and water consumption in your jurisdiction.",1,Response,Data is available for the average household water consumption in litres per capita per day|Data is available for the percentage of households with access to safely managed sanitation services|Data is available for the percentage of households with access to safely managed drinking water services,91,71,25,"Dhankuta Mun have 74% have private tap, 6% have government tap, 16 % have community tap. but it is not safe drinking water it use for cooking, bathing and other. "
2025 Disclosure Cycle,779465,CDP,895681,Majlis Bandaraya Iskandar Puteri,City,South East Asia & Oceania,Malaysia,Public,Q4.10,"Provide details of the household access to water, sanitation services and water consumption in your jurisdiction.",1,Response,Data is available for the percentage of households with access to safely managed sanitation services|Data is available for the percentage of households with access to safely managed drinking water services,99.6,0,,Data based on State and the sources is My Local Stats Johor Report (page 199)
2025 Disclosure Cycle,779465,CDP,895694,Municipalidad de Quilicura,City,Latin America,Chile,Public,Q4.10,"Provide details of the household access to water, sanitation services and water consumption in your jurisdiction.",1,Response,Data is available for the average household water consumption in litres per capita per day|Data is available for the percentage of households with access to safely managed sanitation services|Data is available for the percentage of households with access to safely managed drinking water services,67.724,67.724,493,"Los datos fueron obtenidos gracias a un estudio realizado en nuestra comuna, en el marco del desarrollo de una Estrategia Hídrica Local"
2025 Disclosure Cycle,779465,CDP,895969,Prefeitura de Balneário Pinhal,City,Latin America,Brazil,Public,Q4.10,"Provide details of the household access to water, sanitation services and water consumption in your jurisdiction.",1,Response,Data is available for the percentage of households with access to safely managed sanitation services|Data is available for the average household water consumption in litres per capita per day|Data is available for the percentage of households with access to safely managed drinking water services,96.51,0,233,Dados extraídos da Série Histórica do SNIS (Sistema Nacional de Informações sobre Saneamento). O município não dispõe de sistema de coleta ou tratamento de esgoto. As residências utilizam fossas sépticas e sumidouros como forma de disposição dos efluentes.
2025 Disclosure Cycle,779465,CDP,896058,Prefeitura de Cruzeiro do Sul - RS,City,Latin America,Brazil,Public,Q4.10,"Provide details of the household access to water, sanitation services and water consumption in your jurisdiction.",1,Response,Data is available for the percentage of households with access to safely managed sanitation services,,60,,
2025 Disclosure Cycle,779465,CDP,900978,Manzanillo,City,Latin America,Cuba,Public,Q4.10,"Provide details of the household access to water, sanitation services and water consumption in your jurisdiction.",1,Response,Data is available for the percentage of households with access to safely managed sanitation services|Data is available for the average household water consumption in litres per capita per day|Data is available for the percentage of households with access to safely managed drinking water services,75,65,23,
2025 Disclosure Cycle,779465,CDP,917883,Brecon Beacons National Park Authority,City,UKWW,United Kingdom,Public,Q4.10,"Provide details of the household access to water, sanitation services and water consumption in your jurisdiction.",1,Response,None of the above data is available to report,,,,"Experimental data \ndeveloped within the \nNational Park, suggests that \nWater Poverty is high. Our \nconfidence level in this \nfinding however is low, and \nmore work will be needed \nto be done to 'ground truth' \nour assumptions.\n"
2025 Disclosure Cycle,779465,CDP,917886,Broxtowe Borough Council,City,UKWW,United Kingdom,Public,Q4.10,"Provide details of the household access to water, sanitation services and water consumption in your jurisdiction.",1,Response,Data is available for the percentage of households with access to safely managed sanitation services|Data is available for the average household water consumption in litres per capita per day|Data is available for the percentage of households with access to safely managed drinking water services,99.8,98.1,349,Data on drinking water and sanitation taken from https://ourworldindata.org/sanitation#what-share-of-people-use-safely-managed-sanitation-facilities and https://ourworldindata.org/water-access#what-share-of-people-have-access-to-safe-drinking-water Water supply and sanitation is provided by privatised water companies and not under the council's jurisdiction.\n\nHousehold water consumption taken from \nhttps://www.energysavingtrust.org.uk/sites/default/files/reports/AtHomewithWater%287%29.pdf\n
2025 Disclosure Cycle,779465,CDP,917927,North Yorkshire Council,City,UKWW,United Kingdom,Public,Q4.10,"Provide details of the household access to water, sanitation services and water consumption in your jurisdiction.",1,Response,Data is available for the percentage of households with access to safely managed sanitation services|Data is available for the average household water consumption in litres per capita per day|Data is available for the percentage of households with access to safely managed drinking water services,100,100,125.3,Data retrieved from Yorkshire Water's Annual Performance Report 2023/24. The figure provided does not account for households in North Yorkshire who are not supplied by Yorkshire Water as we do not have this data to report. The data also represents the entirety of Yorkshire and not specifically the North Yorkshire Council jurisdiction.  - https://www.yorkshirewater.com/media/m5yfd1xq/annual-performance-report-2023-2024.pdf
2025 Disclosure Cycle,779465,CDP,917931,Region of Powys,City,UKWW,United Kingdom,Public,Q4.10,"Provide details of the household access to water, sanitation services and water consumption in your jurisdiction.",1,Response,Data is available for the percentage of households with access to safely managed drinking water services,99.96,,,"https://www.dwrcymru.com/en/our-services/water/providing-clean-water#:~:text=Testing%20Water%20Quality,1%20second%20in%2031%2C000%20years!"
2025 Disclosure Cycle,779465,CDP,918239,City of Reșița,City,Europe,Romania,Public,Q4.10,"Provide details of the household access to water, sanitation services and water consumption in your jurisdiction.",1,Response,None of the above data is available to report,,,,No available data at this moment. 
2025 Disclosure Cycle,779465,CDP,918254,Skellefteå Municipality,City,Europe,Sweden,Public,Q4.10,"Provide details of the household access to water, sanitation services and water consumption in your jurisdiction.",1,Response,Data is available for the average household water consumption in litres per capita per day|Data is available for the percentage of households with access to safely managed drinking water services|Data is available for the percentage of households with access to safely managed sanitation services,100,100,140,"All households in Skellefteå municipality have access to safe drinking water via 25 municipal water treatment plants or approved private systems. Water quality complies with national standards and is monitored regularly. Groundwater bodies have 100 % good chemical and quantitative status.\n\nAll households are connected either to the municipal sewage system or have approved individual sanitation solutions. Wastewater is managed in accordance with national regulations, including treatment and environmental protection requirements.\n\nWhile local data is not published, national statistics indicate average household water consumption in Sweden is around 130-150 litres per person per day. Skellefteå municipality has standard water services, making this estimate reasonable and representative."
2025 Disclosure Cycle,779465,CDP,918264,Municipality of Ilion,City,Europe,Greece,Public,Q4.10,"Provide details of the household access to water, sanitation services and water consumption in your jurisdiction.",1,Response,Data is available for the percentage of households with access to safely managed drinking water services|Data is available for the percentage of households with access to safely managed sanitation services,100,99.9,,"According to the latest census (2021), all registered regular residencies in Ilion Municipality (40.037 regular residencies registered, of which 6.057 are vacant) are connected to the water supply network.\n\nConcerning access to safely managed sanitation services (availability of toilet/ WC), data is available at regional unit level. More specifically, out of the 240.042 total residencies registered in the Regional Unit of the Western Sector of Athens, where Ilion Municipality belongs, 240.001 have access to a toilet/WC. According to 2021 census, 239.798 regular residencies in the Regional Unit of the Western Sector of Athens are connected to the water supply network, while 56 are not connected to water supply network.\n"
2025 Disclosure Cycle,779465,CDP,918283,Municipality of Katerini,City,Europe,Greece,Public,Q4.10,"Provide details of the household access to water, sanitation services and water consumption in your jurisdiction.",1,Response,Data is available for the percentage of households with access to safely managed drinking water services|Data is available for the percentage of households with access to safely managed sanitation services|Data is available for the average household water consumption in litres per capita per day,99,99,177,Households account for 14 percent of water consumption in Greece and it is one of the highest water users in the European Union—nearly 40 gallons (177 liters) per person per day. (2020)
2025 Disclosure Cycle,779465,CDP,918366,City of Gradiška,City,Europe,Bosnia and Herzegovina,Public,Q4.10,"Provide details of the household access to water, sanitation services and water consumption in your jurisdiction.",1,Response,Data is available for the percentage of households with access to safely managed sanitation services|Data is available for the percentage of households with access to safely managed drinking water services,95,30,,"In the City of Gradiška, approximately 30% of households have access to safety managed sanitation services through connection to the public sewage network. The total length of the sewage network is 52,5 km. The remaining households, particularly in rural and peri-urban areas, use individual septic tanks or other on-site sanitation solutions, which are not always managed to the same safety standards. "
2025 Disclosure Cycle,779465,CDP,918430,Municipality of Athienou,City,Europe,Cyprus,Public,Q4.10,"Provide details of the household access to water, sanitation services and water consumption in your jurisdiction.",1,Response,None of the above data is available to report,,,,"Household access to water: All households in Athienou have access to safe drinking water through the municipal and national water supply network. Water quality is regularly monitored and complies with national and EU standards. While water is safe and reliable, increasing drought conditions and reduced natural water resources pose long-term challenges to water security.\n\nSanitation services: The Municipality is covered by a sewerage system operated in cooperation with the Larnaca Sewerage Board, which collects and treats wastewater according to national and EU standards. In some peripheral areas not yet connected to the central system, households rely on septic tanks, which are regularly serviced.\n\nWater consumption: Detailed jurisdiction-wide data is not available. Based on national averages, household water consumption in Cyprus is approximately 100-110 m³ per person per year (about 280 liters per day). Athienou is assumed to be within a similar range. The Municipality actively promotes water conservation through public awareness campaigns and school programs."
2025 Disclosure Cycle,779465,CDP,918783,City of Békéscsaba,City,Europe,Hungary,Public,Q4.10,"Provide details of the household access to water, sanitation services and water consumption in your jurisdiction.",1,Response,Data is available for the average household water consumption in litres per capita per day|Data is available for the percentage of households with access to safely managed sanitation services|Data is available for the percentage of households with access to safely managed drinking water services,99.2,99.13,117,No relevant comment is available.
2025 Disclosure Cycle,779465,CDP,918804,City of Budaörs,City,Europe,Hungary,Public,Q4.10,"Provide details of the household access to water, sanitation services and water consumption in your jurisdiction.",1,Response,Data is available for the percentage of households with access to safely managed drinking water services|Data is available for the percentage of households with access to safely managed sanitation services,97,86.3,,
2025 Disclosure Cycle,779465,CDP,918805,City of Ajka,City,Europe,Hungary,Public,Q4.10,"Provide details of the household access to water, sanitation services and water consumption in your jurisdiction.",1,Response,Data is available for the percentage of households with access to safely managed drinking water services|Data is available for the average household water consumption in litres per capita per day|Data is available for the percentage of households with access to safely managed sanitation services,99.78,99.76,99,
2025 Disclosure Cycle,779465,CDP,919095,City of London (City),City,UKWW,United Kingdom,Public,Q4.10,"Provide details of the household access to water, sanitation services and water consumption in your jurisdiction.",1,Response,Data is available for the average household water consumption in litres per capita per day|Data is available for the percentage of households with access to safely managed sanitation services|Data is available for the percentage of households with access to safely managed drinking water services,100,100,144.4,"Thames Water is the water provider for the Square Mile, and 80% of wider London. The source of household water consumption (litres/capita/day) is based on data calculated by Thames Water for the whole of London in the year 2021/22 where daily water consumption in London was 144.4 litres per capita, down from 152.2 litres per capita in 2020/21. This remains the most up-to-date figure. Link: https://www.london.gov.uk/who-we-are/what-london-assembly-does/questions-mayor/find-an-answer/water-use#:~:text=Figures%20from%20their%202021%2F22,of%20142.6%20litres%20per%20capita "
2025 Disclosure Cycle,779465,CDP,919723,Alvesta Municipality,City,Europe,Sweden,Public,Q4.10,"Provide details of the household access to water, sanitation services and water consumption in your jurisdiction.",1,Response,Data is available for the average household water consumption in litres per capita per day|Data is available for the percentage of households with access to safely managed sanitation services|Data is available for the percentage of households with access to safely managed drinking water services,78,78,134,"In 2024, 15,540 out of 19,830 residents lived within the municipality's operational areas that are provided with municipal water and sewage treatment. This gives a percentage of 78. The other 22% live outside the operational areas and have their own well and sewage system. The municipality takes care of the supervision for residents sewage treatment outside the operational areas.\n\nEstimated water consumption for households: Total charged water consumption in 2024 for the subscriber register's statistical groups for households, multi-family buildings, municipal housing companies, public facilities, other uncategorized subscriptions has been\ndivided by 365 days and by the number of registered persons (15,540 persons) living within an area connected to municipal water.\nCharged consumption for the statistical groups industry, office, trade, administration and farm is not included in the calculation."
2025 Disclosure Cycle,779465,CDP,919724,Gällivare Municipality,City,Europe,Sweden,Public,Q4.10,"Provide details of the household access to water, sanitation services and water consumption in your jurisdiction.",1,Response,Data is available for the percentage of households with access to safely managed drinking water services|Data is available for the percentage of households with access to safely managed sanitation services|Data is available for the average household water consumption in litres per capita per day,95,95,167,"The numbers for percentages of households with access to safely managed drinking water and sanitation services are estimated. In general in Sweden every household should have access to this, but there might be some cabins and vacations homes that doesnt have it. "
2025 Disclosure Cycle,779465,CDP,919730,Lambeth Council,City,UKWW,United Kingdom,Public,Q4.10,"Provide details of the household access to water, sanitation services and water consumption in your jurisdiction.",1,Response,Data is available for the percentage of households with access to safely managed sanitation services|Data is available for the percentage of households with access to safely managed drinking water services,99,99,,
2025 Disclosure Cycle,779465,CDP,923490,Frutillar,City,Latin America,Chile,Public,Q4.10,"Provide details of the household access to water, sanitation services and water consumption in your jurisdiction.",1,Response,Data is available for the percentage of households with access to safely managed drinking water services|Data is available for the average household water consumption in litres per capita per day|Data is available for the percentage of households with access to safely managed sanitation services,76.4,88,196,Las cifras provienen del Censo 2017 (agua potable) y de estimaciones nacionales o regionales (saneamiento y consumo).\n\nSe carece de información reciente desagregada para zonas rurales y comunales.
2025 Disclosure Cycle,779465,CDP,924780,City of Butuan,City,South East Asia & Oceania,Philippines,Public,Q4.10,"Provide details of the household access to water, sanitation services and water consumption in your jurisdiction.",1,Response,Data is available for the percentage of households with access to safely managed drinking water services|Data is available for the percentage of households with access to safely managed sanitation services,62.13,2.37,,"The national target for households with access to safely managed drinking water services is 78.01% for FY 2025. For Butuan City, we are slightly below target. There are still 27 barangays without BCWD connection namely barangays: Baobaoan, Bugsukan, De Oro, Los Angeles, Sto. Nino, Sumilihon, Bilay, Dankias, Don Francisco, Dulag, Florida, Maguinda, Maibu, Mandamo, Manila de Bugabus, MJ Santos, Salvacion, San Mateo, Sumile, Tagabaca, Tungao, Aupagan, Bitan-agan, Kinamlutan, Nong-nong, Pinamanculan and Amparo.\n\nAs for Households with access to safely managed sanitation services, the national target is 78.81% for FY 2025. Butuan City still has very low accomplishment for this indicator. The accomplishment showed are establishments and residential buildings newly built with the new indicators for safely managed sanitation services in effect. The Environment and Sanitation Unit of the City Health Department has ongoing inspection activities for this. They are also doing a joint inspection activities with Office of the Building Official.\n\n"
2025 Disclosure Cycle,779465,CDP,924872,"Colón, Entre Rios",City,Latin America,Argentina,Public,Q4.10,"Provide details of the household access to water, sanitation services and water consumption in your jurisdiction.",1,Response,Data is available for the percentage of households with access to safely managed drinking water services|Data is available for the percentage of households with access to safely managed sanitation services,98.31,83.93,,ninguno
2025 Disclosure Cycle,779465,CDP,929491,Municipalidad de San Lucas Sacatepéquez,City,Latin America,Guatemala,Public,Q4.10,"Provide details of the household access to water, sanitation services and water consumption in your jurisdiction.",1,Response,Data is available for the percentage of households with access to safely managed sanitation services|Data is available for the percentage of households with access to safely managed drinking water services,5.5,2.0,,"Son cantidad de viviendas colocadas en las respuestas, no se ha sacado el porcentaje. "
2025 Disclosure Cycle,779465,CDP,929501,Algarrobo,City,Latin America,Chile,Public,Q4.10,"Provide details of the household access to water, sanitation services and water consumption in your jurisdiction.",1,Response,Data is available for the percentage of households with access to safely managed sanitation services,,,,Datos aportados por en el diagnóstico de la Estrategia Hídrica Local (Informe que se adjunta en información adicional)
2025 Disclosure Cycle,779465,CDP,929627,Lima Puluh Kota Regency,City,South East Asia & Oceania,Indonesia,Public,Q4.10,"Provide details of the household access to water, sanitation services and water consumption in your jurisdiction.",1,Response,Data is available for the percentage of households with access to safely managed drinking water services|Data is available for the percentage of households with access to safely managed sanitation services,95,100,,"Although not 100 percent of the population of Lima Puluh Kota Regency has access to safe clean water, this situation at least addresses the needs of all residents who don't have access to safe clean water. Those who don't have access to this service are those who live far from official drinking water management companies, but who have access to clean water naturally and independently, for example from springs, dug wells, pumped wells, or drilled wells."
2025 Disclosure Cycle,779465,CDP,929630,Pasaman Regency,City,South East Asia & Oceania,Indonesia,Public,Q4.10,"Provide details of the household access to water, sanitation services and water consumption in your jurisdiction.",1,Response,Data is available for the percentage of households with access to safely managed drinking water services|Data is available for the percentage of households with access to safely managed sanitation services,43.79,0.66,,"Capaian Akses air minum aman di Kabupaten Pasaman masih tergolong rendah, namun untuk capaian layak sudah cukup baik diangka 83,42 pada tahun 2024. Sedangkan untuk akses sanitasi aman pada tahun 2024 baru 0,66% sedangkan untuk sanitasi layak sudah diangka 83,6%. Untuk peningkatan akses sanitasi aman ini Pemerintah Kabupaten Pasaman sedang mengusulkan pembangunan Instalasi Pengolahan Lumpur Tinja (IPLT). Sementara itu Pemerintah Kab. Pasaman belum memiliki data konsumsi air Rumah Tangga (Liter/Kapita/Hari)."
2025 Disclosure Cycle,779465,CDP,929965,Çorlu Belediyesi,City,UKWW,Türkiye,Public,Q4.10,"Provide details of the household access to water, sanitation services and water consumption in your jurisdiction.",1,Response,Data is available for the percentage of households with access to safely managed drinking water services,100,,,"All households within municipal boundaries in Turkey and Çorlu are connected to a safe drinking water network. According to TÜİK and İSKİ / DSİ reports, daily water consumption per person is approximately 190 litres. Sanitation access is at 99 per cent."
2025 Disclosure Cycle,779465,CDP,929994,Uskudar Municipality,City,UKWW,Türkiye,Public,Q4.10,"Provide details of the household access to water, sanitation services and water consumption in your jurisdiction.",1,Response,Data is available for the percentage of households with access to safely managed drinking water services|Data is available for the average household water consumption in litres per capita per day|Data is available for the percentage of households with access to safely managed sanitation services,100,100,130,"Thanks to the infrastructure works and regular maintenance services carried out in our district, all our households have uninterrupted, safe, and healthy access to water; there are no problems in providing clean water, which is one of the basic needs of our citizens."
2025 Disclosure Cycle,779465,CDP,930073,Quang Binh Province,City,South East Asia & Oceania,Viet Nam,Public,Q4.10,"Provide details of the household access to water, sanitation services and water consumption in your jurisdiction.",1,Response,Data is available for the average household water consumption in litres per capita per day|Data is available for the percentage of households with access to safely managed drinking water services,97.9,,98,"Access to water and sanitation services in Quảng Bình Province reflects significant progress in coverage but highlights persistent challenges regarding quality and infrastructure sustainability, particularly in rural areas.\nWater Access and Quality\nQuảng Bình has achieved a high rate of household access to basic water sources, yet a major gap exists between coverage and safety standards:\n•\tOverall Access to Hygienic Water: As of 2023, the rate of rural households using hygienic water sources (which include both piped and well water that is considered safe) reached a robust 97.92%.\n•\tAccess to Piped, Standard Water: The critical challenge is the supply of fully compliant drinking water. The rate of households using water that meets National Technical Standards (QCVN) was significantly lower at only 61.38% (2023). This indicates that nearly four out of ten households still use water that may not be completely safe for consumption, despite being categorized as \'hygienic.\'\n•\tRural Infrastructure: The water supply in rural areas relies on over 100 centralized systems. However, a substantial portion of this infrastructure is struggling: about 37.6% of these central works are classified as less sustainable, with 14.5% non-operational, posing a constant threat to service reliability.\nWater Consumption\nActual per capita water consumption is primarily tracked through the tiered pricing structure set by the Provincial People's Committee:\n•\tConsumption Benchmark: The lowest consumption tier for pricing is typically set at under 4m3/person/month.\n•\tImplied Daily Use: This benchmark translates to an implied daily usage of approximately 133 liters per person per day (4m3×1,000L/30 days), which is higher than the province's current goal to supply a minimum of 60 liters per person per day to the rural population by 2025. This suggests that connected households generally consume a healthy amount of water.\nSanitation Services and Development Goals\nThe province is actively working to improve household sanitation and environmental hygiene:\n•\tSanitation Improvement: Local authorities provide support, including credit and loan programs, to help rural households build or upgrade sanitary latrines and wastewater treatment facilities.\n•\tFuture Targets: Key environmental goals for the rural sector by 2025 include having at least 15% of rural households apply effective household wastewater collection and treatment measures, moving beyond just having a basic latrine.\n"
2025 Disclosure Cycle,779465,CDP,930236,Municipio Manuel Plácido Maneiro,City,Latin America,Venezuela (Bolivarian Republic of),Public,Q4.10,"Provide details of the household access to water, sanitation services and water consumption in your jurisdiction.",1,Response,Data is available for the percentage of households with access to safely managed drinking water services,82,,,"Desde julio de 2024 la situación del agua y saneamiento en Margarita sigue marcada por deficiencias estructurales en electricidad e infraestructura hídrica. Aunque se han hecho rehabilitaciones puntuales, persiste la dependencia de cisternas privadas y almacenamiento individual, con altos costos que afectan a hogares, empresas y turismo.\n\n2. Situación actual del acceso al agua\n\nLos ciclos de distribución por tubería se mantienen entre 30 y 45 días. La Cámara de Comercio de Nueva Esparta reporta que 85% de las empresas dependen de cisternas y solo 22% accede a agua directa por red. Para muchas familias, especialmente las de bajos ingresos, la situación es crítica: carecen de tanques y deben pagar precios elevados por agua, lo que agrava la desigualdad.\n\n3. Estado de la infraestructura\n\nLa planta Juan Bautista Arismendi continúa con bajo rendimiento, y los cortes eléctricos afectan el bombeo. Las aducciones submarinas desde tierra firme siguen en mal estado; en 2025 se registraron roturas que interrumpieron el servicio varios días en Margarita y Coche, confirmando la urgencia de su renovación.\n\n4. Servicios de saneamiento\n\nEl sistema de alcantarillado presenta fallas recurrentes. Se han rehabilitado colectores en zonas específicas, pero continúan las descargas de aguas servidas en áreas residenciales y turísticas, con riesgos para la salud y el atractivo del destino.\n\n5. Impacto socioeconómico\n\nEl gasto en cisternas (500-600 dólares mensuales en promedio para empresas) reduce competitividad y eleva precios al consumidor. Hoteles y comercios deben invertir en almacenamiento y plantas eléctricas. La población vulnerable es la más afectada, sin recursos para pagar agua ni capacidad de almacenamiento, lo que incrementa su exposición sanitaria.\n\n6. Soluciones implementadas o propuestas\n\nSe han ejecutado rehabilitaciones puntuales de estaciones de bombeo y colectores, pero no existe una estrategia integral para modernizar la red submarina ni garantizar suministro eléctrico confiable en plantas.\n\n7. Conclusiones y recomendaciones\n\nMargarita enfrenta un cuadro de vulnerabilidad sostenida. Se requieren inversiones estructurales en aducciones, energía para bombeo, saneamiento y apoyo a comunidades vulnerables. Sin una estrategia integral, la desigualdad y el impacto en salud y turismo seguirán profundizándose."
2025 Disclosure Cycle,779465,CDP,930247,Prefeitura de Carinhanha,City,Latin America,Brazil,Public,Q4.10,"Provide details of the household access to water, sanitation services and water consumption in your jurisdiction.",1,Response,Data is available for the percentage of households with access to safely managed sanitation services|Data is available for the average household water consumption in litres per capita per day,,48.7,120.0,Fração da população atendida pelo serviços de coleta e tratamento do efluente;
2025 Disclosure Cycle,779465,CDP,930248,Prefeitura de Jandaíra,City,Latin America,Brazil,Public,Q4.10,"Provide details of the household access to water, sanitation services and water consumption in your jurisdiction.",1,Response,None of the above data is available to report,,,,
2025 Disclosure Cycle,779465,CDP,930254,Thua Thien Hue Province,City,South East Asia & Oceania,Viet Nam,Public,Q4.10,"Provide details of the household access to water, sanitation services and water consumption in your jurisdiction.",1,Response,Data is available for the percentage of households with access to safely managed sanitation services|Data is available for the average household water consumption in litres per capita per day|Data is available for the percentage of households with access to safely managed drinking water services,97.6,95.5,400.5,"Residents of Hue City enjoy remarkably high access to clean drinking water, positioning the region ahead of many national targets. However, this success is tempered by persistent challenges in rural and mountainous areas, significant data gaps regarding household sanitation coverage, and the ever-present threat of climate change-related impacts on water quality.\nWater Access: A Provincial Success Story\nHue has made significant strides in providing clean water to its population. As of early 2024, the city's primary supplier, Hue Water Supply Joint Stock Company (HueWACO), reported that its services reached an impressive 97.62% of the population. This figure includes a near-universal 100% coverage in urban centers, a testament to sustained investment in infrastructure, including the recent expansion of major treatment plants like Vạn Niên.\nThe city has a robust network of water treatment plants and over 4,400 kilometers of pipelines. This extensive system is crucial in ensuring that water supplied to households meets the stringent quality standards set by the Ministry of Health. The local government has also established its own set of technical standards for clean water, further underscoring a commitment to water safety.\nDespite the high overall access rate, disparities persist. Approximately 3% of the population, primarily located in remote, mountainous districts like A Luoi and Nam Dong, and in some coastal and lagoon areas, still face challenges in accessing the centralized water supply. In these regions, households often rely on traditional sources such as dug wells, boreholes, and rainwater harvesting. While these sources are vital, their quality is not consistently guaranteed, and they are particularly vulnerable to contamination, especially during the flood season. Efforts are ongoing to expand the piped network to these underserved communities, but geographical complexities and high investment costs remain significant hurdles.\nSanitation Services: An Unclear Picture\nIn stark contrast to the well-documented success in water supply, there is a notable lack of recent, specific public data on household sanitation coverage in Hue. While a 2022 provincial report indicated that 99.04% of households used \'hygienic water,\' the definition and its correlation to sanitation facilities like toilets are not so clear.\nInformation regarding sanitation tends to focus on municipal solid waste management."
2025 Disclosure Cycle,779465,CDP,930257,Municipalidad de Puyo,City,Latin America,Ecuador,Public,Q4.10,"Provide details of the household access to water, sanitation services and water consumption in your jurisdiction.",1,Response,Data is available for the percentage of households with access to safely managed drinking water services|Data is available for the percentage of households with access to safely managed sanitation services,78.8,54.4,,"La fuente de información es el VIII Censo de Población, VII de Vivienda y I de Comunidades de Ecuador del 2022."
2025 Disclosure Cycle,779465,CDP,930270,Ilustre Municipalidad de Ancud,City,Latin America,Chile,Public,Q4.10,"Provide details of the household access to water, sanitation services and water consumption in your jurisdiction.",1,Response,Data is available for the average household water consumption in litres per capita per day|Data is available for the percentage of households with access to safely managed sanitation services|Data is available for the percentage of households with access to safely managed drinking water services,95.0,95.0,124.0,Datos del año 2022
2025 Disclosure Cycle,779465,CDP,930332,"City of Orillia, ON",City,North America,Canada,Public,Q4.10,"Provide details of the household access to water, sanitation services and water consumption in your jurisdiction.",1,Response,None of the above data is available to report,,,,na
2025 Disclosure Cycle,779465,CDP,930367,Municipio de Montecristi,City,Latin America,Ecuador,Public,Q4.10,"Provide details of the household access to water, sanitation services and water consumption in your jurisdiction.",1,Response,Data is available for the percentage of households with access to safely managed sanitation services|Data is available for the average household water consumption in litres per capita per day|Data is available for the percentage of households with access to safely managed drinking water services,30,60,200.0,"Datos aproximados de acuerdo al ultimo censo y estudios, Se ha presentado a la CAF el proyecto para la captación propia de agua cruda en el cantón Montecristi."
2025 Disclosure Cycle,779465,CDP,930413,Municipio de Santa Elena,City,Latin America,Ecuador,Public,Q4.10,"Provide details of the household access to water, sanitation services and water consumption in your jurisdiction.",1,Response,Data is available for the percentage of households with access to safely managed drinking water services|Data is available for the average household water consumption in litres per capita per day|Data is available for the percentage of households with access to safely managed sanitation services,80.0,80.0,150.0,En los Registro de Consumo Diario de la empresa de Agua Potable de la Peínsula (AGUAPEN EP) se indica un consumo promedio de 150 litros/cápita/día. Pero en el Plan Maestro se manejará un consumo de 200litros/cápita/día.
2025 Disclosure Cycle,779465,CDP,930502,San Francisco del Rincón,City,Latin America,Mexico,Public,Q4.10,"Provide details of the household access to water, sanitation services and water consumption in your jurisdiction.",1,Response,Data is available for the percentage of households with access to safely managed sanitation services|Data is available for the average household water consumption in litres per capita per day|Data is available for the percentage of households with access to safely managed drinking water services,79.0,97.0,88.0,Información rescatada del Censo de Población y Vivienda 2020 INEGI y el Diagnóstico Sectorial de Agua potable y saneamiento 2019 emitido por Comisión Estatal del Agua de Guanajuato
2025 Disclosure Cycle,779465,CDP,930753,Yeoncheon County,City,South East Asia & Oceania,Korea (The Republic of),Public,Q4.10,"Provide details of the household access to water, sanitation services and water consumption in your jurisdiction.",1,Response,Data is available for the average household water consumption in litres per capita per day|Data is available for the percentage of households with access to safely managed drinking water services,98.4,,619,"2021년 기준, 가구당이 아닌 인구당 통계로 입력"
2025 Disclosure Cycle,779465,CDP,930758,City of Srebrenik,City,Europe,Bosnia and Herzegovina,Public,Q4.10,"Provide details of the household access to water, sanitation services and water consumption in your jurisdiction.",1,Response,Data is available for the percentage of households with access to safely managed drinking water services|Data is available for the percentage of households with access to safely managed sanitation services,95.5,70,,"Water supply in the City of Srebrenik is provided through the public water supply system in areas with a built network, while in other parts households rely on individual wells with uncontrolled water quality. The public system is managed by the Public Utility Company “Vodovod i Kanalizacija” Srebrenik. In 2022, the total length of the water supply network was 435.21 km, 4.5% longer than in 2018. According to utility company data, around 95% of households in the urban area had regulated access to drinking water in 2022. However, the local areas of Tinja and Podorašje remain the most vulnerable, lacking an organized water supply system with sufficient drinking water, which represents a key strategic intervention for the next planning period.\n\nMajor challenges include insufficient source capacity, inadequate protection of water sources, and system losses, which reached 30% in 2022, highlighting the urgent need for rehabilitation and replacement of outdated infrastructure.\n\nWastewater management is also unsatisfactory. Many settlements lack sewage systems, and only the central urban area is connected to the municipal sewer network. Approximately 75,000 m³ of wastewater per year from 792.72 ha of urban area is transported to the wastewater treatment plant located near Ježinac. The plant, with a capacity of 12,500 PE, operates on biological treatment principles but has faced serious functional issues due to the absence of a proper maintenance system. Frequent equipment breakdowns have significantly hindered operation and risk a complete shutdown of the facility.\n\nIn 2022, the total number of sewage connections was 5,094, while 1,950 households still lacked access to the sewer system. The total length of the sewage network was 39 km."
2025 Disclosure Cycle,779465,CDP,931104,City of Leh,City,India,India,Public,Q4.10,"Provide details of the household access to water, sanitation services and water consumption in your jurisdiction.",1,Response,Data is available for the percentage of households with access to safely managed drinking water services,57.69,,,NA
2025 Disclosure Cycle,779465,CDP,931111,South Downs National Park Authority,City,UKWW,United Kingdom,Public,Q4.10,"Provide details of the household access to water, sanitation services and water consumption in your jurisdiction.",1,Response,Data is available for the average household water consumption in litres per capita per day,,,137,"Data is not currently collected, compiled or aggregated for the National Park area. This sits within the jurisdiction of the water companies and the regulatory bodies such as OFWAT and the Environment Agency.\n\nWe would need to ask them to compile and cut the data to the National Park boundary - rather than their own administrative/business area."
2025 Disclosure Cycle,779465,CDP,2011429,Municipality of Belsh,City,Europe,Albania,Public,Q4.10,"Provide details of the household access to water, sanitation services and water consumption in your jurisdiction.",1,Response,Data is available for the percentage of households with access to safely managed drinking water services,,,,
2025 Disclosure Cycle,779465,CDP,2012299,Warwick District Council,City,UKWW,United Kingdom,Public,Q4.10,"Provide details of the household access to water, sanitation services and water consumption in your jurisdiction.",1,Response,Data is available for the percentage of households with access to safely managed sanitation services|Data is available for the percentage of households with access to safely managed drinking water services,100,100,,N/A
2025 Disclosure Cycle,779465,CDP,2012301,Broads National Park Authority,City,UKWW,United Kingdom,Public,Q4.10,"Provide details of the household access to water, sanitation services and water consumption in your jurisdiction.",1,Response,None of the above data is available to report,,,,
2025 Disclosure Cycle,779465,CDP,2012303,Dartmoor National Park Authority,City,UKWW,United Kingdom,Public,Q4.10,"Provide details of the household access to water, sanitation services and water consumption in your jurisdiction.",1,Response,None of the above data is available to report,,,,"Data is not currently collected, compiled or aggregated for the National Park area."
2025 Disclosure Cycle,779465,CDP,2012305,Exmoor National Park Authority,City,UKWW,United Kingdom,Public,Q4.10,"Provide details of the household access to water, sanitation services and water consumption in your jurisdiction.",1,Response,None of the above data is available to report,,,,
2025 Disclosure Cycle,779465,CDP,2012306,Loch Lomond and the Trossachs National Park Authority,City,UKWW,United Kingdom,Public,Q4.10,"Provide details of the household access to water, sanitation services and water consumption in your jurisdiction.",1,Response,None of the above data is available to report,,,,We were not able to ascertain if/how this information can be regularly gathered in time for this year's submission. Will will further investigate in order to enable inclusion in future reports.
2025 Disclosure Cycle,779465,CDP,2012307,New Forest National Park Authority,City,UKWW,United Kingdom,Public,Q4.10,"Provide details of the household access to water, sanitation services and water consumption in your jurisdiction.",1,Response,Data is available for the percentage of households with access to safely managed drinking water services|Data is available for the percentage of households with access to safely managed sanitation services|Data is available for the average household water consumption in litres per capita per day,99.8,98.1,133.7,Safely Managed Drinking Water - UK data used: https://ourworldindata.org/grapher/proportion-using-safely-managed-drinking-water?tab=chart&country=OWID_WRL~GBR; Sanitation Services Data: UK average used https://sdgdata.gov.uk/6-2-1/; Household Water Consumption - Southern Water average for 2022/23 used https://ourworldindata.org/grapher/proportion-using-safely-managed-drinking-water?tab=chart&country=OWID_WRL~GBR
2025 Disclosure Cycle,779465,CDP,2012308,North York Moors National Park Authority,City,UKWW,United Kingdom,Public,Q4.10,"Provide details of the household access to water, sanitation services and water consumption in your jurisdiction.",1,Response,Data is available for the percentage of households with access to safely managed sanitation services|Data is available for the percentage of households with access to safely managed drinking water services|Data is available for the average household water consumption in litres per capita per day,99.8,98,140,"The access to drinking water figure is for the UK in 2022, the data is not available for the national park or local government and it is % population rather than % households, households is not calculated by the UK government. Source: https://sdgdata.gov.uk/6-1-1/\n\nThe access to sanitation is for the UK in 2022, the data is not available for the national park or local government and it is % population rather than % households, households is not calculated by the UK government. Source: https://sdgdata.gov.uk/6-2-1/\n\nThe water consumption figure is for the UK in 2023, the data is not available for the national park or local government. The UK per capita consumption of water is 140 litres per day (UK Government). Source:\nhttps://assets.publishing.service.gov.uk/media/668406c68d257280ee8546ce/Water-and-sewerage-companies-in-England-environmental-performance-summary-graphic-2023.pdf"
2025 Disclosure Cycle,779465,CDP,2012309,Northumberland National Park Authority,City,UKWW,United Kingdom,Public,Q4.10,"Provide details of the household access to water, sanitation services and water consumption in your jurisdiction.",1,Response,None of the above data is available to report,,,,Ascertaining whether this data is publicly available for the National Park Area.
2025 Disclosure Cycle,779465,CDP,2012310,Peak District National Park Authority,City,UKWW,United Kingdom,Public,Q4.10,"Provide details of the household access to water, sanitation services and water consumption in your jurisdiction.",1,Response,None of the above data is available to report,,,,Monitoring this data is not within our jurisdictional responsibilities.
2025 Disclosure Cycle,779465,CDP,2012312,Yorkshire Dales National Park Authority,City,UKWW,United Kingdom,Public,Q4.10,"Provide details of the household access to water, sanitation services and water consumption in your jurisdiction.",1,Response,Data is available for the average household water consumption in litres per capita per day|Data is available for the percentage of households with access to safely managed sanitation services|Data is available for the percentage of households with access to safely managed drinking water services,99.8,98,140,"The access to drinking water figure is for the UK in 2022, the data is not available for the national park or local government and it is % population rather than % households, households is not calculated by the UK government. Source: https://sdgdata.gov.uk/6-1-1/ \n\nThe access to sanitation is for the UK in 2022, the data is not available for the national park or local government and it is % population rather than % households, households is not calculated by the UK government. Source: https://sdgdata.gov.uk/6-2-1/ \n\nThe water consumption figure is for the UK in 2023, the data is not available for the national park or local government. The UK per capita consumption of water is 140 litres per day (UK Government). Source: https://assets.publishing.service.gov.uk/media/668406c68d257280ee8546ce/Water-and-sewerage-companies-in-England-environmental-performance-summary-graphic-2023.pdf"
2025 Disclosure Cycle,779465,CDP,2023043,Nasushiobara City,City,Japan,Japan,Public,Q4.10,"Provide details of the household access to water, sanitation services and water consumption in your jurisdiction.",1,Response,Data is available for the average household water consumption in litres per capita per day|Data is available for the percentage of households with access to safely managed drinking water services,98.58,,372,"日本国内で、水道水質基準が定められており、本市も水道水質基準に基づき運用している。 給水区域内普及率が98.58%であり、安全に管理された飲料水サービスを利用している世帯割合は98.58%となる。\nまた、栃木県の年間給水量は244,574千㎥、人口は1,816,141人であり、年間1人あたり372ℓ使用している。"
2025 Disclosure Cycle,779465,CDP,2024876,Town of Lügde,City,Europe,Germany,Public,Q4.10,"Provide details of the household access to water, sanitation services and water consumption in your jurisdiction.",1,Response,Data is available for the percentage of households with access to safely managed drinking water services,,,,
2025 Disclosure Cycle,779465,CDP,2027109,Ilustre Municipalidad De El Quisco,City,Latin America,Chile,Public,Q4.10,"Provide details of the household access to water, sanitation services and water consumption in your jurisdiction.",1,Response,Data is available for the percentage of households with access to safely managed drinking water services|Data is available for the percentage of households with access to safely managed sanitation services,99.8,67,,"en sistema de agua potable se consideró red pública 86.7%; pozo o noria 7.2% y camiones aljibes (5.9% ) y en saneamiento se considera alcantarillado 66%, alcantarillado fuera de la vivienda 1% , el resto no considerado como seguro es fosa séptica 31 % y otros 2% "
2025 Disclosure Cycle,779465,CDP,2027804,Kalasin Town Municipality,City,South East Asia & Oceania,Thailand,Public,Q4.10,"Provide details of the household access to water, sanitation services and water consumption in your jurisdiction.",1,Response,Data is available for the percentage of households with access to safely managed drinking water services,100,,,เทศบาลเมืองกาฬสินธุ์รับมอบนโยบายเร่งด่วนในการขับเคลื่อน เรื่องน้ำดื่มสะอาด ลดค่าใช้จ่ายให้ประชาชน ขับเคลื่อนให้ครัวเรือนสามารถเข้าถึงน้ำดื่มสะอาดเพื่อการอุปโภค บริโภค โดยพัฒนามาตรฐานคุณภาพน้ำปะปา และจัดหาน้ำดื่มสะอาด น้ำปะปาดื่มได้ จึงมีโครงการตรวจสอบคุณภาพน้ำปะปา
2025 Disclosure Cycle,779465,CDP,2027823,Saen Suk Town Municipality,City,South East Asia & Oceania,Thailand,Public,Q4.10,"Provide details of the household access to water, sanitation services and water consumption in your jurisdiction.",1,Response,Data is available for the percentage of households with access to safely managed drinking water services,100,,,ใช้บริการจากการประปาส่วนภูมิภาค
2025 Disclosure Cycle,779465,CDP,2027827,Su-ngai Kolok Town Municipality,City,South East Asia & Oceania,Thailand,Public,Q4.10,"Provide details of the household access to water, sanitation services and water consumption in your jurisdiction.",1,Response,None of the above data is available to report,,,,ไม่มี
2025 Disclosure Cycle,779465,CDP,2027830,Pak Poon Town Municipality,City,South East Asia & Oceania,Thailand,Public,Q4.10,"Provide details of the household access to water, sanitation services and water consumption in your jurisdiction.",1,Response,Data is available for the average household water consumption in litres per capita per day,,,0,
2025 Disclosure Cycle,779465,CDP,2027856,Cañada Rosquín,City,Latin America,Argentina,Public,Q4.10,"Provide details of the household access to water, sanitation services and water consumption in your jurisdiction.",1,Response,None of the above data is available to report,,,,ninguno
2025 Disclosure Cycle,779465,CDP,2027864,El Trebol,City,Latin America,Argentina,Public,Q4.10,"Provide details of the household access to water, sanitation services and water consumption in your jurisdiction.",1,Response,Data is available for the percentage of households with access to safely managed drinking water services|Data is available for the percentage of households with access to safely managed sanitation services,70,83,,"En cuanto al\nservicio de agua potable, la ciudad cuenta con 3488 conexiones a la red, cubriendo el 70%\ndel total de viviendas de la localidad. Existen 4164 conexiones a la red de cloacas, siendo el\n83% de las viviendas de la localidad."
2025 Disclosure Cycle,779465,CDP,2027869,San Salvador de Jujuy,City,Latin America,Argentina,Public,Q4.10,"Provide details of the household access to water, sanitation services and water consumption in your jurisdiction.",1,Response,None of the above data is available to report,,,,ninguno
2025 Disclosure Cycle,779465,CDP,2027876,Tual City,City,South East Asia & Oceania,Indonesia,Public,Q4.10,"Provide details of the household access to water, sanitation services and water consumption in your jurisdiction.",1,Response,Data is available for the percentage of households with access to safely managed drinking water services,34,,,Kami menggunakan data jumlah Pelanggan Air Minum PDAM Kota Tual yang terdapat dalam dokumen Kota Tual dalam Angka 2024 oleh BPS Kota Tual. Untuk Persentasenya diperoleh dari hasil bagi Total pelanggan PDAM dengan Jumlah Kepala Keluarga di Kota Tual (data Dukcapil Kota Tual :https://disdukcapil.tualkota.go.id/)
2025 Disclosure Cycle,779465,CDP,2027923,Barva,City,Latin America,Costa Rica,Public,Q4.10,"Provide details of the household access to water, sanitation services and water consumption in your jurisdiction.",1,Response,Data is available for the percentage of households with access to safely managed drinking water services,99.1,,,"Por le momento no se tienen datos sobre viviendas a servicios de saneamiento y el consumo de agua en viviendas. Una vez se tengan los datos, estos serán actualizados y registrados. "
2025 Disclosure Cycle,779465,CDP,2027926,Salinas,City,Latin America,Ecuador,Public,Q4.10,"Provide details of the household access to water, sanitation services and water consumption in your jurisdiction.",1,Response,Data is available for the percentage of households with access to safely managed drinking water services|Data is available for the percentage of households with access to safely managed sanitation services,93.72,72.68,,Datos obtenidos del Plan de Desarrollo y Ordenamiento Territorial del período 2023 - 2027
2025 Disclosure Cycle,779465,CDP,2027928,La Joya de los Sachas,City,Latin America,Ecuador,Public,Q4.10,"Provide details of the household access to water, sanitation services and water consumption in your jurisdiction.",1,Response,Data is available for the percentage of households with access to safely managed drinking water services,25.06,,,
2025 Disclosure Cycle,779465,CDP,2027930,Ahome,City,Latin America,Mexico,Public,Q4.10,"Provide details of the household access to water, sanitation services and water consumption in your jurisdiction.",1,Response,Data is available for the percentage of households with access to safely managed sanitation services|Data is available for the percentage of households with access to safely managed drinking water services,98,97.2,,La información brindada refieren datos del 2020
2025 Disclosure Cycle,779465,CDP,2033711,Prefeitura de Arapiraca,City,Latin America,Brazil,Public,Q4.10,"Provide details of the household access to water, sanitation services and water consumption in your jurisdiction.",1,Response,Data is available for the percentage of households with access to safely managed drinking water services,76.9,,,Dados do Censo IBGE 2022
2025 Disclosure Cycle,779465,CDP,2033737,Prefeitura de Crato,City,Latin America,Brazil,Public,Q4.10,"Provide details of the household access to water, sanitation services and water consumption in your jurisdiction.",1,Response,Data is available for the average household water consumption in litres per capita per day|Data is available for the percentage of households with access to safely managed sanitation services|Data is available for the percentage of households with access to safely managed drinking water services,97.13,25,109.66,
2025 Disclosure Cycle,779465,CDP,2033759,Prefeitura de Ji-Paraná,City,Latin America,Brazil,Public,Q4.10,"Provide details of the household access to water, sanitation services and water consumption in your jurisdiction.",1,Response,Data is available for the percentage of households with access to safely managed sanitation services|Data is available for the percentage of households with access to safely managed drinking water services,68.8,7.72,,
2025 Disclosure Cycle,779465,CDP,2033760,Prefeitura de Maranguape,City,Latin America,Brazil,Public,Q4.10,"Provide details of the household access to water, sanitation services and water consumption in your jurisdiction.",1,Response,Data is available for the percentage of households with access to safely managed drinking water services|Data is available for the percentage of households with access to safely managed sanitation services,85.97,13.87,,"Dados referentes às residências ligadas às redes de água e esgoto no ano de 2023 na área da jurisdição municipal. Segundo dados da Compania de Água e Esgoto do Ceará (CAGECE) a cobertura desses serviços são de, respectivamente, 99,76% e 39,28%."
2025 Disclosure Cycle,779465,CDP,2033762,Prefeitura de Palmeira Dos Índios,City,Latin America,Brazil,Public,Q4.10,"Provide details of the household access to water, sanitation services and water consumption in your jurisdiction.",1,Response,Data is available for the percentage of households with access to safely managed sanitation services|Data is available for the percentage of households with access to safely managed drinking water services|Data is available for the average household water consumption in litres per capita per day,80.53,3.94,86.9,
2025 Disclosure Cycle,779465,CDP,2033763,Prefeitura de Parintins,City,Latin America,Brazil,Public,Q4.10,"Provide details of the household access to water, sanitation services and water consumption in your jurisdiction.",1,Response,None of the above data is available to report,,,,
2025 Disclosure Cycle,779465,CDP,2033764,Prefeitura de São João De Meriti,City,Latin America,Brazil,Public,Q4.10,"Provide details of the household access to water, sanitation services and water consumption in your jurisdiction.",1,Response,Data is available for the percentage of households with access to safely managed drinking water services|Data is available for the average household water consumption in litres per capita per day,91,,174,"Os dados preenchidos foram fornecidos pelas Águas do Rio, empresa responsável pelo abastecimento de água no Município de São João de Meriti.\n\nA Águas do Rio não atende o Município com sistema de esgotamento sanitário conforme definido no Contrato de Concessão.\n\nRespondido sob os números de controle abaixo:\nRIO4.JRG.2025/001093\nPRT.ARJ.2025/012426\nRio de Janeiro, 22 de outubro de 2025."
2025 Disclosure Cycle,779465,CDP,2033765,Prefeitura de Sinop,City,Latin America,Brazil,Public,Q4.10,"Provide details of the household access to water, sanitation services and water consumption in your jurisdiction.",1,Response,Data is available for the percentage of households with access to safely managed drinking water services,95,,,
2025 Disclosure Cycle,779465,CDP,2033767,Prefeitura de Vitória De Santo Antão,City,Latin America,Brazil,Public,Q4.10,"Provide details of the household access to water, sanitation services and water consumption in your jurisdiction.",1,Response,Data is available for the average household water consumption in litres per capita per day|Data is available for the percentage of households with access to safely managed sanitation services|Data is available for the percentage of households with access to safely managed drinking water services,86,27,117,"Em Vitória de Santo Antão (PE), os dados de acesso à água, saneamento e consumo de água foram obtidos do SNIS 2022 (Ministério das Cidades), fonte oficial para monitorar o ODS 6 - Água potável e saneamento.\n\nO município apresenta 86% dos domicílios com abastecimento por rede pública, valor utilizado como proxy de serviços de água potável gerenciados com segurança, conforme a metodologia da Agência Nacional de Águas e Saneamento Básico (ANA). Essa cobertura indica fornecimento contínuo, com qualidade monitorada e captação de fontes protegidas.\n\nJá a coleta e tratamento de esgoto atinge cerca de 27% das residências, segundo o mesmo diagnóstico, refletindo avanços pontuais, mas ainda longe da universalização. Esse indicador representa o saneamento gerenciado com segurança, considerando o tratamento adequado dos efluentes e a disposição final segura.\n\nO consumo médio residencial é de 117 litros por habitante por dia (L/hab.dia), valor estável e próximo à média de municípios do Nordeste. Esse nível de consumo sugere uso moderado e eficiência relativa no abastecimento doméstico.\n\nEsses dados evidenciam que Vitória de Santo Antão possui bom desempenho no acesso à água, mas desafios persistentes na infraestrutura de esgotamento sanitário, que impactam diretamente a saúde pública e a resiliência climática urbana.\n\n📊 Fontes diretas:\nSNIS 2022 - Diagnóstico Água e Esgotos:\nhttps://www.gov.br/cidades/pt-br/acesso-a-informacao/acoes-e-programas/saneamento/snis/produtos-do-snis/diagnosticos/DIAGNOSTICO_TEMATICO_VISAO_GERAL_AE_SNIS_2023.pdf\nInfosanbas (Vitória de Santo Antão):\nhttps://infosanbas.org.br/municipio/vitoria-de-santo-antao-pe/\nTrata Brasil - Municípios e Saneamento:\nhttps://www.aguaesaneamento.org.br/municipios-e-saneamento/pe/vitoria-de-santo-antao"
2025 Disclosure Cycle,779465,CDP,2044300,Laoag City,City,South East Asia & Oceania,Philippines,Public,Q4.10,"Provide details of the household access to water, sanitation services and water consumption in your jurisdiction.",1,Response,Data is available for the percentage of households with access to safely managed drinking water services,99.5,,,
2025 Disclosure Cycle,779465,CDP,2044301,Tayabas City,City,South East Asia & Oceania,Philippines,Public,Q4.10,"Provide details of the household access to water, sanitation services and water consumption in your jurisdiction.",1,Response,Data is available for the percentage of households with access to safely managed drinking water services|Data is available for the percentage of households with access to safely managed sanitation services,43,74,,
2025 Disclosure Cycle,779465,CDP,2044302,Oroquieta City,City,South East Asia & Oceania,Philippines,Public,Q4.10,"Provide details of the household access to water, sanitation services and water consumption in your jurisdiction.",1,Response,Data is available for the percentage of households with access to safely managed sanitation services|Data is available for the percentage of households with access to safely managed drinking water services|Data is available for the average household water consumption in litres per capita per day,70.74,93.41,20000,"LGU Oroquieta City had recently formulated a Local Sustainable Sanitation Plan (LSSP) with the help of resource persons from the Department of Health. Data were from the City Health Office (CHO), City Environment and Natural Resources Office (CityENRO), local water district: Oroquieta City Water District (OCWD) and the City Public Services Office for LGU projects. "
2025 Disclosure Cycle,779465,CDP,2044700,Municipality of Escobar,City,Latin America,Argentina,Public,Q4.10,"Provide details of the household access to water, sanitation services and water consumption in your jurisdiction.",1,Response,Data is available for the percentage of households with access to safely managed drinking water services|Data is available for the percentage of households with access to safely managed sanitation services,27.3,21.5,,ninguno
2025 Disclosure Cycle,779465,CDP,2044708,Municipality of Otavalo,City,Latin America,Ecuador,Public,Q4.10,"Provide details of the household access to water, sanitation services and water consumption in your jurisdiction.",1,Response,Data is available for the average household water consumption in litres per capita per day,,,343,"El valor de demanda habitante/día, refleja unicamente el requerimiento de servicio en la zona urbana, misma que es atendida por la Empresa Municipal de Agua Potable y Alcantarillado de Otavalo (EMAPAO).\nExiste una fracción de 179 hab/día cuya atención de agua potable se atiente tambien, por la Empresa Municipal de Agua Potable y Alcantarillado de Otavalo (EMAPAO); y, que corresponde a San Pablo del Lago, San José de Quichinche, Selva Alegre, San\nPedro de Pataquí, y la comunidad de Peguche.\nEn tanto que, la fracción atendida por las Juntas\nAdministradoras de Agua Potable en las parroquias: San Pablo del Lago, San José de Quichinche, Selva Alegre, Dr. Miguel Egas Cabezas, Eugenio Espejo, San Rafael de la Laguna, González Suárez, San Juan de Ilumán,\nSan Luis y El Jordán es de 180 hab/día. Esta información ha sido tomada del PDOT Otavalo 2019-2023"
2025 Disclosure Cycle,779465,CDP,2044709,Municipality of Pasaje,City,Latin America,Ecuador,Public,Q4.10,"Provide details of the household access to water, sanitation services and water consumption in your jurisdiction.",1,Response,Data is available for the percentage of households with access to safely managed sanitation services|Data is available for the average household water consumption in litres per capita per day|Data is available for the percentage of households with access to safely managed drinking water services,80,80.6,130,
2025 Disclosure Cycle,779465,CDP,2044711,Municipality of Riobamba,City,Latin America,Ecuador,Public,Q4.10,"Provide details of the household access to water, sanitation services and water consumption in your jurisdiction.",1,Response,Data is available for the percentage of households with access to safely managed drinking water services,89,,,
2025 Disclosure Cycle,779465,CDP,2044725,Municipality of Choloma,City,Latin America,Honduras,Public,Q4.10,"Provide details of the household access to water, sanitation services and water consumption in your jurisdiction.",1,Response,Data is available for the percentage of households with access to safely managed sanitation services,,80,,
2025 Disclosure Cycle,779465,CDP,2044738,City of Balanga,City,South East Asia & Oceania,Philippines,Public,Q4.10,"Provide details of the household access to water, sanitation services and water consumption in your jurisdiction.",1,Response,Data is available for the percentage of households with access to safely managed drinking water services|Data is available for the percentage of households with access to safely managed sanitation services|Data is available for the average household water consumption in litres per capita per day,52.84,67.78,120,"Balanga City, the capital of Bataan Province in the Philippines, is experiencing rapid population growth and urbanization, with an estimated 109,647 residents as of 2023. This growth drives increasing water demand, particularly concentrated in urban barangays where residential density, commercial activities, and institutional needs are highest. The Balanga Water District (BLWD) plays a vital role in meeting this demand, providing potable water through a Level III piped system servicing over 20,000 household connections. Average household water consumption is estimated at about 120 liters per capita per day, consistent with national urban benchmarks. However, rural barangays often supplement their water needs with deep wells and communal sources, reflecting varied access across the city.\n\nClimate change poses significant challenges to Balanga's water security and public health. Projected increases in temperature and altered rainfall patterns threaten water availability by affecting surface and groundwater resources. Sea level rise increases risks of coastal flooding and saltwater intrusion, particularly in low-lying areas, while more frequent and intense typhoons can damage water infrastructure and disrupt supply. These environmental pressures heighten the vulnerability of health services, which rely on safe and sufficient water for disease prevention, sanitation, and nutrition programs. Balanga's health infrastructure—including hospitals, rural health units, and barangay health stations—must therefore adapt to these risks to safeguard community well-being.\n\nThe combined effects of urbanization, population growth, and climate change necessitate strategic water resource management in Balanga City. Maintaining and expanding reliable water infrastructure, promoting water conservation and efficient use, and integrating climate adaptation measures are essential to meet rising demand and mitigate risks. Coordinated efforts across water supply, health services, and urban planning will be critical to ensuring sustainable development and resilience for Balanga's residents in the years ahead."
2025 Disclosure Cycle,779465,CDP,2044739,City of Carmona,City,South East Asia & Oceania,Philippines,Public,Q4.10,"Provide details of the household access to water, sanitation services and water consumption in your jurisdiction.",1,Response,Data is available for the percentage of households with access to safely managed drinking water services,98.67,,,"The City of Carmona relies mainly on groundwater sources distributed by water districts and private providers, making its supply system vulnerable to seasonal fluctuations and drought. Rapid urbanization has significantly increased demand, as new housing projects, industrial estates, and commercial areas expand. While coverage has improved, not all barangays enjoy consistent access. Communities farther from main pipelines often face irregular supply and depend on deep wells, delivered water, or shared taps—sources that are costly, unreliable, and sometimes unsafe.\n\nWater quality is also a concern. Formal providers generally meet safety standards, but over-extraction raises risks of contamination and saltwater intrusion. During droughts, households frequently turn to less-regulated sources, exposing them to health risks. Infrastructure limitations worsen the problem. Old pipelines, leaks, and limited storage reduce distribution efficiency and reliability, leading to frequent service interruptions. Although projects such as new pumping stations and expanded networks are planned, these require large investments and stronger coordination with providers and national agencies.\n\nThe CLUP further emphasizes inequity in distribution. Urban centers and industrial zones tend to have reliable connections, while poorer households and remote barangays often face inconsistent service, making them the most vulnerable during shortages.\n\nOverall, Carmona's water supply is functional but fragile—strained by rapid growth, reliant on finite groundwater, and challenged by infrastructure gaps and inequities. Addressing these issues requires sustainable groundwater management, infrastructure upgrades, and fair access for all communities. Without such measures, water scarcity could become one of the city's most urgent development and climate resilience challenges."
2025 Disclosure Cycle,779465,CDP,2044740,City of Samal,City,South East Asia & Oceania,Philippines,Public,Q4.10,"Provide details of the household access to water, sanitation services and water consumption in your jurisdiction.",1,Response,Data is available for the percentage of households with access to safely managed drinking water services|Data is available for the average household water consumption in litres per capita per day|Data is available for the percentage of households with access to safely managed sanitation services,96,97.13,100,Data to be taken from CBMIS c/o CPDO
2025 Disclosure Cycle,779465,CDP,2044749,Kalix Municipality,City,Europe,Sweden,Public,Q4.10,"Provide details of the household access to water, sanitation services and water consumption in your jurisdiction.",1,Response,Data is available for the percentage of households with access to safely managed sanitation services|Data is available for the percentage of households with access to safely managed drinking water services,90,90,,"The figures for household consumption is only available for the whole county, not our municipality. "
2025 Disclosure Cycle,779465,CDP,2044752,Ystad Municipality,City,Europe,Sweden,Public,Q4.10,"Provide details of the household access to water, sanitation services and water consumption in your jurisdiction.",1,Response,Data is available for the percentage of households with access to safely managed drinking water services|Data is available for the average household water consumption in litres per capita per day|Data is available for the percentage of households with access to safely managed sanitation services,100,100,160,
2025 Disclosure Cycle,779465,CDP,2044754,Karatay Municipality,City,UKWW,Türkiye,Public,Q4.10,"Provide details of the household access to water, sanitation services and water consumption in your jurisdiction.",1,Response,Data is available for the average household water consumption in litres per capita per day|Data is available for the percentage of households with access to safely managed drinking water services|Data is available for the percentage of households with access to safely managed sanitation services,100,100,200,
2025 Disclosure Cycle,779465,CDP,2044758,Cà Mau City,City,South East Asia & Oceania,Viet Nam,Public,Q4.10,"Provide details of the household access to water, sanitation services and water consumption in your jurisdiction.",1,Response,Data is available for the percentage of households with access to safely managed sanitation services|Data is available for the average household water consumption in litres per capita per day|Data is available for the percentage of households with access to safely managed drinking water services,94.5,85,405,"The situation regarding clean water and hygienic latrine usage in Ca Mau shows commendable efforts, but many challenges remain due to its specific geography and climate.\n1. Clean Water \nThe percentage of households with access to hygienic water (including drilled wells and rainwater) reached over 90% in 2024. However, the rate for clean water from centralized supply systems remains quite low, at only about 17.47%.\nStrengths:\n•\tLocal authorities have invested in numerous water supply projects and expanded the network, especially in difficult-to-access rural areas.\n•\tSupport from organizations and benefactors has helped supply clean water to residents during the dry season.\nChallenges:\n•\tGeographical specifics: Ca Mau lacks a major river system and its underground water sources are heavily contaminated with saltwater and alum.\n•\tClimate change: Increasingly severe droughts and saltwater intrusion deplete freshwater sources, forcing many households to purchase water at high prices.\n•\tAging infrastructure: Many centralized water supply facilities are old, operate inefficiently, and lack the capacity to meet public demand.\n2. Hygienic Latrines \nThe use of hygienic latrines in Ca Mau shows positive progress. According to recent reports, 94% of rural households now have a hygienic latrine.\nStrengths:\n•\tThis impressive rate highlights the commitment and efforts of both the government and the public to improve sanitation.\n•\tSupport projects and programs have encouraged people to build hygienic latrines, helping to reduce environmental pollution and prevent diseases.\nChallenges:\n•\tDespite the high rate, a small portion of the population lives in scattered, difficult-to-reach areas and lacks the economic means to access these services.\n•\tMaintaining and improving the quality of sanitation facilities is also a challenge, especially given the risks of damage from floods and landslides.\nIn short, Ca Mau is making significant strides in improving its water and sanitation situation, with clear goals for 2030. However, to achieve these targets, the province must continue to confront and overcome major challenges stemming from its harsh natural conditions and incomplete infrastructure.\n"
2025 Disclosure Cycle,779465,CDP,2044810,Municipalidad de Cerrillos,City,Latin America,Chile,Public,Q4.10,"Provide details of the household access to water, sanitation services and water consumption in your jurisdiction.",1,Response,None of the above data is available to report,,,,
2025 Disclosure Cycle,779465,CDP,2044811,Municipalidad de Cochrane,City,Latin America,Chile,Public,Q4.10,"Provide details of the household access to water, sanitation services and water consumption in your jurisdiction.",1,Response,Data is available for the average household water consumption in litres per capita per day|Data is available for the percentage of households with access to safely managed drinking water services|Data is available for the percentage of households with access to safely managed sanitation services,80.9,,250,"Se ayuda de forma constante a la comunidad a través del programa de mejoramientos de barrio, financiado por la subdere, en su linea de acción de asistencia técnica y de obra para el saneamiento sanitario."
2025 Disclosure Cycle,779465,CDP,2044814,Municipalidad de Curanilahue,City,Latin America,Chile,Public,Q4.10,"Provide details of the household access to water, sanitation services and water consumption in your jurisdiction.",1,Response,Data is available for the percentage of households with access to safely managed drinking water services,84.6,,,
2025 Disclosure Cycle,779465,CDP,2044818,Municipalidad de Melipilla,City,Latin America,Chile,Public,Q4.10,"Provide details of the household access to water, sanitation services and water consumption in your jurisdiction.",1,Response,None of the above data is available to report,,,,"El informe PACCC no presenta indicadores cuantitativos específicos sobre acceso a agua potable gestionada de manera segura, saneamiento seguro o consumo per cápita de agua. No obstante, incorpora antecedentes generales vinculados a la seguridad hídrica urbana y rural, la cobertura de servicios básicos en sectores rurales y medidas orientadas a la eficiencia en la gestión del recurso hídrico"
2025 Disclosure Cycle,779465,CDP,2044842,Municipalidad de Saavedra,City,Latin America,Chile,Public,Q4.10,"Provide details of the household access to water, sanitation services and water consumption in your jurisdiction.",1,Response,Data is available for the percentage of households with access to safely managed drinking water services|Data is available for the percentage of households with access to safely managed sanitation services,76,24,,
2025 Disclosure Cycle,779465,CDP,2045054,Gunung Kidul Regency,City,South East Asia & Oceania,Indonesia,Public,Q4.10,"Provide details of the household access to water, sanitation services and water consumption in your jurisdiction.",1,Response,Data is available for the percentage of households with access to safely managed sanitation services|Data is available for the percentage of households with access to safely managed drinking water services,88.6,74.14,,
2025 Disclosure Cycle,779465,CDP,2045055,Jayapura Regency,City,South East Asia & Oceania,Indonesia,Public,Q4.10,"Provide details of the household access to water, sanitation services and water consumption in your jurisdiction.",1,Response,Data is available for the percentage of households with access to safely managed drinking water services,,,,
2025 Disclosure Cycle,779465,CDP,2045062,Pemalang Regency,City,South East Asia & Oceania,Indonesia,Public,Q4.10,"Provide details of the household access to water, sanitation services and water consumption in your jurisdiction.",1,Response,None of the above data is available to report,,,,belum adanya data
2025 Disclosure Cycle,779465,CDP,2045064,Magelang City,City,South East Asia & Oceania,Indonesia,Public,Q4.10,"Provide details of the household access to water, sanitation services and water consumption in your jurisdiction.",1,Response,Data is available for the percentage of households with access to safely managed sanitation services|Data is available for the percentage of households with access to safely managed drinking water services|Data is available for the average household water consumption in litres per capita per day,100,100,0.157,7400141 (penggunaan tahun 2024 satuan m3/L)\n128709 (jumlah penduduk kota Magelang tahun 2024)\n365 (jumlah hari selama 1 tahun)
2025 Disclosure Cycle,779465,CDP,2045081,Municipalidad de Humberto Primo,City,Latin America,Argentina,Public,Q4.10,"Provide details of the household access to water, sanitation services and water consumption in your jurisdiction.",1,Response,Data is available for the percentage of households with access to safely managed drinking water services|Data is available for the percentage of households with access to safely managed sanitation services,82,63,,-
2025 Disclosure Cycle,779465,CDP,2045150,Khohong Town Municipality,City,South East Asia & Oceania,Thailand,Public,Q4.10,"Provide details of the household access to water, sanitation services and water consumption in your jurisdiction.",1,Response,Data is available for the percentage of households with access to safely managed sanitation services|Data is available for the percentage of households with access to safely managed drinking water services,100,100,,
2025 Disclosure Cycle,779465,CDP,2045151,Satun Town Municipality,City,South East Asia & Oceania,Thailand,Public,Q4.10,"Provide details of the household access to water, sanitation services and water consumption in your jurisdiction.",1,Response,Data is available for the percentage of households with access to safely managed drinking water services,100,,,
2025 Disclosure Cycle,779465,CDP,2045159,Khaoroopchang Town Municipality,City,South East Asia & Oceania,Thailand,Public,Q4.10,"Provide details of the household access to water, sanitation services and water consumption in your jurisdiction.",1,Response,Data is available for the percentage of households with access to safely managed drinking water services,95,,,
2025 Disclosure Cycle,779465,CDP,2045345,Municipality of Terézváros,City,Europe,Hungary,Public,Q4.10,"Provide details of the household access to water, sanitation services and water consumption in your jurisdiction.",1,Response,Data is available for the percentage of households with access to safely managed sanitation services|Data is available for the percentage of households with access to safely managed drinking water services,100,100,,
2025 Disclosure Cycle,779465,CDP,2045446,Phu Yen City,City,South East Asia & Oceania,Viet Nam,Public,Q4.10,"Provide details of the household access to water, sanitation services and water consumption in your jurisdiction.",1,Response,Data is available for the percentage of households with access to safely managed drinking water services|Data is available for the average household water consumption in litres per capita per day,80.5,,91,"1. Access to Clean Water\nThere is a clear disparity in access to clean water between Phu Yen's urban and rural households.\n•\tUrban Access: Approximately 94% of urban households have access to clean water. This indicates a relatively well-developed municipal supply system in cities like Tuy Hoa.\n•\tRural Access: Only about 75% of rural households have access to clean water. This is significantly lower than the urban rate.\n•\tOverall Access: This disparity brings the provincial average down to an estimated 80.5% of all households.\nCommentary: While an 80.5% average is progressing, the 19-point gap between urban and rural areas is the central challenge. This means a large part of the province's population, particularly in agricultural or mountainous districts, relies on less stable or less safe sources like wells, which are highly susceptible to contamination and depletion.\n2. Water Consumption (Liters/Capita/Day)\nPrecise data on actual average daily consumption is not widely available. However, we can analyze the provincial planning standards and goals, which reveal the intended supply:\n•\tUrban Standard: The design standard for urban water supply systems is approximately 100 liters/capita/day.\n•\tRural Standard (Goal): The provincial target for the national clean water program aims to provide a minimum of 60 liters/capita/day for the rural population.\nCommentary: These figures represent the target for a stable, healthy living standard, not the reality for many. The 60-liter rural goal is aligned with Vietnam's national targets for \'new-style rural areas\' and is considered the minimum required for drinking, cooking, and basic hygiene.\n3. Key Challenges \n3.1. Extreme Vulnerability to Drought: During the long dry season or a prolonged drought, actual water consumption plummets. Wells and rivers run dry, and reservoirs deplete. In these times, thousands of households (even those with \'access\') have no water and are forced to buy it at high prices, drastically creating significant public health risks related to poor hygiene.\n3.2. Flood and Contamination: The province is also battered by typhoons and floods. These events do not increase water security; they destroy it. Floodwaters can overwhelm and contaminate wells, latrines, and even municipal water systems, leading to a high risk of waterborne diseases.\n"
2025 Disclosure Cycle,779465,CDP,2045884,São Lourenço do Sul,City,Latin America,Brazil,Public,Q4.10,"Provide details of the household access to water, sanitation services and water consumption in your jurisdiction.",1,Response,Data is available for the percentage of households with access to safely managed drinking water services,97,,,"Os dados são estimativas baseadas no SNIS (Sistema Nacional de Informações sobre Saneamento). O município apresenta alta cobertura de abastecimento de água potável (~97%), mas baixa cobertura de saneamento em rede (~22%), sendo o restante atendido por fossas sépticas individuais. O consumo médio residencial de água é estimado em 160 L/hab/dia, alinhado à média nacional."
2025 Disclosure Cycle,779465,CDP,2045903,Zugló District XIV of Budapest,City,Europe,Hungary,Public,Q4.10,"Provide details of the household access to water, sanitation services and water consumption in your jurisdiction.",1,Response,Data is available for the percentage of households with access to safely managed drinking water services|Data is available for the average household water consumption in litres per capita per day|Data is available for the percentage of households with access to safely managed sanitation services,100,97.3,66,Data source CSO (KSH) 2024.
2025 Disclosure Cycle,779465,CDP,2046070,Municipalidad de Esperanza,City,Latin America,Argentina,Public,Q4.10,"Provide details of the household access to water, sanitation services and water consumption in your jurisdiction.",1,Response,Data is available for the percentage of households with access to safely managed drinking water services|Data is available for the percentage of households with access to safely managed sanitation services,82.04,48.84,,ninguno
2025 Disclosure Cycle,779465,CDP,35913,City of Nairobi,City,UKWW,Kenya,Public,Q4.10,"Provide details of the household access to water, sanitation services and water consumption in your jurisdiction.",1,Response,Data is available for the percentage of households with access to safely managed sanitation services|Data is available for the percentage of households with access to safely managed drinking water services|Data is available for the average household water consumption in litres per capita per day,88,70,100,increase in water through a new nothern collector tunnel and increased sewer connections through trunk sewers
2025 Disclosure Cycle,779465,CDP,44210,Yeosu City,City,South East Asia & Oceania,Korea (The Republic of),Public,Q4.10,"Provide details of the household access to water, sanitation services and water consumption in your jurisdiction.",1,Response,Data is available for the percentage of households with access to safely managed drinking water services|Data is available for the percentage of households with access to safely managed sanitation services|Data is available for the average household water consumption in litres per capita per day,96,99.0,467,"As of 2023, the water supply rate is 96%. Out of the total population of 271,696 in Yeosu City in that year, the water supply rate is 261,343. As of 2023, the per capita water use is 467 liters. Yeosu City includes these items in its annual statistical survey."
2025 Disclosure Cycle,779465,CDP,50387,Prefeitura de Guarulhos,City,Latin America,Brazil,Public,Q4.10,"Provide details of the household access to water, sanitation services and water consumption in your jurisdiction.",1,Response,Data is available for the percentage of households with access to safely managed drinking water services|Data is available for the average household water consumption in litres per capita per day|Data is available for the percentage of households with access to safely managed sanitation services,99.14,91.07,126.9,Dados SNIS 2022
2025 Disclosure Cycle,779465,CDP,50543,"Halifax Regional Municipality, NS",City,North America,Canada,Public,Q4.10,"Provide details of the household access to water, sanitation services and water consumption in your jurisdiction.",1,Response,Data is available for the percentage of households with access to safely managed drinking water services|Data is available for the percentage of households with access to safely managed sanitation services|Data is available for the average household water consumption in litres per capita per day,79.0,76.0,156,"Data obtained from local Water Utility. (Total City Population: 386,922 / Total average amount of city's water consumption per day for domestic use: 60,294,489)\n\nWithin the municipality, there may be other units connected to a private system and/or well, so they could also have a “safely managed water service”\n\n# of wastewater connections 83,021\n\nWithin the municipality, there may be other units connected to a private system and/or on site system, so they could also have a “safely managed wastewater service”\n\nWe measure water produced, there may be losses in the system from small leaks, watermain breaks and/or fire flows over the year. We are not tallying the water through all the individual meters. So the actual consumption may seem higher than other locations."
2025 Disclosure Cycle,779465,CDP,55371,Municipalidad de Vicente López,City,Latin America,Argentina,Public,Q4.10,"Provide details of the household access to water, sanitation services and water consumption in your jurisdiction.",1,Response,Data is available for the percentage of households with access to safely managed drinking water services|Data is available for the percentage of households with access to safely managed sanitation services,100,100,,ninguno\n
2025 Disclosure Cycle,779465,CDP,58485,"Abington Township, PA",City,North America,United States of America,Public,Q4.10,"Provide details of the household access to water, sanitation services and water consumption in your jurisdiction.",1,Response,Data is available for the percentage of households with access to safely managed drinking water services,99.0,,,Data can be viewed at https://www.waterfacts.com/monitoring/montgomery-county/abington-township/abington-township/ 
2025 Disclosure Cycle,779465,CDP,60391,Municipalidad de San Borja,City,Latin America,Peru,Public,Q4.10,"Provide details of the household access to water, sanitation services and water consumption in your jurisdiction.",1,Response,Data is available for the percentage of households with access to safely managed drinking water services|Data is available for the percentage of households with access to safely managed sanitation services,100.0,100.0,,"Actualmente, el municipio de San Borja cuenta con el programa “YAKU” (gestión sustentable del agua), el cual tiene como objetivo educar e incentivar a la población de los distritos para el cuidado y uso eficiente del agua en las diferentes actividades cotidianas que realiza el ciudadano sanborjino (en la cocina, el baño, el jardín y el lavadero). Además, en los volantes que se distribuyen a los vecinos se hace un llamado de atención a estos con la siguiente frase: \'Somos uno de los 5 distritos de Lima con mayor consumo de agua potable por habitante (253 litros/día /habitante). Es hora de poner en práctica estos consejos para hacer de San Borja un distrito modelo en la gestión sostenible del agua: hagamos que cada gota cuente.\'"
2025 Disclosure Cycle,779465,CDP,60393,Municipalidad de Santiago,City,Latin America,Chile,Public,Q4.10,"Provide details of the household access to water, sanitation services and water consumption in your jurisdiction.",1,Response,Data is available for the percentage of households with access to safely managed drinking water services,100.0,,,Todas las viviendas cuentan con acceso a la red sanitaria. La empresa responsable es Aguas Andinas.
2025 Disclosure Cycle,779465,CDP,68375,Prefeitura de Abaetetuba,City,Latin America,Brazil,Public,Q4.10,"Provide details of the household access to water, sanitation services and water consumption in your jurisdiction.",1,Response,Data is available for the percentage of households with access to safely managed drinking water services,68.86,,,Registros avaliados de acordo com os padrões anuais de atividade
2025 Disclosure Cycle,779465,CDP,73533,Intendencia de Canelones,City,Latin America,Uruguay,Public,Q4.10,"Provide details of the household access to water, sanitation services and water consumption in your jurisdiction.",1,Response,Data is available for the percentage of households with access to safely managed sanitation services|Data is available for the percentage of households with access to safely managed drinking water services,94.3,25.9,,"Para el dato de porcentaje de las viviendas con acceso a servicios de agua potable gestionados de manera segura se consideró el indicador \'Hogares por origen del agua para beber y cocinar (%)\' publicado por la Oficina de Planeamiento y Presupuesto, corresponde a los hogares conectados a la Red general al año 2021. Para el dato de porcentaje de las viviendas con acceso a servicios de saneamiento gestionados de manera segura se consideró el indicador \'Hogares por tipo de evacuación del sistema sanitario (%) - ECH\' publicado por la Oficina de Planeamiento y Presupuesto, corresponde a los hogares conectados a la Red general al año 2021. "
2025 Disclosure Cycle,779465,CDP,73734,Envigado,City,Latin America,Colombia,Public,Q4.10,"Provide details of the household access to water, sanitation services and water consumption in your jurisdiction.",1,Response,Data is available for the percentage of households with access to safely managed sanitation services|Data is available for the percentage of households with access to safely managed drinking water services,90.1,88.9,,"El porcentaje presentado es para el Sector Urbano. En la zona rural cambian los porcentajes asi: Viviendas con cobertura de agua potable 33,13% y ese mismo es el porcentaje de cobertura de alcantarillado"
2025 Disclosure Cycle,779465,CDP,73793,La Estrella,City,Latin America,Colombia,Public,Q4.10,"Provide details of the household access to water, sanitation services and water consumption in your jurisdiction.",1,Response,Data is available for the percentage of households with access to safely managed sanitation services|Data is available for the percentage of households with access to safely managed drinking water services,84,74.9,,Datos obtenidos del SIU y del Plan de desarrollo del Municipio de La Estrella 2024
2025 Disclosure Cycle,779465,CDP,74309,Nakhon Sawan City Municipality,City,South East Asia & Oceania,Thailand,Public,Q4.10,"Provide details of the household access to water, sanitation services and water consumption in your jurisdiction.",1,Response,Data is available for the average household water consumption in litres per capita per day|Data is available for the percentage of households with access to safely managed sanitation services|Data is available for the percentage of households with access to safely managed drinking water services,100,100,402.59,เทศบาลนครนครสวรรค์ เป็นเทศบาลที่ดำเนินการผลิตน้ำประปาเอง โดยอาศัยแหล่งน้ำดิบจากน้ำผิวดิน (แม่น้ำปิง) ซึ่งการผลิตน้ำประปาในเขตพื้นที่เทศบาล ให้ความคลอบคลุมร้อยละ 80 ของพื้นที่ สำหรับในส่วนนอกพื้นที่ในการให้บริการ มีการใช้น้ำประปาที่มีมาตรฐานของการประปาส่วนภูมิภาค พื้นที่ในเขตเทศบาลเป็นพื้นที่ที่ประชาชนมีความรู้ด้านการสุขาภิบาล ทุกหลังคาเรือนมีการปฏิบัติตนที่ถูกต้องตามหลักสุขาภิบาล
2025 Disclosure Cycle,779465,CDP,826201,Ayuntamiento de Zapopan,City,Latin America,Mexico,Public,Q4.10,"Provide details of the household access to water, sanitation services and water consumption in your jurisdiction.",1,Response,Data is available for the percentage of households with access to safely managed sanitation services|Data is available for the percentage of households with access to safely managed drinking water services,96.2,97.4,,La información se obtuvo del Diagnóstico: Resumen Marco Macroeconómico 2024-2025 para la elaboración del Proyecto de Presupuesto de Egresos del año 2024 del Municipio de Zapopan . Puede ser consultado en: https://www.zapopan.gob.mx/wp-content/uploads/2025/01/I_Contexto_Socioeconomico_Municipal_2025.pdf
2025 Disclosure Cycle,779465,CDP,834373,"Town of York, ME",City,North America,United States of America,Public,Q4.10,"Provide details of the household access to water, sanitation services and water consumption in your jurisdiction.",1,Response,Data is available for the percentage of households with access to safely managed sanitation services|Data is available for the percentage of households with access to safely managed drinking water services,62,10.016,,"The York Water District serves 62%± of York. The remainder is served by private wells, with the exception of sections on Rt 91 which is served by The Kittery Water District (a separate jurisdiction), as well as the northeast part of York which is served by Kennebunk, Kennebunkport and Wells Water District (all separate jurisdictions.)\n\nThe Town has 1,095 parcels connected to sewer out of 10,932 occupied households or tax accounts. \n\nWhile this may seem low, due to our geographical limitations (jurisdiction built on bedrock of basalt) many residents are on private septic and private water systems. "
2025 Disclosure Cycle,779465,CDP,834374,Tagum City,City,South East Asia & Oceania,Philippines,Public,Q4.10,"Provide details of the household access to water, sanitation services and water consumption in your jurisdiction.",1,Response,Data is available for the percentage of households with access to safely managed drinking water services|Data is available for the percentage of households with access to safely managed sanitation services,99.43,97.65,,
2025 Disclosure Cycle,779465,CDP,840915,Prefeitura de Curvelo,City,Latin America,Brazil,Public,Q4.10,"Provide details of the household access to water, sanitation services and water consumption in your jurisdiction.",1,Response,Data is available for the average household water consumption in litres per capita per day|Data is available for the percentage of households with access to safely managed drinking water services|Data is available for the percentage of households with access to safely managed sanitation services,,,,
2025 Disclosure Cycle,779465,CDP,845128,Prefeitura de Campo Largo,City,Latin America,Brazil,Public,Q4.10,"Provide details of the household access to water, sanitation services and water consumption in your jurisdiction.",1,Response,Data is available for the percentage of households with access to safely managed drinking water services,70.16,,,"Dados fornecidos através do Censo bem 2022, realizado pela IBGE, Instituto Brasileiro de Geografia e Estatística.\n "
2025 Disclosure Cycle,779465,CDP,866903,Prefeitura de Itapipoca,City,Latin America,Brazil,Public,Q4.10,"Provide details of the household access to water, sanitation services and water consumption in your jurisdiction.",1,Response,Data is available for the average household water consumption in litres per capita per day|Data is available for the percentage of households with access to safely managed sanitation services|Data is available for the percentage of households with access to safely managed drinking water services,75,65,63,Estamos montado uma estratégia e monitoramento 
2025 Disclosure Cycle,779465,CDP,867329,Prefeitura de Cametá,City,Latin America,Brazil,Public,Q4.10,"Provide details of the household access to water, sanitation services and water consumption in your jurisdiction.",1,Response,Data is available for the percentage of households with access to safely managed drinking water services,76,,,
