disclosure_cycle,cdp_requesting_org_number,requesting_organization,cdp_disclosing_org_number,disclosing_organization,disclosing_org_type,cdp_region,discloser_country_or_area,public_status,question_number,question_text,row_order,row_name,col1_Electricity consumption (MWh),col2_Heating and cooling consumption (MWh),col3_Year data applies to,col4_Comment
2025 Disclosure Cycle,779465,CDP,1499,City of Barcelona,City,Europe,Spain,Public,Q4.1.4,Report the total jurisdiction-wide annual electricity and heating and cooling consumption for each sector listed and for your government operations.,1,Household/residential sector (Buildings),1924.57,1925.54,2023,-
2025 Disclosure Cycle,779465,CDP,1499,City of Barcelona,City,Europe,Spain,Public,Q4.1.4,Report the total jurisdiction-wide annual electricity and heating and cooling consumption for each sector listed and for your government operations.,2,Commercial sector,3251.46,1186.07,2023,-
2025 Disclosure Cycle,779465,CDP,1499,City of Barcelona,City,Europe,Spain,Public,Q4.1.4,Report the total jurisdiction-wide annual electricity and heating and cooling consumption for each sector listed and for your government operations.,3,Industrial sector,424.55,0.0,2023,We have no data disaggregating natural gas consumed in industrial processes and heating/cooling
2025 Disclosure Cycle,779465,CDP,1499,City of Barcelona,City,Europe,Spain,Public,Q4.1.4,Report the total jurisdiction-wide annual electricity and heating and cooling consumption for each sector listed and for your government operations.,4,Agricultural sector,0.0,0.0,2023,-
2025 Disclosure Cycle,779465,CDP,1499,City of Barcelona,City,Europe,Spain,Public,Q4.1.4,Report the total jurisdiction-wide annual electricity and heating and cooling consumption for each sector listed and for your government operations.,5,Transport sector,349.91,0.0,2023,-
2025 Disclosure Cycle,779465,CDP,1499,City of Barcelona,City,Europe,Spain,Public,Q4.1.4,Report the total jurisdiction-wide annual electricity and heating and cooling consumption for each sector listed and for your government operations.,6,Government operations,319.97,122.58,2023,-
2025 Disclosure Cycle,779465,CDP,3422,Greater London Authority,City,UKWW,United Kingdom,Public,Q4.1.4,Report the total jurisdiction-wide annual electricity and heating and cooling consumption for each sector listed and for your government operations.,1,Household/residential sector (Buildings),11683960,34681205,2022,"We report energy on either a fuel basis or end-use basis, this question mixes the two. We have reported electricity consumption (which may include some electricity used for heating) and then gas consumption under 'heating and cooling', since gas is primarily used for heating in homes in London."
2025 Disclosure Cycle,779465,CDP,3422,Greater London Authority,City,UKWW,United Kingdom,Public,Q4.1.4,Report the total jurisdiction-wide annual electricity and heating and cooling consumption for each sector listed and for your government operations.,2,Commercial sector,18114746,16846410,2022,"As above: we report energy on either a fuel basis or end-use basis, this question mixes the two. We have reported electricity consumption above (which may include some electricity used for heating) and then gas consumption under 'heating and cooling', since gas is often used for heating in buildings in London."
2025 Disclosure Cycle,779465,CDP,3422,Greater London Authority,City,UKWW,United Kingdom,Public,Q4.1.4,Report the total jurisdiction-wide annual electricity and heating and cooling consumption for each sector listed and for your government operations.,3,Industrial sector,2122302,2422825,2022,"As above: we report energy on either a fuel basis or end-use basis, this question mixes the two. We have reported electricity consumption above (which may include some electricity used for heating) and then gas consumption under 'heating and cooling', since gas is often used for heating in buildings in London."
2025 Disclosure Cycle,779465,CDP,3422,Greater London Authority,City,UKWW,United Kingdom,Public,Q4.1.4,Report the total jurisdiction-wide annual electricity and heating and cooling consumption for each sector listed and for your government operations.,4,Agricultural sector,0,78423,2022,"As above: we report energy on either a fuel basis or end-use basis, this question mixes the two. We have reported gas consumption under 'heating and cooling', although in practise this will be used for a range of functions and not all energy use for agriculture will be for heating."
2025 Disclosure Cycle,779465,CDP,3422,Greater London Authority,City,UKWW,United Kingdom,Public,Q4.1.4,Report the total jurisdiction-wide annual electricity and heating and cooling consumption for each sector listed and for your government operations.,5,Transport sector,2427871,26673315,2022,Heating and cooling is not a typical category for transport. In these sections we have included electricity use in rail and road transport under 4.1.4.1 and then all other fuel use (inc petrol and diesel) under 4.1.4.2. 
2025 Disclosure Cycle,779465,CDP,3422,Greater London Authority,City,UKWW,United Kingdom,Public,Q4.1.4,Report the total jurisdiction-wide annual electricity and heating and cooling consumption for each sector listed and for your government operations.,6,Government operations,2522,8612,2023,"As above: we report energy on either a fuel basis or end-use basis, this question mixes the two. We have reported gas consumption under 'heating and cooling'. \nEnergy consumption is provided for the GLA's own operations (City Hall, Trafalgar Square, Crystal Palace National Sports Centre, 639 High Road Tottenham)"
2025 Disclosure Cycle,779465,CDP,3429,City of Stockholm,City,Europe,Sweden,Public,Q4.1.4,Report the total jurisdiction-wide annual electricity and heating and cooling consumption for each sector listed and for your government operations.,1,Household/residential sector (Buildings),3956000,3605000,2023,-
2025 Disclosure Cycle,779465,CDP,3429,City of Stockholm,City,Europe,Sweden,Public,Q4.1.4,Report the total jurisdiction-wide annual electricity and heating and cooling consumption for each sector listed and for your government operations.,2,Commercial sector,2645000,2636000,2023,-
2025 Disclosure Cycle,779465,CDP,3429,City of Stockholm,City,Europe,Sweden,Public,Q4.1.4,Report the total jurisdiction-wide annual electricity and heating and cooling consumption for each sector listed and for your government operations.,3,Industrial sector,235000,188000,2023,-
2025 Disclosure Cycle,779465,CDP,3429,City of Stockholm,City,Europe,Sweden,Public,Q4.1.4,Report the total jurisdiction-wide annual electricity and heating and cooling consumption for each sector listed and for your government operations.,4,Agricultural sector,0,0,2023,Not occuring
2025 Disclosure Cycle,779465,CDP,3429,City of Stockholm,City,Europe,Sweden,Public,Q4.1.4,Report the total jurisdiction-wide annual electricity and heating and cooling consumption for each sector listed and for your government operations.,5,Transport sector,132800,0,2023,-
2025 Disclosure Cycle,779465,CDP,3429,City of Stockholm,City,Europe,Sweden,Public,Q4.1.4,Report the total jurisdiction-wide annual electricity and heating and cooling consumption for each sector listed and for your government operations.,6,Government operations,573000,1162000,2023,-
2025 Disclosure Cycle,779465,CDP,14088,Oslo Municipality,City,Europe,Norway,Public,Q4.1.4,Report the total jurisdiction-wide annual electricity and heating and cooling consumption for each sector listed and for your government operations.,1,Household/residential sector (Buildings),3972924,1059327,2023,Elhub data for electricity\nFor heating and cooling in residential sector - district heating consumption and firewood consumption 
2025 Disclosure Cycle,779465,CDP,14088,Oslo Municipality,City,Europe,Norway,Public,Q4.1.4,Report the total jurisdiction-wide annual electricity and heating and cooling consumption for each sector listed and for your government operations.,2,Commercial sector,4375700,1148000,2023,Elhub for electricity
2025 Disclosure Cycle,779465,CDP,14088,Oslo Municipality,City,Europe,Norway,Public,Q4.1.4,Report the total jurisdiction-wide annual electricity and heating and cooling consumption for each sector listed and for your government operations.,3,Industrial sector,288000,,2023,Elhub for electricity
2025 Disclosure Cycle,779465,CDP,14088,Oslo Municipality,City,Europe,Norway,Public,Q4.1.4,Report the total jurisdiction-wide annual electricity and heating and cooling consumption for each sector listed and for your government operations.,6,Government operations,428000,106000,2023,"Assumed electricity consumption within transport, non-road machines and other energy consumption\n\nFor heating and cooling consumed DH is assumed."
2025 Disclosure Cycle,779465,CDP,31009,Copenhagen Municipality,City,Europe,Denmark,Public,Q4.1.4,Report the total jurisdiction-wide annual electricity and heating and cooling consumption for each sector listed and for your government operations.,1,Household/residential sector (Buildings),466736,2754680,2023,"Electricity consumption in Copenhagen municipality for DK10 code 12 (new data source, more precise). District heating data provided by utility company HOFOR (category 'bolig'). Individual heating data based on reported fuel consumption reported to BBR (Building and Housing Register). Actual consumption, not corrected for renewable energy generation"
2025 Disclosure Cycle,779465,CDP,31009,Copenhagen Municipality,City,Europe,Denmark,Public,Q4.1.4,Report the total jurisdiction-wide annual electricity and heating and cooling consumption for each sector listed and for your government operations.,2,Commercial sector,1124451,895912,2023,"Electricity consumption in Copenhagen municipality for DK10 codes 4-8 (new data source, more precise). District heating data provided by utility company HOFOR (category 'handel og service'). Actual consumption, not corrected for renewable energy generation"
2025 Disclosure Cycle,779465,CDP,31009,Copenhagen Municipality,City,Europe,Denmark,Public,Q4.1.4,Report the total jurisdiction-wide annual electricity and heating and cooling consumption for each sector listed and for your government operations.,3,Industrial sector,279564,120953,2023,"Electricity consumption in Copenhagen municipality for DK10 codes 1-3 (new data source, more precise). District heating data provided by utility company HOFOR (category 'erhverv og industri'). Actual consumption, not corrected for renewable energy generation"
2025 Disclosure Cycle,779465,CDP,31009,Copenhagen Municipality,City,Europe,Denmark,Public,Q4.1.4,Report the total jurisdiction-wide annual electricity and heating and cooling consumption for each sector listed and for your government operations.,4,Agricultural sector,0,0.0,2023,n/a
2025 Disclosure Cycle,779465,CDP,31009,Copenhagen Municipality,City,Europe,Denmark,Public,Q4.1.4,Report the total jurisdiction-wide annual electricity and heating and cooling consumption for each sector listed and for your government operations.,5,Transport sector,103062,0.0,2023,"Source: CO2 regnskab 2023. For electric trains, but not other types of electric vehicles. Actual consumption, not corrected for renewable energy generation"
2025 Disclosure Cycle,779465,CDP,31009,Copenhagen Municipality,City,Europe,Denmark,Public,Q4.1.4,Report the total jurisdiction-wide annual electricity and heating and cooling consumption for each sector listed and for your government operations.,6,Government operations,417669,268449,2023,"Electricity consumption in Copenhagen municipality for DK10 codes 9-10 (new data source, more precise). District heating data provided by utility company HOFOR (category 'offentling institutioner'). Covers all levels og government: city, region, state (not only the city operations)- Actual consumption, not corrected for renewable energy generation"
2025 Disclosure Cycle,779465,CDP,31111,Tokyo Metropolitan Government,City,Japan,Japan,Public,Q4.1.4,Report the total jurisdiction-wide annual electricity and heating and cooling consumption for each sector listed and for your government operations.,1,Household/residential sector (Buildings),25958134,28679575,2022,"「東京都における最終エネルギー消費及び温室効果ガス排出量総合調査（2022年度実績）」における家庭部門の数値を、MWhに換算し掲載している。Figures of the Household Sector in the \'Final Energy Consumption and Greenhouse Gas Emissions in Tokyo (FY2022)\', converted to MWh."
2025 Disclosure Cycle,779465,CDP,31111,Tokyo Metropolitan Government,City,Japan,Japan,Public,Q4.1.4,Report the total jurisdiction-wide annual electricity and heating and cooling consumption for each sector listed and for your government operations.,2,Commercial sector,42121243,19708403,2022,"「東京都における最終エネルギー消費及び温室効果ガス排出量総合調査（2022年度実績）」における業務部門の数値を、MWhに換算し掲載している。Figures of the Commercial Sector in the \'Final Energy Consumption and Greenhouse Gas Emissions in Tokyo (FY2022)\', converted to MWh."
2025 Disclosure Cycle,779465,CDP,31111,Tokyo Metropolitan Government,City,Japan,Japan,Public,Q4.1.4,Report the total jurisdiction-wide annual electricity and heating and cooling consumption for each sector listed and for your government operations.,3,Industrial sector,5200254,4295719,2022,"「東京都における最終エネルギー消費及び温室効果ガス排出量総合調査（2022年度実績）」における鉱業・建設業・製造業の数値を、MWhに換算し掲載している。Figures of the Mining, Construction, Manufacturing Sector in the \'Final Energy Consumption and Greenhouse Gas Emissions in Tokyo (FY2022)\', converted to MWh."
2025 Disclosure Cycle,779465,CDP,31111,Tokyo Metropolitan Government,City,Japan,Japan,Public,Q4.1.4,Report the total jurisdiction-wide annual electricity and heating and cooling consumption for each sector listed and for your government operations.,4,Agricultural sector,2281,0.0,2022,"「東京都における最終エネルギー消費及び温室効果ガス排出量総合調査（2022年度実績）」における農林水産業の数値を、MWhに換算し掲載している。Figures of the Agriculture, forestry and fishery Sector in the \'Final Energy Consumption and Greenhouse Gas Emissions in Tokyo (FY2022)\', converted to MWh."
2025 Disclosure Cycle,779465,CDP,31111,Tokyo Metropolitan Government,City,Japan,Japan,Public,Q4.1.4,Report the total jurisdiction-wide annual electricity and heating and cooling consumption for each sector listed and for your government operations.,5,Transport sector,3709353,0.0,2022,"「東京都における最終エネルギー消費及び温室効果ガス排出量総合調査（2022年度実績）」における運輸部門の数値を、MWhに換算し掲載している。Figures of the Transport Sector in the \'Final Energy Consumption and Greenhouse Gas Emissions in Tokyo (FY2022)\', converted to MWh."
2025 Disclosure Cycle,779465,CDP,31111,Tokyo Metropolitan Government,City,Japan,Japan,Public,Q4.1.4,Report the total jurisdiction-wide annual electricity and heating and cooling consumption for each sector listed and for your government operations.,6,Government operations,,,,他のセクターに含まれるIncluded in other sectors
2025 Disclosure Cycle,779465,CDP,31113,City of Yokohama,City,Japan,Japan,Public,Q4.1.4,Report the total jurisdiction-wide annual electricity and heating and cooling consumption for each sector listed and for your government operations.,1,Household/residential sector (Buildings),6922836,54115,2022,家庭部門
2025 Disclosure Cycle,779465,CDP,31113,City of Yokohama,City,Japan,Japan,Public,Q4.1.4,Report the total jurisdiction-wide annual electricity and heating and cooling consumption for each sector listed and for your government operations.,2,Commercial sector,5152247,564580,2022,業務部門
2025 Disclosure Cycle,779465,CDP,31113,City of Yokohama,City,Japan,Japan,Public,Q4.1.4,Report the total jurisdiction-wide annual electricity and heating and cooling consumption for each sector listed and for your government operations.,3,Industrial sector,2196674,0,2022,産業部門
2025 Disclosure Cycle,779465,CDP,31113,City of Yokohama,City,Japan,Japan,Public,Q4.1.4,Report the total jurisdiction-wide annual electricity and heating and cooling consumption for each sector listed and for your government operations.,4,Agricultural sector,10508,0,2022,産業部門の一部
2025 Disclosure Cycle,779465,CDP,31113,City of Yokohama,City,Japan,Japan,Public,Q4.1.4,Report the total jurisdiction-wide annual electricity and heating and cooling consumption for each sector listed and for your government operations.,5,Transport sector,944170,0.0,2022,運輸部門
2025 Disclosure Cycle,779465,CDP,31113,City of Yokohama,City,Japan,Japan,Public,Q4.1.4,Report the total jurisdiction-wide annual electricity and heating and cooling consumption for each sector listed and for your government operations.,6,Government operations,684081,35699,2022,業務部門の一部
2025 Disclosure Cycle,779465,CDP,31117,"City of Toronto, ON",City,North America,Canada,Public,Q4.1.4,Report the total jurisdiction-wide annual electricity and heating and cooling consumption for each sector listed and for your government operations.,1,Household/residential sector (Buildings),5184931.345,25713803,2022,"2022 electricity consumption taken from Residential Community-wide kWh from Toronto Hydro. Heating and cooling consumption is assumed as the volume of natural gas as provided by Enbridge Gas (for both single-family and multi-family residential) converted to MWh as per CDP guidance.\n\nNote that heating/cooling consumption is based on total natural gas use in Residential and is an overestimate as natural gas is used for other purposes, such as cooking. On the other hand, there is some heating and cooling consumption through electricity (e.g., heat pumps) that is not accounted for due to data aggregation from the providers."
2025 Disclosure Cycle,779465,CDP,31117,"City of Toronto, ON",City,North America,Canada,Public,Q4.1.4,Report the total jurisdiction-wide annual electricity and heating and cooling consumption for each sector listed and for your government operations.,2,Commercial sector,15626997.182,14385319,2022,"2022 electricity consumption taken from Commercial Community-wide kWh from Toronto Hydro. Heating and cooling consumption is assumed as the volume of natural gas as provided by Enbridge Gas (for commercial use) converted to MWh as per CDP guidance.\n\nNote that heating/cooling consumption is based on total natural gas use in commercial sector and is an overestimate as natural gas is used for other purposes, such as cooking. On the other hand, there is some heating and cooling consumption through electricity (e.g., heat pumps) that is not accounted for due to data aggregation from the providers."
2025 Disclosure Cycle,779465,CDP,31117,"City of Toronto, ON",City,North America,Canada,Public,Q4.1.4,Report the total jurisdiction-wide annual electricity and heating and cooling consumption for each sector listed and for your government operations.,3,Industrial sector,2485796.876,4957062,2022,"2022 electricity consumption taken from Industrial Community-wide kWh from Toronto Hydro. Heating and cooling consumption is assumed as the volume of natural gas as provided by Enbridge Gas (for industrial use) converted to MWh as per CDP guidance.\n\nNote that heating/cooling consumption is based on total natural gas use in industrial sector and is an overestimate as natural gas is used for other purposes, such as cooking. On the other hand, there is some heating and cooling consumption through electricity (e.g., heat pumps) that is not accounted for due to data aggregation from the providers."
2025 Disclosure Cycle,779465,CDP,31117,"City of Toronto, ON",City,North America,Canada,Public,Q4.1.4,Report the total jurisdiction-wide annual electricity and heating and cooling consumption for each sector listed and for your government operations.,4,Agricultural sector,0,0,2022,No agriculture sector in Toronto
2025 Disclosure Cycle,779465,CDP,31117,"City of Toronto, ON",City,North America,Canada,Public,Q4.1.4,Report the total jurisdiction-wide annual electricity and heating and cooling consumption for each sector listed and for your government operations.,5,Transport sector,337259.727,0,2022,"Total electricity consumption for all public transportation modes (e.g., subways, streetcars) as reported by the Toronto Transit Commission (TTC), converted to MWh."
2025 Disclosure Cycle,779465,CDP,31117,"City of Toronto, ON",City,North America,Canada,Public,Q4.1.4,Report the total jurisdiction-wide annual electricity and heating and cooling consumption for each sector listed and for your government operations.,6,Government operations,1887020.365,1724329,2022,"2022 Electricity consumption for all corporate buildings, Yard & Facilities (kWh) & Natural gas consumption (m3) converted to MWh. \n\nPlease note these values are a subset of the community-wide emissions reported for the other sectors, i.e., cannot be summed with other reported values to calculate total community-wide electricity and heating/cooling energy consumption."
2025 Disclosure Cycle,779465,CDP,31150,Bangkok Metropolitan Administration,City,South East Asia & Oceania,Thailand,Public,Q4.1.4,Report the total jurisdiction-wide annual electricity and heating and cooling consumption for each sector listed and for your government operations.,1,Household/residential sector (Buildings),18257645,,2024,"- The data is directly requested from Metropolitan Electricity Authority (MEA).\n- It's overall data from MEA's service boundary (Nonthaburi, Samut Prakan and Bangkok).\n"
2025 Disclosure Cycle,779465,CDP,31150,Bangkok Metropolitan Administration,City,South East Asia & Oceania,Thailand,Public,Q4.1.4,Report the total jurisdiction-wide annual electricity and heating and cooling consumption for each sector listed and for your government operations.,2,Commercial sector,23335911,,2024,"- The data is directly requested from Metropolitan Electricity Authority (MEA).\n- It's overall data from MEA's service boundary (Nonthaburi, Samut Prakan and Bangkok)."
2025 Disclosure Cycle,779465,CDP,31150,Bangkok Metropolitan Administration,City,South East Asia & Oceania,Thailand,Public,Q4.1.4,Report the total jurisdiction-wide annual electricity and heating and cooling consumption for each sector listed and for your government operations.,3,Industrial sector,11082606,,2024,"- The data is directly requested from Metropolitan Electricity Authority (MEA).\n- It's overall data from MEA's service boundary (Nonthaburi, Samut Prakan and Bangkok)."
2025 Disclosure Cycle,779465,CDP,31150,Bangkok Metropolitan Administration,City,South East Asia & Oceania,Thailand,Public,Q4.1.4,Report the total jurisdiction-wide annual electricity and heating and cooling consumption for each sector listed and for your government operations.,4,Agricultural sector,0,,2024,"- The data is directly requested from Metropolitan Electricity Authority (MEA).\n- It's overall data from MEA's service boundary (Nonthaburi, Samut Prakan and Bangkok)."
2025 Disclosure Cycle,779465,CDP,31150,Bangkok Metropolitan Administration,City,South East Asia & Oceania,Thailand,Public,Q4.1.4,Report the total jurisdiction-wide annual electricity and heating and cooling consumption for each sector listed and for your government operations.,5,Transport sector,162811,,2024,"- Amount of electricity consumption by electric charging station, not including BTS and MRT (It's included elsewhere)\n- The public data from Metropolitan Electricity Authority (MEA).\n- It's overall data from MEA's service boundary (Nonthaburi, Samut Prakan and Bangkok)."
2025 Disclosure Cycle,779465,CDP,31150,Bangkok Metropolitan Administration,City,South East Asia & Oceania,Thailand,Public,Q4.1.4,Report the total jurisdiction-wide annual electricity and heating and cooling consumption for each sector listed and for your government operations.,6,Government operations,3697314,,2024,"- 3697314 MWh = 3180170 MWh from Government + 517144 from public lighting\n- The data is directly requested from Metropolitan Electricity Authority (MEA). \n- It's overall data from MEA's service boundary (Nonthaburi, Samut Prakan and Bangkok)."
2025 Disclosure Cycle,779465,CDP,31153,City-State of Berlin,City,Europe,Germany,Public,Q4.1.4,Report the total jurisdiction-wide annual electricity and heating and cooling consumption for each sector listed and for your government operations.,1,Household/residential sector (Buildings),3966,7401111,2023,
2025 Disclosure Cycle,779465,CDP,31153,City-State of Berlin,City,Europe,Germany,Public,Q4.1.4,Report the total jurisdiction-wide annual electricity and heating and cooling consumption for each sector listed and for your government operations.,2,Commercial sector,5628,3115000,2023,Commercial and industrial sector
2025 Disclosure Cycle,779465,CDP,31153,City-State of Berlin,City,Europe,Germany,Public,Q4.1.4,Report the total jurisdiction-wide annual electricity and heating and cooling consumption for each sector listed and for your government operations.,5,Transport sector,936,,2023,
2025 Disclosure Cycle,779465,CDP,31153,City-State of Berlin,City,Europe,Germany,Public,Q4.1.4,Report the total jurisdiction-wide annual electricity and heating and cooling consumption for each sector listed and for your government operations.,6,Government operations,284060,460085,2024,
2025 Disclosure Cycle,779465,CDP,31154,Bogotá Distrito Capital,City,Latin America,Colombia,Public,Q4.1.4,Report the total jurisdiction-wide annual electricity and heating and cooling consumption for each sector listed and for your government operations.,1,Household/residential sector (Buildings),3847543.858,0,2023,"La ciudad no cuenta con un inventario de energía consolidado. Por lo tanto, las estimaciones se realizan a partir de consumo de energía final. Por las características del clima y costumbres de los habitantes, el consumo de energía para acondicionamiento de espacios tiene una participación limitada dentro de los usos de energía en Bogotá. Lo anterior se debe a que calefacción o acondicionamiento de espacios no está masificado en la ciudad."
2025 Disclosure Cycle,779465,CDP,31154,Bogotá Distrito Capital,City,Latin America,Colombia,Public,Q4.1.4,Report the total jurisdiction-wide annual electricity and heating and cooling consumption for each sector listed and for your government operations.,2,Commercial sector,2730629.238,0,2023,"La ciudad no cuenta con un inventario de energía consolidado. Por lo tanto, las estimaciones se realizan a partir de consumo de energía final. Por las características del clima y costumbres de los habitantes, el consumo de energía para acondicionamiento de espacios tiene una participación limitada dentro de los usos de energía en Bogotá. Lo anterior se debe a que calefacción o acondicionamiento de espacios no está masificado en la ciudad."
2025 Disclosure Cycle,779465,CDP,31154,Bogotá Distrito Capital,City,Latin America,Colombia,Public,Q4.1.4,Report the total jurisdiction-wide annual electricity and heating and cooling consumption for each sector listed and for your government operations.,3,Industrial sector,1957139.946,0,2023,
2025 Disclosure Cycle,779465,CDP,31154,Bogotá Distrito Capital,City,Latin America,Colombia,Public,Q4.1.4,Report the total jurisdiction-wide annual electricity and heating and cooling consumption for each sector listed and for your government operations.,4,Agricultural sector,0,0,2023,
2025 Disclosure Cycle,779465,CDP,31154,Bogotá Distrito Capital,City,Latin America,Colombia,Public,Q4.1.4,Report the total jurisdiction-wide annual electricity and heating and cooling consumption for each sector listed and for your government operations.,5,Transport sector,0,0,2023,La ciudad no cuenta con información desagregada sobre el consumo de energía eléctrica asociada al sector de transporte
2025 Disclosure Cycle,779465,CDP,31154,Bogotá Distrito Capital,City,Latin America,Colombia,Public,Q4.1.4,Report the total jurisdiction-wide annual electricity and heating and cooling consumption for each sector listed and for your government operations.,6,Government operations,472015.169,0,2023,"incluye los consumos de instalaciones del sector oficial e institucional, así como el alumbrado público."
2025 Disclosure Cycle,779465,CDP,31155,City of Buenos Aires,City,Latin America,Argentina,Public,Q4.1.4,Report the total jurisdiction-wide annual electricity and heating and cooling consumption for each sector listed and for your government operations.,1,Household/residential sector (Buildings),4761650,,2023,
2025 Disclosure Cycle,779465,CDP,31155,City of Buenos Aires,City,Latin America,Argentina,Public,Q4.1.4,Report the total jurisdiction-wide annual electricity and heating and cooling consumption for each sector listed and for your government operations.,2,Commercial sector,3761967,,2023,
2025 Disclosure Cycle,779465,CDP,31155,City of Buenos Aires,City,Latin America,Argentina,Public,Q4.1.4,Report the total jurisdiction-wide annual electricity and heating and cooling consumption for each sector listed and for your government operations.,3,Industrial sector,770837,,2023,
2025 Disclosure Cycle,779465,CDP,31155,City of Buenos Aires,City,Latin America,Argentina,Public,Q4.1.4,Report the total jurisdiction-wide annual electricity and heating and cooling consumption for each sector listed and for your government operations.,4,Agricultural sector,0,,2023,No hay actividad agrícola en la Ciudad de Buenos Aires
2025 Disclosure Cycle,779465,CDP,31155,City of Buenos Aires,City,Latin America,Argentina,Public,Q4.1.4,Report the total jurisdiction-wide annual electricity and heating and cooling consumption for each sector listed and for your government operations.,5,Transport sector,121637,,2023,Corresponde al consumo eléctrico de trenes y subterráneos.
2025 Disclosure Cycle,779465,CDP,31155,City of Buenos Aires,City,Latin America,Argentina,Public,Q4.1.4,Report the total jurisdiction-wide annual electricity and heating and cooling consumption for each sector listed and for your government operations.,6,Government operations,1880888,,2023,
2025 Disclosure Cycle,779465,CDP,31156,Municipality of Curitiba,City,Latin America,Brazil,Public,Q4.1.4,Report the total jurisdiction-wide annual electricity and heating and cooling consumption for each sector listed and for your government operations.,1,Household/residential sector (Buildings),1713489.022,0.0,2024,Dados Companhia Paranaense de Energia (2024)
2025 Disclosure Cycle,779465,CDP,31156,Municipality of Curitiba,City,Latin America,Brazil,Public,Q4.1.4,Report the total jurisdiction-wide annual electricity and heating and cooling consumption for each sector listed and for your government operations.,2,Commercial sector,1677617.883,0.0,2024,Dados Companhia Paranaense de Energia (2024)
2025 Disclosure Cycle,779465,CDP,31156,Municipality of Curitiba,City,Latin America,Brazil,Public,Q4.1.4,Report the total jurisdiction-wide annual electricity and heating and cooling consumption for each sector listed and for your government operations.,3,Industrial sector,1024718.552,0.0,2024,Dados Companhia Paranaense de Energia (2024)
2025 Disclosure Cycle,779465,CDP,31156,Municipality of Curitiba,City,Latin America,Brazil,Public,Q4.1.4,Report the total jurisdiction-wide annual electricity and heating and cooling consumption for each sector listed and for your government operations.,4,Agricultural sector,986.112,0.0,2024,Dados Companhia Paranaense de Energia (2024)
2025 Disclosure Cycle,779465,CDP,31156,Municipality of Curitiba,City,Latin America,Brazil,Public,Q4.1.4,Report the total jurisdiction-wide annual electricity and heating and cooling consumption for each sector listed and for your government operations.,5,Transport sector,0.0,0.0,2024,Dados insignificantes ou inexistentes disponíveis para veículos elétricos na cidade.
2025 Disclosure Cycle,779465,CDP,31156,Municipality of Curitiba,City,Latin America,Brazil,Public,Q4.1.4,Report the total jurisdiction-wide annual electricity and heating and cooling consumption for each sector listed and for your government operations.,6,Government operations,261398.498,0.0,2024,Dados Companhia Paranaense de Energia (2024)
2025 Disclosure Cycle,779465,CDP,31165,City of Heidelberg,City,Europe,Germany,Public,Q4.1.4,Report the total jurisdiction-wide annual electricity and heating and cooling consumption for each sector listed and for your government operations.,1,Household/residential sector (Buildings),164947,676777,2023,ifeu 2023 (preliminary)
2025 Disclosure Cycle,779465,CDP,31165,City of Heidelberg,City,Europe,Germany,Public,Q4.1.4,Report the total jurisdiction-wide annual electricity and heating and cooling consumption for each sector listed and for your government operations.,2,Commercial sector,431180,571205,2023,ifeu 2023 (preliminary)
2025 Disclosure Cycle,779465,CDP,31165,City of Heidelberg,City,Europe,Germany,Public,Q4.1.4,Report the total jurisdiction-wide annual electricity and heating and cooling consumption for each sector listed and for your government operations.,3,Industrial sector,90641,46054,2023,ifeu 2023 (preliminary)
2025 Disclosure Cycle,779465,CDP,31165,City of Heidelberg,City,Europe,Germany,Public,Q4.1.4,Report the total jurisdiction-wide annual electricity and heating and cooling consumption for each sector listed and for your government operations.,4,Agricultural sector,0,0,2023,Not measured / grouped with industrial sector
2025 Disclosure Cycle,779465,CDP,31165,City of Heidelberg,City,Europe,Germany,Public,Q4.1.4,Report the total jurisdiction-wide annual electricity and heating and cooling consumption for each sector listed and for your government operations.,5,Transport sector,35477,0,2023,ifeu 2023 (preliminary)
2025 Disclosure Cycle,779465,CDP,31165,City of Heidelberg,City,Europe,Germany,Public,Q4.1.4,Report the total jurisdiction-wide annual electricity and heating and cooling consumption for each sector listed and for your government operations.,6,Government operations,12847,28985,2023,ifeu 2023 (preliminary)
2025 Disclosure Cycle,779465,CDP,31166,Jakarta City Government,City,South East Asia & Oceania,Indonesia,Public,Q4.1.4,Report the total jurisdiction-wide annual electricity and heating and cooling consumption for each sector listed and for your government operations.,1,Household/residential sector (Buildings),15644752,0,2023,https://jakarta.bps.go.id/indicator/7/178/1/jumlah-daya-kwh-terjual-menurut-tarif-dan-cabang-di-provinsi-dki-jakarta.html
2025 Disclosure Cycle,779465,CDP,31166,Jakarta City Government,City,South East Asia & Oceania,Indonesia,Public,Q4.1.4,Report the total jurisdiction-wide annual electricity and heating and cooling consumption for each sector listed and for your government operations.,2,Commercial sector,0,15109874,2023,https://jakarta.bps.go.id/indicator/7/178/1/jumlah-daya-kwh-terjual-menurut-tarif-dan-cabang-di-provinsi-dki-jakarta.html
2025 Disclosure Cycle,779465,CDP,31166,Jakarta City Government,City,South East Asia & Oceania,Indonesia,Public,Q4.1.4,Report the total jurisdiction-wide annual electricity and heating and cooling consumption for each sector listed and for your government operations.,3,Industrial sector,3997207,0,2023,https://jakarta.bps.go.id/indicator/7/178/1/jumlah-daya-kwh-terjual-menurut-tarif-dan-cabang-di-provinsi-dki-jakarta.htmla
2025 Disclosure Cycle,779465,CDP,31166,Jakarta City Government,City,South East Asia & Oceania,Indonesia,Public,Q4.1.4,Report the total jurisdiction-wide annual electricity and heating and cooling consumption for each sector listed and for your government operations.,4,Agricultural sector,0,0,2023,Tidak ada perhitungan
2025 Disclosure Cycle,779465,CDP,31166,Jakarta City Government,City,South East Asia & Oceania,Indonesia,Public,Q4.1.4,Report the total jurisdiction-wide annual electricity and heating and cooling consumption for each sector listed and for your government operations.,5,Transport sector,173745,0,2023,Sudah dilaporkan
2025 Disclosure Cycle,779465,CDP,31166,Jakarta City Government,City,South East Asia & Oceania,Indonesia,Public,Q4.1.4,Report the total jurisdiction-wide annual electricity and heating and cooling consumption for each sector listed and for your government operations.,6,Government operations,0,0,2023,Tidak ada data
2025 Disclosure Cycle,779465,CDP,31170,Metropolitan Municipality of Lima,City,Latin America,Peru,Public,Q4.1.4,Report the total jurisdiction-wide annual electricity and heating and cooling consumption for each sector listed and for your government operations.,1,Household/residential sector (Buildings),10606.4,0,2022,
2025 Disclosure Cycle,779465,CDP,31170,Metropolitan Municipality of Lima,City,Latin America,Peru,Public,Q4.1.4,Report the total jurisdiction-wide annual electricity and heating and cooling consumption for each sector listed and for your government operations.,2,Commercial sector,7149.8,0,2022,
2025 Disclosure Cycle,779465,CDP,31170,Metropolitan Municipality of Lima,City,Latin America,Peru,Public,Q4.1.4,Report the total jurisdiction-wide annual electricity and heating and cooling consumption for each sector listed and for your government operations.,3,Industrial sector,12737.2,0,2022,
2025 Disclosure Cycle,779465,CDP,31170,Metropolitan Municipality of Lima,City,Latin America,Peru,Public,Q4.1.4,Report the total jurisdiction-wide annual electricity and heating and cooling consumption for each sector listed and for your government operations.,4,Agricultural sector,1429.7,0,2022,
2025 Disclosure Cycle,779465,CDP,31170,Metropolitan Municipality of Lima,City,Latin America,Peru,Public,Q4.1.4,Report the total jurisdiction-wide annual electricity and heating and cooling consumption for each sector listed and for your government operations.,5,Transport sector,80.3,0,2022,"Se precisa que no se esta considerando el sector de minero metalurgico, el mismo que tiene una representación de 17 857.5 GWh, asimismo las unidades de todos los datos proporcionados se encuentran en unidades GWh"
2025 Disclosure Cycle,779465,CDP,31170,Metropolitan Municipality of Lima,City,Latin America,Peru,Public,Q4.1.4,Report the total jurisdiction-wide annual electricity and heating and cooling consumption for each sector listed and for your government operations.,6,Government operations,2090.3,0,2022,
2025 Disclosure Cycle,779465,CDP,31171,City of Madrid,City,Europe,Spain,Public,Q4.1.4,Report the total jurisdiction-wide annual electricity and heating and cooling consumption for each sector listed and for your government operations.,1,Household/residential sector (Buildings),1169271.77,4389253.71,2022,"Data from 2022 municipal energy balance. In the field \'Heating and cooling consumption\', every energy consumption in the sector is included (except for electricity), without considering the energy use (natural gas + oil products + coal + renewable sources)"
2025 Disclosure Cycle,779465,CDP,31171,City of Madrid,City,Europe,Spain,Public,Q4.1.4,Report the total jurisdiction-wide annual electricity and heating and cooling consumption for each sector listed and for your government operations.,2,Commercial sector,5857727.2,2532145.38,2022," Data from 2022 municipal energy balance. In the field \'Heating and cooling consumption\', every energy consumption in the sector is included (except for electricity), without considering the energy use (natural gas + oil products + coal + renewable sources). A complete disaggregation between Commercial and Institutional is not available for \'Heating and cooling consumption\', so both sectors have been reported in aggregated form here."
2025 Disclosure Cycle,779465,CDP,31171,City of Madrid,City,Europe,Spain,Public,Q4.1.4,Report the total jurisdiction-wide annual electricity and heating and cooling consumption for each sector listed and for your government operations.,3,Industrial sector,586807.07,1742291.03,2022,"Data from 2022 municipal energy balance. Consumption for urban waste and wastewater treatment included here. In the field \'Heating and cooling consumption\', every energy consumption in the sector is included (except for electricity), without considering the energy use (natural gas + oil products + coal + renewable sources)"
2025 Disclosure Cycle,779465,CDP,31171,City of Madrid,City,Europe,Spain,Public,Q4.1.4,Report the total jurisdiction-wide annual electricity and heating and cooling consumption for each sector listed and for your government operations.,4,Agricultural sector,8559.92,0,2022,"Data from 2022 municipal energy balance. In the field \'Heating and cooling consumption\', every energy consumption in the sector is included (except for electricity), without considering the energy use (natural gas + oil products + coal + renewable sources). \'Heating and cooling consumption\' included under \'Household/Residential\' since a disaggregation is currently not possible"
2025 Disclosure Cycle,779465,CDP,31171,City of Madrid,City,Europe,Spain,Public,Q4.1.4,Report the total jurisdiction-wide annual electricity and heating and cooling consumption for each sector listed and for your government operations.,5,Transport sector,1127620.96,12881180.55,2022,"Data from 2022 municipal energy balance. Includes both road and non-road transport. In the field \'Heating and cooling consumption\', every energy consumption in the sector is included (except for electricity), without considering the energy use (natural gas + oil products + coal + renewable sources)"
2025 Disclosure Cycle,779465,CDP,31171,City of Madrid,City,Europe,Spain,Public,Q4.1.4,Report the total jurisdiction-wide annual electricity and heating and cooling consumption for each sector listed and for your government operations.,6,Government operations,2888967.29,0,2022,"Data from 2022 municipal energy balance. The \'Electricity consumption\' field includes consumptions associated to the public administration activity, public services and streetlights. In the field \'Heating and cooling consumption\', every energy consumption in the sector is included (except for electricity), without considering the energy use (natural gas + oil products + coal + renewable sources). Heating and cooling consumption included under \'Household/Residential\' since a disaggregation is currently not possible"
2025 Disclosure Cycle,779465,CDP,31172,Mexico City,City,Latin America,Mexico,Public,Q4.1.4,Report the total jurisdiction-wide annual electricity and heating and cooling consumption for each sector listed and for your government operations.,1,Household/residential sector (Buildings),3441000,,2022,Se considera que el consumo reportado incluye el que se utiliza para calefacción y refrigeración
2025 Disclosure Cycle,779465,CDP,31172,Mexico City,City,Latin America,Mexico,Public,Q4.1.4,Report the total jurisdiction-wide annual electricity and heating and cooling consumption for each sector listed and for your government operations.,2,Commercial sector,1776029,,2022,Se considera que el consumo reportado incluye el que se utiliza para calefacción y refrigeración
2025 Disclosure Cycle,779465,CDP,31172,Mexico City,City,Latin America,Mexico,Public,Q4.1.4,Report the total jurisdiction-wide annual electricity and heating and cooling consumption for each sector listed and for your government operations.,3,Industrial sector,4762647,,2022,Se considera que el consumo reportado incluye el que se utiliza para calefacción y refrigeración
2025 Disclosure Cycle,779465,CDP,31172,Mexico City,City,Latin America,Mexico,Public,Q4.1.4,Report the total jurisdiction-wide annual electricity and heating and cooling consumption for each sector listed and for your government operations.,4,Agricultural sector,604,,2022,Se considera que el consumo reportado incluye el que se utiliza para calefacción y refrigeración
2025 Disclosure Cycle,779465,CDP,31172,Mexico City,City,Latin America,Mexico,Public,Q4.1.4,Report the total jurisdiction-wide annual electricity and heating and cooling consumption for each sector listed and for your government operations.,5,Transport sector,795831,,2022,Se considera que el consumo reportado incluye el que se utiliza para calefacción y refrigeración
2025 Disclosure Cycle,779465,CDP,31172,Mexico City,City,Latin America,Mexico,Public,Q4.1.4,Report the total jurisdiction-wide annual electricity and heating and cooling consumption for each sector listed and for your government operations.,6,Government operations,1100889,,2022,Se considera que el consumo reportado incluye el que se utiliza para calefacción y refrigeración
2025 Disclosure Cycle,779465,CDP,31173,City of Milan,City,Europe,Italy,Public,Q4.1.4,Report the total jurisdiction-wide annual electricity and heating and cooling consumption for each sector listed and for your government operations.,1,Household/residential sector (Buildings),1202562,5021381,2023,"heating and cooling data are referred to heating only, not to cooling"
2025 Disclosure Cycle,779465,CDP,31173,City of Milan,City,Europe,Italy,Public,Q4.1.4,Report the total jurisdiction-wide annual electricity and heating and cooling consumption for each sector listed and for your government operations.,2,Commercial sector,3846399,2336283,2023,"heating and cooling data are referred to heating only, not to cooling"
2025 Disclosure Cycle,779465,CDP,31173,City of Milan,City,Europe,Italy,Public,Q4.1.4,Report the total jurisdiction-wide annual electricity and heating and cooling consumption for each sector listed and for your government operations.,3,Industrial sector,342749,24451,2023,"heating and cooling data are referred to heating only, not to cooling"
2025 Disclosure Cycle,779465,CDP,31173,City of Milan,City,Europe,Italy,Public,Q4.1.4,Report the total jurisdiction-wide annual electricity and heating and cooling consumption for each sector listed and for your government operations.,4,Agricultural sector,0,0,2023,"included in the industrial sectorheating and cooling data are referred to heating only, not to cooling"
2025 Disclosure Cycle,779465,CDP,31173,City of Milan,City,Europe,Italy,Public,Q4.1.4,Report the total jurisdiction-wide annual electricity and heating and cooling consumption for each sector listed and for your government operations.,5,Transport sector,343860,0,2023,"heating and cooling data are referred to heating only, not to cooling"
2025 Disclosure Cycle,779465,CDP,31173,City of Milan,City,Europe,Italy,Public,Q4.1.4,Report the total jurisdiction-wide annual electricity and heating and cooling consumption for each sector listed and for your government operations.,6,Government operations,132776,275822,2023,"heating and cooling data are referred to heating only, not to cooling"
2025 Disclosure Cycle,779465,CDP,31175,City of Paris,City,Europe,France,Public,Q4.1.4,Report the total jurisdiction-wide annual electricity and heating and cooling consumption for each sector listed and for your government operations.,1,Household/residential sector (Buildings),3717938.91,2137774.53,2023,"TOTAL RESIDENTIAL = 7,589,385.662 Heat consumptions (except electricity breakdown):•4,750,801,488 MWh Gas,•2,137,774537MWh urban heat,•619,192 MWh fuel,•81,617 MWh liquid petrol."
2025 Disclosure Cycle,779465,CDP,31175,City of Paris,City,Europe,France,Public,Q4.1.4,Report the total jurisdiction-wide annual electricity and heating and cooling consumption for each sector listed and for your government operations.,2,Commercial sector,7293012.102,2411047.729,2023,"TOTAL COMMERCIAL = 7,569,432,954 Heat consumptions (except electricity breakdown):•3,794,520,620 MWh gas, •1,986,432.729 MWh urban heat,•1,234,209.583 MWh fuel,•129,655.022 liquid petrol.• Cold consumptions : 424,615 MWh urban cold."
2025 Disclosure Cycle,779465,CDP,31175,City of Paris,City,Europe,France,Public,Q4.1.4,Report the total jurisdiction-wide annual electricity and heating and cooling consumption for each sector listed and for your government operations.,3,Industrial sector,5120614.4,6676865.03,2023,Heat consumptions:•100% urban gas
2025 Disclosure Cycle,779465,CDP,31175,City of Paris,City,Europe,France,Public,Q4.1.4,Report the total jurisdiction-wide annual electricity and heating and cooling consumption for each sector listed and for your government operations.,4,Agricultural sector,1201922,245989,2023,Heat consumptions:•100% urban gas
2025 Disclosure Cycle,779465,CDP,31175,City of Paris,City,Europe,France,Public,Q4.1.4,Report the total jurisdiction-wide annual electricity and heating and cooling consumption for each sector listed and for your government operations.,5,Transport sector,0,0,,Not available for 2023\n
2025 Disclosure Cycle,779465,CDP,31175,City of Paris,City,Europe,France,Public,Q4.1.4,Report the total jurisdiction-wide annual electricity and heating and cooling consumption for each sector listed and for your government operations.,6,Government operations,202000,340750,2023,"Heat consumptions = 340,750 MWh (except electricity): • 185,800 MWh Gas; • 151,900 MWh urban heat ; • 400 MWh fuel ; • Cold consumptions : 2,500 MWh"
2025 Disclosure Cycle,779465,CDP,31176,Prefeitura do Rio de Janeiro,City,Latin America,Brazil,Public,Q4.1.4,Report the total jurisdiction-wide annual electricity and heating and cooling consumption for each sector listed and for your government operations.,1,Household/residential sector (Buildings),5672350.9,0.0,2024,A refrigeração é feita nas edificações usando eletricidade geralmente. 
2025 Disclosure Cycle,779465,CDP,31176,Prefeitura do Rio de Janeiro,City,Latin America,Brazil,Public,Q4.1.4,Report the total jurisdiction-wide annual electricity and heating and cooling consumption for each sector listed and for your government operations.,2,Commercial sector,5860328.2,0.0,2024,A refrigeração é feita nas edificações usando eletricidade geralmente. 
2025 Disclosure Cycle,779465,CDP,31176,Prefeitura do Rio de Janeiro,City,Latin America,Brazil,Public,Q4.1.4,Report the total jurisdiction-wide annual electricity and heating and cooling consumption for each sector listed and for your government operations.,3,Industrial sector,1767982,0.0,2024,
2025 Disclosure Cycle,779465,CDP,31176,Prefeitura do Rio de Janeiro,City,Latin America,Brazil,Public,Q4.1.4,Report the total jurisdiction-wide annual electricity and heating and cooling consumption for each sector listed and for your government operations.,4,Agricultural sector,130,0,2024,
2025 Disclosure Cycle,779465,CDP,31176,Prefeitura do Rio de Janeiro,City,Latin America,Brazil,Public,Q4.1.4,Report the total jurisdiction-wide annual electricity and heating and cooling consumption for each sector listed and for your government operations.,5,Transport sector,393757,0.0,2024,
2025 Disclosure Cycle,779465,CDP,31176,Prefeitura do Rio de Janeiro,City,Latin America,Brazil,Public,Q4.1.4,Report the total jurisdiction-wide annual electricity and heating and cooling consumption for each sector listed and for your government operations.,6,Government operations,2014899.1,0,2024,"Inclui outras esferas governamentais como estadual e federal, além da municipal"
2025 Disclosure Cycle,779465,CDP,31179,Municipality of Rotterdam,City,Europe,Netherlands,Public,Q4.1.4,Report the total jurisdiction-wide annual electricity and heating and cooling consumption for each sector listed and for your government operations.,1,Household/residential sector (Buildings),644100,1897128,2023,"Energy for cooling is included in electricity consumption , energy for heating in natural gas and through city heat distribution networks. Source: https://klimaatmonitor.databank.nl/ data code \'elwoningen\', \'warmwontier2\', \'gaswoningen\'"
2025 Disclosure Cycle,779465,CDP,31179,Municipality of Rotterdam,City,Europe,Netherlands,Public,Q4.1.4,Report the total jurisdiction-wide annual electricity and heating and cooling consumption for each sector listed and for your government operations.,2,Commercial sector,1941530,1101244,2023,"Source: https://klimaatmonitor.databank.nl/ data code \'gascomdv\', \'elcomdv\' . In the 2024 disclosure cycle the electricity consumption for this sector was erroneously reported as 20023238 MWh. The correct value for 2022 is 2023238."
2025 Disclosure Cycle,779465,CDP,31179,Municipality of Rotterdam,City,Europe,Netherlands,Public,Q4.1.4,Report the total jurisdiction-wide annual electricity and heating and cooling consumption for each sector listed and for your government operations.,3,Industrial sector,3523347,23894765,2023,"Source: https://klimaatmonitor.databank.nl/ calculated from data code \'gasbcdef\',\'elekbcdef\',\'vbrzg_afval\',\'vbrze_afval\' \n"
2025 Disclosure Cycle,779465,CDP,31179,Municipality of Rotterdam,City,Europe,Netherlands,Public,Q4.1.4,Report the total jurisdiction-wide annual electricity and heating and cooling consumption for each sector listed and for your government operations.,4,Agricultural sector,15752,216644,2023,"Source: https://klimaatmonitor.databank.nl/ data code \'vbrzg_a\',\'vbrze_a\'"
2025 Disclosure Cycle,779465,CDP,31179,Municipality of Rotterdam,City,Europe,Netherlands,Public,Q4.1.4,Report the total jurisdiction-wide annual electricity and heating and cooling consumption for each sector listed and for your government operations.,5,Transport sector,0,0,2023,No data available for the transport sector.
2025 Disclosure Cycle,779465,CDP,31179,Municipality of Rotterdam,City,Europe,Netherlands,Public,Q4.1.4,Report the total jurisdiction-wide annual electricity and heating and cooling consumption for each sector listed and for your government operations.,6,Government operations,46811,587448,2023,"Water supply and waste collection source: https://klimaatmonitor.databank.nl/ data code \'vbrzg_afval\',\'vbrze_afval\' "
2025 Disclosure Cycle,779465,CDP,31182,"City of San Francisco, CA",City,North America,United States of America,Public,Q4.1.4,Report the total jurisdiction-wide annual electricity and heating and cooling consumption for each sector listed and for your government operations.,1,Household/residential sector (Buildings),1337379.322,,2022,We were unable to obtain heating/cooling data as it is not something that the City of San Francisco tracks.
2025 Disclosure Cycle,779465,CDP,31182,"City of San Francisco, CA",City,North America,United States of America,Public,Q4.1.4,Report the total jurisdiction-wide annual electricity and heating and cooling consumption for each sector listed and for your government operations.,2,Commercial sector,2503987.4,,2022,Industrial sector building electricity consumption is included in the Commercial sector number. We were unable to obtain heating/cooling data as it is not something that the City of San Francisco tracks.
2025 Disclosure Cycle,779465,CDP,31182,"City of San Francisco, CA",City,North America,United States of America,Public,Q4.1.4,Report the total jurisdiction-wide annual electricity and heating and cooling consumption for each sector listed and for your government operations.,3,Industrial sector,,,,Industrial sector building electricity consumption is included in the Commercial sector number. We were unable to obtain heating/cooling data as it is not something that the City of San Francisco tracks. 
2025 Disclosure Cycle,779465,CDP,31182,"City of San Francisco, CA",City,North America,United States of America,Public,Q4.1.4,Report the total jurisdiction-wide annual electricity and heating and cooling consumption for each sector listed and for your government operations.,4,Agricultural sector,,,,Agricultural sector electricity consumption is not delineated/identifiable in datasets. We were unable to obtain heating/cooling data as it is not something that the City of San Francisco tracks. 
2025 Disclosure Cycle,779465,CDP,31182,"City of San Francisco, CA",City,North America,United States of America,Public,Q4.1.4,Report the total jurisdiction-wide annual electricity and heating and cooling consumption for each sector listed and for your government operations.,5,Transport sector,336122.601,,2022,Transportation-related electricity consumption is estimated due to the lack of San Francisco-specific data from agencies operating in a larger area compared to the city's jurisdiction.\nWe were unable to obtain heating/cooling data as it is not something that the City of San Francisco tracks. 
2025 Disclosure Cycle,779465,CDP,31182,"City of San Francisco, CA",City,North America,United States of America,Public,Q4.1.4,Report the total jurisdiction-wide annual electricity and heating and cooling consumption for each sector listed and for your government operations.,6,Government operations,771057.903,,2022,We were unable to obtain heating/cooling data as it is not something that the City of San Francisco tracks.
2025 Disclosure Cycle,779465,CDP,31184,Prefeitura de São Paulo,City,Latin America,Brazil,Public,Q4.1.4,Report the total jurisdiction-wide annual electricity and heating and cooling consumption for each sector listed and for your government operations.,1,Household/residential sector (Buildings),,,,"Esses dados são produzidos pela companhia responsável pela distribuição de eletricidade na cidade de São Paulo, a Enel Distribuição São Paulo. Os dados não são de acesso público. "
2025 Disclosure Cycle,779465,CDP,31184,Prefeitura de São Paulo,City,Latin America,Brazil,Public,Q4.1.4,Report the total jurisdiction-wide annual electricity and heating and cooling consumption for each sector listed and for your government operations.,2,Commercial sector,,,,"Esses dados são produzidos pela companhia responsável pela distribuição de eletricidade na cidade de São Paulo, a Enel Distribuição São Paulo. Os dados não são de acesso público. "
2025 Disclosure Cycle,779465,CDP,31184,Prefeitura de São Paulo,City,Latin America,Brazil,Public,Q4.1.4,Report the total jurisdiction-wide annual electricity and heating and cooling consumption for each sector listed and for your government operations.,3,Industrial sector,,,,"Esses dados são produzidos pela companhia responsável pela distribuição de eletricidade na cidade de São Paulo, a Enel Distribuição São Paulo. Os dados não são de acesso público. "
2025 Disclosure Cycle,779465,CDP,31184,Prefeitura de São Paulo,City,Latin America,Brazil,Public,Q4.1.4,Report the total jurisdiction-wide annual electricity and heating and cooling consumption for each sector listed and for your government operations.,4,Agricultural sector,,,,"Esses dados são produzidos pela companhia responsável pela distribuição de eletricidade na cidade de São Paulo, a Enel Distribuição São Paulo. Os dados não são de acesso público. "
2025 Disclosure Cycle,779465,CDP,31184,Prefeitura de São Paulo,City,Latin America,Brazil,Public,Q4.1.4,Report the total jurisdiction-wide annual electricity and heating and cooling consumption for each sector listed and for your government operations.,5,Transport sector,,,,"Esses dados são produzidos pela companhia responsável pela distribuição de eletricidade na cidade de São Paulo, a Enel Distribuição São Paulo. Os dados não são de acesso público. "
2025 Disclosure Cycle,779465,CDP,31184,Prefeitura de São Paulo,City,Latin America,Brazil,Public,Q4.1.4,Report the total jurisdiction-wide annual electricity and heating and cooling consumption for each sector listed and for your government operations.,6,Government operations,,,,"Esses dados são produzidos pela companhia responsável pela distribuição de eletricidade na cidade de São Paulo, a Enel Distribuição São Paulo. Os dados não são de acesso público. "
2025 Disclosure Cycle,779465,CDP,31185,City of Warsaw,City,Europe,Poland,Public,Q4.1.4,Report the total jurisdiction-wide annual electricity and heating and cooling consumption for each sector listed and for your government operations.,1,Household/residential sector (Buildings),2062116.39,10355851.97,2022,
2025 Disclosure Cycle,779465,CDP,31185,City of Warsaw,City,Europe,Poland,Public,Q4.1.4,Report the total jurisdiction-wide annual electricity and heating and cooling consumption for each sector listed and for your government operations.,2,Commercial sector,1652846.22,3303057.77,2022,
2025 Disclosure Cycle,779465,CDP,31185,City of Warsaw,City,Europe,Poland,Public,Q4.1.4,Report the total jurisdiction-wide annual electricity and heating and cooling consumption for each sector listed and for your government operations.,3,Industrial sector,3236940.52,194953.41,2022,
2025 Disclosure Cycle,779465,CDP,31185,City of Warsaw,City,Europe,Poland,Public,Q4.1.4,Report the total jurisdiction-wide annual electricity and heating and cooling consumption for each sector listed and for your government operations.,4,Agricultural sector,,,,NE
2025 Disclosure Cycle,779465,CDP,31185,City of Warsaw,City,Europe,Poland,Public,Q4.1.4,Report the total jurisdiction-wide annual electricity and heating and cooling consumption for each sector listed and for your government operations.,5,Transport sector,241649.51,,2022,
2025 Disclosure Cycle,779465,CDP,31185,City of Warsaw,City,Europe,Poland,Public,Q4.1.4,Report the total jurisdiction-wide annual electricity and heating and cooling consumption for each sector listed and for your government operations.,6,Government operations,,2433559.12,2022,IE - electricity in Commercial sector
2025 Disclosure Cycle,779465,CDP,31187,Seoul Metropolitan Government,City,South East Asia & Oceania,Korea (The Republic of),Public,Q4.1.4,Report the total jurisdiction-wide annual electricity and heating and cooling consumption for each sector listed and for your government operations.,1,Household/residential sector (Buildings),14692966,,2023,
2025 Disclosure Cycle,779465,CDP,31187,Seoul Metropolitan Government,City,South East Asia & Oceania,Korea (The Republic of),Public,Q4.1.4,Report the total jurisdiction-wide annual electricity and heating and cooling consumption for each sector listed and for your government operations.,2,Commercial sector,29153018,,2023,
2025 Disclosure Cycle,779465,CDP,31187,Seoul Metropolitan Government,City,South East Asia & Oceania,Korea (The Republic of),Public,Q4.1.4,Report the total jurisdiction-wide annual electricity and heating and cooling consumption for each sector listed and for your government operations.,3,Industrial sector,1552170,,2023,
2025 Disclosure Cycle,779465,CDP,31187,Seoul Metropolitan Government,City,South East Asia & Oceania,Korea (The Republic of),Public,Q4.1.4,Report the total jurisdiction-wide annual electricity and heating and cooling consumption for each sector listed and for your government operations.,4,Agricultural sector,19802,,2023,
2025 Disclosure Cycle,779465,CDP,31187,Seoul Metropolitan Government,City,South East Asia & Oceania,Korea (The Republic of),Public,Q4.1.4,Report the total jurisdiction-wide annual electricity and heating and cooling consumption for each sector listed and for your government operations.,5,Transport sector,,,,We have no data on trasnport.
2025 Disclosure Cycle,779465,CDP,31187,Seoul Metropolitan Government,City,South East Asia & Oceania,Korea (The Republic of),Public,Q4.1.4,Report the total jurisdiction-wide annual electricity and heating and cooling consumption for each sector listed and for your government operations.,6,Government operations,3801000,,2023,
2025 Disclosure Cycle,779465,CDP,35858,City of Cape Town,City,UKWW,South Africa,Public,Q4.1.4,Report the total jurisdiction-wide annual electricity and heating and cooling consumption for each sector listed and for your government operations.,1,Household/residential sector (Buildings),3549890,,2023,"Includes on-site consumption by registered SSEG systems. The drop relative to 2022 was caused both by an increase in customer installed small-scale embedded generation (SSEG) and a sharp increase in the scheduled rotational shedding of load imposed by the national system operator, totaling 6 335 hours (105% higher compared to 2022), due to a lack of available capacity."
2025 Disclosure Cycle,779465,CDP,35858,City of Cape Town,City,UKWW,South Africa,Public,Q4.1.4,Report the total jurisdiction-wide annual electricity and heating and cooling consumption for each sector listed and for your government operations.,2,Commercial sector,43566314,,2023,"Excluding local government operations but including other spheres of government. Includes on-site consumption by registered SSEG systems. The drop relative to 2022 was caused both by an increase in customer installed small-scale embedded generation (SSEG) and a sharp increase in the scheduled rotational shedding of load imposed by the national system operator, totalling 6 335 hours (105% higher compared to 2022), due to a lack of available capacity. "
2025 Disclosure Cycle,779465,CDP,35858,City of Cape Town,City,UKWW,South Africa,Public,Q4.1.4,Report the total jurisdiction-wide annual electricity and heating and cooling consumption for each sector listed and for your government operations.,3,Industrial sector,1289251,,2023,"Includes on-site consumption by registered SSEG systems. The drop relative to 2022 was caused both by an increase in customer installed small-scale embedded generation (SSEG) and a sharp increase in the scheduled rotational shedding of load imposed by the national system operator, totaling 6 335 hours (105% higher compared to 2022), due to a lack of available capacity."
2025 Disclosure Cycle,779465,CDP,35858,City of Cape Town,City,UKWW,South Africa,Public,Q4.1.4,Report the total jurisdiction-wide annual electricity and heating and cooling consumption for each sector listed and for your government operations.,4,Agricultural sector,259472,,2023,Only includes agriculture in the Eskom supply area. Agriculture in the City of Cape Town supply area is included in Commercial consumption. The large difference between the 2022 (47 296 MWh) and 2023 figures is the availability of a new data source that provided better estimation of consumption in Eskom supply areas. 
2025 Disclosure Cycle,779465,CDP,35858,City of Cape Town,City,UKWW,South Africa,Public,Q4.1.4,Report the total jurisdiction-wide annual electricity and heating and cooling consumption for each sector listed and for your government operations.,5,Transport sector,0.0,,2023,"The passenger rail system in Cape Town is operated by a national utility, Metrorail. Annual passenger trips decreased from over 170 million in 2015 to less than 50 million in 2018. Reporting was thereafter unclear until the system collapsed completely during COVID. An extensive rail renewal program has however largely rehabilitated the system station by station and line by line. After the first stations reopened in late 2022, about 10 million passenger trips had been supplied in Cape Town in 2023 with rapid growth. A very rough estimate using historical data suggests an electricity consumption of around 15,000 MWh which is a tiny percentage of demand so, as this is unverified, rail electricity consumption was reported as 0 with the service likely to be significant again in the 2024 reporting year."
2025 Disclosure Cycle,779465,CDP,35858,City of Cape Town,City,UKWW,South Africa,Public,Q4.1.4,Report the total jurisdiction-wide annual electricity and heating and cooling consumption for each sector listed and for your government operations.,6,Government operations,357961,,2023,"Includes on-site consumption by registered SSEG systems. This only applies to local government operations, not all spheres of government within the jurisdiction. Local government facilities and streetlights on both networks are included. "
2025 Disclosure Cycle,779465,CDP,35863,eThekwini Municipality,City,UKWW,South Africa,Public,Q4.1.4,Report the total jurisdiction-wide annual electricity and heating and cooling consumption for each sector listed and for your government operations.,1,Household/residential sector (Buildings),,,,Not estimated
2025 Disclosure Cycle,779465,CDP,35863,eThekwini Municipality,City,UKWW,South Africa,Public,Q4.1.4,Report the total jurisdiction-wide annual electricity and heating and cooling consumption for each sector listed and for your government operations.,2,Commercial sector,,,,Not estimated
2025 Disclosure Cycle,779465,CDP,35863,eThekwini Municipality,City,UKWW,South Africa,Public,Q4.1.4,Report the total jurisdiction-wide annual electricity and heating and cooling consumption for each sector listed and for your government operations.,3,Industrial sector,,,,Not estimated
2025 Disclosure Cycle,779465,CDP,35863,eThekwini Municipality,City,UKWW,South Africa,Public,Q4.1.4,Report the total jurisdiction-wide annual electricity and heating and cooling consumption for each sector listed and for your government operations.,4,Agricultural sector,,,,Not estimated
2025 Disclosure Cycle,779465,CDP,35863,eThekwini Municipality,City,UKWW,South Africa,Public,Q4.1.4,Report the total jurisdiction-wide annual electricity and heating and cooling consumption for each sector listed and for your government operations.,5,Transport sector,,,,Not estimated
2025 Disclosure Cycle,779465,CDP,35863,eThekwini Municipality,City,UKWW,South Africa,Public,Q4.1.4,Report the total jurisdiction-wide annual electricity and heating and cooling consumption for each sector listed and for your government operations.,6,Government operations,,,,Not estimated
2025 Disclosure Cycle,779465,CDP,35865,Municipality of Fortaleza,City,Latin America,Brazil,Public,Q4.1.4,Report the total jurisdiction-wide annual electricity and heating and cooling consumption for each sector listed and for your government operations.,1,Household/residential sector (Buildings),5006000.0,0,2022,"Consumo de eletricidade (MWh) do setor doméstico/residencial no estado do Ceará no ano de 2022 foi de 5.006.000 (MWh). Fonte do dado ENEL CearáOBS: A fonte de pesquisa disponibiliza apenas dados referente ao consumo de eletricidade. Portanto, os dados referentes ao consumo em relação ao aquecimento e refrigeração não foram reportados. "
2025 Disclosure Cycle,779465,CDP,35865,Municipality of Fortaleza,City,Latin America,Brazil,Public,Q4.1.4,Report the total jurisdiction-wide annual electricity and heating and cooling consumption for each sector listed and for your government operations.,2,Commercial sector,1509000,0,2020,"Consumo de eletricidade (MWh) do setor comercial e de serviços públicos no estado do Ceará no ano de 2020 foi de 3.049.000 (MWh). Fonte do dado - https://www.epe.gov.br/sites-pt/publicacoes-dados-abertos/publicacoes/PublicacoesArquivos/publicacao-160/topico-168/Anu%C3%A1rio_2021.pdfOBS: A fonte de pesquisa disponibiliza apenas dados referente ao consumo de eletricidade. Portanto, os dados referentes ao consumo em relação ao aquecimento e refrigeração não foram reportados. "
2025 Disclosure Cycle,779465,CDP,35865,Municipality of Fortaleza,City,Latin America,Brazil,Public,Q4.1.4,Report the total jurisdiction-wide annual electricity and heating and cooling consumption for each sector listed and for your government operations.,3,Industrial sector,515000.0,0,2020,"Consumo de eletricidade (MWh) no setor industrial no estado do Ceará no ano de 2020 foi de 2.205.000 (MWh). Fonte do dado - https://www.epe.gov.br/sites-pt/publicacoes-dados-abertos/publicacoes/PublicacoesArquivos/publicacao-160/topico-168/Anu%C3%A1rio_2021.pdfOBS: A fonte de pesquisa disponibiliza apenas dados referente ao consumo de eletricidade. Portanto, os dados referentes ao consumo em relação ao aquecimento e refrigeração não foram reportados. "
2025 Disclosure Cycle,779465,CDP,35865,Municipality of Fortaleza,City,Latin America,Brazil,Public,Q4.1.4,Report the total jurisdiction-wide annual electricity and heating and cooling consumption for each sector listed and for your government operations.,4,Agricultural sector,1181000.0,0,2020,"Consumo de eletricidade (MWh) no setor agrícola (rural) no estado do Ceará no ano de 2020 foi de 1.263.000 (MWh). Fonte do dado - https://www.epe.gov.br/sites-pt/publicacoes-dados-abertos/publicacoes/PublicacoesArquivos/publicacao-160/topico-168/Anu%C3%A1rio_2021.pdfOBS: A fonte de pesquisa disponibiliza apenas dados referente ao consumo de eletricidade. Portanto, os dados referentes ao consumo em relação ao aquecimento e refrigeração não foram reportados. "
2025 Disclosure Cycle,779465,CDP,35865,Municipality of Fortaleza,City,Latin America,Brazil,Public,Q4.1.4,Report the total jurisdiction-wide annual electricity and heating and cooling consumption for each sector listed and for your government operations.,5,Transport sector,0.0,0,2020,Setor de transporte não incluído na análise dos dados do Anuário Estatístico de Energia Elétrica 2021 - ano base 2020.
2025 Disclosure Cycle,779465,CDP,35865,Municipality of Fortaleza,City,Latin America,Brazil,Public,Q4.1.4,Report the total jurisdiction-wide annual electricity and heating and cooling consumption for each sector listed and for your government operations.,6,Government operations,1580000.0,0,2020,"Consumo de eletricidade (MWh) no setor operações do governo (poder público) no estado do Ceará no ano de 2020 foi de 523.000 (MWh). Fonte do dado - https://www.epe.gov.br/sites-pt/publicacoes-dados-abertos/publicacoes/PublicacoesArquivos/publicacao-160/topico-168/Anu%C3%A1rio_2021.pdfOBS: A fonte de pesquisa disponibiliza apenas dados referente ao consumo de eletricidade. Portanto, os dados referentes ao consumo em relação ao aquecimento e refrigeração não foram reportados. "
2025 Disclosure Cycle,779465,CDP,35867,Region Metropolitana de Guadalajara,City,Latin America,Mexico,Public,Q4.1.4,Report the total jurisdiction-wide annual electricity and heating and cooling consumption for each sector listed and for your government operations.,1,Household/residential sector (Buildings),2070511.39,1,2022,"El consumo de energía corresponde al año 2022, a partir de los datos de actividad obtenidos para el Inventario de Gases de Efecto Invernadero (GPC), más reciente.\nNo se estima la columna referente a consumo de calefacción y refrigeración, razón por la cual se indica 1."
2025 Disclosure Cycle,779465,CDP,35867,Region Metropolitana de Guadalajara,City,Latin America,Mexico,Public,Q4.1.4,Report the total jurisdiction-wide annual electricity and heating and cooling consumption for each sector listed and for your government operations.,2,Commercial sector,1458462.03,1,2022,"El consumo de energía corresponde al año 2022, a partir de los datos de actividad obtenidos para el Inventario de Gases de Efecto Invernadero (GPC), más reciente.\nNo se estima la columna referente a consumo de calefacción y refrigeración, razón por la cual se indica 1."
2025 Disclosure Cycle,779465,CDP,35867,Region Metropolitana de Guadalajara,City,Latin America,Mexico,Public,Q4.1.4,Report the total jurisdiction-wide annual electricity and heating and cooling consumption for each sector listed and for your government operations.,3,Industrial sector,3711144.12,1,2022,"El consumo de energía corresponde al año 2022, a partir de los datos de actividad obtenidos para el Inventario de Gases de Efecto Invernadero (GPC), más reciente.\nNo se estima la columna referente a consumo de calefacción y refrigeración, razón por la cual se indica 1."
2025 Disclosure Cycle,779465,CDP,35867,Region Metropolitana de Guadalajara,City,Latin America,Mexico,Public,Q4.1.4,Report the total jurisdiction-wide annual electricity and heating and cooling consumption for each sector listed and for your government operations.,4,Agricultural sector,4260.51,1,2022,"El consumo de energía corresponde al año 2022, a partir de los datos de actividad obtenidos para el Inventario de Gases de Efecto Invernadero (GPC), más reciente.\nNo se estima la columna referente a consumo de calefacción y refrigeración, razón por la cual se indica 1."
2025 Disclosure Cycle,779465,CDP,35867,Region Metropolitana de Guadalajara,City,Latin America,Mexico,Public,Q4.1.4,Report the total jurisdiction-wide annual electricity and heating and cooling consumption for each sector listed and for your government operations.,5,Transport sector,44906.82,1,2022,"Se estima en el sector transporte del inventario de gases de efecto invernadero (GPC).\nNo se estima la columna referente a consumo de calefacción y refrigeración, razón por la cual se indica 1."
2025 Disclosure Cycle,779465,CDP,35867,Region Metropolitana de Guadalajara,City,Latin America,Mexico,Public,Q4.1.4,Report the total jurisdiction-wide annual electricity and heating and cooling consumption for each sector listed and for your government operations.,6,Government operations,111138.07,1,2022,"El consumo de energía de alumbrado corresponde al año 2022, a partir de los datos de actividad obtenidos para el Inventario de Gases de Efecto Invernadero (GPC), más reciente.\nNo se estima la columna referente a consumo de calefacción y refrigeración, razón por la cual se indica 1."
2025 Disclosure Cycle,779465,CDP,35873,Medellín,City,Latin America,Colombia,Public,Q4.1.4,Report the total jurisdiction-wide annual electricity and heating and cooling consumption for each sector listed and for your government operations.,1,Household/residential sector (Buildings),1566228.424,0,2024,Datos consultados en el Sistema Único de Información sobre Servicios Públicos Domiciliarios
2025 Disclosure Cycle,779465,CDP,35873,Medellín,City,Latin America,Colombia,Public,Q4.1.4,Report the total jurisdiction-wide annual electricity and heating and cooling consumption for each sector listed and for your government operations.,2,Commercial sector,1143701.998,0,2024,Datos consultados en el Sistema Único de Información sobre Servicios Públicos Domiciliarios
2025 Disclosure Cycle,779465,CDP,35873,Medellín,City,Latin America,Colombia,Public,Q4.1.4,Report the total jurisdiction-wide annual electricity and heating and cooling consumption for each sector listed and for your government operations.,3,Industrial sector,597260.283,0,2024,Datos consultados en el Sistema Único de Información sobre Servicios Públicos Domiciliarios
2025 Disclosure Cycle,779465,CDP,35873,Medellín,City,Latin America,Colombia,Public,Q4.1.4,Report the total jurisdiction-wide annual electricity and heating and cooling consumption for each sector listed and for your government operations.,4,Agricultural sector,0,0,2024,El Sistema Único de Información sobre Servicios Públicos Domiciliarios no presenta clasificación sobre consumo de sector agrícola
2025 Disclosure Cycle,779465,CDP,35873,Medellín,City,Latin America,Colombia,Public,Q4.1.4,Report the total jurisdiction-wide annual electricity and heating and cooling consumption for each sector listed and for your government operations.,5,Transport sector,103168.354,0,2024,Consumo del sistema de transporte masivo metropolitano operado por Metro de Medellín
2025 Disclosure Cycle,779465,CDP,35873,Medellín,City,Latin America,Colombia,Public,Q4.1.4,Report the total jurisdiction-wide annual electricity and heating and cooling consumption for each sector listed and for your government operations.,6,Government operations,217642.4,0,2024,Datos consultados en el Sistema Único de Información sobre Servicios Públicos Domiciliarios
2025 Disclosure Cycle,779465,CDP,35874,"City of Phoenix, AZ",City,North America,United States of America,Public,Q4.1.4,Report the total jurisdiction-wide annual electricity and heating and cooling consumption for each sector listed and for your government operations.,1,Household/residential sector (Buildings),8438084,4192782,2022,"Heating and cooling consumption for residential buildings was estimated by assuming natural gas use was for heating, which may be an overestimate, and that 28% of electricity used in the residential sector is for cooling in Arizona. The heating and cooling portion of the natural gas totals for this sector are not separated from hot water heating and cooking and therefore the heating and cooling portion of natural gas consumption are difficult to estimate but are being actively investigated. (U.S. Energy Information Administration (EIA). 2020. Residential Energy Consumption Survey (RECS) Dashboard. https://experience.arcgis.com/experience/cbf6875974554a74823232f84f563253. "
2025 Disclosure Cycle,779465,CDP,35874,"City of Phoenix, AZ",City,North America,United States of America,Public,Q4.1.4,Report the total jurisdiction-wide annual electricity and heating and cooling consumption for each sector listed and for your government operations.,2,Commercial sector,9826644,,2022,"Heating and cooling consumption for commercial buildings was not estimated, but much of this is captured by the electricity consumption in 4.1.4.1 but does not include heating or cooling that uses natural gas as a fuel. The heating and cooling portion of the natural gas totals for this sector are not separated from hot water heating and cooking. The heating and cooling portion of natural gas consumption cannot be independently estimated. "
2025 Disclosure Cycle,779465,CDP,35874,"City of Phoenix, AZ",City,North America,United States of America,Public,Q4.1.4,Report the total jurisdiction-wide annual electricity and heating and cooling consumption for each sector listed and for your government operations.,3,Industrial sector,,,,"Electricity consumption and heating and cooling consumption for industrial buildings were not estimated. The heating and cooling portion of the natural gas totals for this sector are not separated from hot water heating and cooking and therefore the heating and cooling portion of natural gas consumption cannot be independently estimated. Some of the data is grouped together with commercial and institutional buildings and difficult to disaggregate, as well. "
2025 Disclosure Cycle,779465,CDP,35874,"City of Phoenix, AZ",City,North America,United States of America,Public,Q4.1.4,Report the total jurisdiction-wide annual electricity and heating and cooling consumption for each sector listed and for your government operations.,4,Agricultural sector,,,,"Agriculture sector electricity, and heating and cooling, energy use was not estimated and some of the data is included as part of commercial and institutional subsector. "
2025 Disclosure Cycle,779465,CDP,35874,"City of Phoenix, AZ",City,North America,United States of America,Public,Q4.1.4,Report the total jurisdiction-wide annual electricity and heating and cooling consumption for each sector listed and for your government operations.,5,Transport sector,,,,Transport sector heating and cooling energy consumption not estimated.
2025 Disclosure Cycle,779465,CDP,35874,"City of Phoenix, AZ",City,North America,United States of America,Public,Q4.1.4,Report the total jurisdiction-wide annual electricity and heating and cooling consumption for each sector listed and for your government operations.,6,Government operations,618790,,,"Heating and cooling consumption was not estimated but is captured to a large extent in the electricity totals for buildings that use electricity for heating and/or cooling, but does not include heating and cooling from natural gas use. The heating and cooling portion of the natural gas totals for this sector are not separated from hot water heating and cooking and therefore the heating and cooling portion of natural gas consumption cannot be independently estimated. "
2025 Disclosure Cycle,779465,CDP,35894,"Ville de Montreal, QC",City,North America,Canada,Public,Q4.1.4,Report the total jurisdiction-wide annual electricity and heating and cooling consumption for each sector listed and for your government operations.,1,Household/residential sector (Buildings),13289724,7237783.0,2023,"For heating and cooling, values from 2018 were used as no estimation has been done"
2025 Disclosure Cycle,779465,CDP,35894,"Ville de Montreal, QC",City,North America,Canada,Public,Q4.1.4,Report the total jurisdiction-wide annual electricity and heating and cooling consumption for each sector listed and for your government operations.,2,Commercial sector,12850808,8884729.0,2023,"For heating and cooling, values from 2018 were used as no estimation has been done"
2025 Disclosure Cycle,779465,CDP,35894,"Ville de Montreal, QC",City,North America,Canada,Public,Q4.1.4,Report the total jurisdiction-wide annual electricity and heating and cooling consumption for each sector listed and for your government operations.,3,Industrial sector,3783846,0,2023,-
2025 Disclosure Cycle,779465,CDP,35894,"Ville de Montreal, QC",City,North America,Canada,Public,Q4.1.4,Report the total jurisdiction-wide annual electricity and heating and cooling consumption for each sector listed and for your government operations.,4,Agricultural sector,0,0,2024,-
2025 Disclosure Cycle,779465,CDP,35894,"Ville de Montreal, QC",City,North America,Canada,Public,Q4.1.4,Report the total jurisdiction-wide annual electricity and heating and cooling consumption for each sector listed and for your government operations.,5,Transport sector,0,0,2024,"No detail yet on this sector, its consumption is included in other sectors."
2025 Disclosure Cycle,779465,CDP,35894,"Ville de Montreal, QC",City,North America,Canada,Public,Q4.1.4,Report the total jurisdiction-wide annual electricity and heating and cooling consumption for each sector listed and for your government operations.,6,Government operations,752364,370833.0,2022,"For heating and cooling, values from 2015 were used as no estimation has been done"
2025 Disclosure Cycle,779465,CDP,35993,Singapore Government,City,South East Asia & Oceania,Singapore,Public,Q4.1.4,Report the total jurisdiction-wide annual electricity and heating and cooling consumption for each sector listed and for your government operations.,1,Household/residential sector (Buildings),8002900,,2023,2024 data will be available in Q4 2025. Taken from SES 2024 T3.2.
2025 Disclosure Cycle,779465,CDP,35993,Singapore Government,City,South East Asia & Oceania,Singapore,Public,Q4.1.4,Report the total jurisdiction-wide annual electricity and heating and cooling consumption for each sector listed and for your government operations.,2,Commercial sector,22092700,,2023,2024 data will be available in Q4 2025. Taken from SES 2024 T3.2.
2025 Disclosure Cycle,779465,CDP,35993,Singapore Government,City,South East Asia & Oceania,Singapore,Public,Q4.1.4,Report the total jurisdiction-wide annual electricity and heating and cooling consumption for each sector listed and for your government operations.,3,Industrial sector,22103000,,2023,2024 data will be available in Q4 2025. Taken from SES 2024 T3.2.
2025 Disclosure Cycle,779465,CDP,35993,Singapore Government,City,South East Asia & Oceania,Singapore,Public,Q4.1.4,Report the total jurisdiction-wide annual electricity and heating and cooling consumption for each sector listed and for your government operations.,4,Agricultural sector,,,,Aggregated under Industrial sector
2025 Disclosure Cycle,779465,CDP,35993,Singapore Government,City,South East Asia & Oceania,Singapore,Public,Q4.1.4,Report the total jurisdiction-wide annual electricity and heating and cooling consumption for each sector listed and for your government operations.,5,Transport sector,3030200,,2023,2024 data will be available in Q4 2025. Taken from SES 2024 T3.2.
2025 Disclosure Cycle,779465,CDP,36159,City of Lisbon,City,Europe,Portugal,Public,Q4.1.4,Report the total jurisdiction-wide annual electricity and heating and cooling consumption for each sector listed and for your government operations.,1,Household/residential sector (Buildings),725246,526069,2022,Oficial data from the National Energy General Directorate for Lisbon Municipality: https://www.dgeg.gov.pt/pt/estatistica/energia/eletricidade/consumo-por-municipio-e-setor-de-atividade/
2025 Disclosure Cycle,779465,CDP,36159,City of Lisbon,City,Europe,Portugal,Public,Q4.1.4,Report the total jurisdiction-wide annual electricity and heating and cooling consumption for each sector listed and for your government operations.,2,Commercial sector,1941256,462722,2022,\'
2025 Disclosure Cycle,779465,CDP,36159,City of Lisbon,City,Europe,Portugal,Public,Q4.1.4,Report the total jurisdiction-wide annual electricity and heating and cooling consumption for each sector listed and for your government operations.,3,Industrial sector,93809,201562,2022,\'
2025 Disclosure Cycle,779465,CDP,36159,City of Lisbon,City,Europe,Portugal,Public,Q4.1.4,Report the total jurisdiction-wide annual electricity and heating and cooling consumption for each sector listed and for your government operations.,4,Agricultural sector,6018,35267,2022,\'
2025 Disclosure Cycle,779465,CDP,36159,City of Lisbon,City,Europe,Portugal,Public,Q4.1.4,Report the total jurisdiction-wide annual electricity and heating and cooling consumption for each sector listed and for your government operations.,5,Transport sector,179335,0,2022, Only electricity consumption in transport
2025 Disclosure Cycle,779465,CDP,36159,City of Lisbon,City,Europe,Portugal,Public,Q4.1.4,Report the total jurisdiction-wide annual electricity and heating and cooling consumption for each sector listed and for your government operations.,6,Government operations,85958,0,2020,Heating and Cooling consumption not estimated.
2025 Disclosure Cycle,779465,CDP,43932,Auckland Council,City,South East Asia & Oceania,New Zealand,Public,Q4.1.4,Report the total jurisdiction-wide annual electricity and heating and cooling consumption for each sector listed and for your government operations.,1,Household/residential sector (Buildings),4194967,,2023,Heating and cooling consumption data is not available.
2025 Disclosure Cycle,779465,CDP,43932,Auckland Council,City,South East Asia & Oceania,New Zealand,Public,Q4.1.4,Report the total jurisdiction-wide annual electricity and heating and cooling consumption for each sector listed and for your government operations.,2,Commercial sector,936779.2,,2023,Heating and cooling consumption data is not available.
2025 Disclosure Cycle,779465,CDP,43932,Auckland Council,City,South East Asia & Oceania,New Zealand,Public,Q4.1.4,Report the total jurisdiction-wide annual electricity and heating and cooling consumption for each sector listed and for your government operations.,3,Industrial sector,3529901.2,,2023,Heating and cooling consumption data is not available.
2025 Disclosure Cycle,779465,CDP,43932,Auckland Council,City,South East Asia & Oceania,New Zealand,Public,Q4.1.4,Report the total jurisdiction-wide annual electricity and heating and cooling consumption for each sector listed and for your government operations.,4,Agricultural sector,914847.9,,2023,Heating and cooling consumption data is not available.
2025 Disclosure Cycle,779465,CDP,43932,Auckland Council,City,South East Asia & Oceania,New Zealand,Public,Q4.1.4,Report the total jurisdiction-wide annual electricity and heating and cooling consumption for each sector listed and for your government operations.,5,Transport sector,129492.1,,2023,Heating and cooling consumption data is not available.
2025 Disclosure Cycle,779465,CDP,43932,Auckland Council,City,South East Asia & Oceania,New Zealand,Public,Q4.1.4,Report the total jurisdiction-wide annual electricity and heating and cooling consumption for each sector listed and for your government operations.,6,Government operations,41777.9,,2023,Heating and cooling consumption data is not available.
2025 Disclosure Cycle,779465,CDP,43940,City of Malmö,City,Europe,Sweden,Public,Q4.1.4,Report the total jurisdiction-wide annual electricity and heating and cooling consumption for each sector listed and for your government operations.,1,Household/residential sector (Buildings),452054,1362347,2023,The heating only refers to district heating. District heating provides >90% of the heating in Malmö. Cooling data is missing.
2025 Disclosure Cycle,779465,CDP,43940,City of Malmö,City,Europe,Sweden,Public,Q4.1.4,Report the total jurisdiction-wide annual electricity and heating and cooling consumption for each sector listed and for your government operations.,2,Commercial sector,1056094,163138,2023,The heating only refers to district heating. District heating provides >90% of the heating in Malmö. Cooling data is missing.
2025 Disclosure Cycle,779465,CDP,43940,City of Malmö,City,Europe,Sweden,Public,Q4.1.4,Report the total jurisdiction-wide annual electricity and heating and cooling consumption for each sector listed and for your government operations.,3,Industrial sector,365062,126544,2023,The heating only refers to district heating. District heating provides >90% of the heating in Malmö. Cooling data is missing.
2025 Disclosure Cycle,779465,CDP,43940,City of Malmö,City,Europe,Sweden,Public,Q4.1.4,Report the total jurisdiction-wide annual electricity and heating and cooling consumption for each sector listed and for your government operations.,4,Agricultural sector,15218,0,2023,"Available data refers to agriculture, forestry and fishing"
2025 Disclosure Cycle,779465,CDP,43940,City of Malmö,City,Europe,Sweden,Public,Q4.1.4,Report the total jurisdiction-wide annual electricity and heating and cooling consumption for each sector listed and for your government operations.,5,Transport sector,32542,0,2023,N/A
2025 Disclosure Cycle,779465,CDP,43940,City of Malmö,City,Europe,Sweden,Public,Q4.1.4,Report the total jurisdiction-wide annual electricity and heating and cooling consumption for each sector listed and for your government operations.,6,Government operations,295546,267247,2023,Refers to public service sector The heating only refers to district heating. District heating provides >90% of the heating in Malmö. Cooling data is missing.
2025 Disclosure Cycle,779465,CDP,44180,Daegu Metropolitan City,City,South East Asia & Oceania,Korea (The Republic of),Public,Q4.1.4,Report the total jurisdiction-wide annual electricity and heating and cooling consumption for each sector listed and for your government operations.,1,Household/residential sector (Buildings),3643000,,2024,
2025 Disclosure Cycle,779465,CDP,44180,Daegu Metropolitan City,City,South East Asia & Oceania,Korea (The Republic of),Public,Q4.1.4,Report the total jurisdiction-wide annual electricity and heating and cooling consumption for each sector listed and for your government operations.,2,Commercial sector,6477000,,2024,
2025 Disclosure Cycle,779465,CDP,44180,Daegu Metropolitan City,City,South East Asia & Oceania,Korea (The Republic of),Public,Q4.1.4,Report the total jurisdiction-wide annual electricity and heating and cooling consumption for each sector listed and for your government operations.,3,Industrial sector,5946000,,2024,
2025 Disclosure Cycle,779465,CDP,44180,Daegu Metropolitan City,City,South East Asia & Oceania,Korea (The Republic of),Public,Q4.1.4,Report the total jurisdiction-wide annual electricity and heating and cooling consumption for each sector listed and for your government operations.,4,Agricultural sector,457899,,2024,
2025 Disclosure Cycle,779465,CDP,44180,Daegu Metropolitan City,City,South East Asia & Oceania,Korea (The Republic of),Public,Q4.1.4,Report the total jurisdiction-wide annual electricity and heating and cooling consumption for each sector listed and for your government operations.,5,Transport sector,223000,,2024,
2025 Disclosure Cycle,779465,CDP,44180,Daegu Metropolitan City,City,South East Asia & Oceania,Korea (The Republic of),Public,Q4.1.4,Report the total jurisdiction-wide annual electricity and heating and cooling consumption for each sector listed and for your government operations.,6,Government operations,,,,“Government operations\' are included in the \'commercial sector\'.
2025 Disclosure Cycle,779465,CDP,50154,City of Turku,City,Europe,Finland,Public,Q4.1.4,Report the total jurisdiction-wide annual electricity and heating and cooling consumption for each sector listed and for your government operations.,1,Household/residential sector (Buildings),629000,1070000,2023,Electricity used for heating is included in the electricity consumption.
2025 Disclosure Cycle,779465,CDP,50154,City of Turku,City,Europe,Finland,Public,Q4.1.4,Report the total jurisdiction-wide annual electricity and heating and cooling consumption for each sector listed and for your government operations.,2,Commercial sector,763000,618000,2023,Electricity used for heating is included in the electricity consumption.
2025 Disclosure Cycle,779465,CDP,50154,City of Turku,City,Europe,Finland,Public,Q4.1.4,Report the total jurisdiction-wide annual electricity and heating and cooling consumption for each sector listed and for your government operations.,3,Industrial sector,251000,119000,2023,
2025 Disclosure Cycle,779465,CDP,50154,City of Turku,City,Europe,Finland,Public,Q4.1.4,Report the total jurisdiction-wide annual electricity and heating and cooling consumption for each sector listed and for your government operations.,4,Agricultural sector,5000,21000,2023,Electricity used for heating is included in the electricity consumption.
2025 Disclosure Cycle,779465,CDP,50154,City of Turku,City,Europe,Finland,Public,Q4.1.4,Report the total jurisdiction-wide annual electricity and heating and cooling consumption for each sector listed and for your government operations.,5,Transport sector,12000,,2023,Only rail transport reported here. Road transport included in other sectors.
2025 Disclosure Cycle,779465,CDP,50154,City of Turku,City,Europe,Finland,Public,Q4.1.4,Report the total jurisdiction-wide annual electricity and heating and cooling consumption for each sector listed and for your government operations.,6,Government operations,,,2023,Included in other sectors. 
2025 Disclosure Cycle,779465,CDP,54290,Qingdao Municipal Government,City,China,China,Public,Q4.1.4,Report the total jurisdiction-wide annual electricity and heating and cooling consumption for each sector listed and for your government operations.,1,Household/residential sector (Buildings),10392890.2,0,2022,2023统计年鉴：城乡居民生活用电。未估计供暖和供冷消耗量
2025 Disclosure Cycle,779465,CDP,54290,Qingdao Municipal Government,City,China,China,Public,Q4.1.4,Report the total jurisdiction-wide annual electricity and heating and cooling consumption for each sector listed and for your government operations.,2,Commercial sector,3249123.2,0,2022,2023统计年鉴：商业、住宿和餐饮业。未估计供暖和供冷消耗量
2025 Disclosure Cycle,779465,CDP,54290,Qingdao Municipal Government,City,China,China,Public,Q4.1.4,Report the total jurisdiction-wide annual electricity and heating and cooling consumption for each sector listed and for your government operations.,3,Industrial sector,30208663.8,0,2022,2023统计年鉴：工业。未估计供暖和供冷消耗量
2025 Disclosure Cycle,779465,CDP,54290,Qingdao Municipal Government,City,China,China,Public,Q4.1.4,Report the total jurisdiction-wide annual electricity and heating and cooling consumption for each sector listed and for your government operations.,4,Agricultural sector,1107619.9,0,2022,2023统计年鉴：农、林、牧、渔业。未估计供暖和供冷消耗量
2025 Disclosure Cycle,779465,CDP,54290,Qingdao Municipal Government,City,China,China,Public,Q4.1.4,Report the total jurisdiction-wide annual electricity and heating and cooling consumption for each sector listed and for your government operations.,5,Transport sector,2795608.9,0,2022,2023统计年鉴：交通运输、仓储和邮政业。未估计供暖和供冷消耗量
2025 Disclosure Cycle,779465,CDP,54290,Qingdao Municipal Government,City,China,China,Public,Q4.1.4,Report the total jurisdiction-wide annual electricity and heating and cooling consumption for each sector listed and for your government operations.,6,Government operations,4217562.6,0,2022,2023统计年鉴：公共事业及管理组织。未估计供暖和供冷消耗量
2025 Disclosure Cycle,779465,CDP,54337,Greater Amman Municipality,City,UKWW,Jordan,Public,Q4.1.4,Report the total jurisdiction-wide annual electricity and heating and cooling consumption for each sector listed and for your government operations.,1,Household/residential sector (Buildings),3499678,0,2022,According to the electricity company reports including heating and cooling
2025 Disclosure Cycle,779465,CDP,54337,Greater Amman Municipality,City,UKWW,Jordan,Public,Q4.1.4,Report the total jurisdiction-wide annual electricity and heating and cooling consumption for each sector listed and for your government operations.,2,Commercial sector,1730610,0,2022,According to the electricity company reports including heating and cooling (including agricultural sector's buildings)
2025 Disclosure Cycle,779465,CDP,54337,Greater Amman Municipality,City,UKWW,Jordan,Public,Q4.1.4,Report the total jurisdiction-wide annual electricity and heating and cooling consumption for each sector listed and for your government operations.,3,Industrial sector,1884442,0,2022,According to the electricity company reports including heating and cooling(including street lights)
2025 Disclosure Cycle,779465,CDP,54337,Greater Amman Municipality,City,UKWW,Jordan,Public,Q4.1.4,Report the total jurisdiction-wide annual electricity and heating and cooling consumption for each sector listed and for your government operations.,4,Agricultural sector,1230656,0,2022,According to the electricity company reports including heating and cooling
2025 Disclosure Cycle,779465,CDP,54337,Greater Amman Municipality,City,UKWW,Jordan,Public,Q4.1.4,Report the total jurisdiction-wide annual electricity and heating and cooling consumption for each sector listed and for your government operations.,5,Transport sector,0,0,2022,According to the electricity company reports including heating and cooling
2025 Disclosure Cycle,779465,CDP,54337,Greater Amman Municipality,City,UKWW,Jordan,Public,Q4.1.4,Report the total jurisdiction-wide annual electricity and heating and cooling consumption for each sector listed and for your government operations.,6,Government operations,0,0,2022,Included in the commercial sector including heating and cooling
2025 Disclosure Cycle,779465,CDP,54402,City of Lahti,City,Europe,Finland,Public,Q4.1.4,Report the total jurisdiction-wide annual electricity and heating and cooling consumption for each sector listed and for your government operations.,1,Household/residential sector (Buildings),371000,1284900,2023,Including agriculture
2025 Disclosure Cycle,779465,CDP,54402,City of Lahti,City,Europe,Finland,Public,Q4.1.4,Report the total jurisdiction-wide annual electricity and heating and cooling consumption for each sector listed and for your government operations.,2,Commercial sector,360000,326100,2023,including construction sector. 
2025 Disclosure Cycle,779465,CDP,54402,City of Lahti,City,Europe,Finland,Public,Q4.1.4,Report the total jurisdiction-wide annual electricity and heating and cooling consumption for each sector listed and for your government operations.,3,Industrial sector,271000,156700,2023,
2025 Disclosure Cycle,779465,CDP,54402,City of Lahti,City,Europe,Finland,Public,Q4.1.4,Report the total jurisdiction-wide annual electricity and heating and cooling consumption for each sector listed and for your government operations.,4,Agricultural sector,,,,included in housing above
2025 Disclosure Cycle,779465,CDP,54402,City of Lahti,City,Europe,Finland,Public,Q4.1.4,Report the total jurisdiction-wide annual electricity and heating and cooling consumption for each sector listed and for your government operations.,5,Transport sector,,,,included in other sectors
2025 Disclosure Cycle,779465,CDP,54402,City of Lahti,City,Europe,Finland,Public,Q4.1.4,Report the total jurisdiction-wide annual electricity and heating and cooling consumption for each sector listed and for your government operations.,6,Government operations,79425,59801,2023,City owned buildings. 
2025 Disclosure Cycle,779465,CDP,54408,Aarhus Municipality,City,Europe,Denmark,Public,Q4.1.4,Report the total jurisdiction-wide annual electricity and heating and cooling consumption for each sector listed and for your government operations.,1,Household/residential sector (Buildings),349056,1667194,2023,Distribution loss is included in the consumption
2025 Disclosure Cycle,779465,CDP,54408,Aarhus Municipality,City,Europe,Denmark,Public,Q4.1.4,Report the total jurisdiction-wide annual electricity and heating and cooling consumption for each sector listed and for your government operations.,2,Commercial sector,535333,491361,2023,Distribution loss is included in the consumption
2025 Disclosure Cycle,779465,CDP,54408,Aarhus Municipality,City,Europe,Denmark,Public,Q4.1.4,Report the total jurisdiction-wide annual electricity and heating and cooling consumption for each sector listed and for your government operations.,3,Industrial sector,236639,321750,2022,Distribution loss is included in the consumption. 
2025 Disclosure Cycle,779465,CDP,54408,Aarhus Municipality,City,Europe,Denmark,Public,Q4.1.4,Report the total jurisdiction-wide annual electricity and heating and cooling consumption for each sector listed and for your government operations.,4,Agricultural sector,14278,54083,2023,Distribution loss is included in the consumption
2025 Disclosure Cycle,779465,CDP,54408,Aarhus Municipality,City,Europe,Denmark,Public,Q4.1.4,Report the total jurisdiction-wide annual electricity and heating and cooling consumption for each sector listed and for your government operations.,5,Transport sector,38333,0,2023,Distribution loss is included in the consumption
2025 Disclosure Cycle,779465,CDP,54408,Aarhus Municipality,City,Europe,Denmark,Public,Q4.1.4,Report the total jurisdiction-wide annual electricity and heating and cooling consumption for each sector listed and for your government operations.,6,Government operations,219249,292333,2023,Distribution loss is included in the consumption 
2025 Disclosure Cycle,779465,CDP,54510,Umeå Municipality,City,Europe,Sweden,Public,Q4.1.4,Report the total jurisdiction-wide annual electricity and heating and cooling consumption for each sector listed and for your government operations.,1,Household/residential sector (Buildings),395000,500000,2023,
2025 Disclosure Cycle,779465,CDP,54510,Umeå Municipality,City,Europe,Sweden,Public,Q4.1.4,Report the total jurisdiction-wide annual electricity and heating and cooling consumption for each sector listed and for your government operations.,2,Commercial sector,401150,156000,2022,
2025 Disclosure Cycle,779465,CDP,54510,Umeå Municipality,City,Europe,Sweden,Public,Q4.1.4,Report the total jurisdiction-wide annual electricity and heating and cooling consumption for each sector listed and for your government operations.,3,Industrial sector,575000,50515,2023,
2025 Disclosure Cycle,779465,CDP,54510,Umeå Municipality,City,Europe,Sweden,Public,Q4.1.4,Report the total jurisdiction-wide annual electricity and heating and cooling consumption for each sector listed and for your government operations.,4,Agricultural sector,8929,0,2023,
2025 Disclosure Cycle,779465,CDP,54510,Umeå Municipality,City,Europe,Sweden,Public,Q4.1.4,Report the total jurisdiction-wide annual electricity and heating and cooling consumption for each sector listed and for your government operations.,5,Transport sector,6805,0,2023,
2025 Disclosure Cycle,779465,CDP,54510,Umeå Municipality,City,Europe,Sweden,Public,Q4.1.4,Report the total jurisdiction-wide annual electricity and heating and cooling consumption for each sector listed and for your government operations.,6,Government operations,109063,160427,2023,
2025 Disclosure Cycle,779465,CDP,54650,Prefeitura de Palmas,City,Latin America,Brazil,Public,Q4.1.4,Report the total jurisdiction-wide annual electricity and heating and cooling consumption for each sector listed and for your government operations.,1,Household/residential sector (Buildings),412561,,2023,
2025 Disclosure Cycle,779465,CDP,54650,Prefeitura de Palmas,City,Latin America,Brazil,Public,Q4.1.4,Report the total jurisdiction-wide annual electricity and heating and cooling consumption for each sector listed and for your government operations.,2,Commercial sector,228641,,2023,
2025 Disclosure Cycle,779465,CDP,54650,Prefeitura de Palmas,City,Latin America,Brazil,Public,Q4.1.4,Report the total jurisdiction-wide annual electricity and heating and cooling consumption for each sector listed and for your government operations.,3,Industrial sector,13126,,2023,
2025 Disclosure Cycle,779465,CDP,54650,Prefeitura de Palmas,City,Latin America,Brazil,Public,Q4.1.4,Report the total jurisdiction-wide annual electricity and heating and cooling consumption for each sector listed and for your government operations.,4,Agricultural sector,6878,,2023,
2025 Disclosure Cycle,779465,CDP,54650,Prefeitura de Palmas,City,Latin America,Brazil,Public,Q4.1.4,Report the total jurisdiction-wide annual electricity and heating and cooling consumption for each sector listed and for your government operations.,5,Transport sector,,,2023,"Este indicador não foi estimado devido à alta complexidade na agregação de dados de todas as fontes de energia consumidas no município. O cálculo exigiria a soma do consumo final de eletricidade (cujos dados são detidos pela concessionária), de todos os combustíveis de transporte (gasolina, etanol, diesel) e de gás (GLP/GN). Atualmente, o município não possui acordos de compartilhamento de dados ou acesso a bases unificadas que permitam consolidar o volume de venda de combustíveis e gás no território municipal para realizar o cálculo per capita de forma precisa."
2025 Disclosure Cycle,779465,CDP,54650,Prefeitura de Palmas,City,Latin America,Brazil,Public,Q4.1.4,Report the total jurisdiction-wide annual electricity and heating and cooling consumption for each sector listed and for your government operations.,6,Government operations,65998,,2023,
2025 Disclosure Cycle,779465,CDP,60216,Växjö Municipality,City,Europe,Sweden,Public,Q4.1.4,Report the total jurisdiction-wide annual electricity and heating and cooling consumption for each sector listed and for your government operations.,1,Household/residential sector (Buildings),210402,673818,2024,data includes the distribution losses. Electricity used for heating is mentioned under electricity instead of heating.
2025 Disclosure Cycle,779465,CDP,60216,Växjö Municipality,City,Europe,Sweden,Public,Q4.1.4,Report the total jurisdiction-wide annual electricity and heating and cooling consumption for each sector listed and for your government operations.,2,Commercial sector,309967,244694,2024,Includes commercial and public sector. data includes the distribution losses. Electricity used for heating is mentioned under electricity instead of heating.
2025 Disclosure Cycle,779465,CDP,60216,Växjö Municipality,City,Europe,Sweden,Public,Q4.1.4,Report the total jurisdiction-wide annual electricity and heating and cooling consumption for each sector listed and for your government operations.,3,Industrial sector,84662,45433,2024,data includes the distribution losses. Electricity used for heating is mentioned under electricity instead of heating.
2025 Disclosure Cycle,779465,CDP,60216,Växjö Municipality,City,Europe,Sweden,Public,Q4.1.4,Report the total jurisdiction-wide annual electricity and heating and cooling consumption for each sector listed and for your government operations.,4,Agricultural sector,21165,651,2024,data includes the distribution losses. Electricity used for heating is mentioned under electricity instead of heating.
2025 Disclosure Cycle,779465,CDP,60216,Växjö Municipality,City,Europe,Sweden,Public,Q4.1.4,Report the total jurisdiction-wide annual electricity and heating and cooling consumption for each sector listed and for your government operations.,5,Transport sector,14634,0.0,2024,data includes distribution losses
2025 Disclosure Cycle,779465,CDP,60216,Växjö Municipality,City,Europe,Sweden,Public,Q4.1.4,Report the total jurisdiction-wide annual electricity and heating and cooling consumption for each sector listed and for your government operations.,6,Government operations,0,0,2024,data for governmental operations is included in commercial and public sector
2025 Disclosure Cycle,779465,CDP,73413,Commune de Cocody,City,UKWW,Côte d'Ivoire,Public,Q4.1.4,Report the total jurisdiction-wide annual electricity and heating and cooling consumption for each sector listed and for your government operations.,1,Household/residential sector (Buildings),3138996.683,24965.6394,2023,"Ces données datent de 2023 en Kilo tonne équivalent pétrole (Ktep) par Ménage\nConsommation finale d'énergie en Côte d'Ivoire: 7,3025 Ktep/Ménage\nConcernant la Commune de Cocody par Ménage:\nConsommation totale d'énergie: 0,1110 Ktep\nDe manière désagrégée\nBois et résidus : 0,0772 Ktep soit 69,6% de la conso totale\nCharbon de Bois: 0,0186 Ktep soit 16,8% de la conso totale\nElectricité: 0,0057 Ktep soit 5,1% de la conso totale \nGaz de pétrole liquéfié (GPL): 0,0093 Ktep soit 8,4% de la conso totale\nPétrole lampant: 0,0111 Ktep soit 0,1% de la conso totale.\n"
2025 Disclosure Cycle,779465,CDP,73413,Commune de Cocody,City,UKWW,Côte d'Ivoire,Public,Q4.1.4,Report the total jurisdiction-wide annual electricity and heating and cooling consumption for each sector listed and for your government operations.,2,Commercial sector,327103.0267,390132.3133,2023,"Ces données datent de 2023 en Kilo tonne équivalent pétrole (Ktep) par Ménage\nConsommation finale d'énergie en Côte d'Ivoire: 7,3025 Ktep/Ménage\nConcernant la Commune de Cocody par Ménage:\nConsommation totale d'énergie: 0,1110 Ktep\nDe manière désagrégée\nBois et résidus : 0,0772 Ktep soit 69,6% de la conso totale\nCharbon de Bois: 0,0186 Ktep soit 16,8% de la conso totale\nElectricité: 0,0057 Ktep soit 5,1% de la conso totale \nGaz de pétrole liquéfié (GPL): 0,0093 Ktep soit 8,4% de la conso totale\nPétrole lampant: 0,0111 Ktep soit 0,1% de la conso totale.\n"
2025 Disclosure Cycle,779465,CDP,73413,Commune de Cocody,City,UKWW,Côte d'Ivoire,Public,Q4.1.4,Report the total jurisdiction-wide annual electricity and heating and cooling consumption for each sector listed and for your government operations.,3,Industrial sector,17459475,147611.97,2023,"Ces données datent de 2023 en Kilo tonne équivalent pétrole (Ktep) par Ménage\nConsommation finale d'énergie en Côte d'Ivoire: 7,3025 Ktep/Ménage\nConcernant la Commune de Cocody par Ménage:\nConsommation totale d'énergie: 0,1110 Ktep\nDe manière désagrégée\nBois et résidus : 0,0772 Ktep soit 69,6% de la conso totale\nCharbon de Bois: 0,0186 Ktep soit 16,8% de la conso totale\nElectricité: 0,0057 Ktep soit 5,1% de la conso totale \nGaz de pétrole liquéfié (GPL): 0,0093 Ktep soit 8,4% de la conso totale\nPétrole lampant: 0,0111 Ktep soit 0,1% de la conso totale.\n"
2025 Disclosure Cycle,779465,CDP,73413,Commune de Cocody,City,UKWW,Côte d'Ivoire,Public,Q4.1.4,Report the total jurisdiction-wide annual electricity and heating and cooling consumption for each sector listed and for your government operations.,4,Agricultural sector,13721.7391,3911.97,2023,Il n'existe pas véritablement d'industries agricoles dans la commune de Cocody. Ce sont de petites entreprises familiales se trouvant dans les villages côtiers où quelques plantations existent encore.
2025 Disclosure Cycle,779465,CDP,73413,Commune de Cocody,City,UKWW,Côte d'Ivoire,Public,Q4.1.4,Report the total jurisdiction-wide annual electricity and heating and cooling consumption for each sector listed and for your government operations.,5,Transport sector,3601956.78,1139249.25,2023,Parc Automobile: 5115\nNombre de Taxis: 4414\nNombre de Voiture Personnelle: 662\nBus: 40\n
2025 Disclosure Cycle,779465,CDP,73413,Commune de Cocody,City,UKWW,Côte d'Ivoire,Public,Q4.1.4,Report the total jurisdiction-wide annual electricity and heating and cooling consumption for each sector listed and for your government operations.,6,Government operations,366406.3472,20514.702,2023,"Ces données datent de 2023 en Kilo tonne équivalent pétrole (Ktep) par Ménage\nConsommation finale d'énergie en Côte d'Ivoire: 7,3025 Ktep/Ménage\nConcernant la Commune de Cocody par Ménage:\nConsommation totale d'énergie: 0,1110 Ktep\nDe manière désagrégée\nBois et résidus : 0,0772 Ktep soit 69,6% de la conso totale\nCharbon de Bois: 0,0186 Ktep soit 16,8% de la conso totale\nElectricité: 0,0057 Ktep soit 5,1% de la conso totale \nGaz de pétrole liquéfié (GPL): 0,0093 Ktep soit 8,4% de la conso totale\nPétrole lampant: 0,0111 Ktep soit 0,1% de la conso totale.\n"
2025 Disclosure Cycle,779465,CDP,929994,Uskudar Municipality,City,UKWW,Türkiye,Public,Q4.1.4,Report the total jurisdiction-wide annual electricity and heating and cooling consumption for each sector listed and for your government operations.,1,Household/residential sector (Buildings),517482424.95,0,2024,"The total annual electricity and heating-cooling consumption for buildings, commercial, industrial, agricultural, transportation sectors, and government operations within the jurisdiction is as shown in the table. Data is sourced from AYEDAŞ."
2025 Disclosure Cycle,779465,CDP,929994,Uskudar Municipality,City,UKWW,Türkiye,Public,Q4.1.4,Report the total jurisdiction-wide annual electricity and heating and cooling consumption for each sector listed and for your government operations.,2,Commercial sector,612212830.23,0,2024,"The total annual electricity and heating-cooling consumption for buildings, commercial, industrial, agricultural, transportation sectors, and government operations within the jurisdiction is as shown in the table. Data is sourced from AYEDAŞ."
2025 Disclosure Cycle,779465,CDP,929994,Uskudar Municipality,City,UKWW,Türkiye,Public,Q4.1.4,Report the total jurisdiction-wide annual electricity and heating and cooling consumption for each sector listed and for your government operations.,3,Industrial sector,0,0,2024,"The total annual electricity and heating-cooling consumption for buildings, commercial, industrial, agricultural, transportation sectors, and government operations within the jurisdiction is as shown in the table. Data is sourced from AYEDAŞ."
2025 Disclosure Cycle,779465,CDP,929994,Uskudar Municipality,City,UKWW,Türkiye,Public,Q4.1.4,Report the total jurisdiction-wide annual electricity and heating and cooling consumption for each sector listed and for your government operations.,4,Agricultural sector,5364.9,0,2024,"The total annual electricity and heating-cooling consumption for buildings, commercial, industrial, agricultural, transportation sectors, and government operations within the jurisdiction is as shown in the table. Data is sourced from AYEDAŞ."
2025 Disclosure Cycle,779465,CDP,929994,Uskudar Municipality,City,UKWW,Türkiye,Public,Q4.1.4,Report the total jurisdiction-wide annual electricity and heating and cooling consumption for each sector listed and for your government operations.,5,Transport sector,0,0,2024,"The total annual electricity and heating-cooling consumption for buildings, commercial, industrial, agricultural, transportation sectors, and government operations within the jurisdiction is as shown in the table. Data is sourced from AYEDAŞ."
2025 Disclosure Cycle,779465,CDP,929994,Uskudar Municipality,City,UKWW,Türkiye,Public,Q4.1.4,Report the total jurisdiction-wide annual electricity and heating and cooling consumption for each sector listed and for your government operations.,6,Government operations,34085720.9,1,2024,"The total annual electricity and heating-cooling consumption for buildings, commercial, industrial, agricultural, transportation sectors, and government operations within the jurisdiction is as shown in the table. Data is sourced from AYEDAŞ."
2025 Disclosure Cycle,779465,CDP,826201,Ayuntamiento de Zapopan,City,Latin America,Mexico,Public,Q4.1.4,Report the total jurisdiction-wide annual electricity and heating and cooling consumption for each sector listed and for your government operations.,1,Household/residential sector (Buildings),676245.64,0.0,2022,No se cuenta con información desagregada por consumo de calefacción y refrigeración. 
2025 Disclosure Cycle,779465,CDP,826201,Ayuntamiento de Zapopan,City,Latin America,Mexico,Public,Q4.1.4,Report the total jurisdiction-wide annual electricity and heating and cooling consumption for each sector listed and for your government operations.,2,Commercial sector,234249.57,0.0,2022,No se cuenta con información desagregada por consumo de calefacción y refrigeración. 
2025 Disclosure Cycle,779465,CDP,826201,Ayuntamiento de Zapopan,City,Latin America,Mexico,Public,Q4.1.4,Report the total jurisdiction-wide annual electricity and heating and cooling consumption for each sector listed and for your government operations.,3,Industrial sector,1545022.54,0.0,2022, No se cuenta con información desagregada por consumo de calefacción y refrigeración. 
2025 Disclosure Cycle,779465,CDP,826201,Ayuntamiento de Zapopan,City,Latin America,Mexico,Public,Q4.1.4,Report the total jurisdiction-wide annual electricity and heating and cooling consumption for each sector listed and for your government operations.,4,Agricultural sector,3683.74,0.0,2022, No se cuenta con información desagregada por consumo de calefacción y refrigeración. 
2025 Disclosure Cycle,779465,CDP,826201,Ayuntamiento de Zapopan,City,Latin America,Mexico,Public,Q4.1.4,Report the total jurisdiction-wide annual electricity and heating and cooling consumption for each sector listed and for your government operations.,5,Transport sector,0,0.0,,No se cuenta con información desagregada 
2025 Disclosure Cycle,779465,CDP,826201,Ayuntamiento de Zapopan,City,Latin America,Mexico,Public,Q4.1.4,Report the total jurisdiction-wide annual electricity and heating and cooling consumption for each sector listed and for your government operations.,6,Government operations,0,0.0,2022,Se incluye en en sector de viviendas/residencial (edificios)
