disclosure_cycle,cdp_requesting_org_number,requesting_organization,cdp_disclosing_org_number,disclosing_organization,disclosing_org_type,cdp_region,discloser_country_or_area,public_status,question_number,question_text,row_order,row_name,col1_Air pollution metric,col2_Value,col3_Number of air quality monitoring stations measuring this pollutant in your jurisdiction,col4_Year data was collected,col5_Weblink to air pollution data from monitoring site(s),col6_Comment
2025 Disclosure Cycle,779465,CDP,1093,"City of Atlanta, GA",City,North America,United States of America,Public,Q4.9,Report the following air pollution data for the jurisdiction.,1,Row 1,Number of days exceeding air quality guidelines/standards (times/year),1.8,,2024,https://www.lung.org/media/press-releases/sota-atlanta-2024,"Metro Atlanta ranked 67th worst nationally for ozone pollution, with an average of 1.8 unhealthy days per year. Although, this did improve from the previous year. "
2025 Disclosure Cycle,779465,CDP,1184,"City of Austin, TX",City,North America,United States of America,Public,Q4.9,Report the following air pollution data for the jurisdiction.,1,Row 1,Particulate Matter PM2.5 concentration (annual average) level (ug/m3),10,4,2024,https://tceq.maps.arcgis.com/apps/webappviewer/index.html?id=ab6f85198bda483a997a6956a8486539,"The four (4) monitors identified above are used for federal compliance and maintained by the State Environmental Agency TCEQ. The TCEQ uses a variety of measures to ensure its air monitoring data is of the utmost quality. Air monitors are assessed daily to verify their operations remain within proper specifications. TCEQ personnel physically visit each monitoring station on a weekly basis to conduct various quality control checks and preventive maintenance activities. The monitoring instruments themselves must meet rigorous sampling and analytical requirements prescribed by federal air monitoring rules and undergo daily, weekly, and quarterly quality control checks to verify the instrument's calibration, accuracy, and precision. In addition, independently calibrated instruments are used to perform quarterly and annual audits of the air monitors and their operation. Finally, a validation assessment is performed on all data to verify the TCEQ's data quality objectives are met. The data are reviewed for outliers, regional comparability, quality assurance/quality control requirements, and other data quality assessment indicators. Data that do not meet these objectives completely are invalidated or denoted accordingly. The City also collaborates with local University of Texas researchers and the Capital Area Council of Governments (CAPCOG) for localized monitoring using Purple Air monitors, which provide live results at https://map.purpleair.com/"
2025 Disclosure Cycle,779465,CDP,1184,"City of Austin, TX",City,North America,United States of America,Public,Q4.9,Report the following air pollution data for the jurisdiction.,2,Row 2,Number of days exceeding air quality guidelines/standards (times/year),13,,2024,https://tceq.maps.arcgis.com/apps/webappviewer/index.html?id=ab6f85198bda483a997a6956a8486539 ,"In 2024, the region experienced moderate or worse air quality on 52% of days in 2024, with 13 of those days reaching “unhealthy for sensitive groups” levels. There were 21 days in 2024 where PM10 values reached “moderate” condition. Before 2024, PM10 sampling only occurred once every six days, but beginning in 2024, a continuous PM10 monitor was added to the Austin Audubon site which recorded daily PM10 values. The region recorded nine days when O3 levels were considered “unhealthy for sensitive groups” and five days when PM2.5 levels were considered “unhealthy for sensitive groups”. In additional there were 183 days when either O3 or PM2.5 levels were considered “moderate,” or worse, 45 days when it was “moderate” or worse for both O3 and PM2.5, and 9 days considered “moderate” or worse for both PM10 and PM2.5."
2025 Disclosure Cycle,779465,CDP,1499,City of Barcelona,City,Europe,Spain,Public,Q4.9,Report the following air pollution data for the jurisdiction.,1,Row 1,Other air pollution metric: CO,0.266,3,2023,https://mediambient.gencat.cat/ca/05_ambits_dactuacio/atmosfera/qualitat_de_laire/vols-saber-que-respires/descarrega-de-dades/,milligramm/m3 is the reported unit
2025 Disclosure Cycle,779465,CDP,1499,City of Barcelona,City,Europe,Spain,Public,Q4.9,Report the following air pollution data for the jurisdiction.,2,Row 2,Other air pollution metric: PM10 (microgramm/m3),21,9,2023,https://mediambient.gencat.cat/ca/05_ambits_dactuacio/atmosfera/qualitat_de_laire/vols-saber-que-respires/descarrega-de-dades/,-
2025 Disclosure Cycle,779465,CDP,1499,City of Barcelona,City,Europe,Spain,Public,Q4.9,Report the following air pollution data for the jurisdiction.,3,Row 3,Other air pollution metric: SO2 (microgramm/m3),1.75,4,2023,https://mediambient.gencat.cat/ca/05_ambits_dactuacio/atmosfera/qualitat_de_laire/vols-saber-que-respires/descarrega-de-dades/,-
2025 Disclosure Cycle,779465,CDP,1499,City of Barcelona,City,Europe,Spain,Public,Q4.9,Report the following air pollution data for the jurisdiction.,4,Row 4,NO2 concentration (annual average) level (ug/m3),24.7,7,2023,https://mediambient.gencat.cat/ca/05_ambits_dactuacio/atmosfera/qualitat_de_laire/vols-saber-que-respires/descarrega-de-dades/,Sites in Catalonia are monitored in this weblink. Annual average is published in statistics report of Barcelona Public Health Agency [2022 not yet published]: https://www.aspb.cat/documents/qualitat-aire/
2025 Disclosure Cycle,779465,CDP,1499,City of Barcelona,City,Europe,Spain,Public,Q4.9,Report the following air pollution data for the jurisdiction.,5,Row 5,Particulate Matter PM2.5 concentration (annual average) level (ug/m3),13.6,6,2023,https://mediambient.gencat.cat/ca/05_ambits_dactuacio/atmosfera/qualitat_de_laire/vols-saber-que-respires/descarrega-de-dades/,Sites in Catalonia are monitored in this weblink. Annual average is published in statistics report of Barcelona Public Health Agency [2022 not yet published]: https://www.aspb.cat/documents/qualitat-aire/
2025 Disclosure Cycle,779465,CDP,2621,Cambridgeshire County Council,City,UKWW,United Kingdom,Public,Q4.9,Report the following air pollution data for the jurisdiction.,1,Row 1,NO2 concentration (annual average) level (ug/m3),18.18,50,2023,https://www.cambridge.gov.uk/media/fvyd2o1o/air-quality-status-report-2024.pdf,"Data for Cambridge district. Data sourced from non-automatic diffusion tubes. Only sites with greater than 90% valid data in 2023 have been included. Note that there are different types of diffusion tube based on their location: kerbside, roadside, suburban, urban background."
2025 Disclosure Cycle,779465,CDP,2621,Cambridgeshire County Council,City,UKWW,United Kingdom,Public,Q4.9,Report the following air pollution data for the jurisdiction.,2,Row 2,NO2 concentration (annual average) level (ug/m3),11.43,25,2023,https://eastcambs.gov.uk/sites/default/files/2025-02/2024%20Air%20Quality%20Annual%20Status%20Report%20%28ASR%29.pdf,"Data for East Cambridgeshire district. Data sourced from non-automatic diffusion tubes. Only sites with greater than 90% valid data in 2023 have been included. Note that there are different types of diffusion tube based on their location: roadside, suburban, urban background."
2025 Disclosure Cycle,779465,CDP,2621,Cambridgeshire County Council,City,UKWW,United Kingdom,Public,Q4.9,Report the following air pollution data for the jurisdiction.,3,Row 3,NO2 concentration (annual average) level (ug/m3),16.65,32,2023,https://www.fenland.gov.uk/media/21463/Air-Quality-Annual-Status-Report-2024/pdf/Fenland_Air_Quality_Annual_Status_Report__2024.pdf,"Data for Fenland district. Data sourced from non-automatic diffusion tubes. Only sites with greater than 90% valid data in 2023 have been included. Note that there are different types of diffusion tube based on their location: kerbside, roadside, urban background."
2025 Disclosure Cycle,779465,CDP,2621,Cambridgeshire County Council,City,UKWW,United Kingdom,Public,Q4.9,Report the following air pollution data for the jurisdiction.,4,Row 4,NO2 concentration (annual average) level (ug/m3),13.28,53,2023,https://www.huntingdonshire.gov.uk/media/qtreahla/2024-air-quality-annual-status-report-asr-for-the-year-2023.pdf,"Data for Huntingdonshire district. Data sourced from non-automatic diffusion tubes. Only sites with greater than 90% valid data in 2023 have been included. Note that there are different types of diffusion tube based on their location: kerbside, roadside, rural, suburban, urban background."
2025 Disclosure Cycle,779465,CDP,2621,Cambridgeshire County Council,City,UKWW,United Kingdom,Public,Q4.9,Report the following air pollution data for the jurisdiction.,5,Row 5,NO2 concentration (annual average) level (ug/m3),11.66,21,2023,https://www.scambs.gov.uk/media/abva4dzc/asr_2024_website-version.pdf,"Data for South Cambridgeshire district. Data sourced from non-automatic diffusion tubes. Only sites with greater than 90% valid data in 2023 have been included. Note that there are different types of diffusion tube based on their location: roadside, urban background."
2025 Disclosure Cycle,779465,CDP,3203,City of Chicago,City,North America,United States of America,Public,Q4.9,Report the following air pollution data for the jurisdiction.,1,Row 1,Particulate Matter PM2.5 concentration (annual average) level (ug/m3),10.8,10,2024,https://www.aqi.in/assets/files/world-air-quality-report-2024-by-aqi.in.pdf\nhttps://www.epa.gov/outdoor-air-quality-data/interactive-map-air-quality-monitors,
2025 Disclosure Cycle,779465,CDP,3203,City of Chicago,City,North America,United States of America,Public,Q4.9,Report the following air pollution data for the jurisdiction.,2,Row 2,NO2 concentration (annual average) level (ug/m3),16,13,2024,https://www.chicago.gov/content/dam/city/depts/cdph/CDPH/admin/program-summaries/2025/CDPH_OnePager_AirQuality_FINAL_Q1-2025.pdf\n\nhttps://epa.illinois.gov/content/dam/soi/en/web/epa/topics/air-quality/outdoor-air/air-monitoring/documents/2023-network-plan-28final-29.pdf,
2025 Disclosure Cycle,779465,CDP,3417,"New York City, NY",City,North America,United States of America,Public,Q4.9,Report the following air pollution data for the jurisdiction.,1,Row 1,NO2 concentration (annual average) level (ug/m3),16,73,2023,https://www.epa.gov/outdoor-air-quality-data/interactive-map-air-quality-monitors\n\n\nhttps://a816-dohbesp.nyc.gov/IndicatorPublic/data-features/nyccas/\n,"NO2 concentration: annual average, number of air quality monitoring stations measuring the pollutant, and a link to a monitoring site"
2025 Disclosure Cycle,779465,CDP,3417,"New York City, NY",City,North America,United States of America,Public,Q4.9,Report the following air pollution data for the jurisdiction.,2,Row 2,Particulate Matter PM2.5 concentration (annual average) level (ug/m3),10.8,11,2023,https://a816-dohbesp.nyc.gov/IndicatorPublic/data-features/realtime-air-quality/,"PM2.5 concentration: annual average, number of air quality monitoring stations measuring the pollutant, and a link to a monitoring site"
2025 Disclosure Cycle,779465,CDP,3417,"New York City, NY",City,North America,United States of America,Public,Q4.9,Report the following air pollution data for the jurisdiction.,3,Row 3,Number of days exceeding air quality guidelines/standards (times/year),16,,2023,http://www.nyaqinow.net/,"Number of days exceeding air quality standards/guidelines, the number of air quality monitoring stations measuring this (13), and a link to a website"
2025 Disclosure Cycle,779465,CDP,3422,Greater London Authority,City,UKWW,United Kingdom,Public,Q4.9,Report the following air pollution data for the jurisdiction.,1,Row 1,NO2 concentration (annual average) level (ug/m3),24,150,2024,https://data.london.gov.uk/download/56131906-4da7-4102-bf05-31605525265d/039d68e4-023a-4f0b-9bed-0152128f905e/State%20of%20London_June%202025-amended.pdf,Value for roadside measurements.
2025 Disclosure Cycle,779465,CDP,3422,Greater London Authority,City,UKWW,United Kingdom,Public,Q4.9,Report the following air pollution data for the jurisdiction.,3,Row 3,Particulate Matter PM2.5 concentration (annual average) level (ug/m3),9,80,2024,https://data.london.gov.uk/download/56131906-4da7-4102-bf05-31605525265d/039d68e4-023a-4f0b-9bed-0152128f905e/State%20of%20London_June%202025-amended.pdf,Value for roadside measurements.
2025 Disclosure Cycle,779465,CDP,3422,Greater London Authority,City,UKWW,United Kingdom,Public,Q4.9,Report the following air pollution data for the jurisdiction.,4,Row 4,NO2 concentration (annual average) level (ug/m3),18,150,2024,https://data.london.gov.uk/download/56131906-4da7-4102-bf05-31605525265d/039d68e4-023a-4f0b-9bed-0152128f905e/State%20of%20London_June%202025-amended.pdf,Value for background sites.
2025 Disclosure Cycle,779465,CDP,3422,Greater London Authority,City,UKWW,United Kingdom,Public,Q4.9,Report the following air pollution data for the jurisdiction.,5,Row 5,Particulate Matter PM2.5 concentration (annual average) level (ug/m3),8,80,2024,https://data.london.gov.uk/download/56131906-4da7-4102-bf05-31605525265d/039d68e4-023a-4f0b-9bed-0152128f905e/State%20of%20London_June%202025-amended.pdf,Value for background sites.
2025 Disclosure Cycle,779465,CDP,3429,City of Stockholm,City,Europe,Sweden,Public,Q4.9,Report the following air pollution data for the jurisdiction.,1,Row 1,Number of days exceeding air quality guidelines/standards (times/year),9,,2024,https://www.slb.nu/slbanalys/historiska-data-luft/,Number of days exceeding daily the limit value 50 µg/m3 for PM10. (Max 35 days)
2025 Disclosure Cycle,779465,CDP,3429,City of Stockholm,City,Europe,Sweden,Public,Q4.9,Report the following air pollution data for the jurisdiction.,2,Row 2,Particulate Matter PM2.5 concentration (annual average) level (ug/m3),5.5,3,2024,https://www.slb.nu/slbanalys/historiska-data-luft/,Average annual concentration of PM2.5 from 2 urban street canyon stations.
2025 Disclosure Cycle,779465,CDP,3429,City of Stockholm,City,Europe,Sweden,Public,Q4.9,Report the following air pollution data for the jurisdiction.,3,Row 3,Other air pollution metric: Particulate Matter PM10 concentration,16.1,3,2024,https://www.slb.nu/slbanalys/historiska-data-luft/,Average annual concentration of PM10 from 3 traffic monitoring stations in Stockholm city
2025 Disclosure Cycle,779465,CDP,3429,City of Stockholm,City,Europe,Sweden,Public,Q4.9,Report the following air pollution data for the jurisdiction.,4,Row 4,Number of days exceeding air quality guidelines/standards (times/year),0,,2024,https://www.slb.nu/slbanalys/historiska-data-luft/,0 days over 25 µg/m3 for PM2.5. (Max 35 days)\n
2025 Disclosure Cycle,779465,CDP,3429,City of Stockholm,City,Europe,Sweden,Public,Q4.9,Report the following air pollution data for the jurisdiction.,5,Row 5,NO2 concentration (annual average) level (ug/m3),16.3,4,2024,https://www.slb.nu/slbanalys/historiska-data-luft/,Average annual concentration of NO2 from 3 traffic monitoring stations in Stockholm city. Not including urban background or stations with less than 75% yearly coverage.
2025 Disclosure Cycle,779465,CDP,5871,Essex County Council,City,UKWW,United Kingdom,Public,Q4.9,Report the following air pollution data for the jurisdiction.,2,Row 2,Other air pollution metric: Number of air quality exceedances,1,250,2024,https://essexair.org.uk/\n,"\nThe number of air quality exceedances was 23 in 2019; 3 in 2020; and 5 in 2021, 3 in 2022 and 3 in 2023, 1 in 2024. There are approximately 250 air quality monitoring stations measuring the pollutant NO2 in Essex."
2025 Disclosure Cycle,779465,CDP,10495,"City of Las Vegas, NV",City,North America,United States of America,Public,Q4.9,Report the following air pollution data for the jurisdiction.,1,Row 1,,,,,,N/A
2025 Disclosure Cycle,779465,CDP,10495,"City of Las Vegas, NV",City,North America,United States of America,Public,Q4.9,Report the following air pollution data for the jurisdiction.,2,Row 2,NO2 concentration (annual average) level (ug/m3),25.81,24,2024,,https://desaqmonitoring.clarkcountynv.gov/AgilaireWeb/
2025 Disclosure Cycle,779465,CDP,10495,"City of Las Vegas, NV",City,North America,United States of America,Public,Q4.9,Report the following air pollution data for the jurisdiction.,3,Row 3,Particulate Matter PM2.5 concentration (annual average) level (ug/m3),6.04,38.0,2024,,For number of air quality sensors. Counted sensors in both links:https://desaqmonitoring.clarkcountynv.gov/AgilaireWeb/https://map.purpleair.com/1/mAQI/a10/p604800/cC0#10.83/36.1231/-115.1202
2025 Disclosure Cycle,779465,CDP,10495,"City of Las Vegas, NV",City,North America,United States of America,Public,Q4.9,Report the following air pollution data for the jurisdiction.,4,Row 4,Number of days exceeding air quality guidelines/standards (times/year),1,,2024,https://www.epa.gov/outdoor-air-quality-data/air-quality-index-report,https://www.epa.gov/outdoor-air-quality-data/air-quality-index-report\n\n\nLooked at #Days Unhealthy. Located in the red colored cell.
2025 Disclosure Cycle,779465,CDP,10894,"City of Los Angeles, CA",City,North America,United States of America,Public,Q4.9,Report the following air pollution data for the jurisdiction.,1,Row 1,NO2 concentration (annual average) level (ug/m3),16.2,,2023,https://www.aqmd.gov/docs/default-source/air-quality/historical-data-by-year/2023-air-quality-data-tables.pdf?sfvrsn=6,data from Central LA monitoring Station
2025 Disclosure Cycle,779465,CDP,10894,"City of Los Angeles, CA",City,North America,United States of America,Public,Q4.9,Report the following air pollution data for the jurisdiction.,2,Row 2,Particulate Matter PM2.5 concentration (annual average) level (ug/m3),10.25,,2023,https://www.aqmd.gov/docs/default-source/air-quality/historical-data-by-year/2023-air-quality-data-tables.pdf?sfvrsn=6,https://sdgdata.lamayor.org/11-6-2/ has data for 2020 at 12.31 ppb. Reported data from 2023 South Coast AQMD Central LA station.\n
2025 Disclosure Cycle,779465,CDP,13067,"City of New Orleans, LA",City,North America,United States of America,Public,Q4.9,Report the following air pollution data for the jurisdiction.,2,Row 2,Particulate Matter PM2.5 concentration (annual average) level (ug/m3),7.047,3,2024,https://internet.deq.louisiana.gov/portal/DIVISIONS/AIR-MONITORING/AIR-MONITORING-DATA-WITH-INTERVAL-5-OR-10-MINUTES#,"This data is 2024 data from the New Orleans City Park site monitored by the LDEQ, who states this data is collected by automated monitors and has not been subjected to a quality assurance review. There are two other sites in New Orleans that LDEQ monitors, that data can be provided also. "
2025 Disclosure Cycle,779465,CDP,13506,Nottingham City Council,City,UKWW,United Kingdom,Public,Q4.9,Report the following air pollution data for the jurisdiction.,1,Row 1,Particulate Matter PM2.5 concentration (annual average) level (ug/m3),8,1,2024,https://www.nottinghamaqm.net/,AURN Kenmore Gardens
2025 Disclosure Cycle,779465,CDP,13506,Nottingham City Council,City,UKWW,United Kingdom,Public,Q4.9,Report the following air pollution data for the jurisdiction.,2,Row 2,NO2 concentration (annual average) level (ug/m3),20.9,5,2024,https://www.nottinghamaqm.net/\n,"The NO2 concentration provided is an average of the values measured at 5 sites across the city, with values (ug/m3):\nSite 1: 14 AURN Kenmore Gardens\nSite 2: 20.6 AURN Western Blvd\nSite 3: 22.5 Carter Gate\nSite 4: 21.8 Lace Street\nSite 5: 25.6 St Andrews Road\n"
2025 Disclosure Cycle,779465,CDP,13506,Nottingham City Council,City,UKWW,United Kingdom,Public,Q4.9,Report the following air pollution data for the jurisdiction.,3,Row 3,Number of days exceeding air quality guidelines/standards (times/year),0,,2024,https://www.nottinghamaqm.net/,
2025 Disclosure Cycle,779465,CDP,13506,Nottingham City Council,City,UKWW,United Kingdom,Public,Q4.9,Report the following air pollution data for the jurisdiction.,4,Row 4,Other air pollution metric: PM10 annual mean (ug/m3),15.35,2,2024,https://www.nottinghamaqm.net/\n,Annual mean across two sites (ug/m3):\nSite 1: 14 AURN Kenmore Gardens\nSite 2: 16.7 AURN Western Blvd\n
2025 Disclosure Cycle,779465,CDP,14088,Oslo Municipality,City,Europe,Norway,Public,Q4.9,Report the following air pollution data for the jurisdiction.,1,Row 1,Particulate Matter PM2.5 concentration (annual average) level (ug/m3),12,15,2024,"https://luftkvalitet.miljodirektoratet.no/maalestasjoner/Oslo , https://luftkvalitet.nilu.no/en/historical",Added just to in row one to be able to mark as reviewed.
2025 Disclosure Cycle,779465,CDP,14088,Oslo Municipality,City,Europe,Norway,Public,Q4.9,Report the following air pollution data for the jurisdiction.,2,Row 2,NO2 concentration (annual average) level (ug/m3),33,13,2024,https://luftkvalitet.miljodirektoratet.no/maalestasjoner/Oslohttps://luftkvalitet.nilu.no/en/historical,all the data given are from the most polluted station among the monitoring stationsMost recent year 2024 (Ring 3 Økern)
2025 Disclosure Cycle,779465,CDP,14088,Oslo Municipality,City,Europe,Norway,Public,Q4.9,Report the following air pollution data for the jurisdiction.,3,Row 3,Number of days exceeding air quality guidelines/standards (times/year),95,,2024,https://luftkvalitet.miljodirektoratet.no/maalestasjoner/Oslo https://luftkvalitet.nilu.no/en/historical,"Days PM10 exceed 50 µg/m3 the data given are from the most polluted station among the monitoring stations in Oslo in 2024. This is Ring 3 Økern, a new station placed in an area influenced by main roads with tunnel portals. "
2025 Disclosure Cycle,779465,CDP,14088,Oslo Municipality,City,Europe,Norway,Public,Q4.9,Report the following air pollution data for the jurisdiction.,4,Row 4,Particulate Matter PM2.5 concentration (annual average) level (ug/m3),12,15,2024,"https://luftkvalitet.miljodirektoratet.no/maalestasjoner/Oslo , https://luftkvalitet.nilu.no/en/historical",all the data given are from the most polluted station among the monitoring stations (Ring 3 Økern). Most recent year 2024
2025 Disclosure Cycle,779465,CDP,14088,Oslo Municipality,City,Europe,Norway,Public,Q4.9,Report the following air pollution data for the jurisdiction.,5,Row 5,"Other air pollution metric: PM10, SO2, O3, CO",,,2024,https://luftkvalitet.nilu.no/en/historical,"Particulate Matter (PM10) and some other gases than NO2 are measured. Data available at the weblink by choosing time series starting with \'Oslo,\' Most recent whole year 2024."
2025 Disclosure Cycle,779465,CDP,14874,"City of Portland, OR",City,North America,United States of America,Public,Q4.9,Report the following air pollution data for the jurisdiction.,1,Row 1,Particulate Matter PM2.5 concentration (annual average) level (ug/m3),6.4,7,2023,https://aqi.oregon.gov/,Values calculated from a multi-station data query via the Air Quality Monitoring web application. 
2025 Disclosure Cycle,779465,CDP,14874,"City of Portland, OR",City,North America,United States of America,Public,Q4.9,Report the following air pollution data for the jurisdiction.,2,Row 2,Number of days exceeding air quality guidelines/standards (times/year),3,,2023,https://aqi.oregon.gov/,Values calculated from a multi-station data query via the Air Quality Monitoring web application. 
2025 Disclosure Cycle,779465,CDP,14874,"City of Portland, OR",City,North America,United States of America,Public,Q4.9,Report the following air pollution data for the jurisdiction.,3,Row 3,Other air pollution metric: Nitrogen dioxide concentration (ppb),6,1.0,2023,https://aqi.oregon.gov/,Values calculated from a multi-station data query via the Air Quality Monitoring web application. 
2025 Disclosure Cycle,779465,CDP,16581,"City of Seattle, WA",City,North America,United States of America,Public,Q4.9,Report the following air pollution data for the jurisdiction.,1,Row 1,NO2 concentration (annual average) level (ug/m3),21.6,2,2024,https://secure.pscleanair.org/airgraphing https://enviwa.ecology.wa.gov/report/SingleStationReport," Dept of Ecology (10th & Weller, Beacon Hill - since 2021)"
2025 Disclosure Cycle,779465,CDP,16581,"City of Seattle, WA",City,North America,United States of America,Public,Q4.9,Report the following air pollution data for the jurisdiction.,2,Row 2,Other air pollution metric: SO2 Annual Average in µg/m3,0.26,1.0,2024,https://secure.pscleanair.org/airgraphing https://enviwa.ecology.wa.gov/report/SingleStationReport, Dept of Ecology (Beacon Hill)
2025 Disclosure Cycle,779465,CDP,16581,"City of Seattle, WA",City,North America,United States of America,Public,Q4.9,Report the following air pollution data for the jurisdiction.,3,Row 3,Other air pollution metric: PM2.5 Annual Mean in µg/m3,6.1,4.0,2024,https://secure.pscleanair.org/airgraphing https://enviwa.ecology.wa.gov/Report/Hr24PM25SummaryNew,"2 stations - Puget Sound Clean Air Agency (Duwamish, South Park), 2 stations - Department of Ecology (10th & Weller, Beacon Hill)"
2025 Disclosure Cycle,779465,CDP,16581,"City of Seattle, WA",City,North America,United States of America,Public,Q4.9,Report the following air pollution data for the jurisdiction.,4,Row 4,Other air pollution metric: O3 Daily 8-hour Max Average in µg/m3,58.8,1.0,2024,https://secure.pscleanair.org/airgraphing https://enviwa.ecology.wa.gov/report/SingleStationReport,Dept of Ecology (Beacon Hill)
2025 Disclosure Cycle,779465,CDP,16581,"City of Seattle, WA",City,North America,United States of America,Public,Q4.9,Report the following air pollution data for the jurisdiction.,5,Row 5,Particulate Matter PM2.5 concentration (annual average) level (ug/m3),22,4.0,2024,https://secure.pscleanair.org/airgraphing https://enviwa.ecology.wa.gov/Report/Hr24PM25SummaryNew,"2 stations - Puget Sound Clean Air Agency (Duwamish, South Park), 2 stations - Department of Ecology (10th & Weller, Beacon Hill)"
2025 Disclosure Cycle,779465,CDP,20113,"City of Vancouver, BC",City,North America,Canada,Public,Q4.9,Report the following air pollution data for the jurisdiction.,1,Row 1,Particulate Matter PM2.5 concentration (annual average) level (ug/m3),4.63,2,2024,https://www2.gov.bc.ca/gov/content/environment/air-land-water/air/air-quality/current-air-quality-data/bc-air-data-archive,Province of British Columbia Air Data Archive that provides an average of 4.63 µg/m3 for 2024. https://www2.gov.bc.ca/gov/content/environment/air-land-water/air/air-quality/current-air-quality-data/bc-air-data-archive
2025 Disclosure Cycle,779465,CDP,20113,"City of Vancouver, BC",City,North America,Canada,Public,Q4.9,Report the following air pollution data for the jurisdiction.,2,Row 2,Other air pollution metric: AQHI,2,4,2024,https://vancouver.weatherstats.ca/charts/health_index-yearly.html,Mean AQHI reading for 4 stations in Metro Vancouver area: Metro Vancouver - SW (Richmond) Metro Vancouver - NW Metro Vancouver - SE (Surrey) Metro Vancouver - NE (Pitt Meadows). Data provided by Environment and Climate Change Canada
2025 Disclosure Cycle,779465,CDP,31009,Copenhagen Municipality,City,Europe,Denmark,Public,Q4.9,Report the following air pollution data for the jurisdiction.,1,Row 1,Other air pollution metric: PM10 annual average,20,6,2023,https://dce.au.dk/fileadmin/dce.au.dk/Udgivelser/Tekniske_rapporter_300-349/TR320.pdf,Street level at H.C. Andersens Boulevard
2025 Disclosure Cycle,779465,CDP,31009,Copenhagen Municipality,City,Europe,Denmark,Public,Q4.9,Report the following air pollution data for the jurisdiction.,2,Row 2,NO2 concentration (annual average) level (ug/m3),22,6,2023,https://dce.au.dk/fileadmin/dce.au.dk/Udgivelser/Tekniske_rapporter_300-349/TR320.pdf,Street level at H.C. Andersens Boulevard
2025 Disclosure Cycle,779465,CDP,31009,Copenhagen Municipality,City,Europe,Denmark,Public,Q4.9,Report the following air pollution data for the jurisdiction.,3,Row 3,Particulate Matter PM2.5 concentration (annual average) level (ug/m3),8.7,6,2023,https://dce.au.dk/fileadmin/dce.au.dk/Udgivelser/Tekniske_rapporter_300-349/TR320.pdf,Street level at H.C. Andersens Boulevard
2025 Disclosure Cycle,779465,CDP,31009,Copenhagen Municipality,City,Europe,Denmark,Public,Q4.9,Report the following air pollution data for the jurisdiction.,4,Row 4,Other air pollution metric: O3 annual average,52,2,2023,https://dce.au.dk/fileadmin/dce.au.dk/Udgivelser/Tekniske_rapporter_300-349/TR320.pdf,Street level at H.C. Andersens Boulevard
2025 Disclosure Cycle,779465,CDP,31009,Copenhagen Municipality,City,Europe,Denmark,Public,Q4.9,Report the following air pollution data for the jurisdiction.,5,Row 5,Other air pollution metric: CO annual average,241,2,2023,https://dce.au.dk/fileadmin/dce.au.dk/Udgivelser/Tekniske_rapporter_300-349/TR320.pdf,Street level at H.C. Andersens Boulevard
2025 Disclosure Cycle,779465,CDP,31009,Copenhagen Municipality,City,Europe,Denmark,Public,Q4.9,Report the following air pollution data for the jurisdiction.,6,Row 6,Other air pollution metric: SO2 annual average,0.2,1,2023,https://dce.au.dk/fileadmin/dce.au.dk/Udgivelser/Tekniske_rapporter_300-349/TR320.pdf,Street level at H.C. Andersens Boulevard
2025 Disclosure Cycle,779465,CDP,31055,Glasgow City Council,City,UKWW,United Kingdom,Public,Q4.9,Report the following air pollution data for the jurisdiction.,1,Row 1,Particulate Matter PM2.5 concentration (annual average) level (ug/m3),,10,2024,https://www.scottishairquality.scot/,Air pollution data does not fit reporting questions. Information on air quality in Glasgow can be found at - https://www.glasgow.gov.uk/localairqualitymanagement
2025 Disclosure Cycle,779465,CDP,31055,Glasgow City Council,City,UKWW,United Kingdom,Public,Q4.9,Report the following air pollution data for the jurisdiction.,2,Row 2,NO2 concentration (annual average) level (ug/m3),,10,2024,https://www.scottishairquality.scot/,Air pollution data does not fit reporting questions. Information on air quality in Glasgow can be found at - https://www.glasgow.gov.uk/localairqualitymanagement
2025 Disclosure Cycle,779465,CDP,31055,Glasgow City Council,City,UKWW,United Kingdom,Public,Q4.9,Report the following air pollution data for the jurisdiction.,3,Row 3,Number of days exceeding air quality guidelines/standards (times/year),0,,2024,https://www.scottishairquality.scot/,Air pollution data does not fit reporting questions. Information on air quality in Glasgow can be found at - https://www.glasgow.gov.uk/localairqualitymanagement
2025 Disclosure Cycle,779465,CDP,31090,"District of Columbia, DC",City,North America,United States of America,Public,Q4.9,Report the following air pollution data for the jurisdiction.,2,Row 2,Number of days exceeding air quality guidelines/standards (times/year),4,,2024,DOEE Air Quality Trends report\nhttps://storymaps.arcgis.com/stories/79a80bb4a7074b6989f94a4a5b154675,Exceeded ozone NAAQs for ozone 4 times in 2024
2025 Disclosure Cycle,779465,CDP,31090,"District of Columbia, DC",City,North America,United States of America,Public,Q4.9,Report the following air pollution data for the jurisdiction.,4,Row 4,Particulate Matter PM2.5 concentration (annual average) level (ug/m3),7.8,4.0,2024,DOEE Air Quality Trends report\nhttps://storymaps.arcgis.com/stories/79a80bb4a7074b6989f94a4a5b154675\n,"The District has seen improvements in air quality, with both annual and 24-hour PM 2.5 levels decreasing. In 2023, the annual PM 2.5 standard was updated to a more stringent limit of 9 µg/m 3. The District continues to meet the annual and 24-hour standard. "
2025 Disclosure Cycle,779465,CDP,31090,"District of Columbia, DC",City,North America,United States of America,Public,Q4.9,Report the following air pollution data for the jurisdiction.,5,Row 5,NO2 concentration (annual average) level (ug/m3),11.8,3,2024,DOEE Air Quality Trends report\nhttps://storymaps.arcgis.com/stories/79a80bb4a7074b6989f94a4a5b154675\n,The rise in industry and population has not little impact on the NO2.
2025 Disclosure Cycle,779465,CDP,31109,City of Melbourne,City,South East Asia & Oceania,Australia,Public,Q4.9,Report the following air pollution data for the jurisdiction.,1,Row 1,Particulate Matter PM2.5 concentration (annual average) level (ug/m3),4.8,24,2024,https://www.iqair.com/au/world-most-polluted-cities?cities=ELvgEoCTW4i2NRgi7,Data sourced from IQAIR. No official program to collect air quality data however through the installation of microclimate sensors we are able to gather air quality data. We have also partnered with Melbourne's tram operator to install a sensor on a city tram. This is providing air quality data at various tram stop locations across the CBD. There is a plan to expand this network of sensors at various locations across the municipality. This will enable us to collect and track data on air quality.
2025 Disclosure Cycle,779465,CDP,31110,City of Rome,City,Europe,Italy,Public,Q4.9,Report the following air pollution data for the jurisdiction.,1,Row 1,"Other air pollution metric: PM10, PMX, NO2, O3, C6H6, CO etc. concentrations.",23.5,13,2023,https://www.comune.roma.it/web/it/roma-statistica-ambiente1.page,Data from Roma Capitale Statistic Office at the provided link. Value referred to mean annual PM10 concentration.
2025 Disclosure Cycle,779465,CDP,31111,Tokyo Metropolitan Government,City,Japan,Japan,Public,Q4.9,Report the following air pollution data for the jurisdiction.,1,Row 1,Particulate Matter PM2.5 concentration (annual average) level (ug/m3),9,47,2024,https://www.kankyo.metro.tokyo.lg.jp/air/air_pollution/torikumi/index.html,
2025 Disclosure Cycle,779465,CDP,31111,Tokyo Metropolitan Government,City,Japan,Japan,Public,Q4.9,Report the following air pollution data for the jurisdiction.,2,Row 2,Other air pollution metric: SO2 concentration (annual average) level (ppm),0.001,20,2024,https://www.kankyo.metro.tokyo.lg.jp/air/air_pollution/torikumi/index.html,
2025 Disclosure Cycle,779465,CDP,31111,Tokyo Metropolitan Government,City,Japan,Japan,Public,Q4.9,Report the following air pollution data for the jurisdiction.,3,Row 3,Other air pollution metric: NO2 concentration (annual average) level (ppm),0.011,44,2024,https://www.kankyo.metro.tokyo.lg.jp/air/air_pollution/torikumi/index.html,
2025 Disclosure Cycle,779465,CDP,31111,Tokyo Metropolitan Government,City,Japan,Japan,Public,Q4.9,Report the following air pollution data for the jurisdiction.,4,Row 4,Other air pollution metric: PM10 concentration (annual average) level (ug/m3),13,47.0,2024,https://www.kankyo.metro.tokyo.lg.jp/air/air_pollution/torikumi/index.html,
2025 Disclosure Cycle,779465,CDP,31112,Kaohsiung City Government,City,China,East Asia,Public,Q4.9,Report the following air pollution data for the jurisdiction.,1,Row 1,NO2 concentration (annual average) level (ug/m3),12.1,12,2024,https://data.moenv.gov.tw/,No comments.
2025 Disclosure Cycle,779465,CDP,31112,Kaohsiung City Government,City,China,East Asia,Public,Q4.9,Report the following air pollution data for the jurisdiction.,2,Row 2,Other air pollution metric: AQI≦100,90.3,12,2024,https://data.moenv.gov.tw/,"Ratio of AQI≦100: The Environmental Protection Bureau of Kaohsiung City Government have set up 12 monitoring stations, so there are 12 statistical data per day."
2025 Disclosure Cycle,779465,CDP,31112,Kaohsiung City Government,City,China,East Asia,Public,Q4.9,Report the following air pollution data for the jurisdiction.,3,Row 3,Particulate Matter PM2.5 concentration (annual average) level (ug/m3),18.2,12,2024,https://data.moenv.gov.tw/,No comments.
2025 Disclosure Cycle,779465,CDP,31112,Kaohsiung City Government,City,China,East Asia,Public,Q4.9,Report the following air pollution data for the jurisdiction.,4,Row 4,Number of days exceeding air quality guidelines/standards (times/year),111,,2024,https://data.moenv.gov.tw/,"The number of days exceeding air quality standards: There are 12 monitoring stations in Kaohsiung City. If there are more than one stations showing AQI>100 within a day, it will be regarded as one day."
2025 Disclosure Cycle,779465,CDP,31113,City of Yokohama,City,Japan,Japan,Public,Q4.9,Report the following air pollution data for the jurisdiction.,1,Row 1,Particulate Matter PM2.5 concentration (annual average) level (ug/m3),7.9,179,2023,https://www.city.yokohama.lg.jp/kurashi/machizukuri-kankyo/kankyohozen/kansoku/kanshi_center/taikinenpo.files/taikinenpo_64.pdf,基準を超えた日はなし
2025 Disclosure Cycle,779465,CDP,31113,City of Yokohama,City,Japan,Japan,Public,Q4.9,Report the following air pollution data for the jurisdiction.,2,Row 2,Number of days exceeding air quality guidelines/standards (times/year),0,,2023,https://www.city.yokohama.lg.jp/kurashi/machizukuri-kankyo/kankyohozen/kansoku/kanshi_center/taikinenpo.files/taikinenpo_64.pdf,基準を超えた日はなし
2025 Disclosure Cycle,779465,CDP,31113,City of Yokohama,City,Japan,Japan,Public,Q4.9,Report the following air pollution data for the jurisdiction.,3,Row 3,Other air pollution metric: SOx,0.002,18,2023,https://www.city.yokohama.lg.jp/kurashi/machizukuri-kankyo/kankyohozen/kansoku/kanshi_center/taikinenpo.files/taikinenpo_64.pdf,単位はppm
2025 Disclosure Cycle,779465,CDP,31113,City of Yokohama,City,Japan,Japan,Public,Q4.9,Report the following air pollution data for the jurisdiction.,4,Row 4,NO2 concentration (annual average) level (ug/m3),0.011,19,2023,https://www.city.yokohama.lg.jp/kurashi/machizukuri-kankyo/kankyohozen/kansoku/kanshi_center/taikinenpo.files/taikinenpo_64.pdf,単位はppm
2025 Disclosure Cycle,779465,CDP,31114,City of Sydney,City,South East Asia & Oceania,Australia,Public,Q4.9,Report the following air pollution data for the jurisdiction.,1,Row 1,Particulate Matter PM2.5 concentration (annual average) level (ug/m3),6.55,3,2025,https://www.dpie.nsw.gov.au/air-quality/air-quality-data-services/data-download-facility,
2025 Disclosure Cycle,779465,CDP,31114,City of Sydney,City,South East Asia & Oceania,Australia,Public,Q4.9,Report the following air pollution data for the jurisdiction.,2,Row 2,Number of days exceeding air quality guidelines/standards (times/year),3,,2025,https://www.dpie.nsw.gov.au/air-quality/air-quality-data-services/data-download-facility,
2025 Disclosure Cycle,779465,CDP,31114,City of Sydney,City,South East Asia & Oceania,Australia,Public,Q4.9,Report the following air pollution data for the jurisdiction.,3,Row 3,NO2 concentration (annual average) level (ug/m3),95,3,2025,https://www.dpie.nsw.gov.au/air-quality/air-quality-data-services/data-download-facility,
2025 Disclosure Cycle,779465,CDP,31115,City of Johannesburg,City,UKWW,South Africa,Public,Q4.9,Report the following air pollution data for the jurisdiction.,1,Row 1,Number of days exceeding air quality guidelines/standards (times/year),148,,2024,https://saaqis.environment.gov.za/,These exceedances relate to PM2.5 only. 
2025 Disclosure Cycle,779465,CDP,31115,City of Johannesburg,City,UKWW,South Africa,Public,Q4.9,Report the following air pollution data for the jurisdiction.,2,Row 2,NO2 concentration (annual average) level (ug/m3),184,7,2022,https://saaqis.environment.gov.za/,The NO2 has not been monitored since 2022. 
2025 Disclosure Cycle,779465,CDP,31115,City of Johannesburg,City,UKWW,South Africa,Public,Q4.9,Report the following air pollution data for the jurisdiction.,3,Row 3,Particulate Matter PM2.5 concentration (annual average) level (ug/m3),30.8,7,2023,https://saaqis.environment.gov.za/,"PM2.5 concentrations in Johannesburg are worsened by numerous factors, such as open burning and the horizontal transport of pollutants by meteorological processes."
2025 Disclosure Cycle,779465,CDP,31117,"City of Toronto, ON",City,North America,Canada,Public,Q4.9,Report the following air pollution data for the jurisdiction.,1,Row 1,Particulate Matter PM2.5 concentration (annual average) level (ug/m3),7.2307,4,2022,https://www.airqualityontario.com/history/index.php,"The Ontario Ministry of Environment, Conservation and Parks operates 4 air quality monitoring stations in Toronto. \n\nPM25\tmicrograms per cubic metre"
2025 Disclosure Cycle,779465,CDP,31117,"City of Toronto, ON",City,North America,Canada,Public,Q4.9,Report the following air pollution data for the jurisdiction.,2,Row 2,Other air pollution metric: O3 - parts per billion (ppb),24.0574,4,2022,https://www.airqualityontario.com/history/index.php\n\n,"The Ontario Ministry of Environment, Conservation and Parks operates 4 air quality monitoring stations in Toronto. \n\nO3\tparts per billion (ppb)\n\n"
2025 Disclosure Cycle,779465,CDP,31117,"City of Toronto, ON",City,North America,Canada,Public,Q4.9,Report the following air pollution data for the jurisdiction.,3,Row 3,NO2 concentration (annual average) level (ug/m3),11.9376,4,2022,https://www.airqualityontario.com/history/index.php,"The Ontario Ministry of Environment, Conservation and Parks operates 4 air quality monitoring stations in Toronto. \n\nNO2 - Nitrogen Dioxide\tparts per billion (ppb)"
2025 Disclosure Cycle,779465,CDP,31117,"City of Toronto, ON",City,North America,Canada,Public,Q4.9,Report the following air pollution data for the jurisdiction.,4,Row 4,Other air pollution metric: Ontario's Ambient Air Quality Criteria (24-hour),,,,https://www.toronto.ca/legdocs/mmis/2017/hl/bgrd/backgroundfile-108070.pdf,"In 2017, Toronto published \'Avoiding the TRAP: Traffic-Related Air Pollution in Toronto and Options for Reducing Exposure\'. City-wide air quality study results indicate that some traffic-related air pollutants (TRAPs), benzene and PM10, are present at levels that may exceed the health benchmarks set by the federal Ministry of the Environment and Climate Change (MOECC) at times in Toronto. AAQCs and Canada-Wide Standards (CWSs) are benchmarks that represent an upper limit of desirable concentrations of contaminants in air, and are intended to be protective of health and/or environmental effects. In local (neighbourhood-level) air quality studies, benzene, benzo[a]pyrene, PM10, and PM2.5 - all of which are important vehicle emissions - were identified as exceeding the relevant health benchmarks. The city-wide modelling also suggests that additional substances may exceed AAQCs in some parts of Toronto, including cadmium, chromium, and vinyl chloride.\n\nSee report for details: https://www.toronto.ca/legdocs/mmis/2017/hl/bgrd/backgroundfile-108070.pdf "
2025 Disclosure Cycle,779465,CDP,31117,"City of Toronto, ON",City,North America,Canada,Public,Q4.9,Report the following air pollution data for the jurisdiction.,5,Row 5,Other air pollution metric: Carbon Monoxide (CO) Concentrations average hourly parts per million (ppm),0.2445,1.0,2022,https://www.airqualityontario.com/history/index.php,"The Ontario Ministry of Environment, Conservation and Parks operates 4 air quality monitoring stations in Toronto. One of these measures CO concentrations.\n\n\nCarbon Monoxide - parts per million (ppm)\n"
2025 Disclosure Cycle,779465,CDP,31117,"City of Toronto, ON",City,North America,Canada,Public,Q4.9,Report the following air pollution data for the jurisdiction.,6,Row 6,Other air pollution metric: Nitric Oxide (NO) Concentrations parts per billion (ppb),4.7761,4.0,2022,https://www.airqualityontario.com/history/index.php,"The Ontario Ministry of Environment, Conservation and Parks operates 4 air quality monitoring stations in Toronto. \n\nNitrogen Oxide\tparts per billion (ppb)\n"
2025 Disclosure Cycle,779465,CDP,31117,"City of Toronto, ON",City,North America,Canada,Public,Q4.9,Report the following air pollution data for the jurisdiction.,7,Row 7,Other air pollution metric: Sulphur Dioxide (SO2) Concentrations parts per billion (ppb),0.357,2,2022,https://www.airqualityontario.com/history/index.php,"The Ontario Ministry of Environment, Conservation and Parks operates 4 air quality monitoring stations in Toronto. Two of these measure SO2 concentrations.\n\nSO2 - Sulphur Dioxide\tparts per billion (ppb)\n"
2025 Disclosure Cycle,779465,CDP,31117,"City of Toronto, ON",City,North America,Canada,Public,Q4.9,Report the following air pollution data for the jurisdiction.,8,Row 8,Other air pollution metric: Nitrogen Oxides (NOx) Concentrations parts per billion (ppb),16.3824,4.0,2022,https://www.airqualityontario.com/history/index.php,"The Ontario Ministry of Environment, Conservation and Parks operates 4 air quality monitoring stations in Toronto. \n\nNOx - Nitrogen Oxides\tparts per billion (ppb)"
2025 Disclosure Cycle,779465,CDP,31117,"City of Toronto, ON",City,North America,Canada,Public,Q4.9,Report the following air pollution data for the jurisdiction.,9,Row 9,Number of days exceeding air quality guidelines/standards (times/year),11,,2022,https://www.airqualityontario.com/history/index.php,"The Ontario Ministry of Environment, Conservation and Parks operates 4 air quality monitoring stations in Toronto.\n\nWe calculated the number of days where the daily (24-hour) average exposure of PM2.5 for all 4 air quality monitoring stations exceeded the WHO Air Quality Guidelines (15 µg/m3)."
2025 Disclosure Cycle,779465,CDP,31117,"City of Toronto, ON",City,North America,Canada,Public,Q4.9,Report the following air pollution data for the jurisdiction.,10,Row 10,Number of days exceeding air quality guidelines/standards (times/year),112,,2022,https://www.airqualityontario.com/history/index.php,"The Ontario Ministry of Environment, Conservation and Parks operates 4 air quality monitoring stations in Toronto.\n\nWe calculated the number of days where the daily (24-hour) average exposure of Nitrogen dioxide (NO2) for all 4 air quality monitoring stations exceeded the WHO Air Quality Guidelines (25 µg/m3). Data was converted from parts per billion to µg/m3 using recommended WHO values (1 ppb NO2 = 1.88 µg/m3)"
2025 Disclosure Cycle,779465,CDP,31117,"City of Toronto, ON",City,North America,Canada,Public,Q4.9,Report the following air pollution data for the jurisdiction.,11,Row 11,Number of days exceeding air quality guidelines/standards (times/year),0,,2022,https://www.airqualityontario.com/history/index.php,"The Ontario Ministry of Environment, Conservation and Parks operates 4 air quality monitoring stations in Toronto. Two of these measure SO2 concentrations.\n\nWe calculated the number of days where the daily (24-hour) average exposure of Sulphur dioxide (SO2) for the 2 air quality monitoring stations exceeded the WHO Air Quality Guidelines (40 µg/m3). Data was converted from parts per billion to µg/m3 using recommended WHO values (1 ppb SO2 = 2.62 µg/m3)"
2025 Disclosure Cycle,779465,CDP,31117,"City of Toronto, ON",City,North America,Canada,Public,Q4.9,Report the following air pollution data for the jurisdiction.,12,Row 12,Number of days exceeding air quality guidelines/standards (times/year),0,,2022,https://www.airqualityontario.com/history/index.php,"The Ontario Ministry of Environment, Conservation and Parks operates 4 air quality monitoring stations in Toronto. One of these measures CO concentrations.\n\nWe calculated the number of days where the daily (24-hour) average exposure of Carbon Monoxide (CO) for the air quality monitoring station exceeded the WHO Air Quality Guidelines (7 µg/m3). Data was converted from parts per million to µg/m3 using recommended WHO values (1 ppm CO = 1.15 µg/m3)"
2025 Disclosure Cycle,779465,CDP,31146,Addis Ababa City Administration,City,UKWW,Ethiopia,Public,Q4.9,Report the following air pollution data for the jurisdiction.,1,Row 1,Particulate Matter PM2.5 concentration (annual average) level (ug/m3),26.7,15,2022,https://map.purpleair.com/air-quality-standards-us-epa-aqi?opt=%2F1%2Flp%2Fa10%2Fp604800%2FcC0#11/9.021/38.7973,
2025 Disclosure Cycle,779465,CDP,31149,Municipality of Athens,City,Europe,Greece,Public,Q4.9,Report the following air pollution data for the jurisdiction.,1,Row 1,NO2 concentration (annual average) level (ug/m3),40,4,2023,https://ypen.gov.gr/wp-content/uploads/2024/08/%CE%95%CE%9A%CE%98%CE%95%CE%A3%CE%97-2023.pdf,"The official responsibility for monitoring airpollution in the city juristiction is the Ministry of Environment, and there are 4 operating stations in the juristiction of the city of Athens monitoring N2O. The one stated is on Athinas street. There are also in Aristotelous (56ug/m3), the Agricultural University(15ug/m3) and Aristotelous streeet(46ug/m3). \nData derived from the YPEN report https://ypen.gov.gr/wp-content/uploads/2024/08/%CE%95%CE%9A%CE%98%CE%95%CE%A3%CE%97-2023.pdf\n2023 Data"
2025 Disclosure Cycle,779465,CDP,31149,Municipality of Athens,City,Europe,Greece,Public,Q4.9,Report the following air pollution data for the jurisdiction.,2,Row 2,Particulate Matter PM2.5 concentration (annual average) level (ug/m3),19,1,2023,https://www.iqair.com/world-most-polluted-cities?continent=59af92ac3e70001c1bd78e52&country=mB6xrcozY4ez4SqXC&state=5ad47d955c6c518cef8badb2&sort=-rank&page=1&perPage=50&cities= and also https://www.eea.europa.eu/en/analysis/maps-and-charts/up-to-date-air-quality-data,"The official responsibility for monitoring airpollution in the city juristiction is the Ministry of Environment, and there is 1 operating station in the city of Athens in Aristotelous streeet. \nData derived from the YPEN report https://ypen.gov.gr/wp-content/uploads/2024/08/%CE%95%CE%9A%CE%98%CE%95%CE%A3%CE%97-2023.pdf \n2023 data"
2025 Disclosure Cycle,779465,CDP,31150,Bangkok Metropolitan Administration,City,South East Asia & Oceania,Thailand,Public,Q4.9,Report the following air pollution data for the jurisdiction.,1,Row 1,Particulate Matter PM2.5 concentration (annual average) level (ug/m3),23.4,70,2024,www.airquality.airbkk.com,annual average standard: 15 ug/m3
2025 Disclosure Cycle,779465,CDP,31150,Bangkok Metropolitan Administration,City,South East Asia & Oceania,Thailand,Public,Q4.9,Report the following air pollution data for the jurisdiction.,2,Row 2,NO2 concentration (annual average) level (ug/m3),48.93,16,2024,www.airquality.airbkk.com,annual average standard: 56.43 ug/m3
2025 Disclosure Cycle,779465,CDP,31153,City-State of Berlin,City,Europe,Germany,Public,Q4.9,Report the following air pollution data for the jurisdiction.,1,Row 1,Particulate Matter PM2.5 concentration (annual average) level (ug/m3),11.3,12,2024,https://luftdaten.berlin.de/pollution/pm2?stationgroup=all&period=1y&timespan=custom&start%5Bdate%5D=01.01.2023&end%5Bdate%5D=31.12.2023,average value for all monitoring stations
2025 Disclosure Cycle,779465,CDP,31153,City-State of Berlin,City,Europe,Germany,Public,Q4.9,Report the following air pollution data for the jurisdiction.,2,Row 2,NO2 concentration (annual average) level (ug/m3),15.29,17,2024,https://luftdaten.berlin.de/pollution/no2?stationgroup=all&period=1y&timespan=custom&start%5Bdate%5D=01.01.2023&end%5Bdate%5D=31.12.2023 ,average value for all monitoring stations
2025 Disclosure Cycle,779465,CDP,31153,City-State of Berlin,City,Europe,Germany,Public,Q4.9,Report the following air pollution data for the jurisdiction.,3,Row 3,Number of days exceeding air quality guidelines/standards (times/year),10,,2024,https://luftdaten-berlin-de.translate.goog/exceed?year=2022&_x_tr_sl=de&_x_tr_tl=en&_x_tr_hl=de&_x_tr_pto=wapp,maximum value of short-term violations of PM10 
2025 Disclosure Cycle,779465,CDP,31154,Bogotá Distrito Capital,City,Latin America,Colombia,Public,Q4.9,Report the following air pollution data for the jurisdiction.,2,Row 2,Other air pollution metric: PM10,35,19,2024,https://ambientebogota.gov.co/red-de-monitoreo-de-calidad-del-aire-de-bogota-rmcab,Concentración promedio ciudad PM10 (ug/m3) año 2024
2025 Disclosure Cycle,779465,CDP,31154,Bogotá Distrito Capital,City,Latin America,Colombia,Public,Q4.9,Report the following air pollution data for the jurisdiction.,3,Row 3,Particulate Matter PM2.5 concentration (annual average) level (ug/m3),17,18,2024,https://oab.ambientebogota.gov.co/indicadores/?id=3549d3e0-113b-11ea-a1e0-65cbc0562894,Concentración promedio ciudad 2024
2025 Disclosure Cycle,779465,CDP,31154,Bogotá Distrito Capital,City,Latin America,Colombia,Public,Q4.9,Report the following air pollution data for the jurisdiction.,5,Row 5,NO2 concentration (annual average) level (ug/m3),30,16,2024,http://iboca.ambientebogota.gov.co/mapa/,Concentración promedio ciudad al año 2024
2025 Disclosure Cycle,779465,CDP,31154,Bogotá Distrito Capital,City,Latin America,Colombia,Public,Q4.9,Report the following air pollution data for the jurisdiction.,6,Row 6,Other air pollution metric: Ozono,27,16,2024,https://ambientebogota.gov.co/red-de-monitoreo-de-calidad-del-aire-de-bogota-rmcab,Concentración promedio ciudad al año 2024
2025 Disclosure Cycle,779465,CDP,31154,Bogotá Distrito Capital,City,Latin America,Colombia,Public,Q4.9,Report the following air pollution data for the jurisdiction.,7,Row 7,Other air pollution metric: CO,592,16,2024,https://ambientebogota.gov.co/red-de-monitoreo-de-calidad-del-aire-de-bogota-rmcab,Concentración promedio ciudad al año 2024
2025 Disclosure Cycle,779465,CDP,31155,City of Buenos Aires,City,Latin America,Argentina,Public,Q4.9,Report the following air pollution data for the jurisdiction.,1,Row 1,NO2 concentration (annual average) level (ug/m3),39.5,3,2024,https://www.buenosaires.gob.ar/agenciaambiental/control-ambiental/laboratorio-ambiental/calidad-de-aire,Promedio Anual registrado promediando las 3 estaciones que posee la ciudad
2025 Disclosure Cycle,779465,CDP,31155,City of Buenos Aires,City,Latin America,Argentina,Public,Q4.9,Report the following air pollution data for the jurisdiction.,2,Row 2,Number of days exceeding air quality guidelines/standards (times/year),0,,2023,https://www.buenosaires.gob.ar/agenciaambiental/control-ambiental/laboratorio-ambiental/calidad-de-aire,La evaluación se realiza en base a los estándares de Calidad de aire de la Ciudad (Ley Nº 1.356 y Resolución Nº 68-GCABA-APRA/21).
2025 Disclosure Cycle,779465,CDP,31155,City of Buenos Aires,City,Latin America,Argentina,Public,Q4.9,Report the following air pollution data for the jurisdiction.,3,Row 3,Other air pollution metric: Promedio Anual de Contaminantes Atmosféricos. PM10 (ug/m3),23,3,2024,https://www.buenosaires.gob.ar/agenciaambiental/control-ambiental/laboratorio-ambiental/calidad-de-aire,Promedio Anual registrado promediando las 3 estaciones que posee la ciudad
2025 Disclosure Cycle,779465,CDP,31156,Municipality of Curitiba,City,Latin America,Brazil,Public,Q4.9,Report the following air pollution data for the jurisdiction.,1,Row 1,Other air pollution metric: Resolução CONAMA 491/2018. Partículas Totais em Suspensão (PTS) ano de 2022.,30,2,2023,https://www.iat.pr.gov.br/sites/agua-terra/arquivos_restritos/files/documento/2025-05/relatorio_anual_qualidade_do_ar_iat_2023_v1.pdf\n,"Em 2023, o poluente PTS não foi monitorado em Curitiba (nas estações automáticas PARP e CIC), pois foi substituído pelo parâmetro PM 2,5, seguindo recomendações da OMS e o atendimento ao CONAMA 491/18. Concentrações médias anuais de PTS no Paraná, foram consideradas as estações que atenderam ao critério de representatividade para o poluente PTS ou, caso nenhuma estação tenha atendido, foram consideradas aquelas cuja disponibilidade anual foi maior do que 50% (os casos de 2019 e 2021), para efeito de comparação."
2025 Disclosure Cycle,779465,CDP,31156,Municipality of Curitiba,City,Latin America,Brazil,Public,Q4.9,Report the following air pollution data for the jurisdiction.,2,Row 2,Other air pollution metric: Resolução CONAMA 491/2018. Partículas inaláveis (MP10),23.07,2,2023,https://www.iat.pr.gov.br/sites/agua-terra/arquivos_restritos/files/documento/2025-05/relatorio_anual_qualidade_do_ar_iat_2023_v1.pdf,As partículas inaláveis (MP10) foram monitoradas em estações localizadas nos municípios de Curitiba (estações CIC e PARP)
2025 Disclosure Cycle,779465,CDP,31156,Municipality of Curitiba,City,Latin America,Brazil,Public,Q4.9,Report the following air pollution data for the jurisdiction.,3,Row 3,Particulate Matter PM2.5 concentration (annual average) level (ug/m3),10.35,2,2023,https://www.iat.pr.gov.br/sites/agua-terra/arquivos_restritos/files/documento/2025-05/relatorio_anual_qualidade_do_ar_iat_2023_v1.pdf,"As partículas inaláveis finas (MP2,5) foram monitoradas nas cidades de Curitiba (estações CIC e PARP). "
2025 Disclosure Cycle,779465,CDP,31156,Municipality of Curitiba,City,Latin America,Brazil,Public,Q4.9,Report the following air pollution data for the jurisdiction.,4,Row 4,Other air pollution metric: Resolução CONAMA 491/2018. Dióxido de enxofre (SO2) μg/m³.,16.78,2,2023,https://www.iat.pr.gov.br/sites/agua-terra/arquivos_restritos/files/documento/2025-05/relatorio_anual_qualidade_do_ar_iat_2023_v1.pdf,"Os resultados das classificações das médias anuais (4,561 e 29,004)."
2025 Disclosure Cycle,779465,CDP,31156,Municipality of Curitiba,City,Latin America,Brazil,Public,Q4.9,Report the following air pollution data for the jurisdiction.,5,Row 5,Other air pollution metric: Resolução CONAMA 491/2018. Monóxido de carbono (CO) μg/m³.,1.19,2,2023,https://www.iat.pr.gov.br/sites/agua-terra/arquivos_restritos/files/documento/2025-05/relatorio_anual_qualidade_do_ar_iat_2023_v1.pdf\n,"Os resultados das classificações das médias anuais (0,76 e 1,613)."
2025 Disclosure Cycle,779465,CDP,31156,Municipality of Curitiba,City,Latin America,Brazil,Public,Q4.9,Report the following air pollution data for the jurisdiction.,6,Row 6,Other air pollution metric: Resolução CONAMA 491/2018. Ozônio (O3) μg/m³.,48.64,2,2023,https://www.iat.pr.gov.br/sites/agua-terra/arquivos_restritos/files/documento/2025-05/relatorio_anual_qualidade_do_ar_iat_2023_v1.pdf,"Os resultados das classificações das médias anuais (48,22 e 49,06)."
2025 Disclosure Cycle,779465,CDP,31156,Municipality of Curitiba,City,Latin America,Brazil,Public,Q4.9,Report the following air pollution data for the jurisdiction.,7,Row 7,NO2 concentration (annual average) level (ug/m3),27.66,2,2023,https://www.iat.pr.gov.br/sites/agua-terra/arquivos_restritos/files/documento/2025-05/relatorio_anual_qualidade_do_ar_iat_2023_v1.pdf\n,"Os resultados das classificações das médias anuais (20,92 e 34,39)."
2025 Disclosure Cycle,779465,CDP,31163,Istanbul Metropolitan Municipality,City,UKWW,Türkiye,Public,Q4.9,Report the following air pollution data for the jurisdiction.,1,Row 1,Particulate Matter PM2.5 concentration (annual average) level (ug/m3),18.77,40,2024,https://havakalitesi.ibb.gov.tr/STN/STN_Report/PeriodicAqlRating,
2025 Disclosure Cycle,779465,CDP,31163,Istanbul Metropolitan Municipality,City,UKWW,Türkiye,Public,Q4.9,Report the following air pollution data for the jurisdiction.,2,Row 2,NO2 concentration (annual average) level (ug/m3),39.18,40,2024,https://havakalitesi.ibb.gov.tr/STN/STN_Report/PeriodicAqlRating,
2025 Disclosure Cycle,779465,CDP,31163,Istanbul Metropolitan Municipality,City,UKWW,Türkiye,Public,Q4.9,Report the following air pollution data for the jurisdiction.,3,Row 3,Other air pollution metric: PM10,37.65,40,2024,https://havakalitesi.ibb.gov.tr/STN/STN_Report/PeriodicAqlRating,
2025 Disclosure Cycle,779465,CDP,31163,Istanbul Metropolitan Municipality,City,UKWW,Türkiye,Public,Q4.9,Report the following air pollution data for the jurisdiction.,4,Row 4,Other air pollution metric: SO2,7.18,40,2024,https://havakalitesi.ibb.gov.tr/STN/STN_Report/PeriodicAqlRating,
2025 Disclosure Cycle,779465,CDP,31163,Istanbul Metropolitan Municipality,City,UKWW,Türkiye,Public,Q4.9,Report the following air pollution data for the jurisdiction.,5,Row 5,Other air pollution metric: CO,908.71,40,2024,https://havakalitesi.ibb.gov.tr/STN/STN_Report/PeriodicAqlRating,
2025 Disclosure Cycle,779465,CDP,31163,Istanbul Metropolitan Municipality,City,UKWW,Türkiye,Public,Q4.9,Report the following air pollution data for the jurisdiction.,6,Row 6,Other air pollution metric: NO,32.18,40,2024,https://havakalitesi.ibb.gov.tr/STN/STN_Report/PeriodicAqlRating,
2025 Disclosure Cycle,779465,CDP,31163,Istanbul Metropolitan Municipality,City,UKWW,Türkiye,Public,Q4.9,Report the following air pollution data for the jurisdiction.,7,Row 7,Other air pollution metric: NOx,88.2,40,2024,https://havakalitesi.ibb.gov.tr/STN/STN_Report/PeriodicAqlRating,
2025 Disclosure Cycle,779465,CDP,31163,Istanbul Metropolitan Municipality,City,UKWW,Türkiye,Public,Q4.9,Report the following air pollution data for the jurisdiction.,8,Row 8,Other air pollution metric: O3,38.31,40,2024,https://havakalitesi.ibb.gov.tr/STN/STN_Report/PeriodicAqlRating,
2025 Disclosure Cycle,779465,CDP,31163,Istanbul Metropolitan Municipality,City,UKWW,Türkiye,Public,Q4.9,Report the following air pollution data for the jurisdiction.,9,Row 9,Other air pollution metric: Air Quality Index (unit),34.85,40,2024,https://havakalitesi.ibb.gov.tr/STN/STN_Report/PeriodicAqlRating,
2025 Disclosure Cycle,779465,CDP,31164,Ho Chi Minh City,City,South East Asia & Oceania,Viet Nam,Public,Q4.9,Report the following air pollution data for the jurisdiction.,1,Row 1,NO2 concentration (annual average) level (ug/m3),65,24,2024,,Monitoring locations for traffic activities in HCMC. (Vietnam standard of NO2: 200 ug/m3).
2025 Disclosure Cycle,779465,CDP,31164,Ho Chi Minh City,City,South East Asia & Oceania,Viet Nam,Public,Q4.9,Report the following air pollution data for the jurisdiction.,2,Row 2,Particulate Matter PM2.5 concentration (annual average) level (ug/m3),32.7,24,2024,,Monitoring locations for traffic activities in HCMC. (Vietnam standard of PM2.5: 50 ug/m3).
2025 Disclosure Cycle,779465,CDP,31165,City of Heidelberg,City,Europe,Germany,Public,Q4.9,Report the following air pollution data for the jurisdiction.,1,Row 1,Other air pollution metric: ozon,1,1,2024,https://www.lubw.baden-wuerttemberg.de/documents/10184/3915549/Jahreswerte_2024_NO2_O3_PM10_PM25.pdf,AzT8h>180
2025 Disclosure Cycle,779465,CDP,31165,City of Heidelberg,City,Europe,Germany,Public,Q4.9,Report the following air pollution data for the jurisdiction.,2,Row 2,NO2 concentration (annual average) level (ug/m3),13,1.0,2024,https://www.lubw.baden-wuerttemberg.de/documents/10184/3915549/Jahreswerte_2024_NO2_O3_PM10_PM25.pdf,annual average
2025 Disclosure Cycle,779465,CDP,31165,City of Heidelberg,City,Europe,Germany,Public,Q4.9,Report the following air pollution data for the jurisdiction.,3,Row 3,Particulate Matter PM2.5 concentration (annual average) level (ug/m3),7,1.0,2024,https://www.lubw.baden-wuerttemberg.de/documents/10184/3915549/Jahreswerte_2024_NO2_O3_PM10_PM25.pdf,annual average
2025 Disclosure Cycle,779465,CDP,31165,City of Heidelberg,City,Europe,Germany,Public,Q4.9,Report the following air pollution data for the jurisdiction.,4,Row 4,Other air pollution metric: ozon,18,1,2024,https://www.lubw.baden-wuerttemberg.de/documents/10184/3915549/Jahreswerte_2024_NO2_O3_PM10_PM25.pdf,AzT8h>120 
2025 Disclosure Cycle,779465,CDP,31165,City of Heidelberg,City,Europe,Germany,Public,Q4.9,Report the following air pollution data for the jurisdiction.,5,Row 5,Other air pollution metric: ozon [ug/m3],181,1.0,2024,https://www.lubw.baden-wuerttemberg.de/documents/10184/3915549/Jahreswerte_2024_NO2_O3_PM10_PM25.pdf,max/1 hour
2025 Disclosure Cycle,779465,CDP,31165,City of Heidelberg,City,Europe,Germany,Public,Q4.9,Report the following air pollution data for the jurisdiction.,6,Row 6,Other air pollution metric: PM10,11,1,2024,https://www.lubw.baden-wuerttemberg.de/documents/10184/3915549/Jahreswerte_2024_NO2_O3_PM10_PM25.pdf,annual average
2025 Disclosure Cycle,779465,CDP,31166,Jakarta City Government,City,South East Asia & Oceania,Indonesia,Public,Q4.9,Report the following air pollution data for the jurisdiction.,1,Row 1,Particulate Matter PM2.5 concentration (annual average) level (ug/m3),46,5,2022,https://rendahemisi.jakarta.go.id/,https://lingkunganhidup.jakarta.go.id/files/laporan_udara/LAPORAN_KUALITAS_UDARA_2023.pdf
2025 Disclosure Cycle,779465,CDP,31166,Jakarta City Government,City,South East Asia & Oceania,Indonesia,Public,Q4.9,Report the following air pollution data for the jurisdiction.,2,Row 2,Other air pollution metric: PM10,64,5,2023, https://rendahemisi.jakarta.go.id/,https://lingkunganhidup.jakarta.go.id/files/laporan_udara/LAPORAN_KUALITAS_UDARA_2023.pdf
2025 Disclosure Cycle,779465,CDP,31166,Jakarta City Government,City,South East Asia & Oceania,Indonesia,Public,Q4.9,Report the following air pollution data for the jurisdiction.,3,Row 3,NO2 concentration (annual average) level (ug/m3),29,5,2023, https://rendahemisi.jakarta.go.id/,https://lingkunganhidup.jakarta.go.id/files/laporan_udara/LAPORAN_KUALITAS_UDARA_2023.pdf
2025 Disclosure Cycle,779465,CDP,31166,Jakarta City Government,City,South East Asia & Oceania,Indonesia,Public,Q4.9,Report the following air pollution data for the jurisdiction.,4,Row 4,Other air pollution metric: SO2,41,5,2023, https://rendahemisi.jakarta.go.id/,https://lingkunganhidup.jakarta.go.id/files/laporan_udara/LAPORAN_KUALITAS_UDARA_2023.pdf
2025 Disclosure Cycle,779465,CDP,31167,City of Lagos,City,UKWW,Nigeria,Public,Q4.9,Report the following air pollution data for the jurisdiction.,1,Row 1,Particulate Matter PM2.5 concentration (annual average) level (ug/m3),43000000,6,2023,https://docs.google.com/presentation/d/1ZWsrYTgCPTSu9s98AKNlaTXmAsociprN/edit?usp=sharing&ouid=115623157137267583767&rtpof=true&sd=true,The State conducted an integrated GHG and air pollutions emission inventory for Lagos. The inventory includes Basic+ and Scope 3 emissions which accounted for a total of - 43.0 million tons/year CO2 equivalent
2025 Disclosure Cycle,779465,CDP,31168,City District Government Karachi,City,UKWW,Pakistan,Public,Q4.9,Report the following air pollution data for the jurisdiction.,2,Row 2,Particulate Matter PM2.5 concentration (annual average) level (ug/m3),,,2023,https://www.undp.org/sites/g/files/zskgke326/files/2025-05/karachi_climate_action_plan_kcap.pdf,Residents of Karachi have lost 2.7 years of their lives due to poor air quality. \n(World Air Quality Report)
2025 Disclosure Cycle,779465,CDP,31169,Government of Hong Kong Special Administrative Region,City,China,"China, Hong Kong Special Administrative Region",Public,Q4.9,Report the following air pollution data for the jurisdiction.,1,Row 1,NO2 concentration (annual average) level (ug/m3),32,15,2024,https://cd.epic.epd.gov.hk/EPICDI/air/parameter/,Ambient network\n\nThe HKAQOs of annual NO2 (annual average concentration) is 40 µg/m3.\n\n
2025 Disclosure Cycle,779465,CDP,31169,Government of Hong Kong Special Administrative Region,City,China,"China, Hong Kong Special Administrative Region",Public,Q4.9,Report the following air pollution data for the jurisdiction.,2,Row 2,NO2 concentration (annual average) level (ug/m3),65,3,2024,https://cd.epic.epd.gov.hk/EPICDI/air/parameter/,Roadside network\n\nThe HKAQOs of annual NO2 (annual average concentration) is 40 µg/m3.
2025 Disclosure Cycle,779465,CDP,31169,Government of Hong Kong Special Administrative Region,City,China,"China, Hong Kong Special Administrative Region",Public,Q4.9,Report the following air pollution data for the jurisdiction.,3,Row 3,"Other air pollution metric: Air Quality Health Index (AQHI), Number of day(s) and hour(s) with AQHI at any ambient stations or roadside stations equal to or higher than 7",355,15,2024,https://www.aqhi.gov.hk/en/aqhi/statistics-of-aqhi/past-aqhi-records.html,"Ambient network\n\nThe AQHI informs the public of the short-term health risk of air pollution and helps them take precautionary measures for health protection. It is reported on a scale of 1 to 10 and 10+, and is grouped into five health risk categories: low, moderate, high, very high, and serious.When the health risk category reaches High (AQHI reaches “7”), people who are sensitive to air pollution (including children, the elderly and people with heart or respiratory illnesses) are advised to take precautionary actions."
2025 Disclosure Cycle,779465,CDP,31169,Government of Hong Kong Special Administrative Region,City,China,"China, Hong Kong Special Administrative Region",Public,Q4.9,Report the following air pollution data for the jurisdiction.,4,Row 4,"Other air pollution metric: Air Quality Health Index (AQHI), Number of day(s) and hour(s) with AQHI equal to or higher than 7",138,6,2024,https://www.aqhi.gov.hk/en/aqhi/statistics-of-aqhi/past-aqhi-records.html,"Roadside network\n\nThe AQHI informs the public of the short-term health risk of air pollution and helps them take precautionary measures for health protection. It is reported on a scale of 1 to 10 and 10+, and is grouped into five health risk categories: low, moderate, high, very high, and serious.When the health risk category reaches High (AQHI reaches “7”), people who are sensitive to air pollution (including children, the elderly and people with heart or respiratory illnesses) are advised to take precautionary actions."
2025 Disclosure Cycle,779465,CDP,31169,Government of Hong Kong Special Administrative Region,City,China,"China, Hong Kong Special Administrative Region",Public,Q4.9,Report the following air pollution data for the jurisdiction.,5,Row 5,"Other air pollution metric: Nitrogen dioxide (NO2), Number of hour(s) exceeding the Hong Kong Air Quality Objectives (HKAQOs) (times/year)",6,15,2024,https://cd.epic.epd.gov.hk/EPICDI/air/parameter/,"Ambient network\n\nThe HKAQOs of short-term NO2 (hourly average concentration) is 200 µg/m3, and the allowable number of exceedances in a year is 18. \nRemark #1: The values are referred to the stations recorded with the highest number of exceedances in the ambient and roadside network respectively.\n"
2025 Disclosure Cycle,779465,CDP,31169,Government of Hong Kong Special Administrative Region,City,China,"China, Hong Kong Special Administrative Region",Public,Q4.9,Report the following air pollution data for the jurisdiction.,6,Row 6,"Other air pollution metric: Nitrogen dioxide (NO2), Number of hour(s) exceeding the Hong Kong Air Quality Objectives (HKAQOs) (times/year)",30,3,2024,https://cd.epic.epd.gov.hk/EPICDI/air/parameter/,"Roadside network\n\nThe HKAQOs of short-term NO2 (hourly average concentration) is 200 µg/m3, and the allowable number of exceedances in a year is 18. \nRemark #1: The values are referred to the stations recorded with the highest number of exceedances in the ambient and roadside network respectively.\n"
2025 Disclosure Cycle,779465,CDP,31169,Government of Hong Kong Special Administrative Region,City,China,"China, Hong Kong Special Administrative Region",Public,Q4.9,Report the following air pollution data for the jurisdiction.,7,Row 7,Particulate Matter PM2.5 concentration (annual average) level (ug/m3),15,15.0,2024,https://cd.epic.epd.gov.hk/EPICDI/air/parameter/,Ambient network\n\nThe HKAQOs of annual PM2.5 (annual average concentration) is 25 µg/m3.
2025 Disclosure Cycle,779465,CDP,31169,Government of Hong Kong Special Administrative Region,City,China,"China, Hong Kong Special Administrative Region",Public,Q4.9,Report the following air pollution data for the jurisdiction.,8,Row 8,Particulate Matter PM2.5 concentration (annual average) level (ug/m3),20,3,2024,https://cd.epic.epd.gov.hk/EPICDI/air/parameter/,Roadside network\n\nThe HKAQOs of annual PM2.5 (annual average concentration) is 25 µg/m3.
2025 Disclosure Cycle,779465,CDP,31169,Government of Hong Kong Special Administrative Region,City,China,"China, Hong Kong Special Administrative Region",Public,Q4.9,Report the following air pollution data for the jurisdiction.,9,Row 9,"Other air pollution metric: Particulate Matter (PM2.5), Number of day(s) exceeding the Hong Kong Air Quality Objectives (HKAQOs) (times/year)",7,15,2024,https://cd.epic.epd.gov.hk/EPICDI/air/parameter/,"Ambient network\n\nThe HKAQOs of short-term PM2.5 (daily average concentration) is 50 µg/m3, and the allowable number of exceedances in a year is 35.\nRemark #1: The values (unit: days) are referred to the stations recorded with the highest number of exceedances in the ambient and roadside network respectively.\n"
2025 Disclosure Cycle,779465,CDP,31169,Government of Hong Kong Special Administrative Region,City,China,"China, Hong Kong Special Administrative Region",Public,Q4.9,Report the following air pollution data for the jurisdiction.,10,Row 10,"Other air pollution metric: Particulate Matter (PM2.5), Number of day(s) exceeding the Hong Kong Air Quality Objectives (HKAQOs) (times/year)",6,3,2024,https://cd.epic.epd.gov.hk/EPICDI/air/parameter/,"Roadside network\n\nThe HKAQOs of short-term PM2.5 (daily average concentration) is 50 µg/m3, and the allowable number of exceedances in a year is 35.\nRemark #1: The values (unit: days) are referred to the stations recorded with the highest number of exceedances in the ambient and roadside network respectively.\n"
2025 Disclosure Cycle,779465,CDP,31169,Government of Hong Kong Special Administrative Region,City,China,"China, Hong Kong Special Administrative Region",Public,Q4.9,Report the following air pollution data for the jurisdiction.,11,Row 11,Other air pollution metric: Particulate Matter PM10 concentration (annual average) level (ug/m3),24,15,2024,https://cd.epic.epd.gov.hk/EPICDI/air/parameter/,Ambient network:\n\nThe HKAQOs of annual PM10 (annual average concentration) is 50 µg/m3.
2025 Disclosure Cycle,779465,CDP,31169,Government of Hong Kong Special Administrative Region,City,China,"China, Hong Kong Special Administrative Region",Public,Q4.9,Report the following air pollution data for the jurisdiction.,12,Row 12,Other air pollution metric: Particulate Matter PM10 concentration (annual average) level (ug/m3),31,3,2024,https://cd.epic.epd.gov.hk/EPICDI/air/parameter/,Roadside network:\n\nThe HKAQOs of annual PM10 (annual average concentration) is 50 µg/m3.
2025 Disclosure Cycle,779465,CDP,31169,Government of Hong Kong Special Administrative Region,City,China,"China, Hong Kong Special Administrative Region",Public,Q4.9,Report the following air pollution data for the jurisdiction.,13,Row 13,"Other air pollution metric: Particulate Matter (PM10), Number of day(s) exceeding the Hong Kong Air Quality Objectives (HKAQOs) (times/year)",0,15,2024,https://cd.epic.epd.gov.hk/EPICDI/air/parameter/,"Ambient network:\n\nThe HKAQOs of short-term PM10 (daily average concentration) is 100 µg/m3, and the allowable number of exceedances in a year is 9.\nRemark #1: The values are referred to the stations recorded with the highest number of exceedances in the ambient and roadside network respectively.\n"
2025 Disclosure Cycle,779465,CDP,31169,Government of Hong Kong Special Administrative Region,City,China,"China, Hong Kong Special Administrative Region",Public,Q4.9,Report the following air pollution data for the jurisdiction.,14,Row 14,"Other air pollution metric: Particulate Matter (PM10), Number of day(s) exceeding the Hong Kong Air Quality Objectives (HKAQOs) (times/year)",0,3,2024,https://cd.epic.epd.gov.hk/EPICDI/air/parameter/,"Roadside network:\n\nThe HKAQOs of short-term PM10 (daily average concentration) is 100 µg/m3, and the allowable number of exceedances in a year is 9.\nRemark #1: The values are referred to the stations recorded with the highest number of exceedances in the ambient and roadside network respectively.\n\n"
2025 Disclosure Cycle,779465,CDP,31170,Metropolitan Municipality of Lima,City,Latin America,Peru,Public,Q4.9,Report the following air pollution data for the jurisdiction.,2,Row 2,Other air pollution metric: Nivel de concentración de material particulado PM10 (promedio anual),45.09,12,2024,https://www.senamhi.gob.pe/?p=calidad-del-aire-estacion,Año 2024
2025 Disclosure Cycle,779465,CDP,31170,Metropolitan Municipality of Lima,City,Latin America,Peru,Public,Q4.9,Report the following air pollution data for the jurisdiction.,3,Row 3,NO2 concentration (annual average) level (ug/m3),43.34,12,2024,https://www.senamhi.gob.pe/?p=calidad-del-aire-estacion,Año 2024
2025 Disclosure Cycle,779465,CDP,31170,Metropolitan Municipality of Lima,City,Latin America,Peru,Public,Q4.9,Report the following air pollution data for the jurisdiction.,4,Row 4,Other air pollution metric: Nivel de concentración de ozono (O3) (promedio 8 horas),8.07,12,2024,https://www.senamhi.gob.pe/?p=calidad-del-aire-estacion,Año 2024
2025 Disclosure Cycle,779465,CDP,31170,Metropolitan Municipality of Lima,City,Latin America,Peru,Public,Q4.9,Report the following air pollution data for the jurisdiction.,5,Row 5,Other air pollution metric: Nivel de concentración de monóxido de carbono (CO),696.69,12,2024,https://www.senamhi.gob.pe/?p=calidad-del-aire-estacion,Año 2024
2025 Disclosure Cycle,779465,CDP,31170,Metropolitan Municipality of Lima,City,Latin America,Peru,Public,Q4.9,Report the following air pollution data for the jurisdiction.,6,Row 6,Particulate Matter PM2.5 concentration (annual average) level (ug/m3),25.42,12,2024,https://www.senamhi.gob.pe/?p=calidad-del-aire-estacion,Año: 2024
2025 Disclosure Cycle,779465,CDP,31171,City of Madrid,City,Europe,Spain,Public,Q4.9,Report the following air pollution data for the jurisdiction.,1,Row 1,Particulate Matter PM2.5 concentration (annual average) level (ug/m3),0,11,2024,"2024 Data: https://www.madrid.es/UnidadesDescentralizadas/Sostenibilidad/CalidadAire/Publicaciones/Memorias_anuales/Ficheros/MEMORIA_2024%20v1.pdf. Municipal air pollution website (data, stations, monitoring site,...): https://airedemadrid.madrid.es/portal/site/calidadaire"," The city of Madrid features a network of monitoring stations distributed all over the municipality; however, calculating a city-wide average for each contaminant is not considered a suitable method for describing the air quality of Madrid, hence why it is not included. The field \'Value\' has been reported as \'0\' in order to complete the question and have it registered as \'Answered\'"
2025 Disclosure Cycle,779465,CDP,31171,City of Madrid,City,Europe,Spain,Public,Q4.9,Report the following air pollution data for the jurisdiction.,2,Row 2,NO2 concentration (annual average) level (ug/m3),0,24,2024,"2024 Data: https://www.madrid.es/UnidadesDescentralizadas/Sostenibilidad/CalidadAire/Publicaciones/Memorias_anuales/Ficheros/MEMORIA_2024%20v1.pdf. Municipal air pollution website (data, stations, monitoring site,...): https://airedemadrid.madrid.es/portal/site/calidadaire","The city of Madrid features a network of monitoring stations distributed all over the municipality; however, calculating a city-wide average for each contaminant is not considered a suitable method for describing the air quality of Madrid, hence why it is not included. The field \'Value\' has been reported as \'0\' in order to complete the question and have it registered as \'Answered\'"
2025 Disclosure Cycle,779465,CDP,31171,City of Madrid,City,Europe,Spain,Public,Q4.9,Report the following air pollution data for the jurisdiction.,3,Row 3,Number of days exceeding air quality guidelines/standards (times/year),0,,2024,"2024 Data: https://www.madrid.es/UnidadesDescentralizadas/Sostenibilidad/CalidadAire/Publicaciones/Memorias_anuales/Ficheros/MEMORIA_2024%20v1.pdf. Municipal air pollution website (data, stations, monitoring site,...): https://airedemadrid.madrid.es/portal/site/calidadaire","The city of Madrid features a network of monitoring stations distributed all over the municipality; however, calculating a city-wide average for each contaminant is not considered a suitable method for describing the air quality of Madrid, hence why it is not included. The field \'Value\' has been reported as \'0\' in order to complete the question and have it registered as \'Answered\'"
2025 Disclosure Cycle,779465,CDP,31171,City of Madrid,City,Europe,Spain,Public,Q4.9,Report the following air pollution data for the jurisdiction.,4,Row 4,Other air pollution metric: SO2,0,4,2024,"2024 Data: https://www.madrid.es/UnidadesDescentralizadas/Sostenibilidad/CalidadAire/Publicaciones/Memorias_anuales/Ficheros/MEMORIA_2024%20v1.pdf. Municipal air pollution website (data, stations, monitoring site,...): https://airedemadrid.madrid.es/portal/site/calidadaire","The city of Madrid features a network of monitoring stations distributed all over the municipality; however, calculating a city-wide average for each contaminant is not considered a suitable method for describing the air quality of Madrid, hence why it is not included. The field \'Value\' has been reported as \'0\' in order to complete the question and have it registered as \'Answered\'"
2025 Disclosure Cycle,779465,CDP,31171,City of Madrid,City,Europe,Spain,Public,Q4.9,Report the following air pollution data for the jurisdiction.,5,Row 5,Other air pollution metric: O3,0,13,2024,"2024 Data: https://www.madrid.es/UnidadesDescentralizadas/Sostenibilidad/CalidadAire/Publicaciones/Memorias_anuales/Ficheros/MEMORIA_2024%20v1.pdf. Municipal air pollution website (data, stations, monitoring site,...): https://airedemadrid.madrid.es/portal/site/calidadaire","The city of Madrid features a network of monitoring stations distributed all over the municipality; however, calculating a city-wide average for each contaminant is not considered a suitable method for describing the air quality of Madrid, hence why it is not included. The field \'Value\' has been reported as \'0\' in order to complete the question and have it registered as \'Answered\'"
2025 Disclosure Cycle,779465,CDP,31171,City of Madrid,City,Europe,Spain,Public,Q4.9,Report the following air pollution data for the jurisdiction.,6,Row 6,Other air pollution metric: CO,0,4,2024,"2024 Data: https://www.madrid.es/UnidadesDescentralizadas/Sostenibilidad/CalidadAire/Publicaciones/Memorias_anuales/Ficheros/MEMORIA_2024%20v1.pdf. Municipal air pollution website (data, stations, monitoring site,...): https://airedemadrid.madrid.es/portal/site/calidadaire","The city of Madrid features a network of monitoring stations distributed all over the municipality; however, calculating a city-wide average for each contaminant is not considered a suitable method for describing the air quality of Madrid, hence why it is not included. The field \'Value\' has been reported as \'0\' in order to complete the question and have it registered as \'Answered\'"
2025 Disclosure Cycle,779465,CDP,31171,City of Madrid,City,Europe,Spain,Public,Q4.9,Report the following air pollution data for the jurisdiction.,7,Row 7,Other air pollution metric: PM10,0,13,2024,"2024 Data: https://www.madrid.es/UnidadesDescentralizadas/Sostenibilidad/CalidadAire/Publicaciones/Memorias_anuales/Ficheros/MEMORIA_2024%20v1.pdf. Municipal air pollution website (data, stations, monitoring site,...): https://airedemadrid.madrid.es/portal/site/calidadaire","The city of Madrid features a network of monitoring stations distributed all over the municipality; however, calculating a city-wide average for each contaminant is not considered a suitable method for describing the air quality of Madrid, hence why it is not included. The field \'Value\' has been reported as \'0\' in order to complete the question and have it registered as \'Answered\'"
2025 Disclosure Cycle,779465,CDP,31171,City of Madrid,City,Europe,Spain,Public,Q4.9,Report the following air pollution data for the jurisdiction.,8,Row 8,Other air pollution metric: Metals,0,2,2024,"2024 Data: https://www.madrid.es/UnidadesDescentralizadas/Sostenibilidad/CalidadAire/Publicaciones/Memorias_anuales/Ficheros/MEMORIA_2024%20v1.pdf. Municipal air pollution website (data, stations, monitoring site,...): https://airedemadrid.madrid.es/portal/site/calidadaire","The city of Madrid features a network of monitoring stations distributed all over the municipality; however, calculating a city-wide average for each contaminant is not considered a suitable method for describing the air quality of Madrid, hence why it is not included. The field \'Value\' has been reported as \'0\' in order to complete the question and have it registered as \'Answered\'"
2025 Disclosure Cycle,779465,CDP,31171,City of Madrid,City,Europe,Spain,Public,Q4.9,Report the following air pollution data for the jurisdiction.,9,Row 9,Other air pollution metric: BTX,0,6,2024,,"The city of Madrid features a network of monitoring stations distributed all over the municipality; however, calculating a city-wide average for each contaminant is not considered a suitable method for describing the air quality of Madrid, hence why it is not included. The field \'Value\' has been reported as \'0\' in order to complete the question and have it registered as \'Answered\'"
2025 Disclosure Cycle,779465,CDP,31172,Mexico City,City,Latin America,Mexico,Public,Q4.9,Report the following air pollution data for the jurisdiction.,2,Row 2,Other air pollution metric: O3 (promedio 8 horas) (ug/m3),88.3,18,2024,http://www.aire.cdmx.gob.mx/default.php?opc=%27aKBhnmI=%27&opcion=Zg==,O3 es el promedio de máximo del móvil de 8 horas. \n
2025 Disclosure Cycle,779465,CDP,31172,Mexico City,City,Latin America,Mexico,Public,Q4.9,Report the following air pollution data for the jurisdiction.,3,Row 3,NO2 concentration (annual average) level (ug/m3),62.1,17,2024,http://www.aire.cdmx.gob.mx/default.php?opc=%27aKBhnmI=%27&opcion=Zg==,Condiciones referencia = 25°C y 1 atm\n
2025 Disclosure Cycle,779465,CDP,31172,Mexico City,City,Latin America,Mexico,Public,Q4.9,Report the following air pollution data for the jurisdiction.,4,Row 4,Other air pollution metric: Nivel de concentración de PM10 (promedio anual) (ug/m3),45,14,2024,http://www.aire.cdmx.gob.mx/default.php?opc=%27aKBhnmI=%27&opcion=Zg==,"Las PM10 se calcularon con la Red Manual de Monitoreo Atmosférico, REDMA, con suficiencia como lo marca su norma oficial mexicana NOM-025-SSA1-2021\n"
2025 Disclosure Cycle,779465,CDP,31172,Mexico City,City,Latin America,Mexico,Public,Q4.9,Report the following air pollution data for the jurisdiction.,5,Row 5,Particulate Matter PM2.5 concentration (annual average) level (ug/m3),19,15,2024,http://www.aire.cdmx.gob.mx/default.php?opc=%27aKBhnmI=%27&opcion=Zg==,"Las PM2.5 se calcularon con la Red Manual de Monitoreo Atmosférico, REDMA, con suficiencia como lo marca su norma oficial mexicana NOM-025-SSA1-2021\n"
2025 Disclosure Cycle,779465,CDP,31172,Mexico City,City,Latin America,Mexico,Public,Q4.9,Report the following air pollution data for the jurisdiction.,6,Row 6,Number of days exceeding air quality guidelines/standards (times/year),274,,2024,http://www.aire.cdmx.gob.mx/default.php?opc=%27aKBhnmI=%27&opcion=Zg==,Solo para la CDMX. de acuerdo con las NOM mexicanas vigentes en 2024\n\n
2025 Disclosure Cycle,779465,CDP,31172,Mexico City,City,Latin America,Mexico,Public,Q4.9,Report the following air pollution data for the jurisdiction.,10,Row 10,Other air pollution metric: Nivel de concentración de SO2 (promedio anual) (ug/m3),10.5,16,2024,http://www.aire.cdmx.gob.mx/default.php?opc=%27aKBhnmI=%27&opcion=Zg==,Solo para la CDMX. de acuerdo con las NOM mexicanas vigentes en 2024
2025 Disclosure Cycle,779465,CDP,31173,City of Milan,City,Europe,Italy,Public,Q4.9,Report the following air pollution data for the jurisdiction.,2,Row 2,Particulate Matter PM2.5 concentration (annual average) level (ug/m3),20,3.0,2024,www.arpalombardia.it,Source: AMAT elaboration on Arpa Lombardia data
2025 Disclosure Cycle,779465,CDP,31173,City of Milan,City,Europe,Italy,Public,Q4.9,Report the following air pollution data for the jurisdiction.,3,Row 3,NO2 concentration (annual average) level (ug/m3),34,5.0,2024,www.arpalombardia.it,Source: AMAT elaboration on Arpa Lombardia data
2025 Disclosure Cycle,779465,CDP,31175,City of Paris,City,Europe,France,Public,Q4.9,Report the following air pollution data for the jurisdiction.,1,Row 1,Particulate Matter PM2.5 concentration (annual average) level (ug/m3),9,6,2024,https://www.airparif.asso.fr/surveiller-la-pollution/les-emissions,"Annual average concentration - Urban background of particles matter (PM2.5) in µg/m3\n\nAverage concentrations have reduced by 45% compared to 2014\n\nIn july 2023, the City released its historical air datas on opensource portal: https://parisdata.opendatasoft.com/explore/dataset/qualite-de-l-air-concentration-moyenne-no2-pm2-5-pm10/dataviz/\n\nYou can also check at the monitoring stations map here: https://www.airparif.fr/carte-des-stations"
2025 Disclosure Cycle,779465,CDP,31175,City of Paris,City,Europe,France,Public,Q4.9,Report the following air pollution data for the jurisdiction.,3,Row 3,Number of days exceeding air quality guidelines/standards (times/year),7,,2024,https://www.airparif.asso.fr/surveiller-la-pollution/les-emissions,"Change of the index as of January 1, 2021\n\nSince 1994, the Approved Associations for Air Quality Monitoring (AASQA), including Airparif for the Île-de-France region, have been publishing a daily air quality indicator, the ATMO index, calculated for urban areas with a population of over 100,000, based on the concentrations in the air of four regulated pollutants: sulfur dioxide (SO2), nitrogen dioxide (NO2), ozone (O3), and particles with a diameter of less than 10 µm (PM10).Since 2011, they have also been publishing the index of European cities, Citeair (developed through a European project coordinated by Airparif).The ATMO index has not undergone major changes since its creation. However, considering the public health issue represented by air quality and the need for more comprehensive information expressed by the population, a revision of the index has become necessary. Thanks to the improvement of monitoring tools, it has become possible to provide personalized and geolocated information.The evolution of the index, adopted by the Ministry of Ecological Transition, is based on several innovations:It incorporates a new regulated pollutant: fine particles PM2.5, with proven health effects. Its thresholds are aligned with those chosen by the European Environment Agency;•The scale also evolves: the \'Very Good\' level disappears, and the \'Extremely Bad\' level is introduced. The new index therefore classifies air quality into 6 categories: Good / Moderate / Poor / Bad / Very Bad / Extremely Bad;•The color range now extends from blue (good) to magenta (extremely bad);•It provides a forecast calculated at the level of each inter-municipal public institution (EPCI), across the entire national territory, including overseas. It thus provides a finer indication of the population's exposure to air pollution, with information at different territorial scales, from the EPCI to geolocation; these new features in the calculation of the ATMO index make it more representative of the state of air quality, while being more in line with the expectations of citizens. It can be applied at a finer spatial scale.\n(https://www.paris.fr/pages/etat-des-lieux-de-la-qualite-de-l-air-a-paris-7101)\n\nAccording to AirParif, in 2024, the center of Paris had 7 days rated \'bad\' regarding the Atmo Index.\n(https://www.airparif.fr/surveiller-la-pollution/historique-des-indices)"
2025 Disclosure Cycle,779465,CDP,31175,City of Paris,City,Europe,France,Public,Q4.9,Report the following air pollution data for the jurisdiction.,4,Row 4,NO2 concentration (annual average) level (ug/m3),20,15,2024,https://www.airparif.asso.fr/surveiller-la-pollution/les-emissions,"Annual average concentration - Urban background of NO2 concentration in µg/m3 \n\nAverage concentrations have reduced by 45% compared to 2014. \n\nIn July 2023, the City released its historical air datas on opensource portal: https://parisdata.opendatasoft.com/explore/dataset/qualite-de-l-air-concentration-moyenne-no2-pm2-5-pm10/dataviz/"
2025 Disclosure Cycle,779465,CDP,31175,City of Paris,City,Europe,France,Public,Q4.9,Report the following air pollution data for the jurisdiction.,5,Row 5,Other air pollution metric: Annual average concentration particles matter PM10,15,8,2024,https://www.airparif.asso.fr/surveiller-la-pollution/les-emissions,"Annual average concentration - Urban background of particles matter (PM10) in µg/m3\n\nAverage concentrations have reduced by 40% compared to 2014\n\nThe main sources are wood heating and road traffic.Regarding PM10, the daily and annual limit values are still exceeded near road traffic, despite an improving trend in recent years."
2025 Disclosure Cycle,779465,CDP,31176,Prefeitura do Rio de Janeiro,City,Latin America,Brazil,Public,Q4.9,Report the following air pollution data for the jurisdiction.,1,Row 1,NO2 concentration (annual average) level (ug/m3),28.78,4,2024,https://datariov2-pcrj.hub.arcgis.com/documents/ec23bee2816c484989f273637c1355ab\n,Valor médio entre as médias anuais de 4 estações de monitoramento que medem esse parâmetro.\n
2025 Disclosure Cycle,779465,CDP,31176,Prefeitura do Rio de Janeiro,City,Latin America,Brazil,Public,Q4.9,Report the following air pollution data for the jurisdiction.,2,Row 2,Other air pollution metric: Níve de concentração de material particulado PM10 (média anual) (ug/m3),36.34,8,2024,https://datariov2-pcrj.hub.arcgis.com/documents/ec23bee2816c484989f273637c1355ab\n,"Valor médio entre as médias anuais de 5 estações de monitoramento que medem esse parâmetro, pois as outras 3 estações tiveram suas médias anuais invalidadas devido ao alto percentual de dados invalidados."
2025 Disclosure Cycle,779465,CDP,31176,Prefeitura do Rio de Janeiro,City,Latin America,Brazil,Public,Q4.9,Report the following air pollution data for the jurisdiction.,3,Row 3,Particulate Matter PM2.5 concentration (annual average) level (ug/m3),13.18,1,2024,https://datariov2-pcrj.hub.arcgis.com/documents/ec23bee2816c484989f273637c1355ab,Esse valor corresponde à média anual entre os dados válidos da única estação que media esse poluente.
2025 Disclosure Cycle,779465,CDP,31178,City of Mumbai,City,India,India,Public,Q4.9,Report the following air pollution data for the jurisdiction.,1,Row 1,Number of days exceeding air quality guidelines/standards (times/year),4,,2024,https://www.mpcb.gov.in/sites/default/files/Establishment%20of%20MPCB/Seniority%20list/2014/12_._Air_Quality_Status_Report_of_Maharashtra_2022_2023.pdf,NA
2025 Disclosure Cycle,779465,CDP,31178,City of Mumbai,City,India,India,Public,Q4.9,Report the following air pollution data for the jurisdiction.,2,Row 2,Particulate Matter PM2.5 concentration (annual average) level (ug/m3),49,28,2024,https://www.mpcb.gov.in/sites/default/files/Establishment%20of%20MPCB/Seniority%20list/2014/12_._Air_Quality_Status_Report_of_Maharashtra_2022_2023.pdf,NA
2025 Disclosure Cycle,779465,CDP,31178,City of Mumbai,City,India,India,Public,Q4.9,Report the following air pollution data for the jurisdiction.,3,Row 3,NO2 concentration (annual average) level (ug/m3),56,28,2024,https://www.mpcb.gov.in/sites/default/files/Establishment%20of%20MPCB/Seniority%20list/2014/12_._Air_Quality_Status_Report_of_Maharashtra_2022_2023.pdf,NA
2025 Disclosure Cycle,779465,CDP,31178,City of Mumbai,City,India,India,Public,Q4.9,Report the following air pollution data for the jurisdiction.,4,Row 4,Other air pollution metric: PM10,90,28,2024,https://www.mpcb.gov.in/sites/default/files/Establishment%20of%20MPCB/Seniority%20list/2014/12_._Air_Quality_Status_Report_of_Maharashtra_2022_2023.pdf,NA
2025 Disclosure Cycle,779465,CDP,31179,Municipality of Rotterdam,City,Europe,Netherlands,Public,Q4.9,Report the following air pollution data for the jurisdiction.,1,Row 1,Particulate Matter PM2.5 concentration (annual average) level (ug/m3),9.5,5,2022,Links: www.luchtmeetnet.nl ; https://www.dcmr.nl/sites/default/files/2023-12/Lucht%20in%20Cijfers%202022.pdf,average urban background concentration in 2022
2025 Disclosure Cycle,779465,CDP,31179,Municipality of Rotterdam,City,Europe,Netherlands,Public,Q4.9,Report the following air pollution data for the jurisdiction.,2,Row 2,NO2 concentration (annual average) level (ug/m3),20.4,5,2023,Links: https://www.dcmr.nl/sites/default/files/2024-03/Lucht%20in%20cijfers%202023.pdf ,average urban background concentration in 2023
2025 Disclosure Cycle,779465,CDP,31179,Municipality of Rotterdam,City,Europe,Netherlands,Public,Q4.9,Report the following air pollution data for the jurisdiction.,3,Row 3,Other air pollution metric: PM10,16.5,5,2023,Links: https://www.dcmr.nl/sites/default/files/2024-03/Lucht%20in%20cijfers%202023.pdf ,average urban background concentration in 2023
2025 Disclosure Cycle,779465,CDP,31179,Municipality of Rotterdam,City,Europe,Netherlands,Public,Q4.9,Report the following air pollution data for the jurisdiction.,4,Row 4,Number of days exceeding air quality guidelines/standards (times/year),0,,2023,Links: https://www.dcmr.nl/sites/default/files/2024-03/Lucht%20in%20cijfers%202023.pdf ,"The WHO 2021 air quality guidelines state that annual average concentrations of PM2.5 should not exceed 5µg/m3, PM10 should not exceed 15 µg/m3, For Nitrogen dioxide (NO2) annual average concentrations should not exceed 10 µg/m3. New (2021) WHO standards for NO2, PM10 and PM2.5 are exceeded for all monitoring stations. "
2025 Disclosure Cycle,779465,CDP,31180,Región Metropolitana de Santiago,City,Latin America,Chile,Public,Q4.9,Report the following air pollution data for the jurisdiction.,2,Row 2,Particulate Matter PM2.5 concentration (annual average) level (ug/m3),79.0,10.0,2023.0,https://airechile.mma.gob.cl/comunas/santiago ,https://sinca.mma.gob.cl/
2025 Disclosure Cycle,779465,CDP,31180,Región Metropolitana de Santiago,City,Latin America,Chile,Public,Q4.9,Report the following air pollution data for the jurisdiction.,3,Row 3,Number of days exceeding air quality guidelines/standards (times/year),42.0,,2022.0,https://airerm.mma.gob.cl/,"La Gestión de Episodios Críticos (GEC) 2023 de la Región Metropolitana, instancia que incluye medidas como la Restricción Vehicular y la paralización de industrias cuando se declara un episodio por mala calidad del aire en Santiago. Este rige entre el 1 de mayo y el 31 de agosto de cada año."
2025 Disclosure Cycle,779465,CDP,31181,"City of Philadelphia, PA",City,North America,United States of America,Public,Q4.9,Report the following air pollution data for the jurisdiction.,1,Row 1,Particulate Matter PM2.5 concentration (annual average) level (ug/m3),10.23,10,2023,https://www.phila.gov/services/mental-physical-health/environmental-health-hazards/air-quality/#philadelphia-air-monitoring-network\nhttps://www.phila.gov/documents/air-management-reports-and-documents/,measured in PPM - annual air quality standard is an average at or below 53 ppm. 75 new sensors coming for PM2.5 and NO2
2025 Disclosure Cycle,779465,CDP,31181,"City of Philadelphia, PA",City,North America,United States of America,Public,Q4.9,Report the following air pollution data for the jurisdiction.,2,Row 2,Number of days exceeding air quality guidelines/standards (times/year),14,,2023,https://www.epa.gov/outdoor-air-quality-data/air-quality-index-report,Days at or above 101 on AQI
2025 Disclosure Cycle,779465,CDP,31182,"City of San Francisco, CA",City,North America,United States of America,Public,Q4.9,Report the following air pollution data for the jurisdiction.,2,Row 2,Particulate Matter PM2.5 concentration (annual average) level (ug/m3),6.6,1.0,2024,https://www.baaqmd.gov/about-air-quality/current-air-quality/air-monitoring-data/#/airp?date=2024-01-01&id=316&view=monthly&style=chart&zone=2a5e64eb-ca0b-4aaf-b619-2e18f48e2a28,"The Bay Area Air Quality Management District (BAAQMD) was created by the California Legislature in 1955 as the first regional air pollution control agency in the US. BAAQMD regulates stationary air pollution sources across the nine counties that make up the San Francisco Bay Area. There is one air monitoring station for San Francisco located on Arkansas St, which is on the east side of the city in a dense commercial/industrial and multifamily residential zone. This station is also located within a half-mile of two major freeways (Interstate 80 and Interstate 280). The federal health standard for PM 2.5 is 35 micrograms averaged over a 24-hour period."
2025 Disclosure Cycle,779465,CDP,31182,"City of San Francisco, CA",City,North America,United States of America,Public,Q4.9,Report the following air pollution data for the jurisdiction.,3,Row 3,"Other air pollution metric: Carbon Monoxide, pptm (parts per ten million)",10,1.0,2024,https://www.baaqmd.gov/about-air-quality/current-air-quality/air-monitoring-data/#/airp?date=2024-01-01&id=13&view=monthly&style=chart&zone=2a5e64eb-ca0b-4aaf-b619-2e18f48e2a28,"The Bay Area Air Quality Management District (BAAQMD) was created by the California Legislature in 1955 as the first regional air pollution control agency in the US. BAAQMD regulates stationary air pollution sources across the nine counties that make up the San Francisco Bay Area. There is one air monitoring station for San Francisco located on Arkansas St, which is on the east side of the city in a dense commercial/industrial and multifamily residential zone. This station is also located within a half-mile of two major freeways (Interstate 80 and Interstate 280). The federal health standard for carbon monoxide is 90 parts per ten million averaged over an eight-hour period."
2025 Disclosure Cycle,779465,CDP,31182,"City of San Francisco, CA",City,North America,United States of America,Public,Q4.9,Report the following air pollution data for the jurisdiction.,4,Row 4,Other air pollution metric: Ozone ppb,51,1.0,2024,https://www.baaqmd.gov/about-air-quality/current-air-quality/air-monitoring-data/#/airp?date=2024-01-01&id=59&view=monthly&style=chart&zone=2a5e64eb-ca0b-4aaf-b619-2e18f48e2a28,The federal health standard for ozone is 70 parts per billion (ppb) averaged over an eight-hour period. 
2025 Disclosure Cycle,779465,CDP,31182,"City of San Francisco, CA",City,North America,United States of America,Public,Q4.9,Report the following air pollution data for the jurisdiction.,5,Row 5,NO2 concentration (annual average) level (ug/m3),7,1,2024,https://www.baaqmd.gov/about-air-quality/current-air-quality/air-monitoring-data/#/airp?date=2024-01-01&id=126&view=monthly&style=chart,The federal health standard for NO2 is 100 parts per billion averaged over one hour.
2025 Disclosure Cycle,779465,CDP,31184,Prefeitura de São Paulo,City,Latin America,Brazil,Public,Q4.9,Report the following air pollution data for the jurisdiction.,1,Row 1,Particulate Matter PM2.5 concentration (annual average) level (ug/m3),17.4,18,2024,https://cetesb.sp.gov.br/ar/qualar/ ,"Para acessar o documento, é necessário realizar um cadastro, uma vez que não é possível inserir anexos dos relatórios nessa resposta."
2025 Disclosure Cycle,779465,CDP,31184,Prefeitura de São Paulo,City,Latin America,Brazil,Public,Q4.9,Report the following air pollution data for the jurisdiction.,2,Row 2,NO2 concentration (annual average) level (ug/m3),39.5,9,2024,https://cetesb.sp.gov.br/ar/qualar/ ,"Para acessar o documento, é necessário realizar um cadastro, uma vez que não é possível inserir anexos dos relatórios nessa resposta."
2025 Disclosure Cycle,779465,CDP,31184,Prefeitura de São Paulo,City,Latin America,Brazil,Public,Q4.9,Report the following air pollution data for the jurisdiction.,3,Row 3,Other air pollution metric: Dióxido de Enxofre - SO2 (média anual) (µg/m3),1.75,4,2024,https://cetesb.sp.gov.br/ar/qualar/ ,"Para acessar o documento, é necessário realizar um cadastro, uma vez que não é possível inserir anexos dos relatórios nessa resposta."
2025 Disclosure Cycle,779465,CDP,31184,Prefeitura de São Paulo,City,Latin America,Brazil,Public,Q4.9,Report the following air pollution data for the jurisdiction.,4,Row 4,"Other air pollution metric: Número de dias que excedem as diretrizes/normas de qualidade do ar (vezes/ano) PM2,5",176,18,2024,https://cetesb.sp.gov.br/ar/qualar/ ,"Para acessar o documento, é necessário realizar um cadastro, uma vez que não é possível inserir anexos dos relatórios nessa resposta."
2025 Disclosure Cycle,779465,CDP,31184,Prefeitura de São Paulo,City,Latin America,Brazil,Public,Q4.9,Report the following air pollution data for the jurisdiction.,5,Row 5,"Other air pollution metric: Número de dias que excedem as diretrizes/normas de qualidade do ar (vezes/ano) PM2,5 manual",2,2,2024,https://cetesb.sp.gov.br/ar/qualar/ ,"Para acessar o documento, é necessário realizar um cadastro, uma vez que não é possível inserir anexos dos relatórios nessa resposta."
2025 Disclosure Cycle,779465,CDP,31184,Prefeitura de São Paulo,City,Latin America,Brazil,Public,Q4.9,Report the following air pollution data for the jurisdiction.,6,Row 6,Other air pollution metric: Número de dias que excedem as diretrizes/normas de qualidade do ar (vezes/ano) NO2,4,9,2024,https://cetesb.sp.gov.br/ar/qualar/ ,"Para acessar o documento, é necessário realizar um cadastro, uma vez que não é possível inserir anexos dos relatórios nessa resposta."
2025 Disclosure Cycle,779465,CDP,31184,Prefeitura de São Paulo,City,Latin America,Brazil,Public,Q4.9,Report the following air pollution data for the jurisdiction.,7,Row 7,Other air pollution metric: Número de dias que excedem as diretrizes/normas de qualidade do ar (vezes/ano) SO2 manual,0,4,2024,https://cetesb.sp.gov.br/ar/qualar/ ,"Para acessar o documento, é necessário realizar um cadastro, uma vez que não é possível inserir anexos dos relatórios nessa resposta."
2025 Disclosure Cycle,779465,CDP,31185,City of Warsaw,City,Europe,Poland,Public,Q4.9,Report the following air pollution data for the jurisdiction.,1,Row 1,Other air pollution metric: pm10,23.2,9,2024,https://iot.warszawa.pl/mapa?filter=air,Official City of Warsaw service with air pollution data
2025 Disclosure Cycle,779465,CDP,31185,City of Warsaw,City,Europe,Poland,Public,Q4.9,Report the following air pollution data for the jurisdiction.,2,Row 2,NO2 concentration (annual average) level (ug/m3),26.5,6,2024,https://iot.warszawa.pl/mapa?filter=air,Official City of Warsaw service with air pollution data
2025 Disclosure Cycle,779465,CDP,31185,City of Warsaw,City,Europe,Poland,Public,Q4.9,Report the following air pollution data for the jurisdiction.,3,Row 3,Particulate Matter PM2.5 concentration (annual average) level (ug/m3),14.9,7,2024,https://iot.warszawa.pl/mapa?filter=air,Official City of Warsaw service with air pollution data
2025 Disclosure Cycle,779465,CDP,31185,City of Warsaw,City,Europe,Poland,Public,Q4.9,Report the following air pollution data for the jurisdiction.,4,Row 4,Other air pollution metric: C2OH12,1,3,2024,https://iot.warszawa.pl/mapa?filter=air,Official City of Warsaw service with air pollution data
2025 Disclosure Cycle,779465,CDP,31185,City of Warsaw,City,Europe,Poland,Public,Q4.9,Report the following air pollution data for the jurisdiction.,5,Row 5,Number of days exceeding air quality guidelines/standards (times/year),24,,2024,https://iot.warszawa.pl/mapa?filter=air,The data concerns the average daily exceedance of the permissible particulate matter PM 10 concetration
2025 Disclosure Cycle,779465,CDP,31186,Changwon City,City,South East Asia & Oceania,Korea (The Republic of),Public,Q4.9,Report the following air pollution data for the jurisdiction.,1,Row 1,Particulate Matter PM2.5 concentration (annual average) level (ug/m3),19,13,2023,https://www.airkorea.or.kr/web/,"1. 미세먼지(PM2.5) 연평균 농도 - 19 ㎍/㎥\n\n창원시의 PM2.5 연평균 농도는 19 ㎍/㎥로, 국내 대도시 평균과 유사하며 안정적인 수준을 유지하고 있습니다.\n\n국가 환경기준(연평균 15 ㎍/㎥) 대비 다소 높은 수치이나, 지속적인 관리정책을 통해 개선 가능성이 큰 지표입니다.\n\n특히 미세먼지 계절관리제, 산업단지 배출 저감사업, 친환경차 확대 등 시 차원의 대응이 강화되고 있어 향후 점진적 개선이 기대됩니다."
2025 Disclosure Cycle,779465,CDP,31186,Changwon City,City,South East Asia & Oceania,Korea (The Republic of),Public,Q4.9,Report the following air pollution data for the jurisdiction.,2,Row 2,NO2 concentration (annual average) level (ug/m3),16.2,13,2023,https://www.airkorea.or.kr/web/,"2. NO₂(이산화질소) 연평균 농도 - 16.2 ㎍/㎥\n\nNO₂ 농도는 16.2 ㎍/㎥로, 전국 평균 수준과 유사하며 안정적으로 관리되고 있습니다.\n\n교통 및 산업단지 요인이 영향을 미치고 있으나, 창원시의 전기버스 도입, 수소경제 실현 전략, 친환경차 인프라 확충은 중장기적으로 NO₂ 저감에 크게 기여할 전망입니다.\n\n국제 기준 대비 여전히 개선 여지가 있으나, 시의 정책적 노력으로 긍정적인 추세 전환이 가능하다고 평가됩니다."
2025 Disclosure Cycle,779465,CDP,31186,Changwon City,City,South East Asia & Oceania,Korea (The Republic of),Public,Q4.9,Report the following air pollution data for the jurisdiction.,3,Row 3,Number of days exceeding air quality guidelines/standards (times/year),20,,2023,https://www.airkorea.or.kr/web/,"3. 대기질 지침/기준 초과 일수 - 연 20일\n\n연간 20일의 기준 초과일수는 국내 대도시와 유사한 수준으로, 관리 가능한 범위 내에 있습니다.\n\n이는 겨울철 난방, 봄철 황사 등 계절적 요인에 기인하는 부분이 크며, 시 차원의 계절별 대응정책(예: 고농도 계절관리제, 난방효율 개선, 생활부문 저감대책)을 통해 점진적으로 줄여나가고 있습니다.\n\n이미 초과일수 감소를 위한 기반정책이 추진 중이므로, 향후 지표 개선 효과가 더욱 뚜렷해질 것으로 예상됩니다."
2025 Disclosure Cycle,779465,CDP,31187,Seoul Metropolitan Government,City,South East Asia & Oceania,Korea (The Republic of),Public,Q4.9,Report the following air pollution data for the jurisdiction.,1,Row 1,Particulate Matter PM2.5 concentration (annual average) level (ug/m3),18,25,2024,https://cleanair.seoul.go.kr/,㎍/㎥
2025 Disclosure Cycle,779465,CDP,31187,Seoul Metropolitan Government,City,South East Asia & Oceania,Korea (The Republic of),Public,Q4.9,Report the following air pollution data for the jurisdiction.,2,Row 2,NO2 concentration (annual average) level (ug/m3),0.019,25.0,2024,https://cleanair.seoul.go.kr/,ppm 
2025 Disclosure Cycle,779465,CDP,31187,Seoul Metropolitan Government,City,South East Asia & Oceania,Korea (The Republic of),Public,Q4.9,Report the following air pollution data for the jurisdiction.,3,Row 3,Number of days exceeding air quality guidelines/standards (times/year),4,,2024,https://cleanair.seoul.go.kr/,PM10: 4 days / year (daily average)\nPM2.5: 28 days/ year (daily average)\nO3: 101 days/ year (8-hour average)
2025 Disclosure Cycle,779465,CDP,31187,Seoul Metropolitan Government,City,South East Asia & Oceania,Korea (The Republic of),Public,Q4.9,Report the following air pollution data for the jurisdiction.,4,Row 4,Other air pollution metric: PM10,31,25,2024,https://cleanair.seoul.go.kr/,㎍/㎥
2025 Disclosure Cycle,779465,CDP,31187,Seoul Metropolitan Government,City,South East Asia & Oceania,Korea (The Republic of),Public,Q4.9,Report the following air pollution data for the jurisdiction.,5,Row 5,Other air pollution metric: O3,33,25,2024,https://cleanair.seoul.go.kr/,ppb
2025 Disclosure Cycle,779465,CDP,31187,Seoul Metropolitan Government,City,South East Asia & Oceania,Korea (The Republic of),Public,Q4.9,Report the following air pollution data for the jurisdiction.,6,Row 6,Other air pollution metric: SO2,0.0027,25,2024,https://cleanair.seoul.go.kr/,ppm
2025 Disclosure Cycle,779465,CDP,31187,Seoul Metropolitan Government,City,South East Asia & Oceania,Korea (The Republic of),Public,Q4.9,Report the following air pollution data for the jurisdiction.,7,Row 7,Other air pollution metric: CO,0.41,25,2024,https://cleanair.seoul.go.kr/,ppm
2025 Disclosure Cycle,779465,CDP,31446,Taipei City Government,City,China,East Asia,Public,Q4.9,Report the following air pollution data for the jurisdiction.,1,Row 1,Particulate Matter PM2.5 concentration (annual average) level (ug/m3),11.1,3,2024,https://airtw.moenv.gov.tw/CHT/EnvMonitoring/Central/spm.aspx,"In 2024, Taipei City's annual average PM2.5 concentration was calculated based on data from the Wanhua and Shilin monitoring stations, using the arithmetic mean of the daily average PM2.5 values across the year."
2025 Disclosure Cycle,779465,CDP,32480,City of Adelaide,City,South East Asia & Oceania,Australia,Public,Q4.9,Report the following air pollution data for the jurisdiction.,1,Row 1,No air pollution data to report,,,,,"A network of microclimate sensors was installed in August 2024 to obtain air temperature, humidity and air pressure data. A later phase of this project will include obtaining air pollution data."
2025 Disclosure Cycle,779465,CDP,32550,"City of Denver, CO",City,North America,United States of America,Public,Q4.9,Report the following air pollution data for the jurisdiction.,2,Row 2,Number of days exceeding air quality guidelines/standards (times/year),3752,,2024,https://docs.google.com/spreadsheets/d/1BHUei0iDaE2EvSIrD4KAN9xy9mQQWhLDAgZtA1iFSl4/edit#gid=0,Represents the number of Ozone Action Alert Days for the Colorado Front Range which includes Denver.
2025 Disclosure Cycle,779465,CDP,35268,"City of Boston, MA",City,North America,United States of America,Public,Q4.9,Report the following air pollution data for the jurisdiction.,1,Row 1,NO2 concentration (annual average) level (ug/m3),20.7,4,2023,https://www.epa.gov/outdoor-air-quality-data/air-quality-statistics-report ,From 2023 EPA Air Quality Statistics Report for the Boston metro area (assuming 15 degrees Celsius as default measuring temperature). Original value: 11 ppb.
2025 Disclosure Cycle,779465,CDP,35268,"City of Boston, MA",City,North America,United States of America,Public,Q4.9,Report the following air pollution data for the jurisdiction.,2,Row 2,Particulate Matter PM2.5 concentration (annual average) level (ug/m3),7.9,4,2023,https://www.epa.gov/outdoor-air-quality-data/air-quality-statistics-report,From 2023 EPA Air Quality Statistics Report for the Boston metro area
2025 Disclosure Cycle,779465,CDP,35475,"City of Calgary, AB",City,North America,Canada,Public,Q4.9,Report the following air pollution data for the jurisdiction.,1,Row 1,Number of days exceeding air quality guidelines/standards (times/year),8,,2024,https://calgary.weatherstats.ca/charts/count_health_index_4-yearly.html \n\nhttps://climate-and-environment-dashboard-thecityofcalgary.hub.arcgis.com/pages/metrics ,"The number of days where the Air Quality index was greater than 4 is closely correlated to the amount of smoke from wildfires in the Calgary region, which saw 200 smoke hours in 2024. "
2025 Disclosure Cycle,779465,CDP,35475,"City of Calgary, AB",City,North America,Canada,Public,Q4.9,Report the following air pollution data for the jurisdiction.,2,Row 2,Other air pollution metric: smoke hours,200,1,2024,Environment and Climate Change Canada historical data download for the Calgary International Airport ,Further data analysis was performed on conditions to determine the number of hours reported as smoky by the observer at the airport \n
2025 Disclosure Cycle,779465,CDP,35852,Ankara Metropolitan Municipality,City,UKWW,Türkiye,Public,Q4.9,Report the following air pollution data for the jurisdiction.,1,Row 1,Particulate Matter PM2.5 concentration (annual average) level (ug/m3),28,12,2024,https://aqicn.org/city/ankara/,"The annual average PM2.5 level in Ankara is significantly above the WHO guideline of 5 µg/m³. Data represent the average of 12 continuous monitoring stations operated by MoEUCC. Major sources include road transport, domestic heating (especially coal and biomass use in low-income districts), construction activities, and secondary aerosol formation. Concentrations are generally higher during winter due to increased heating demand and stagnant atmospheric conditions. AMM collaborates with MoEUCC and universities to integrate satellite data and ground measurements to refine PM2.5 estimates."
2025 Disclosure Cycle,779465,CDP,35852,Ankara Metropolitan Municipality,City,UKWW,Türkiye,Public,Q4.9,Report the following air pollution data for the jurisdiction.,2,Row 2,NO2 concentration (annual average) level (ug/m3),32,10,2024,https://aqicn.org/city/ankara/,"NO2 levels in Ankara remain above the WHO annual guideline of 10 µg/m³. Traffic emissions are the main contributor, particularly from diesel vehicles and congested road corridors. Local peaks are recorded near highways and central districts with dense traffic. Although natural gas has replaced coal in most urban areas, the increase in private vehicle ownership continues to offset gains in emission reduction. Data are reported by MoEUCC using reference-grade monitors."
2025 Disclosure Cycle,779465,CDP,35852,Ankara Metropolitan Municipality,City,UKWW,Türkiye,Public,Q4.9,Report the following air pollution data for the jurisdiction.,3,Row 3,Number of days exceeding air quality guidelines/standards (times/year),180,,2024,https://aqicn.org/city/ankara/,"The WHO guideline states that 24-hour PM2.5 levels should not exceed 15 µg/m³ more than 3-4 times per year. In Ankara, daily exceedances occurred on ~180 days in 2024, indicating persistent exposure risks for residents. Exceedances are most frequent in winter months due to heating, but also occur in summer during dust transport episodes from surrounding arid regions. These events intensify respiratory health risks, particularly for children, elderly, and vulnerable health groups."
2025 Disclosure Cycle,779465,CDP,35852,Ankara Metropolitan Municipality,City,UKWW,Türkiye,Public,Q4.9,Report the following air pollution data for the jurisdiction.,4,Row 4,Number of days exceeding air quality guidelines/standards (times/year),70,,2024,https://aqicn.org/city/ankara/,"Ozone concentrations in Ankara are influenced by photochemical reactions during summer, particularly under stagnant meteorological conditions. The WHO guideline for O₃ (60 µg/m³, maximum daily 8-hour mean) is exceeded on several occasions, with average annual values around 70 µg/m³. Exposure to high ozone episodes contributes to increased hospital admissions for asthma and COPD. Data collected by MoEUCC and cross-validated with European Air Quality reference methods."
2025 Disclosure Cycle,779465,CDP,35853,"City of Baltimore, MD",City,North America,United States of America,Public,Q4.9,Report the following air pollution data for the jurisdiction.,1,Row 1,Number of days exceeding air quality guidelines/standards (times/year),7,,2023,https://gispub.epa.gov/airnow/?contours=none&monitors=ozonepm&xmin=-8626377.26415189&xmax=-8431921.464194328&ymin=4717364.133231094&ymax=4787991.947366623 ,"Baltimore City 2023 reported 242 Good Days, 116 Moderate, 4 for Unhealthy for Sensitive Groups and 3 ranked as Unhealthy."
2025 Disclosure Cycle,779465,CDP,35853,"City of Baltimore, MD",City,North America,United States of America,Public,Q4.9,Report the following air pollution data for the jurisdiction.,2,Row 2,NO2 concentration (annual average) level (ug/m3),24,2,2023,https://www.epa.gov/outdoor-air-quality-data/air-quality-index-report,NO2 experienced the lowest amount of days reported by the EPA air quality index. No CO was captured in this dataset.
2025 Disclosure Cycle,779465,CDP,35853,"City of Baltimore, MD",City,North America,United States of America,Public,Q4.9,Report the following air pollution data for the jurisdiction.,3,Row 3,Particulate Matter PM2.5 concentration (annual average) level (ug/m3),176,2,2023,https://www.epa.gov/outdoor-air-quality-data/air-quality-index-report,No PM10 were collected by this dataset.
2025 Disclosure Cycle,779465,CDP,35853,"City of Baltimore, MD",City,North America,United States of America,Public,Q4.9,Report the following air pollution data for the jurisdiction.,4,Row 4,Other air pollution metric: O3,165,2,2023,https://www.epa.gov/outdoor-air-quality-data/air-quality-index-report,O3 increased by 67 days from 2021 data capture.
2025 Disclosure Cycle,779465,CDP,35856,Busan Metropolitan City,City,South East Asia & Oceania,Korea (The Republic of),Public,Q4.9,Report the following air pollution data for the jurisdiction.,1,Row 1,Particulate Matter PM2.5 concentration (annual average) level (ug/m3),14,33,2023,https://www.airkorea.or.kr/web/detailViewDown?pMENU_NO=125\n\nhttps://book.busan.go.kr/Viewer/5V1O9G3ODNQM,"2023년 전국 평균 19 ㎍/m^3\nSource : 에어코리아 2024년 대기환경연보\nhttps://www.airkorea.or.kr/web/detailViewDown?pMENU_NO=125\n\n2023년 기준 부산광역시는 도시대기측정소 28개 지점, 도로변대기측정소 4개 지점, 자체측정소 1개지점으로 총 33개소의 대기환경측정망과 초미세먼지(PM 2.5) 성분조사 3개지점을 운영하고 있음.\nSource : 2024년 부산광역시 대기질 평가보고서\nhttps://www.busan.go.kr/depart/abirinfo02"
2025 Disclosure Cycle,779465,CDP,35856,Busan Metropolitan City,City,South East Asia & Oceania,Korea (The Republic of),Public,Q4.9,Report the following air pollution data for the jurisdiction.,2,Row 2,NO2 concentration (annual average) level (ug/m3),0.013,33,2023,https://www.airkorea.or.kr/web/detailViewDown?pMENU_NO=125\n\nhttps://book.busan.go.kr/Viewer/5V1O9G3ODNQM,"2023년 전국 평균 0.0135 ppm\nSource : 에어코리아 2024년 대기환경연보\nhttps://www.airkorea.or.kr/web/detailViewDown?pMENU_NO=125\n\n2023년 기준 부산광역시는 도시대기측정소 28개 지점, 도로변대기측정소 4개 지점, 자체측정소 1개지점으로 총 33개소의 대기환경측정망과 초미세먼지(PM 2.5) 성분조사 3개지점을 운영하고 있음.\nSource : 2024년 부산광역시 대기질 평가보고서\nhttps://www.busan.go.kr/depart/abirinfo02"
2025 Disclosure Cycle,779465,CDP,35856,Busan Metropolitan City,City,South East Asia & Oceania,Korea (The Republic of),Public,Q4.9,Report the following air pollution data for the jurisdiction.,3,Row 3,Other air pollution metric: PM 10 annual average level( ㎍/m^3),26,33,2023,https://www.airkorea.or.kr/web/detailViewDown?pMENU_NO=125\n\nhttps://book.busan.go.kr/Viewer/5V1O9G3ODNQM,"2023년 전국 평균 37 ㎍/m^3\nSource : 에어코리아 2024년 대기환경연보\nhttps://www.airkorea.or.kr/web/detailViewDown?pMENU_NO=125\n\n2023년 기준 부산광역시는 도시대기측정소 28개 지점, 도로변대기측정소 4개 지점, 자체측정소 1개지점으로 총 33개소의 대기환경측정망과 초미세먼지(PM 2.5) 성분조사 3개지점을 운영하고 있음.\nSource : 2024년 부산광역시 대기질 평가보고서\nhttps://www.busan.go.kr/depart/abirinfo02"
2025 Disclosure Cycle,779465,CDP,35856,Busan Metropolitan City,City,South East Asia & Oceania,Korea (The Republic of),Public,Q4.9,Report the following air pollution data for the jurisdiction.,4,Row 4,Other air pollution metric: CO annual average level(ppm),0.32,33,2023,https://www.airkorea.or.kr/web/detailViewDown?pMENU_NO=125\n\nhttps://book.busan.go.kr/Viewer/5V1O9G3ODNQM,"2023년 전국 평균 0.39ppm\nSource : 에어코리아 2024년 대기환경연보\nhttps://www.airkorea.or.kr/web/detailViewDown?pMENU_NO=125\n\n2023년 기준 부산광역시는 도시대기측정소 28개 지점, 도로변대기측정소 4개 지점, 자체측정소 1개지점으로 총 33개소의 대기환경측정망과 초미세먼지(PM 2.5) 성분조사 3개지점을 운영하고 있음.\nSource : 2024년 부산광역시 대기질 평가보고서\nhttps://www.busan.go.kr/depart/abirinfo02"
2025 Disclosure Cycle,779465,CDP,35858,City of Cape Town,City,UKWW,South Africa,Public,Q4.9,Report the following air pollution data for the jurisdiction.,2,Row 2,Particulate Matter PM2.5 concentration (annual average) level (ug/m3),11,8,2024,https://saaqis.environment.gov.za/ ,"The South African Air Quality Information System (SAAQIS) is a web based interactive air quality information system which seeks to provide the state of air quality information to citizens, and it is a research portal for strengthening policy development related to air quality issues.\n*In 2024, the Khayelitsha monitoring station was not in operation.\n"
2025 Disclosure Cycle,779465,CDP,35858,City of Cape Town,City,UKWW,South Africa,Public,Q4.9,Report the following air pollution data for the jurisdiction.,3,Row 3,NO2 concentration (annual average) level (ug/m3),12,10,2024,https://saaqis.environment.gov.za/ ,"The South African Air Quality Information System (SAAQIS) is a web based interactive air quality information system which seeks to provide the state of air quality information to citizens, and it is a research portal for strengthening policy development related to air quality issues.\n*During 2024, the Bothasig and Khayelitsha monitoring stations were not in operation. \n"
2025 Disclosure Cycle,779465,CDP,35858,City of Cape Town,City,UKWW,South Africa,Public,Q4.9,Report the following air pollution data for the jurisdiction.,4,Row 4,Number of days exceeding air quality guidelines/standards (times/year),19,,2024,https://saaqis.environment.gov.za/ ,"The South African Air Quality Information System (SAAQIS) is a web based interactive air quality information system which seeks to provide the state of air quality information to citizens, and it is a research portal for strengthening policy development related to air quality issues.\n*The increase could in part be attributed to improved data recovery.\n"
2025 Disclosure Cycle,779465,CDP,35858,City of Cape Town,City,UKWW,South Africa,Public,Q4.9,Report the following air pollution data for the jurisdiction.,5,Row 5,Other air pollution metric: SO2 concentration (annual average) level (µg/m³),7,8,2024,https://saaqis.environment.gov.za/,"The South African Air Quality Information System (SAAQIS) is a web based interactive air quality information system which seeks to provide the state of air quality information to citizens, and it is a research portal for strengthening policy development related to air quality issues.\n*During 2024, the Bothasig and Khayelitsha monitoring stations were not in operation.\n"
2025 Disclosure Cycle,779465,CDP,35858,City of Cape Town,City,UKWW,South Africa,Public,Q4.9,Report the following air pollution data for the jurisdiction.,6,Row 6,Other air pollution metric: O3 concentration. (annual average) level (µg/m³),43,7,2024,https://saaqis.environment.gov.za/ ,"The South African Air Quality Information System (SAAQIS) is a web based interactive air quality information system which seeks to provide the state of air quality information to citizens, and it is a research portal for strengthening policy development related to air quality issues.\nThe notable increase from 2023 to 2024 may be attributed to improved data recovery in 2024. This improvement is likely due to reduced loadshedding, which positively impacted data availability. Additionally, there were more stations monitoring ozone in 2024 compared to 2023, contributing to the higher data volume.\n"
2025 Disclosure Cycle,779465,CDP,35858,City of Cape Town,City,UKWW,South Africa,Public,Q4.9,Report the following air pollution data for the jurisdiction.,7,Row 7,Other air pollution metric: CO2 concentration (annual average) level (ppm),537,2,2024,https://saaqis.environment.gov.za/ ,"The South African Air Quality Information System (SAAQIS) is a web based interactive air quality information system which seeks to provide the state of air quality information to citizens, and it is a research portal for strengthening policy development related to air quality issues.\n*The CO₂ analyser at the Atlantis monitoring station was out of service throughout 2024\n"
2025 Disclosure Cycle,779465,CDP,35858,City of Cape Town,City,UKWW,South Africa,Public,Q4.9,Report the following air pollution data for the jurisdiction.,8,Row 8,Other air pollution metric: H2S concentration. (annual average) level (µg/m³),9,1,2024,https://saaqis.environment.gov.za/ ,"The South African Air Quality Information System (SAAQIS) is a web based interactive air quality information system which seeks to provide the state of air quality information to citizens, and it is a research portal for strengthening policy development related to air quality issues."
2025 Disclosure Cycle,779465,CDP,35858,City of Cape Town,City,UKWW,South Africa,Public,Q4.9,Report the following air pollution data for the jurisdiction.,9,Row 9,Other air pollution metric: PM10 concentration. (annual average) level (µg/m³),27,8,2024,https://saaqis.environment.gov.za/ ,"The South African Air Quality Information System (SAAQIS) is a web based interactive air quality information system which seeks to provide the state of air quality information to citizens, and it is a research portal for strengthening policy development related to air quality issues\n*In 2024, the Khayelitsha monitoring station was not in operation.\n"
2025 Disclosure Cycle,779465,CDP,35860,"City of Dallas, TX",City,North America,United States of America,Public,Q4.9,Report the following air pollution data for the jurisdiction.,2,Row 2,Other air pollution metric: Annual 8 hour average Ozone level. This is the EPA 'Design Value' for North Texas.,76.0,20.0,2023.0,https://www.tceq.texas.gov/cgi-bin/compliance/monops/8hr_attainment.pl,"The National Ambient Air Quality Standard (NAAQS) for ozone is 70 ppb. The most recent complete year Design Value for Dallas is 76 ppb. Dallas and all of North Texas do not meet the ozone NAAQS and are under a federally mandated State Implementation Plan (SIP). Ozone levels have shown improvements in recent years. However, increased heat and drought associated with a changing climate may exacerbate the problem with ozone. Currently, Dallas is in severe non-attainment with an attainment deadline of July 2027. The number of air quality monitoring stations in the Dallas Ft Worth metroplex is 20. DFW area stations were provided, instead of only ones within City of Dallas limits, as ozone is a regional issue that is being worked on collectively through the Texas Commission on Environmental Quality TCEQ and with the North Central Texas Council of Governments. "
2025 Disclosure Cycle,779465,CDP,35863,eThekwini Municipality,City,UKWW,South Africa,Public,Q4.9,Report the following air pollution data for the jurisdiction.,1,Row 1,Particulate Matter PM2.5 concentration (annual average) level (ug/m3),20,3,2023,https://saaqis.environment.gov.za/,The PM2.5 levels are to be kept below the standard of 20ug/m3. There is a fluctuation about this average. With some areas being higher and other lower. The challenge is being able to meet the 2030 standards where this is level is expected to be reduced to 15ug/m3
2025 Disclosure Cycle,779465,CDP,35864,Ekurhuleni Metropolitan Municipality,City,UKWW,South Africa,Public,Q4.9,Report the following air pollution data for the jurisdiction.,2,Row 2,Particulate Matter PM2.5 concentration (annual average) level (ug/m3),33.0,4.0,2022.0,https://saaqis.environment.gov.za/,"The SAAQIS website is a National Platform developed by the Department of Environmental Affairs, Fisheries and Forestry. The website allows all stakeholders to have access to air quality real time data. Using the website stakeholders can interrogate emissions at all stations that are located within the City. The City did not the National Ambient air Quality Standard for the year 2021 & 2022. The City wide PM2.5 average for 2021 was 37,1022 µg/m3 and 33, 2947 µg/m3 in 2022. The 2021 average is based on 3 functional analyzers out of four, while the 2022 average is based on no non-functional analyzers (all four were working). The standard for PM2.5 is 20µg/m3, therefore the City exceeded this in both these years. The City has not met the National Ambient Air Quality standards for PM10 & PM2.5 for the following reasons: transboundary air pollution - the City is adjacent to large metropolitan municipalities and sits within the Highveld Priority Area therefore making it challenging to control air pollution within the city boundary. The City is also an industrial hub in the Gauteng Province, and this contributes towards increased concentrations of pollutants."
2025 Disclosure Cycle,779465,CDP,35864,Ekurhuleni Metropolitan Municipality,City,UKWW,South Africa,Public,Q4.9,Report the following air pollution data for the jurisdiction.,3,Row 3,Other air pollution metric: Particulate Matter PM10 concentration (annual average) level (ug/m3),61.0,4.0,2022.0,https://saaqis.environment.gov.za/,"The City did not meet the National Ambient air Quality Standard for the year 2021 & 2022. The City wide PM10 for 2021 was 68,892046 µg/m3, and 60, 854059 µg/m3 for 2022. This is based on 5 National Air Quality Indicator Stations, in 2021 only 3 of these provided data and in 2022 only 4 of these stations were functional and provided data. The standard for PM10 is 40µg/m3, therefore the city exceeded this in both these reported years. The City has not met the National Ambient Air Quality standards for PM10 & PM2.5 for the following reasons: transboundary air pollution - the City is adjacent to large metropolitan municipalities and sits within the Highveld Priority Area therefore making it challenging to control air pollution within the city boundary. The City is also an industrial hub in the Gauteng Province, and this contributes towards increased concentrations of pollutants."
2025 Disclosure Cycle,779465,CDP,35864,Ekurhuleni Metropolitan Municipality,City,UKWW,South Africa,Public,Q4.9,Report the following air pollution data for the jurisdiction.,4,Row 4,Other air pollution metric: NO2 concentration (annual average) level (ppb)),18.0,1.0,2022.0,https://saaqis.environment.gov.za/,"The city met the National Ambient air Quality Standards for the year 2021 & 2022. The NO2 average in 2021 was 16,850197 ppb and in 2022 this was 18, 441855 ppb. This is based on one station that was operational during these two years, and as such the figures are not a true reflection of metro wide NO2 emissions in these years. "
2025 Disclosure Cycle,779465,CDP,35864,Ekurhuleni Metropolitan Municipality,City,UKWW,South Africa,Public,Q4.9,Report the following air pollution data for the jurisdiction.,5,Row 5,Other air pollution metric: SO2 concentration (annual average) level (ppb),7.0,4.0,2022.0,https://saaqis.environment.gov.za/,
2025 Disclosure Cycle,779465,CDP,35865,Municipality of Fortaleza,City,Latin America,Brazil,Public,Q4.9,Report the following air pollution data for the jurisdiction.,1,Row 1,Particulate Matter PM2.5 concentration (annual average) level (ug/m3),13.5,26,2024,https://urbanismoemeioambiente.fortaleza.ce.gov.br/urbanismo-e-meio-ambiente/767-relatorio-de-monitoramento,"Parâmetro MP 2,5 (µg/m³).A estação utilizada para o monitoramento, registra continuamente, hora a hora, 24 horas por dia, as concentrações de diversos parâmetros de qualidade do ar e meteorologia.\n\nAlém disso, Fortaleza atualmente conta com 25 monitores de baixo custo da Rede de Monitoramento da Qualidade do Ar de Fortaleza para medir os dados de poluição do ar."
2025 Disclosure Cycle,779465,CDP,35865,Municipality of Fortaleza,City,Latin America,Brazil,Public,Q4.9,Report the following air pollution data for the jurisdiction.,2,Row 2,NO2 concentration (annual average) level (ug/m3),7.62,26,2024,https://urbanismoemeioambiente.fortaleza.ce.gov.br/urbanismo-e-meio-ambiente/767-relatorio-de-monitoramento,"Parâmetro NO2 (µg/m³). A estação utilizada para o monitoramento, registra continuamente, hora a hora, 24 horas por dia, as concentrações de diversos parâmetros de qualidade do ar e meteorologia.\n\nAlém disso, Fortaleza atualmente conta com 25 monitores de baixo custo da Rede de Monitoramento da Qualidade do Ar de Fortaleza para medir os dados de poluição do ar."
2025 Disclosure Cycle,779465,CDP,35865,Municipality of Fortaleza,City,Latin America,Brazil,Public,Q4.9,Report the following air pollution data for the jurisdiction.,3,Row 3,Other air pollution metric: Monóxido de Carbono - CO,31,26,2024,https://urbanismoemeioambiente.fortaleza.ce.gov.br/urbanismo-e-meio-ambiente/767-relatorio-de-monitoramento,"Parâmetro MP 10 (µg/m³). A estação utilizada para o monitoramento, registra continuamente, hora a hora, 24 horas por dia, as concentrações de diversos parâmetros de qualidade do ar e meteorologia.\n\nAlém disso, Fortaleza atualmente conta com 25 monitores de baixo custo da Rede de Monitoramento da Qualidade do Ar de Fortaleza para medir os dados de poluição do ar."
2025 Disclosure Cycle,779465,CDP,35865,Municipality of Fortaleza,City,Latin America,Brazil,Public,Q4.9,Report the following air pollution data for the jurisdiction.,4,Row 4,Other air pollution metric: Dióxido de Enxofre - SO2,9,26,2024,https://urbanismoemeioambiente.fortaleza.ce.gov.br/urbanismo-e-meio-ambiente/767-relatorio-de-monitoramento,"Parâmetro SO2 (µg/m³). A estação utilizada para o monitoramento, registra continuamente, hora a hora, 24 horas por dia, as concentrações de diversos parâmetros de qualidade do ar e meteorologia.\n\nAlém disso, Fortaleza atualmente conta com 25 monitores de baixo custo da Rede de Monitoramento da Qualidade do Ar de Fortaleza para medir os dados de poluição do ar."
2025 Disclosure Cycle,779465,CDP,35865,Municipality of Fortaleza,City,Latin America,Brazil,Public,Q4.9,Report the following air pollution data for the jurisdiction.,5,Row 5,Other air pollution metric: Material Particulado <10µm,40,26,2024,https://urbanismoemeioambiente.fortaleza.ce.gov.br/urbanismo-e-meio-ambiente/767-relatorio-de-monitoramento,"Parâmetro O3 (µg/m³). A estação utilizada para o monitoramento, registra continuamente, hora a hora, 24 horas por dia, as concentrações de diversos parâmetros de qualidade do ar e meteorologia.\n\nAlém disso, Fortaleza atualmente conta com 25 monitores de baixo custo da Rede de Monitoramento da Qualidade do Ar de Fortaleza para medir os dados de poluição do ar."
2025 Disclosure Cycle,779465,CDP,35865,Municipality of Fortaleza,City,Latin America,Brazil,Public,Q4.9,Report the following air pollution data for the jurisdiction.,6,Row 6,Other air pollution metric: Ozônio - O3,0.3,26,2024,https://urbanismoemeioambiente.fortaleza.ce.gov.br/urbanismo-e-meio-ambiente/767-relatorio-de-monitoramento,"Parâmetro CO (ppm). A estação utilizada para o monitoramento, registra continuamente, hora a hora, 24 horas por dia, as concentrações de diversos parâmetros de qualidade do ar e meteorologia.\n\nAlém disso, Fortaleza atualmente conta com 25 monitores de baixo custo da Rede de Monitoramento da Qualidade do Ar de Fortaleza para medir os dados de poluição do ar."
2025 Disclosure Cycle,779465,CDP,35865,Municipality of Fortaleza,City,Latin America,Brazil,Public,Q4.9,Report the following air pollution data for the jurisdiction.,7,Row 7,Other air pollution metric: Índice de Qualidade do Ar (IQAr),39,26,2024,https://urbanismoemeioambiente.fortaleza.ce.gov.br/urbanismo-e-meio-ambiente/767-relatorio-de-monitoramento,"Parâmetro IQAR - Índice de Qualidade do Ar . A estação utilizada para o monitoramento, registra continuamente, hora a hora, 24 horas por dia, as concentrações de diversos parâmetros de qualidade do ar e meteorologia.\n\nAlém disso, Fortaleza atualmente conta com 25 monitores de baixo custo da Rede de Monitoramento da Qualidade do Ar de Fortaleza para medir os dados de poluição do ar."
2025 Disclosure Cycle,779465,CDP,35867,Region Metropolitana de Guadalajara,City,Latin America,Mexico,Public,Q4.9,Report the following air pollution data for the jurisdiction.,1,Row 1,Particulate Matter PM2.5 concentration (annual average) level (ug/m3),31.25,10,2023,https://aire.jalisco.gob.mx/Dhistoricos,"Datos Históricos de la Calidad del Aire (2023), con información disponible desde 1996."
2025 Disclosure Cycle,779465,CDP,35867,Region Metropolitana de Guadalajara,City,Latin America,Mexico,Public,Q4.9,Report the following air pollution data for the jurisdiction.,2,Row 2,Number of days exceeding air quality guidelines/standards (times/year),107,,2023,https://aire.jalisco.gob.mx/reportes2020,Comparativo de Calidad del Aire en el AMG (2023).
2025 Disclosure Cycle,779465,CDP,35867,Region Metropolitana de Guadalajara,City,Latin America,Mexico,Public,Q4.9,Report the following air pollution data for the jurisdiction.,3,Row 3,NO2 concentration (annual average) level (ug/m3),0.016,10,2021,https://aire.jalisco.gob.mx/Dhistoricos,"Datos Históricos de la Calidad del Aire (2023), con información disponible desde 1996."
2025 Disclosure Cycle,779465,CDP,35870,"City of Miami, FL",City,North America,United States of America,Public,Q4.9,Report the following air pollution data for the jurisdiction.,1,Row 1,Number of days exceeding air quality guidelines/standards (times/year),48,,2023,https://www.epa.gov/outdoor-air-quality-data/air-quality-index-report,Miami-Dade County EPA Data 2023 Air Quality Index Report. More recent data is not available. 
2025 Disclosure Cycle,779465,CDP,35870,"City of Miami, FL",City,North America,United States of America,Public,Q4.9,Report the following air pollution data for the jurisdiction.,2,Row 2,Particulate Matter PM2.5 concentration (annual average) level (ug/m3),2.4,1,2023,https://www.iqair.com/usa/florida/miami,Miami Air quality index - iqair
2025 Disclosure Cycle,779465,CDP,35870,"City of Miami, FL",City,North America,United States of America,Public,Q4.9,Report the following air pollution data for the jurisdiction.,3,Row 3,NO2 concentration (annual average) level (ug/m3),2.4,1,2021,https://view.officeapps.live.com/op/view.aspx?src=https%3A%2F%2Fcdn.who.int%2Fmedia%2Fdocs%2Fdefault-source%2Fair-pollution-documents%2Fair-quality-and-health%2Fwho_ambient_air_quality_database_version_2024_(v6.1).xlsx%3Fsfvrsn%3Dc504c0cd_3%26download%3Dtrue&wdOrigin=BROWSELINK,WHO air quality database -Miami Fort Lauderdale West Palm Beach FL/USA Annual mean concentration of nitrogen dioxide (µg/m3)
2025 Disclosure Cycle,779465,CDP,35871,City of Monterrey,City,Latin America,Mexico,Public,Q4.9,Report the following air pollution data for the jurisdiction.,1,Row 1,Particulate Matter PM2.5 concentration (annual average) level (ug/m3),24.5,3,2024,http://aire.nl.gob.mx/icars2020/map_calidad_icars.php,"Debido al crecimiento económico y urbano, en la Zona Metropolitana de Monterrey se han realizado cambios en el uso de suelo, lo cual ha impactado en las emisiones de contaminantes hacia la atmósfera. \n\nEl Sistema Integral de Monitoreo Ambiental cuenta con 15 estaciones de monitoreo a nivel estatal, de las cuales 3 se ubican en la ciudad de Monterrey. \n\nCada estación de monitoreo mide la exposición de los siguientes contaminantes: \n\n1. PM10\n2. PM 2.5 \n3. Ozono \n4. Dióxido de Azufre \n5. Dióxido de Nitrógeno \n6. Monóxido de Carbono "
2025 Disclosure Cycle,779465,CDP,35871,City of Monterrey,City,Latin America,Mexico,Public,Q4.9,Report the following air pollution data for the jurisdiction.,2,Row 2,Number of days exceeding air quality guidelines/standards (times/year),211,,2024,https://www.observatoriodelaire.com/,
2025 Disclosure Cycle,779465,CDP,35872,Municipality of Recife,City,Latin America,Brazil,Public,Q4.9,Report the following air pollution data for the jurisdiction.,1,Row 1,No air pollution data to report,,,,,
2025 Disclosure Cycle,779465,CDP,35873,Medellín,City,Latin America,Colombia,Public,Q4.9,Report the following air pollution data for the jurisdiction.,1,Row 1,Particulate Matter PM2.5 concentration (annual average) level (ug/m3),19.125,12,2024,https://www.metropol.gov.co/ambiental/calidad-del-aire/Paginas/Herramientas-de-gestion/Resumenes-anuales-de-calidad-del-aire.aspx,"Mediciones realizadas periódicamente por el Área Metropolitana del Valle de Aburrá, entidad que desempeña papel de autoridad ambiental urbana en la jurisdicción de Medellín y su zona metropolitana. El valor corresponde al promedio anual (2024) de un total de 12 estaciones de monitoreo que miden el contaminante."
2025 Disclosure Cycle,779465,CDP,35873,Medellín,City,Latin America,Colombia,Public,Q4.9,Report the following air pollution data for the jurisdiction.,2,Row 2,NO2 concentration (annual average) level (ug/m3),38.26,5,2024,https://www.metropol.gov.co/ambiental/calidad-del-aire/Paginas/Herramientas-de-gestion/Resumenes-anuales-de-calidad-del-aire.aspx,"Mediciones realizadas periódicamente por el Área Metropolitana del Valle de Aburrá, entidad que desempeña papel de autoridad ambiental urbana en la jurisdicción de Medellín y su zona metropolitana. El valor corresponde al promedio anual (2024) de un total de 5 estaciones de monitoreo evaluadas en la jurisdicción."
2025 Disclosure Cycle,779465,CDP,35873,Medellín,City,Latin America,Colombia,Public,Q4.9,Report the following air pollution data for the jurisdiction.,3,Row 3,Number of days exceeding air quality guidelines/standards (times/year),55,,2024,https://www.metropol.gov.co/ambiental/calidad-del-aire/Paginas/Herramientas-de-gestion/Resumenes-anuales-de-calidad-del-aire.aspx,Número de días en que se excede la norma permisible máxima colombiana para PM 2.5 en la estación de Tráfico Centro
2025 Disclosure Cycle,779465,CDP,35874,"City of Phoenix, AZ",City,North America,United States of America,Public,Q4.9,Report the following air pollution data for the jurisdiction.,1,Row 1,Other air pollution metric: Number of days during the year any ozone monitor exceeded the 2015 EPA National Ambient Air quality Standards of 70 ppb.,54,6,2024,https://www.maricopa.gov/1669/Air-Monitoring-Network-Plans-and-Assessm ,The ozone air pollution metric reported is the number of days during the year that any Maricopa County Air Quality Department ozone monitors exceed the EPA 2015 NAAQS standard of 70 ppb in 2023. 
2025 Disclosure Cycle,779465,CDP,35874,"City of Phoenix, AZ",City,North America,United States of America,Public,Q4.9,Report the following air pollution data for the jurisdiction.,2,Row 2,NO2 concentration (annual average) level (ug/m3),29.2,5.0,2024,https://www.maricopa.gov/DocumentCenter/View/106761/2025_AnnualMonitoringNetworkPlan ,
2025 Disclosure Cycle,779465,CDP,35874,"City of Phoenix, AZ",City,North America,United States of America,Public,Q4.9,Report the following air pollution data for the jurisdiction.,3,Row 3,Particulate Matter PM2.5 concentration (annual average) level (ug/m3),7.98,7,2024,https://www.maricopa.gov/DocumentCenter/View/106761/2025_AnnualMonitoringNetworkPlan ,
2025 Disclosure Cycle,779465,CDP,35883,"City of San José, CA",City,North America,United States of America,Public,Q4.9,Report the following air pollution data for the jurisdiction.,2,Row 2,Particulate Matter PM2.5 concentration (annual average) level (ug/m3),8.35,2,2024,https://www.baaqmd.gov/about-air-quality/current-air-quality/air-monitoring-data,Average of monthly values for 2 locations in San Jose. The highest hourly average concentration in 2024 was 331 which occurred at some point in June.
2025 Disclosure Cycle,779465,CDP,35883,"City of San José, CA",City,North America,United States of America,Public,Q4.9,Report the following air pollution data for the jurisdiction.,3,Row 3,NO2 concentration (annual average) level (ug/m3),10.8,2,2024,https://www.baaqmd.gov/about-air-quality/current-air-quality/air-monitoring-data,Average of monthly values for 2 locations in San Jose; data in ppb. The highest hourly average concentration in 2024 was 72 ppb which occurred at some point in October.
2025 Disclosure Cycle,779465,CDP,35884,"City of San Diego, CA",City,North America,United States of America,Public,Q4.9,Report the following air pollution data for the jurisdiction.,1,Row 1,Number of days exceeding air quality guidelines/standards (times/year),3,,2024,https://www.sdapcd.org/content/dam/sdapcd/documents/monitoring/2024-Network-Report.pdf,Ozone only Pg. 52 - Kearny Villa Rd. monitoring station.\n
2025 Disclosure Cycle,779465,CDP,35884,"City of San Diego, CA",City,North America,United States of America,Public,Q4.9,Report the following air pollution data for the jurisdiction.,2,Row 2,Particulate Matter PM2.5 concentration (annual average) level (ug/m3),8,5,2024,https://www.sdapcd.org/content/dam/sdapcd/documents/monitoring/2024-Network-Report.pdf,Pg 103 Annual mean at Kearny Villa Road
2025 Disclosure Cycle,779465,CDP,35884,"City of San Diego, CA",City,North America,United States of America,Public,Q4.9,Report the following air pollution data for the jurisdiction.,3,Row 3,NO2 concentration (annual average) level (ug/m3),11.4,5,2024,https://www.sdapcd.org/content/dam/sdapcd/documents/monitoring/2024-Network-Report.pdf,Annual Average is .006 ppm. \nPg 63 Kearny Villa Rd. \n
2025 Disclosure Cycle,779465,CDP,35885,Tel Aviv-Yafo Municipality,City,UKWW,Israel,Public,Q4.9,Report the following air pollution data for the jurisdiction.,2,Row 2,NO2 concentration (annual average) level (ug/m3),24.7,13,2024,https://air.sviva.gov.il/,
2025 Disclosure Cycle,779465,CDP,35885,Tel Aviv-Yafo Municipality,City,UKWW,Israel,Public,Q4.9,Report the following air pollution data for the jurisdiction.,3,Row 3,Particulate Matter PM2.5 concentration (annual average) level (ug/m3),14.8,13,2024,https://air.sviva.gov.il/,
2025 Disclosure Cycle,779465,CDP,35886,City of Turin,City,Europe,Italy,Public,Q4.9,Report the following air pollution data for the jurisdiction.,1,Row 1,NO2 concentration (annual average) level (ug/m3),33,4,2024,http://www.cittametropolitana.torino.it/cms/risorse/ambiente/dwd/qualita-aria/relazioni-annuali/Anteprima_2024.pdf,"In Turin there are four detection centers for NO2 concentration: the annual average levels for 2024 are 35, 29, 42 and 26 ug/m3."
2025 Disclosure Cycle,779465,CDP,35886,City of Turin,City,Europe,Italy,Public,Q4.9,Report the following air pollution data for the jurisdiction.,2,Row 2,Particulate Matter PM2.5 concentration (annual average) level (ug/m3),18,3,2024,http://www.cittametropolitana.torino.it/cms/risorse/ambiente/dwd/qualita-aria/relazioni-annuali/Anteprima_2024.pdf,"In Turin there are three detection centers for Particulate Matter PM2.5: the annual average levels for 2024 are 16, 20 and 18 ug/m3."
2025 Disclosure Cycle,779465,CDP,35886,City of Turin,City,Europe,Italy,Public,Q4.9,Report the following air pollution data for the jurisdiction.,3,Row 3,Number of days exceeding air quality guidelines/standards (times/year),44,,2024,http://www.cittametropolitana.torino.it/cms/risorse/ambiente/dwd/qualita-aria/relazioni-annuali/Anteprima_2024.pdf,"The Municipality of Turin issues data on the quality of the air, including concentration levels and number of days exceeding air quality standards regarding pollutants like NOx, SOx, CO, C6H6, PM10, PM2.5 and metals.\n44 represents the medium value of the 5 detection centers regarding the days exceeding air quality standards for the concentration of PM10 in 2024."
2025 Disclosure Cycle,779465,CDP,35894,"Ville de Montreal, QC",City,North America,Canada,Public,Q4.9,Report the following air pollution data for the jurisdiction.,1,Row 1,Number of days exceeding air quality guidelines/standards (times/year),22,,2024,https://donnees.montreal.ca/search?q=rsqa,https://montreal-prod.storage.googleapis.com/resources/87524efe-a74a-46bf-813f-61a0c01dbe27/fr_bilan_qualite_air_2024.pdf?X-Goog-Algorithm=GOOG4-RSA-SHA256&X-Goog-Credential=test-datapusher-delete%40amplus-data.iam.gserviceaccount.com%2F20250804%2Fauto%2Fstorage%2Fgoog4_request&X-Goog-Date=20250804T123831Z&X-Goog-Expires=604800&X-Goog-SignedHeaders=host&x-goog-signature=94302fbe95ce3c067dc534a99a411c3121282de66515bfde88af368ec9e70ffe6d166226cb3eff9ed86cb07e89ebff1b1f67040e27260e14c5ffd355545c68bdfb2dc9f1a802ec8ee6b052e3a07b9c60c494aa0b0cba448667ceaa9de3352ca0a55dabc32548b3cef3238bb3ed7356dc432ca7a121231b6db2611481a80f7603f3f9710fc66ef2c832fe61210c0626b491861877ece23ec705b85ab15b0bbb003b6a324e9188d97af61e0ee6246a0b18c5d14f4b18ddbd0019fdbec38381202db15498c8ca8214e565bd86bb453648790c693e7cd11842d4a90dcedc24337a4762e6927b351d38211367e29d3572b40e3d911de4b5aebd9eb4fd820d17e3b0fa
2025 Disclosure Cycle,779465,CDP,35898,Greater Manchester Combined Authority,City,UKWW,United Kingdom,Public,Q4.9,Report the following air pollution data for the jurisdiction.,1,Row 1,NO2 concentration (annual average) level (ug/m3),4,24,2024,https://downloads.ctfassets.net/tlpgbvy1k6h2/1DjJeKrzEKA1elyT5pVcAI/8494037e574f88380d1b25149b99ff6b/Greater_Manchester_Air_Quality_Annual_Status_Report_2024.pdf,
2025 Disclosure Cycle,779465,CDP,35914,Greater Hyderabad Municipal Corporation,City,India,India,Public,Q4.9,Report the following air pollution data for the jurisdiction.,1,Row 1,Particulate Matter PM2.5 concentration (annual average) level (ug/m3),35,26,2022,https://telangana-ccr.glensserver.com/#/aqi-portal-data,Under the National Ambient Air Quality Standard
2025 Disclosure Cycle,779465,CDP,35914,Greater Hyderabad Municipal Corporation,City,India,India,Public,Q4.9,Report the following air pollution data for the jurisdiction.,2,Row 2,NO2 concentration (annual average) level (ug/m3),23.3,26,2022,https://telangana-ccr.glensserver.com/#/aqi-portal-data,Under the National Ambient Air Quality Standard
2025 Disclosure Cycle,779465,CDP,35914,Greater Hyderabad Municipal Corporation,City,India,India,Public,Q4.9,Report the following air pollution data for the jurisdiction.,4,Row 4,Other air pollution metric: PM10,79.98,26,2022,https://telangana-ccr.glensserver.com/#/aqi-portal-data,Above the National Ambient Air Quality Standard
2025 Disclosure Cycle,779465,CDP,35914,Greater Hyderabad Municipal Corporation,City,India,India,Public,Q4.9,Report the following air pollution data for the jurisdiction.,5,Row 5,Other air pollution metric: SOx,5.6,26,2022,https://telangana-ccr.glensserver.com/#/aqi-portal-data,Under the National Ambient Air Quality Standard
2025 Disclosure Cycle,779465,CDP,35993,Singapore Government,City,South East Asia & Oceania,Singapore,Public,Q4.9,Report the following air pollution data for the jurisdiction.,1,Row 1,Particulate Matter PM2.5 concentration (annual average) level (ug/m3),12,,2024,https://tablebuilder.singstat.gov.sg/table/TS/M890641,annual data for 2024
2025 Disclosure Cycle,779465,CDP,35993,Singapore Government,City,South East Asia & Oceania,Singapore,Public,Q4.9,Report the following air pollution data for the jurisdiction.,2,Row 2,Other air pollution metric: Ozone concentration (maximum 8-hour average) level (ug/m3),129,,2024,https://tablebuilder.singstat.gov.sg/table/TS/M890641,annual data for 2024
2025 Disclosure Cycle,779465,CDP,35993,Singapore Government,City,South East Asia & Oceania,Singapore,Public,Q4.9,Report the following air pollution data for the jurisdiction.,3,Row 3,Other air pollution metric: Particulate Matter PM10 concentration (annual average) level (ug/m3),25,,2024,https://tablebuilder.singstat.gov.sg/table/TS/M890641,annual data for 2024
2025 Disclosure Cycle,779465,CDP,35993,Singapore Government,City,South East Asia & Oceania,Singapore,Public,Q4.9,Report the following air pollution data for the jurisdiction.,4,Row 4,Other air pollution metric: CO concentration (maximum 8-hour average) level mg/m3,1.4,,2024,https://tablebuilder.singstat.gov.sg/table/TS/M890641,annual data for 2024
2025 Disclosure Cycle,779465,CDP,35993,Singapore Government,City,South East Asia & Oceania,Singapore,Public,Q4.9,Report the following air pollution data for the jurisdiction.,5,Row 5,Other air pollution metric: CO concentration (maximum 1-hour average) level (mg/m3),1.6,,2024,https://tablebuilder.singstat.gov.sg/table/TS/M890641,annual data for 2024
2025 Disclosure Cycle,779465,CDP,35993,Singapore Government,City,South East Asia & Oceania,Singapore,Public,Q4.9,Report the following air pollution data for the jurisdiction.,6,Row 6,Other air pollution metric: Particulate Matter PM10 concentration (99th percentile 24-hr average) level (ug/m3),52,,2024,https://tablebuilder.singstat.gov.sg/table/TS/M890641,annual data for 2024
2025 Disclosure Cycle,779465,CDP,35993,Singapore Government,City,South East Asia & Oceania,Singapore,Public,Q4.9,Report the following air pollution data for the jurisdiction.,7,Row 7,Other air pollution metric: NO2 concentration (maximum 1-hour average) level (ug/m3),104,,2024,https://tablebuilder.singstat.gov.sg/table/TS/M890641,annual data for 2024
2025 Disclosure Cycle,779465,CDP,35993,Singapore Government,City,South East Asia & Oceania,Singapore,Public,Q4.9,Report the following air pollution data for the jurisdiction.,8,Row 8,Other air pollution metric: SO2 concentration (maximum 24-hour average) level (ug/m3),21,,2024,https://tablebuilder.singstat.gov.sg/table/TS/M890641,annual data for 2024
2025 Disclosure Cycle,779465,CDP,35993,Singapore Government,City,South East Asia & Oceania,Singapore,Public,Q4.9,Report the following air pollution data for the jurisdiction.,9,Row 9,NO2 concentration (annual average) level (ug/m3),23,,2024,https://tablebuilder.singstat.gov.sg/table/TS/M890641,annual data for 2024
2025 Disclosure Cycle,779465,CDP,35993,Singapore Government,City,South East Asia & Oceania,Singapore,Public,Q4.9,Report the following air pollution data for the jurisdiction.,10,Row 10,Other air pollution metric: Particulate Matter PM2.5 concentration (99th percentile 24-hr average) level (ug/m3),31,,2024,https://tablebuilder.singstat.gov.sg/table/TS/M890641,annual data for 2024
2025 Disclosure Cycle,779465,CDP,36032,Ville de Dakar,City,UKWW,Senegal,Public,Q4.9,Report the following air pollution data for the jurisdiction.,2,Row 2,Particulate Matter PM2.5 concentration (annual average) level (ug/m3),57.14,6.0,2010.0,,Cette valeur est fournie par le Centre de Suivi de la Qualité de l'Air de Dakar (CGQA) pour l'année 2019 et a été reportée dans la déclaration de la ville sur la qualité de l'air. 
2025 Disclosure Cycle,779465,CDP,36039,Accra Metropolitan Assembly,City,UKWW,Ghana,Public,Q4.9,Report the following air pollution data for the jurisdiction.,1,Row 1,Particulate Matter PM2.5 concentration (annual average) level (ug/m3),46,17,2024,breathaccra.org ,"Monthly average recording for January, June and December 2024"
2025 Disclosure Cycle,779465,CDP,36152,City of Tallinn,City,Europe,Estonia,Public,Q4.9,Report the following air pollution data for the jurisdiction.,1,Row 1,Particulate Matter PM2.5 concentration (annual average) level (ug/m3),4.6,3,2024,https://ohuseire.ee/,
2025 Disclosure Cycle,779465,CDP,36152,City of Tallinn,City,Europe,Estonia,Public,Q4.9,Report the following air pollution data for the jurisdiction.,2,Row 2,Number of days exceeding air quality guidelines/standards (times/year),8,,2024,https://ohuseire.ee/,
2025 Disclosure Cycle,779465,CDP,36152,City of Tallinn,City,Europe,Estonia,Public,Q4.9,Report the following air pollution data for the jurisdiction.,3,Row 3,NO2 concentration (annual average) level (ug/m3),10,3,2024,https://ohuseire.ee/,
2025 Disclosure Cycle,779465,CDP,36159,City of Lisbon,City,Europe,Portugal,Public,Q4.9,Report the following air pollution data for the jurisdiction.,1,Row 1,NO2 concentration (annual average) level (ug/m3),27,6,2023,https://qualar.apambiente.pt/,Local sensor network: https://lisboaaberta.cm-lisboa.pt/index.php/pt/dados/conjuntos-de-dados
2025 Disclosure Cycle,779465,CDP,36159,City of Lisbon,City,Europe,Portugal,Public,Q4.9,Report the following air pollution data for the jurisdiction.,2,Row 2,Particulate Matter PM2.5 concentration (annual average) level (ug/m3),7.5,2,2023,https://qualar.apambiente.pt/,Local sensor network: https://lisboaaberta.cm-lisboa.pt/index.php/pt/dados/conjuntos-de-dados
2025 Disclosure Cycle,779465,CDP,36159,City of Lisbon,City,Europe,Portugal,Public,Q4.9,Report the following air pollution data for the jurisdiction.,3,Row 3,Number of days exceeding air quality guidelines/standards (times/year),88,,2024,https://qualar.apambiente.pt/,"Refers to North metropolitan area of Lisbon. Includes 79 days with \'Average\' (médio) classification, which is under the air quality guideline "
2025 Disclosure Cycle,779465,CDP,36218,Fukuoka City,City,Japan,Japan,Public,Q4.9,Report the following air pollution data for the jurisdiction.,2,Row 2,Other air pollution metric: 光化学オキシダント（ppm）,0.036,9.0,2023,14表：https://www.city.fukuoka.lg.jp/soki/tokeichosa/shisei/toukei/toukeisyo/2024/toukeisyo2024-16.html,春吉測定局年平均値
2025 Disclosure Cycle,779465,CDP,36218,Fukuoka City,City,Japan,Japan,Public,Q4.9,Report the following air pollution data for the jurisdiction.,3,Row 3,NO2 concentration (annual average) level (ug/m3),0.009,16.0,2023,14表：https://www.city.fukuoka.lg.jp/soki/tokeichosa/shisei/toukei/toukeisyo/2024/toukeisyo2024-16.html,単位：ppm、春吉測定局年平均値
2025 Disclosure Cycle,779465,CDP,36218,Fukuoka City,City,Japan,Japan,Public,Q4.9,Report the following air pollution data for the jurisdiction.,4,Row 4,Other air pollution metric: 浮遊粒子状物質（mg／m3),0.016,16.0,2023,14表：https://www.city.fukuoka.lg.jp/soki/tokeichosa/shisei/toukei/toukeisyo/2024/toukeisyo2024-16.html,春吉測定局年平均値
2025 Disclosure Cycle,779465,CDP,36218,Fukuoka City,City,Japan,Japan,Public,Q4.9,Report the following air pollution data for the jurisdiction.,5,Row 5,Particulate Matter PM2.5 concentration (annual average) level (ug/m3),11.3,9.0,2023,14表：https://www.city.fukuoka.lg.jp/soki/tokeichosa/shisei/toukei/toukeisyo/2024/toukeisyo2024-16.html,春吉測定局年平均値
2025 Disclosure Cycle,779465,CDP,36218,Fukuoka City,City,Japan,Japan,Public,Q4.9,Report the following air pollution data for the jurisdiction.,6,Row 6,Other air pollution metric: SO2濃度（ppm）,0.001,4.0,2023,14表：https://www.city.fukuoka.lg.jp/soki/tokeichosa/shisei/toukei/toukeisyo/2024/toukeisyo2024-16.html,春吉測定局年平均値
2025 Disclosure Cycle,779465,CDP,36219,City of Sapporo,City,Japan,Japan,Public,Q4.9,Report the following air pollution data for the jurisdiction.,1,Row 1,Particulate Matter PM2.5 concentration (annual average) level (ug/m3),5.9,12,2024,https://air.city.sapporo.jp,市内全測定局舎年平均値
2025 Disclosure Cycle,779465,CDP,36219,City of Sapporo,City,Japan,Japan,Public,Q4.9,Report the following air pollution data for the jurisdiction.,2,Row 2,NO2 concentration (annual average) level (ug/m3),0.011,8,2024,https://air.city.sapporo.jp,市内全測定局舎年平均値（単位ppm）
2025 Disclosure Cycle,779465,CDP,36219,City of Sapporo,City,Japan,Japan,Public,Q4.9,Report the following air pollution data for the jurisdiction.,3,Row 3,Other air pollution metric: SO2濃度（ppm）,0.001,5,2024,https://air.city.sapporo.jp,市内全測定局舎年平均値
2025 Disclosure Cycle,779465,CDP,36219,City of Sapporo,City,Japan,Japan,Public,Q4.9,Report the following air pollution data for the jurisdiction.,4,Row 4,Other air pollution metric: 浮遊粒子状物質（mg/m3）,0.009,8,2024,https://air.city.sapporo.jp,市内全測定局舎年平均値
2025 Disclosure Cycle,779465,CDP,36219,City of Sapporo,City,Japan,Japan,Public,Q4.9,Report the following air pollution data for the jurisdiction.,5,Row 5,Other air pollution metric: 光化学オキシダント（ppm）,0.034,11,2024,https://air.city.sapporo.jp,市内全測定局舎年平均値
2025 Disclosure Cycle,779465,CDP,36285,City of Florence,City,Europe,Italy,Public,Q4.9,Report the following air pollution data for the jurisdiction.,1,Row 1,Particulate Matter PM2.5 concentration (annual average) level (ug/m3),12.5,2,2023,https://www.arpat.toscana.it/temi-ambientali/aria/qualita-aria/mappa_qa/index/pm2.5/tutte/01-10-2024\n\nAND\nhttps://www.arpat.toscana.it/temi-ambientali/aria/qualita-aria/indicatori_annuali/index/AGGLOMERATO-DI-FIRENZE/PM2_5/TUTTE/TUTTE,
2025 Disclosure Cycle,779465,CDP,36285,City of Florence,City,Europe,Italy,Public,Q4.9,Report the following air pollution data for the jurisdiction.,2,Row 2,NO2 concentration (annual average) level (ug/m3),20.67,6,2023,https://www.arpat.toscana.it/temi-ambientali/aria/qualita-aria/mappa_qa/index/no2/tutte/01-10-2024\n\nAND \nhttps://www.arpat.toscana.it/temi-ambientali/aria/qualita-aria/indicatori_annuali/index/AGGLOMERATO-DI-FIRENZE/NO2/TUTTE/TUTTE,
2025 Disclosure Cycle,779465,CDP,36285,City of Florence,City,Europe,Italy,Public,Q4.9,Report the following air pollution data for the jurisdiction.,3,Row 3,Number of days exceeding air quality guidelines/standards (times/year),0,,2023,"https://www.arpat.toscana.it/documentazione/catalogo-pubblicazioni-arpat/relazione-annuale-sullo-stato-della-qualita-dellaria-in-toscana-anno-2023\n\nAND https://www.arpat.toscana.it/documentazione/catalogo-pubblicazioni-arpat/relazione-annuale-sullo-stato-della-qualita-dellaria-in-toscana-anno-2023#:~:text=Nel%202023%20non%20ci%20sono,tutti%20i%20siti%20di%20monitoraggio.",
2025 Disclosure Cycle,779465,CDP,36285,City of Florence,City,Europe,Italy,Public,Q4.9,Report the following air pollution data for the jurisdiction.,4,Row 4,Other air pollution metric: CO,3,2,2023,https://www.arpat.toscana.it/temi-ambientali/aria/qualita-aria/mappa_qa/index/co/tutte/01-10-2024,
2025 Disclosure Cycle,779465,CDP,36285,City of Florence,City,Europe,Italy,Public,Q4.9,Report the following air pollution data for the jurisdiction.,5,Row 5,Other air pollution metric: SO2,10,2,2023,https://www.arpat.toscana.it/temi-ambientali/aria/qualita-aria/mappa_qa/index/so2/tutte/01-10-2024,
2025 Disclosure Cycle,779465,CDP,36410,"City of Memphis, TN",City,North America,United States of America,Public,Q4.9,Report the following air pollution data for the jurisdiction.,1,Row 1,No air pollution data to report,,,,,
2025 Disclosure Cycle,779465,CDP,36501,City of Prato,City,Europe,Italy,Public,Q4.9,Report the following air pollution data for the jurisdiction.,1,Row 1,Particulate Matter PM2.5 concentration (annual average) level (ug/m3),7.8,0,2024,Link\nhttps://www.iqair.com/it/italy/tuscany/prato?srsltid=AfmBOopYpm1go770zqVkbB4ZOXRmyQJuoZOsb7xxBm-FTn4DX9lTiMmH,Data Results in 09-09-2024
2025 Disclosure Cycle,779465,CDP,36501,City of Prato,City,Europe,Italy,Public,Q4.9,Report the following air pollution data for the jurisdiction.,2,Row 2,NO2 concentration (annual average) level (ug/m3),19,0,2024,Link\nhttps://www.iqair.com/it/italy/tuscany/prato?srsltid=AfmBOopYpm1go770zqVkbB4ZOXRmyQJuoZOsb7xxBm-FTn4DX9lTiMmH,Data Results in 09-09-2024
2025 Disclosure Cycle,779465,CDP,42120,City of Salvador,City,Latin America,Brazil,Public,Q4.9,Report the following air pollution data for the jurisdiction.,1,Row 1,NO2 concentration (annual average) level (ug/m3),12.06,10,2016,Não se aplica,"Dados de 2016 disponibilizados pela Fiocruz. O monitoramento da qualidade do ar é aferido através do SOPRAR/Salvador, uma ferramenta de mapeamento da qualidade do ar, que considera os aspectos físicos e dinâmicos que regem o transporte de poluentes atmosféricos resultando em concentrações nocivas. O sistema está operacionalizado na infraestrutura computacional da Plataforma de Bioinformática do IGM-FIOCRUZ e pode ser acessado através de um serviço WEB exclusivo. Baseia-se em uma cadeia de modelos numéricos atmosféricos (WRF-CHIMERE) que representam os processos físico-químicos, a meteorologia e a dispersão dos poluentes na área de interesse. O modelo meteorológico WRF é processado pelo CEMADEC e transferido para o servidor que hospeda o SOPRAR/Salvador via protocolo FTP. As simulações de transporte e química atmosférica (CHIMERE) são processadas diariamente produzindo mapas de previsão de concentrações de seis poluentes diferentes, incluindo material particulado inalável fino (PM2.5) e ozônio (O3), além de indicadores de qualidade do ar (baseados na metodologia da CETESB) para as próximas 48h com resolução de 3km."
2025 Disclosure Cycle,779465,CDP,42120,City of Salvador,City,Latin America,Brazil,Public,Q4.9,Report the following air pollution data for the jurisdiction.,2,Row 2,Particulate Matter PM2.5 concentration (annual average) level (ug/m3),12.5,10,2016,Não se aplica,"Dados de 2016 disponibilizados pela Fiocruz. O monitoramento da qualidade do ar é aferido através do SOPRAR/Salvador, uma ferramenta de mapeamento da qualidade do ar, que considera os aspectos físicos e dinâmicos que regem o transporte de poluentes atmosféricos resultando em concentrações nocivas. O sistema está operacionalizado na infraestrutura computacional da Plataforma de Bioinformática do IGM-FIOCRUZ e pode ser acessado através de um serviço WEB exclusivo. Baseia-se em uma cadeia de modelos numéricos atmosféricos (WRF-CHIMERE) que representam os processos físico-químicos, a meteorologia e a dispersão dos poluentes na área de interesse. O modelo meteorológico WRF é processado pelo CEMADEC e transferido para o servidor que hospeda o SOPRAR/Salvador via protocolo FTP. As simulações de transporte e química atmosférica (CHIMERE) são processadas diariamente produzindo mapas de previsão de concentrações de seis poluentes diferentes, incluindo material particulado inalável fino (PM2.5) e ozônio (O3), além de indicadores de qualidade do ar (baseados na metodologia da CETESB) para as próximas 48h com resolução de 3km."
2025 Disclosure Cycle,779465,CDP,42178,Distrito Metropolitano de Quito,City,Latin America,Ecuador,Public,Q4.9,Report the following air pollution data for the jurisdiction.,1,Row 1,NO2 concentration (annual average) level (ug/m3),24,8,2024,http://www.quitoambiente.gob.ec/index.php/politicas-y-planeacion-ambiental/red-de-monitoreo,Dato tomado del 2024\n\n\n
2025 Disclosure Cycle,779465,CDP,42178,Distrito Metropolitano de Quito,City,Latin America,Ecuador,Public,Q4.9,Report the following air pollution data for the jurisdiction.,2,Row 2,Particulate Matter PM2.5 concentration (annual average) level (ug/m3),14.1,8,2024,http://www.quitoambiente.gob.ec/index.php/politicas-y-planeacion-ambiental/red-de-monitoreo,Dato tomado del 2024\n\n
2025 Disclosure Cycle,779465,CDP,43905,"City of San Antonio, TX",City,North America,United States of America,Public,Q4.9,Report the following air pollution data for the jurisdiction.,1,Row 1,Number of days exceeding air quality guidelines/standards (times/year),11,,2024,"https://www.tceq.texas.gov/airquality/monops/historical-ozone-days\n\nhttps://cleanairinitiative.org/aqi/san-antonio/#:~:text=The%20air%20quality%20in%20San%20Antonio%2C%20Texas%20varies,to%20provide%20accurate%20AQI%20readings%20for%20San%20Antonio.",
2025 Disclosure Cycle,779465,CDP,43907,"City of Indianapolis, IN",City,North America,United States of America,Public,Q4.9,Report the following air pollution data for the jurisdiction.,1,Row 1,Number of days exceeding air quality guidelines/standards (times/year),5,,2024,https://www.in.gov/idem/airmonitoring/air-quality-data/,"The Office of Sustainability manages an air quality awareness campaign and initiative called Knozone. On days in which ground-level ozone and/or fine particulate matter (PM2. 5) are at unhealthy levels for sensitive groups or above, the Office of Sustainability will call a “Knozone Action Day” for the Central Indiana region. On these days the Office of Sustainability will work with media to disseminate communication around the risks of spending extended time outdoors due to poor air quality, especially as it relates to those most vulnerable. Residents are also urged to take action by choosing a cleaner commute, avoiding idling, and spreading the word to family and friends. For the past 10+ years, the Office of Sustainability has tracked the number of “Knozone Action Days.” Below are the totals, broken out by year. 2024 - 3 (As of October 8, 2024), 2023 - 22, 2022 - 8, 2021 - 4, 2020 - 9, 2019 - 5, 2018 - 11, 2017 - 6, 2016 - 11, 2015 - 2, 2014 - 0, 2013 - 0, 2012 - 21, 2011 - 9"
2025 Disclosure Cycle,779465,CDP,43907,"City of Indianapolis, IN",City,North America,United States of America,Public,Q4.9,Report the following air pollution data for the jurisdiction.,2,Row 2,Particulate Matter PM2.5 concentration (annual average) level (ug/m3),9.67,4,2024,https://www.in.gov/idem/airmonitoring/air-quality-data/,
2025 Disclosure Cycle,779465,CDP,43907,"City of Indianapolis, IN",City,North America,United States of America,Public,Q4.9,Report the following air pollution data for the jurisdiction.,3,Row 3,NO2 concentration (annual average) level (ug/m3),9,2,2024,https://www.in.gov/idem/airmonitoring/air-quality-data/,
2025 Disclosure Cycle,779465,CDP,43908,"City of Milwaukee, WI",City,North America,United States of America,Public,Q4.9,Report the following air pollution data for the jurisdiction.,1,Row 1,Particulate Matter PM2.5 concentration (annual average) level (ug/m3),3,29,2024,"https://www.iqair.com/air-quality-map/usa/wisconsin/milwaukee. From this website, you will see that the air quality varies between monitoring stations, so this value for PM 2.5 is an estimate.",
2025 Disclosure Cycle,779465,CDP,43908,"City of Milwaukee, WI",City,North America,United States of America,Public,Q4.9,Report the following air pollution data for the jurisdiction.,2,Row 2,Number of days exceeding air quality guidelines/standards (times/year),7,,2024,https://www.jsonline.com/story/news/local/2024/04/26/milwaukee-is-among-worst-in-u-s-for-ozone-pollution-2024-study-says/73441664007/; https://dnr.wisconsin.gov/topic/AirQuality/Monitor.html; https://www.mkefreshair.com/,We got the data for number of days exceeding air quality guidelines from here: https://www.lung.org/research/sota/city-rankings/states/wisconsin/milwaukee.
2025 Disclosure Cycle,779465,CDP,43908,"City of Milwaukee, WI",City,North America,United States of America,Public,Q4.9,Report the following air pollution data for the jurisdiction.,3,Row 3,NO2 concentration (annual average) level (ug/m3),40,29,2024,https://www.iqair.com/us/usa/wisconsin/milwaukee?srsltid=AfmBOopRf-JMSngY_LjfJceubT6yycm6A6__-bhP8H5AmHMLfYHdy2l6,
2025 Disclosure Cycle,779465,CDP,43908,"City of Milwaukee, WI",City,North America,United States of America,Public,Q4.9,Report the following air pollution data for the jurisdiction.,4,Row 4,Other air pollution metric: Ozone (O3),64.2,29,2024,https://www.iqair.com/us/usa/wisconsin/milwaukee?srsltid=AfmBOopRf-JMSngY_LjfJceubT6yycm6A6__-bhP8H5AmHMLfYHdy2l6,
2025 Disclosure Cycle,779465,CDP,43908,"City of Milwaukee, WI",City,North America,United States of America,Public,Q4.9,Report the following air pollution data for the jurisdiction.,5,Row 5,Other air pollution metric: PM 10,8.2,29,2024,https://www.iqair.com/us/usa/wisconsin/milwaukee?srsltid=AfmBOopRf-JMSngY_LjfJceubT6yycm6A6__-bhP8H5AmHMLfYHdy2l6,
2025 Disclosure Cycle,779465,CDP,43909,"City of Orlando, FL",City,North America,United States of America,Public,Q4.9,Report the following air pollution data for the jurisdiction.,1,Row 1,Particulate Matter PM2.5 concentration (annual average) level (ug/m3),6.84,5,2024,https://www.epa.gov/outdoor-air-quality-data/download-daily-data,"Particulate matter PM2.5 concentration (ug/m3) data for the city were obtained from the EPA's AirNow database, from which the annual average was subsequently derived. "
2025 Disclosure Cycle,779465,CDP,43909,"City of Orlando, FL",City,North America,United States of America,Public,Q4.9,Report the following air pollution data for the jurisdiction.,2,Row 2,NO2 concentration (annual average) level (ug/m3),25.5,3,2024,https://www.epa.gov/outdoor-air-quality-data/download-daily-data,"NO2 concentration (ug/m3) data for the city were obtained from the EPA's AirNow database, from which the annual average was subsequently derived. "
2025 Disclosure Cycle,779465,CDP,43909,"City of Orlando, FL",City,North America,United States of America,Public,Q4.9,Report the following air pollution data for the jurisdiction.,3,Row 3,Other air pollution metric: PM10,13.92,2,2024,https://www.epa.gov/outdoor-air-quality-data/download-daily-data,"Particulate matter PM10 concentration (ug/m3) data for the city were obtained from the EPA's AirNow database, from which the annual average was subsequently derived. "
2025 Disclosure Cycle,779465,CDP,43909,"City of Orlando, FL",City,North America,United States of America,Public,Q4.9,Report the following air pollution data for the jurisdiction.,4,Row 4,Other air pollution metric: OZone (ppm),0.04,5,2024,https://www.epa.gov/outdoor-air-quality-data/download-daily-data,"Ozone concentration (ppm) data for the city were obtained from the EPA's AirNow database, from which the annual average was subsequently derived. \n"
2025 Disclosure Cycle,779465,CDP,43909,"City of Orlando, FL",City,North America,United States of America,Public,Q4.9,Report the following air pollution data for the jurisdiction.,5,Row 5,Other air pollution metric: SO2 (ppb),1.116,1,2024,https://www.epa.gov/outdoor-air-quality-data/download-daily-data,"SO2 concentration (ppb) data for the city were obtained from the EPA's AirNow database, from which the annual average was subsequently derived. \n"
2025 Disclosure Cycle,779465,CDP,43909,"City of Orlando, FL",City,North America,United States of America,Public,Q4.9,Report the following air pollution data for the jurisdiction.,6,Row 6,Other air pollution metric: CO (ppm),0.494,3,2024,https://www.epa.gov/outdoor-air-quality-data/download-daily-data,"CO concentration (ppm) data for the city were obtained from the EPA's AirNow database, from which the annual average was subsequently derived. \n"
2025 Disclosure Cycle,779465,CDP,43910,"City of Columbus, OH",City,North America,United States of America,Public,Q4.9,Report the following air pollution data for the jurisdiction.,1,Row 1,Number of days exceeding air quality guidelines/standards (times/year),5,,2024,https://www.morpc.org/2023/wp-content/uploads/2025/03/MORPC_EOS_2024_FINAL_updated-1.pdf,"During the 2023-24 season, 5 exceedances of air pollution standards occurred, three for ozone and two for particulate matter.\n"
2025 Disclosure Cycle,779465,CDP,43911,"City of Ottawa, ON",City,North America,Canada,Public,Q4.9,Report the following air pollution data for the jurisdiction.,1,Row 1,Particulate Matter PM2.5 concentration (annual average) level (ug/m3),5.9,1,2022,https://www.airqualityontario.com/history/pollutant.php?stationid=51001&pol_code=124,Ottawa station is listed on the provincial website.
2025 Disclosure Cycle,779465,CDP,43911,"City of Ottawa, ON",City,North America,Canada,Public,Q4.9,Report the following air pollution data for the jurisdiction.,2,Row 2,NO2 concentration (annual average) level (ug/m3),6.1,1,2022,https://www.ontario.ca/document/air-quality-ontario-2022-report/10-year-trends-and-annual-results,Ottawa station is listed on the provincial website.
2025 Disclosure Cycle,779465,CDP,43911,"City of Ottawa, ON",City,North America,Canada,Public,Q4.9,Report the following air pollution data for the jurisdiction.,3,Row 3,Other air pollution metric: Ozone maximums,61,1,2022,https://www.ontario.ca/document/air-quality-ontario-2022-report/10-year-trends-and-annual-results,Ottawa station is listed on the provincial website.
2025 Disclosure Cycle,779465,CDP,43911,"City of Ottawa, ON",City,North America,Canada,Public,Q4.9,Report the following air pollution data for the jurisdiction.,4,Row 4,Other air pollution metric: SO2,0.3,1,2022,https://www.ontario.ca/document/air-quality-ontario-2022-report/10-year-trends-and-annual-results,Ottawa station is listed on the provincial website.
2025 Disclosure Cycle,779465,CDP,43912,"City of Edmonton, AB",City,North America,Canada,Public,Q4.9,Report the following air pollution data for the jurisdiction.,1,Row 1,Particulate Matter PM2.5 concentration (annual average) level (ug/m3),20,4,2023,https://capitalairshed.ca/,The Alberta Capital Airshed is a multistakeholder organization that collects and shares information about ambient air quality in the Alberta Capital Region.Value provided is an average across the 5 PM2.5 monitoring stations within Edmonton. The co-located PurpoleAir sensor at Woodcroft is not included in this average.
2025 Disclosure Cycle,779465,CDP,43912,"City of Edmonton, AB",City,North America,Canada,Public,Q4.9,Report the following air pollution data for the jurisdiction.,2,Row 2,Other air pollution metric: NO2 concentrations (annual average ppb),12.6,4,2023,https://capitalairshed.ca/,The Alberta Capital Airshed is a multistakeholder organization that collects and shares information about ambient air quality in the Alberta Capital Region.Value provided is an average across the 4 NO2 monitoring stations within Edmonton.
2025 Disclosure Cycle,779465,CDP,43912,"City of Edmonton, AB",City,North America,Canada,Public,Q4.9,Report the following air pollution data for the jurisdiction.,3,Row 3,Other air pollution metric: O3 concentration (annual average ppb),25.2,4.0,2023,https://capitalairshed.ca/,The Alberta Capital Airshed is a multistakeholder organization that collects and shares information about ambient air quality in the Alberta Capital Region.Value provided is an average across the 4 O3 monitoring stations within Edmonton.
2025 Disclosure Cycle,779465,CDP,43914,"City of Charlotte, NC",City,North America,United States of America,Public,Q4.9,Report the following air pollution data for the jurisdiction.,1,Row 1,Particulate Matter PM2.5 concentration (annual average) level (ug/m3),9,3,2024,https://airquality.mecknc.gov/data ,value: μg/m3^ - Annual
2025 Disclosure Cycle,779465,CDP,43914,"City of Charlotte, NC",City,North America,United States of America,Public,Q4.9,Report the following air pollution data for the jurisdiction.,2,Row 2,NO2 concentration (annual average) level (ug/m3),13,3,2024,https://airquality.mecknc.gov/data,value: ppb - Annual
2025 Disclosure Cycle,779465,CDP,43914,"City of Charlotte, NC",City,North America,United States of America,Public,Q4.9,Report the following air pollution data for the jurisdiction.,3,Row 3,Number of days exceeding air quality guidelines/standards (times/year),5,,2024,https://airquality.mecknc.gov/data,AQI > 100
2025 Disclosure Cycle,779465,CDP,43914,"City of Charlotte, NC",City,North America,United States of America,Public,Q4.9,Report the following air pollution data for the jurisdiction.,4,Row 4,Other air pollution metric: Carbon Monoxide,1.6,2,2024,https://airquality.mecknc.gov/data,CO: ppm - 8-hour max
2025 Disclosure Cycle,779465,CDP,43914,"City of Charlotte, NC",City,North America,United States of America,Public,Q4.9,Report the following air pollution data for the jurisdiction.,5,Row 5,Other air pollution metric: Ozone (O3),69,2,2024,https://airquality.mecknc.gov/data,value: ppb - 8-hour max
2025 Disclosure Cycle,779465,CDP,43917,Capital Municipality of Sofia,City,Europe,Bulgaria,Public,Q4.9,Report the following air pollution data for the jurisdiction.,1,Row 1,Particulate Matter PM2.5 concentration (annual average) level (ug/m3),8.71,3,2022,https://air2.sofia.bg/airpublic/air/data/forecasts/measures/list/,2022
2025 Disclosure Cycle,779465,CDP,43920,City of Ljubljana,City,Europe,Slovenia,Public,Q4.9,Report the following air pollution data for the jurisdiction.,1,Row 1,Number of days exceeding air quality guidelines/standards (times/year),21,,2024,http://hmljn.arso.gov.si/zrak/kakovost%20zraka/podatki/,The number of exceedances of the daily limit value of 50 µg/m3 for PM10 particles. Official data of the Slovenian Environment Agency.
2025 Disclosure Cycle,779465,CDP,43920,City of Ljubljana,City,Europe,Slovenia,Public,Q4.9,Report the following air pollution data for the jurisdiction.,2,Row 2,Particulate Matter PM2.5 concentration (annual average) level (ug/m3),14,1,2024,http://hmljn.arso.gov.si/zrak/kakovost%20zraka/podatki/,Official data of the Slovenian Environment Agency.
2025 Disclosure Cycle,779465,CDP,43921,City of Zagreb,City,Europe,Croatia,Public,Q4.9,Report the following air pollution data for the jurisdiction.,1,Row 1,Particulate Matter PM2.5 concentration (annual average) level (ug/m3),12.29,4,2023,https://iszz.azo.hr/iskzl/podatak.htm,"Average annual level of PM2,5 in µg/m3 is provided for the monitoring station Zagreb - Ksaverska cesta. Other stations provide values from 14 to 19."
2025 Disclosure Cycle,779465,CDP,43921,City of Zagreb,City,Europe,Croatia,Public,Q4.9,Report the following air pollution data for the jurisdiction.,2,Row 2,NO2 concentration (annual average) level (ug/m3),28,12,2023,https://iszz.azo.hr/iskzl/podatak.htm,"Average annual level of NO2 in µg/m3 is provided for the monitoring station Zagreb - 3. Other stations provide values from 15-35,1. Some of the stations do not have a large enough data set to provide accurate average annual levels. "
2025 Disclosure Cycle,779465,CDP,43930,Municipality of The Hague,City,Europe,Netherlands,Public,Q4.9,Report the following air pollution data for the jurisdiction.,1,Row 1,NO2 concentration (annual average) level (ug/m3),20.92,4,2023,https://www.luchtmeetnet.nl/meetpunten?component=NO2&station=NL10445,Air quality is constantly being monitored at three locations in the city. 
2025 Disclosure Cycle,779465,CDP,43932,Auckland Council,City,South East Asia & Oceania,New Zealand,Public,Q4.9,Report the following air pollution data for the jurisdiction.,2,Row 2,NO2 concentration (annual average) level (ug/m3),12.6,7,2024,https://environmentauckland.org.nz/Data/Dashboard/183,
2025 Disclosure Cycle,779465,CDP,43932,Auckland Council,City,South East Asia & Oceania,New Zealand,Public,Q4.9,Report the following air pollution data for the jurisdiction.,3,Row 3,Other air pollution metric: O3 concentration (annual average) level (ug/m3),39.9,1,2024,https://environmentauckland.org.nz/Data/Dashboard/183,
2025 Disclosure Cycle,779465,CDP,43932,Auckland Council,City,South East Asia & Oceania,New Zealand,Public,Q4.9,Report the following air pollution data for the jurisdiction.,4,Row 4,Other air pollution metric: Black Carbon concentration (annual average) level (ng/m3),796.9,2,2024,https://environmentauckland.org.nz/Data/Dashboard/183,
2025 Disclosure Cycle,779465,CDP,43932,Auckland Council,City,South East Asia & Oceania,New Zealand,Public,Q4.9,Report the following air pollution data for the jurisdiction.,5,Row 5,Number of days exceeding air quality guidelines/standards (times/year),0,,2024,https://environmentauckland.org.nz/Data/Dashboard/183,No exceedance of national air quality standards (NES)
2025 Disclosure Cycle,779465,CDP,43932,Auckland Council,City,South East Asia & Oceania,New Zealand,Public,Q4.9,Report the following air pollution data for the jurisdiction.,6,Row 6,Other air pollution metric: SO2 concentration (annual average) level (ug/m3),2.2,2,2024,https://environmentauckland.org.nz/Data/Dashboard/183,
2025 Disclosure Cycle,779465,CDP,43932,Auckland Council,City,South East Asia & Oceania,New Zealand,Public,Q4.9,Report the following air pollution data for the jurisdiction.,7,Row 7,Other air pollution metric: CO concentration (annual average) level (mg/m3),0.2,1,2024,https://environmentauckland.org.nz/Data/Dashboard/183,
2025 Disclosure Cycle,779465,CDP,43932,Auckland Council,City,South East Asia & Oceania,New Zealand,Public,Q4.9,Report the following air pollution data for the jurisdiction.,8,Row 8,Other air pollution metric: Particulate Matter PM10 concentration (annual average) level (ug/m3),13.2,8,2024,https://environmentauckland.org.nz/Data/Dashboard/183,\n\n
2025 Disclosure Cycle,779465,CDP,43932,Auckland Council,City,South East Asia & Oceania,New Zealand,Public,Q4.9,Report the following air pollution data for the jurisdiction.,9,Row 9,Particulate Matter PM2.5 concentration (annual average) level (ug/m3),5.4,6,2024,https://environmentauckland.org.nz/Data/Dashboard/183,\n
2025 Disclosure Cycle,779465,CDP,43938,"Environment and Climate Change Authority, Govt of Dubai",City,UKWW,United Arab Emirates,Public,Q4.9,Report the following air pollution data for the jurisdiction.,1,Row 1,NO2 concentration (annual average) level (ug/m3),36,14,2024,https://www.dsc.gov.ae/en-us/Themes/Pages/Climate-and-Environment.aspx?Theme=35,
2025 Disclosure Cycle,779465,CDP,43940,City of Malmö,City,Europe,Sweden,Public,Q4.9,Report the following air pollution data for the jurisdiction.,1,Row 1,Number of days exceeding air quality guidelines/standards (times/year),0,,2024,https://miljobarometern.malmo.se/,Data from highest measuring point
2025 Disclosure Cycle,779465,CDP,43940,City of Malmö,City,Europe,Sweden,Public,Q4.9,Report the following air pollution data for the jurisdiction.,2,Row 2,NO2 concentration (annual average) level (ug/m3),18.4,3,2024,https://miljobarometern.malmo.se/,Data from highest meassuring point
2025 Disclosure Cycle,779465,CDP,43940,City of Malmö,City,Europe,Sweden,Public,Q4.9,Report the following air pollution data for the jurisdiction.,3,Row 3,Particulate Matter PM2.5 concentration (annual average) level (ug/m3),7.6,3,2024,https://miljobarometern.malmo.se/,Data from highest meassuring point
2025 Disclosure Cycle,779465,CDP,43970,Alcaldía Distrital de Barranquilla,City,Latin America,Colombia,Public,Q4.9,Report the following air pollution data for the jurisdiction.,1,Row 1,Particulate Matter PM2.5 concentration (annual average) level (ug/m3),19.01,5,2025,https://barranquillaverde.gov.co/tematicas/calidad-del-aire/,
2025 Disclosure Cycle,779465,CDP,44076,Bursa Metropolitan Municipality,City,UKWW,Türkiye,Public,Q4.9,Report the following air pollution data for the jurisdiction.,1,Row 1,NO2 concentration (annual average) level (ug/m3),33.85,8,2024,https://sim.csb.gov.tr/STN/STN_Report/StationDataDownloadNew,
2025 Disclosure Cycle,779465,CDP,44076,Bursa Metropolitan Municipality,City,UKWW,Türkiye,Public,Q4.9,Report the following air pollution data for the jurisdiction.,2,Row 2,Particulate Matter PM2.5 concentration (annual average) level (ug/m3),25.02,4,2024,https://sim.csb.gov.tr/STN/STN_Report/StationDataDownloadNew,
2025 Disclosure Cycle,779465,CDP,44080,City of Kitakyushu,City,Japan,Japan,Public,Q4.9,Report the following air pollution data for the jurisdiction.,1,Row 1,Particulate Matter PM2.5 concentration (annual average) level (ug/m3),9.8,12,2023,http://www.taiki.pref.fukuoka.lg.jp/homepage/Jiho/OyWbJiho01.htm,単位は(μg/㎥)
2025 Disclosure Cycle,779465,CDP,44080,City of Kitakyushu,City,Japan,Japan,Public,Q4.9,Report the following air pollution data for the jurisdiction.,2,Row 2,NO2 concentration (annual average) level (ug/m3),0.01,17,2023,http://www.taiki.pref.fukuoka.lg.jp/homepage/Jiho/OyWbJiho02.htm,
2025 Disclosure Cycle,779465,CDP,44080,City of Kitakyushu,City,Japan,Japan,Public,Q4.9,Report the following air pollution data for the jurisdiction.,3,Row 3,Other air pollution metric: 二酸化いおう（SO2）(年間平均)レベル(ppm),0.001,8,2023,http://www.taiki.pref.fukuoka.lg.jp/homepage/Jiho/OyWbJiho02.htm,
2025 Disclosure Cycle,779465,CDP,44080,City of Kitakyushu,City,Japan,Japan,Public,Q4.9,Report the following air pollution data for the jurisdiction.,4,Row 4,Other air pollution metric: 一酸化炭素（CO）(年間平均)レベル(ppm),0.3,3,2023,http://www.taiki.pref.fukuoka.lg.jp/homepage/Jiho/OyWbJiho02.htm,
2025 Disclosure Cycle,779465,CDP,44080,City of Kitakyushu,City,Japan,Japan,Public,Q4.9,Report the following air pollution data for the jurisdiction.,5,Row 5,Other air pollution metric: 浮遊粒子状物質（SPM）(年間平均)レベル(ppm),0.016,14,2023,http://www.taiki.pref.fukuoka.lg.jp/homepage/Jiho/OyWbJiho02.htm,単位は(mg/㎥)
2025 Disclosure Cycle,779465,CDP,44080,City of Kitakyushu,City,Japan,Japan,Public,Q4.9,Report the following air pollution data for the jurisdiction.,6,Row 6,Other air pollution metric: 光化学オキシダント（Ox）(年間平均)レベル(ppm),0.034,14,2023,http://www.taiki.pref.fukuoka.lg.jp/homepage/Jiho/OyWbJiho02.htm,
2025 Disclosure Cycle,779465,CDP,44080,City of Kitakyushu,City,Japan,Japan,Public,Q4.9,Report the following air pollution data for the jurisdiction.,7,Row 7,Number of days exceeding air quality guidelines/standards (times/year),0,,2023,http://www.taiki.pref.fukuoka.lg.jp/homepage/Jiho/OyWbJiho02.htm,二酸化硫黄（SO2）
2025 Disclosure Cycle,779465,CDP,44080,City of Kitakyushu,City,Japan,Japan,Public,Q4.9,Report the following air pollution data for the jurisdiction.,8,Row 8,Number of days exceeding air quality guidelines/standards (times/year),0,,2023,http://www.taiki.pref.fukuoka.lg.jp/homepage/Jiho/OyWbJiho02.htm,一酸化炭素（CO）
2025 Disclosure Cycle,779465,CDP,44080,City of Kitakyushu,City,Japan,Japan,Public,Q4.9,Report the following air pollution data for the jurisdiction.,9,Row 9,Number of days exceeding air quality guidelines/standards (times/year),0,,2023,http://www.taiki.pref.fukuoka.lg.jp/homepage/Jiho/OyWbJiho02.htm,浮遊粒子状物資
2025 Disclosure Cycle,779465,CDP,44080,City of Kitakyushu,City,Japan,Japan,Public,Q4.9,Report the following air pollution data for the jurisdiction.,10,Row 10,Number of days exceeding air quality guidelines/standards (times/year),0,,2023,http://www.taiki.pref.fukuoka.lg.jp/homepage/Jiho/OyWbJiho02.htm,二酸化窒素（NO2）
2025 Disclosure Cycle,779465,CDP,44080,City of Kitakyushu,City,Japan,Japan,Public,Q4.9,Report the following air pollution data for the jurisdiction.,11,Row 11,Number of days exceeding air quality guidelines/standards (times/year),62,,2023,http://www.taiki.pref.fukuoka.lg.jp/homepage/Jiho/OyWbJiho02.htm,光化学オキシダント
2025 Disclosure Cycle,779465,CDP,44180,Daegu Metropolitan City,City,South East Asia & Oceania,Korea (The Republic of),Public,Q4.9,Report the following air pollution data for the jurisdiction.,1,Row 1,Number of days exceeding air quality guidelines/standards (times/year),5,,2024,https://air.daegu.go.kr/,PM10: 14 days / year (daily average)\nO3: 9 days/ year (8-hour average)
2025 Disclosure Cycle,779465,CDP,44180,Daegu Metropolitan City,City,South East Asia & Oceania,Korea (The Republic of),Public,Q4.9,Report the following air pollution data for the jurisdiction.,2,Row 2,Particulate Matter PM2.5 concentration (annual average) level (ug/m3),14,40,2024,https://air.daegu.go.kr/,Unit: ㎍/㎥
2025 Disclosure Cycle,779465,CDP,44180,Daegu Metropolitan City,City,South East Asia & Oceania,Korea (The Republic of),Public,Q4.9,Report the following air pollution data for the jurisdiction.,3,Row 3,NO2 concentration (annual average) level (ug/m3),0.0132,40,2024,https://air.daegu.go.kr/,Unit: ppm
2025 Disclosure Cycle,779465,CDP,44180,Daegu Metropolitan City,City,South East Asia & Oceania,Korea (The Republic of),Public,Q4.9,Report the following air pollution data for the jurisdiction.,4,Row 4,Other air pollution metric: PM10,27,40,2023,https://air.daegu.go.kr/,Unit: ㎍/㎥
2025 Disclosure Cycle,779465,CDP,44180,Daegu Metropolitan City,City,South East Asia & Oceania,Korea (The Republic of),Public,Q4.9,Report the following air pollution data for the jurisdiction.,5,Row 5,Other air pollution metric: O3,0.0328,40,2024,https://air.daegu.go.kr/,Unit: ppm
2025 Disclosure Cycle,779465,CDP,44180,Daegu Metropolitan City,City,South East Asia & Oceania,Korea (The Republic of),Public,Q4.9,Report the following air pollution data for the jurisdiction.,6,Row 6,Other air pollution metric: CO,0.42,40,2023,https://air.daegu.go.kr/,Unit: ppm
2025 Disclosure Cycle,779465,CDP,44180,Daegu Metropolitan City,City,South East Asia & Oceania,Korea (The Republic of),Public,Q4.9,Report the following air pollution data for the jurisdiction.,7,Row 7,Other air pollution metric: SO2,0.0022,40,2023,https://air.daegu.go.kr/,Unit: ppm
2025 Disclosure Cycle,779465,CDP,44181,Gwangju Metropolitan City,City,South East Asia & Oceania,Korea (The Republic of),Public,Q4.9,Report the following air pollution data for the jurisdiction.,1,Row 1,Particulate Matter PM2.5 concentration (annual average) level (ug/m3),17,9,2023,https://www.index.go.kr/unify/idx-info.do?idxCd=4275,
2025 Disclosure Cycle,779465,CDP,44184,Ulsan Metropolitan City,City,South East Asia & Oceania,Korea (The Republic of),Public,Q4.9,Report the following air pollution data for the jurisdiction.,1,Row 1,Particulate Matter PM2.5 concentration (annual average) level (ug/m3),16,22,2024,한국환경공단 관리 '에어코리아' 사이트 참조,한국환경공단 관리 '에어코리아' 사이트 참조
2025 Disclosure Cycle,779465,CDP,44184,Ulsan Metropolitan City,City,South East Asia & Oceania,Korea (The Republic of),Public,Q4.9,Report the following air pollution data for the jurisdiction.,2,Row 2,NO2 concentration (annual average) level (ug/m3),0.016,22,2024,한국환경공단 관리 '에어코리아' 사이트 참조,한국환경공단 관리 '에어코리아' 사이트 참조
2025 Disclosure Cycle,779465,CDP,44185,Suwon City,City,South East Asia & Oceania,Korea (The Republic of),Public,Q4.9,Report the following air pollution data for the jurisdiction.,1,Row 1,Particulate Matter PM2.5 concentration (annual average) level (ug/m3),20,8,2023,https://stat.kosis.kr/statHtml_host/statHtml.do?orgId=611&tblId=DT_L100003&conn_path=I2&dbUser=NSI_IN_611,"경기도 수원시, 경기도수원시기본통계, 2023, 2025.08.04, 대기오염"
2025 Disclosure Cycle,779465,CDP,44185,Suwon City,City,South East Asia & Oceania,Korea (The Republic of),Public,Q4.9,Report the following air pollution data for the jurisdiction.,2,Row 2,NO2 concentration (annual average) level (ug/m3),0.02,8,2023,https://stat.kosis.kr/statHtml_host/statHtml.do?orgId=611&tblId=DT_L100003&conn_path=I2&dbUser=NSI_IN_611,"경기도 수원시, 경기도수원시기본통계, 2023, 2025.08.04, 대기오염"
2025 Disclosure Cycle,779465,CDP,44185,Suwon City,City,South East Asia & Oceania,Korea (The Republic of),Public,Q4.9,Report the following air pollution data for the jurisdiction.,3,Row 3,Other air pollution metric: 연평균 O3(ppm),0.03,8,2023,https://stat.kosis.kr/statHtml_host/statHtml.do?orgId=611&tblId=DT_L100003&conn_path=I2&dbUser=NSI_IN_611,"경기도 수원시, 경기도수원시기본통계, 2023, 2025.08.04, 대기오염"
2025 Disclosure Cycle,779465,CDP,44187,Goyang City,City,South East Asia & Oceania,Korea (The Republic of),Public,Q4.9,Report the following air pollution data for the jurisdiction.,1,Row 1,Particulate Matter PM2.5 concentration (annual average) level (ug/m3),18,5,2024,https://www.airkorea.or.kr/web/detailViewDown?pMENU_NO=125,"Goyang Special City (Mayor Lee Dong-hwan) is implementing the \'2024 Small Business Air Pollution Prevention Facility Installation Support Project\' targeting small and medium-sized enterprises that emit air pollutants, in order to improve air quality and reduce fine dust. The budget for this project in 2024 is a total of 590 million won.\nAdditionally, Goyang City will support 90% of the costs for installing and replacing outdated pollution prevention facilities at small-scale air emission businesses, to reduce air pollutants such as dust, sulfur oxides, and nitrogen oxides, and to alleviate the economic burden on businesses. Especially, as the installation of Internet of Things (IoT) measuring devices for real-time operation information of air emission facilities and prevention facilities at 4-5 types of businesses will become mandatory by June 30, 2025, the city is prioritizing support for the cost of attaching these measuring devices. Goyang City selected some of the target facilities for prevention facilities and IoT installation through the first announcement on March 1, and is currently conducting a second announcement for the remaining IoT installation budget. Businesses wishing to receive IoT installation support can refer to the announcements on the Goyang City website or the Gyeonggi Environmental and Energy Promotion Agency website to apply.\nMeanwhile, since 2019, the city has invested approximately 4.7 billion won to support the installation and replacement costs of outdated air pollution prevention facilities such as dust collectors at 99 businesses.\nGoyang City will make every effort to achieve the carbon reduction targets for 2030.\n에너지데일리(http://www.energydaily.co.kr)"
2025 Disclosure Cycle,779465,CDP,44187,Goyang City,City,South East Asia & Oceania,Korea (The Republic of),Public,Q4.9,Report the following air pollution data for the jurisdiction.,2,Row 2,Other air pollution metric: SO2(ug/m3),0.003,5,2024,https://www.airkorea.or.kr/web/detailViewDown?pMENU_NO=125,"Goyang City has a total of five air measurement networks: one roadside air measurement station and four general measurement networks. Hourly analysis data is being released, and annual average data has been released until 2024. Monthly data is available until feb 2025. "
2025 Disclosure Cycle,779465,CDP,44187,Goyang City,City,South East Asia & Oceania,Korea (The Republic of),Public,Q4.9,Report the following air pollution data for the jurisdiction.,3,Row 3,NO2 concentration (annual average) level (ug/m3),0.018,5,2024,https://www.airkorea.or.kr/web/detailViewDown?pMENU_NO=125,"Goyang City has a total of five air measurement networks: one roadside air measurement station and four general measurement networks. Hourly analysis data is being released, and annual average data has been released until 2024. Monthly data is available until feb2024. "
2025 Disclosure Cycle,779465,CDP,44187,Goyang City,City,South East Asia & Oceania,Korea (The Republic of),Public,Q4.9,Report the following air pollution data for the jurisdiction.,4,Row 4,Other air pollution metric: O3(ug/m3),0.018,5,2024,https://www.airkorea.or.kr/web/detailViewDown?pMENU_NO=125\n,"Goyang City has a total of five air measurement networks: one roadside air measurement station and four general measurement networks. Hourly analysis data is being released, and annual average data has been released until 2024. Monthly data is available until feb 2024. "
2025 Disclosure Cycle,779465,CDP,44188,Yongin City,City,South East Asia & Oceania,Korea (The Republic of),Public,Q4.9,Report the following air pollution data for the jurisdiction.,1,Row 1,NO2 concentration (annual average) level (ug/m3),14,7,2024,https://www.yongin.go.kr/home/www/www12/www12_01/www12_01_14/www12_01_14_02.jsp\n,
2025 Disclosure Cycle,779465,CDP,44188,Yongin City,City,South East Asia & Oceania,Korea (The Republic of),Public,Q4.9,Report the following air pollution data for the jurisdiction.,2,Row 2,Particulate Matter PM2.5 concentration (annual average) level (ug/m3),18,7,2024,https://www.yongin.go.kr/home/www/www12/www12_01/www12_01_14/www12_01_14_02.jsp,
2025 Disclosure Cycle,779465,CDP,44188,Yongin City,City,South East Asia & Oceania,Korea (The Republic of),Public,Q4.9,Report the following air pollution data for the jurisdiction.,3,Row 3,Other air pollution metric: Ozon,30,7,2024,https://www.yongin.go.kr/home/www/www12/www12_01/www12_01_14/www12_01_14_02.jsp,
2025 Disclosure Cycle,779465,CDP,44191,Ansan City,City,South East Asia & Oceania,Korea (The Republic of),Public,Q4.9,Report the following air pollution data for the jurisdiction.,1,Row 1,Particulate Matter PM2.5 concentration (annual average) level (ug/m3),17,8,2024,https://www.airkorea.or.kr/web/detailViewDown?pMENU_NO=125,에어코리아의 대기환경 월간/연간 보고서 참조
2025 Disclosure Cycle,779465,CDP,44194,Jeonju City,City,South East Asia & Oceania,Korea (The Republic of),Public,Q4.9,Report the following air pollution data for the jurisdiction.,1,Row 1,Particulate Matter PM2.5 concentration (annual average) level (ug/m3),23.25,8,2024,https://www.airkorea.or.kr/,-
2025 Disclosure Cycle,779465,CDP,44194,Jeonju City,City,South East Asia & Oceania,Korea (The Republic of),Public,Q4.9,Report the following air pollution data for the jurisdiction.,2,Row 2,NO2 concentration (annual average) level (ug/m3),0.02,8,2024,https://www.airkorea.or.kr/,-
2025 Disclosure Cycle,779465,CDP,44194,Jeonju City,City,South East Asia & Oceania,Korea (The Republic of),Public,Q4.9,Report the following air pollution data for the jurisdiction.,3,Row 3,Number of days exceeding air quality guidelines/standards (times/year),230,,2024,https://www.airkorea.or.kr/,230(times/year)\n- (SO2) : 0 (times/year)\n- (CO) : 0 (times/year)\n- (NO2) : 0( times/year))\n- (PM 10) : 53 (times/year)\n- (PM 2.5) : 177 (times/year)\n- (O3) : 0 (times/year)
2025 Disclosure Cycle,779465,CDP,44205,Gwangmyeong City,City,South East Asia & Oceania,Korea (The Republic of),Public,Q4.9,Report the following air pollution data for the jurisdiction.,1,Row 1,Particulate Matter PM2.5 concentration (annual average) level (ug/m3),36,2,,,
2025 Disclosure Cycle,779465,CDP,44205,Gwangmyeong City,City,South East Asia & Oceania,Korea (The Republic of),Public,Q4.9,Report the following air pollution data for the jurisdiction.,2,Row 2,NO2 concentration (annual average) level (ug/m3),0.019,,,,
2025 Disclosure Cycle,779465,CDP,44299,Dangjin City,City,South East Asia & Oceania,Korea (The Republic of),Public,Q4.9,Report the following air pollution data for the jurisdiction.,1,Row 1,Particulate Matter PM2.5 concentration (annual average) level (ug/m3),22,2,2022,airkorea.or.kr,Use of statistical data by cityUse of statistical data by city
2025 Disclosure Cycle,779465,CDP,44299,Dangjin City,City,South East Asia & Oceania,Korea (The Republic of),Public,Q4.9,Report the following air pollution data for the jurisdiction.,2,Row 2,NO2 concentration (annual average) level (ug/m3),0.012,2,2022,airkorea.or.kr,Use of statistical data by city
2025 Disclosure Cycle,779465,CDP,44299,Dangjin City,City,South East Asia & Oceania,Korea (The Republic of),Public,Q4.9,Report the following air pollution data for the jurisdiction.,3,Row 3,Number of days exceeding air quality guidelines/standards (times/year),45,,2022,airkorea.or.kr,Number of times ozone environmental standards (0.1ppm/24h) were exceededof times ozone exceeds environmental standards
2025 Disclosure Cycle,779465,CDP,44299,Dangjin City,City,South East Asia & Oceania,Korea (The Republic of),Public,Q4.9,Report the following air pollution data for the jurisdiction.,4,Row 4,Number of days exceeding air quality guidelines/standards (times/year),99,,2022,airkorea.or.kr,Number of times ozone environmental standards (0.06ppm/24h) were exceededof times ozone environmental standards (0.1ppm/24h) were exceeded
2025 Disclosure Cycle,779465,CDP,44299,Dangjin City,City,South East Asia & Oceania,Korea (The Republic of),Public,Q4.9,Report the following air pollution data for the jurisdiction.,5,Row 5,Number of days exceeding air quality guidelines/standards (times/year),9,,2022,airkorea.or.kr,Number of times the fine dust (PM-10) environmental standard (10ug/m3-24h) was exceeded
2025 Disclosure Cycle,779465,CDP,44299,Dangjin City,City,South East Asia & Oceania,Korea (The Republic of),Public,Q4.9,Report the following air pollution data for the jurisdiction.,6,Row 6,Number of days exceeding air quality guidelines/standards (times/year),53,,2022,airkorea.kr,Number of times fine dust (PM-2.5) environmental standards (35ug/m3-24h) were exceeded
2025 Disclosure Cycle,779465,CDP,44299,Dangjin City,City,South East Asia & Oceania,Korea (The Republic of),Public,Q4.9,Report the following air pollution data for the jurisdiction.,7,Row 7,Other air pollution metric: SO2(sulfur dioxide)ppm,0.004,2,2022,airkorea.kr,Use of statistical data by cityUse of statistical data by city
2025 Disclosure Cycle,779465,CDP,46263,Amdavad Municipal Corporation (Ahmedabad),City,India,India,Public,Q4.9,Report the following air pollution data for the jurisdiction.,1,Row 1,Number of days exceeding air quality guidelines/standards (times/year),0,,2024,https://airquality.cpcb.gov.in/ccr/#/caaqm-dashboard-all/caaqm-landing,Total 0 days are breeching National Ambient Air Quality Standards out of total 345 observed days as per CPCB. 
2025 Disclosure Cycle,779465,CDP,46263,Amdavad Municipal Corporation (Ahmedabad),City,India,India,Public,Q4.9,Report the following air pollution data for the jurisdiction.,2,Row 2,Particulate Matter PM2.5 concentration (annual average) level (ug/m3),36.1,10,2024,https://airquality.cpcb.gov.in/ccr/#/caaqm-dashboard-all/caaqm-landing,Under the National Ambient Air Quality Standard
2025 Disclosure Cycle,779465,CDP,46263,Amdavad Municipal Corporation (Ahmedabad),City,India,India,Public,Q4.9,Report the following air pollution data for the jurisdiction.,3,Row 3,Other air pollution metric: PM10 (ug/m3),102.8,10,2024,https://airquality.cpcb.gov.in/ccr/#/caaqm-dashboard-all/caaqm-landing,"In FY 2021-22, highest PM10 exceedance days are\nobserved in Raikhad (80%), followed by Maninagar\n(71%), and Vatva (70%). "
2025 Disclosure Cycle,779465,CDP,46263,Amdavad Municipal Corporation (Ahmedabad),City,India,India,Public,Q4.9,Report the following air pollution data for the jurisdiction.,4,Row 4,NO2 concentration (annual average) level (ug/m3),22.75,10,2024,https://airquality.cpcb.gov.in/ccr/#/caaqm-dashboard-all/caaqm-landing,Under the National Ambient Air Quality Standard
2025 Disclosure Cycle,779465,CDP,46470,Municipality of Vitoria-Gasteiz,City,Europe,Spain,Public,Q4.9,Report the following air pollution data for the jurisdiction.,1,Row 1,Particulate Matter PM2.5 concentration (annual average) level (ug/m3),8,3,2021,https://www.euskadi.eus/web01-a2ingai2/es/aa17aCalidadAireWar/estacion/mapa?locale=es\n,"En el enlace Web suministrado se accede a los datos de la Red de Vigilancia y Control de la Contaminación del Aire de la Comunidad Autónoma del País Vasco, gestionada por el gobierno regional. En Vitoria-Gasteiz, la red consta de 4 estaciones de medida, en las que se determinan los siguientes contaminantes: NOx (NO + NO2), PM10, PM2,5, SO2, CO, O3, BETX, HAP y metales pesados. El Ayuntamiento de Vitoria-Gasteiz publica anualmente en la Web municipal una memoria de calidad del aire con los datos obtenidos de la Red. . En el siguiente enlace:https://www.vitoria-gasteiz.org/wb021/was/contenidoAction.do?idioma=es&uid=u_5e6e0dc6_12a69b3efae__7fdd Además, dispone de 4 medidores de bajo coste, que van a ser ampliados en el futuro, para la medición local de partículas y NO2 en la Zona de Bajas Emisiones, que se está estableciendo en la ciudad."
2025 Disclosure Cycle,779465,CDP,46470,Municipality of Vitoria-Gasteiz,City,Europe,Spain,Public,Q4.9,Report the following air pollution data for the jurisdiction.,2,Row 2,NO2 concentration (annual average) level (ug/m3),16,3,2021,https://www.ingurumena.ejgv.euskadi.eus/r49-aa17a/es/aa17aCalidadAireWar/estacion/mapa?locale=es,"En el enlace Web suministrado se accede a los datos de la Red de Vigilancia y Control de la Contaminación del Aire de la Comunidad Autónoma del País Vasco, gestionada por el gobierno regional. En Vitoria-Gasteiz, la red consta de 4 estaciones de medida, en las que se determinan los siguientes contaminantes: NOx (NO + NO2), PM10, PM2,5, SO2, CO, O3, BETX, HAP y metales pesados. El Ayuntamiento de Vitoria-Gasteiz publica anualmente en la Web municipal una memoria de calidad del aire con los datos obtenidos de la Red. . En el siguiente enlace:https://www.vitoria-gasteiz.org/wb021/was/contenidoAction.do?idioma=es&uid=u_5e6e0dc6_12a69b3efae__7fdd Además, dispone de 4 medidores de bajo coste, que van a ser ampliados en el futuro, para la medición local de partículas y NO2 en la Zona de Bajas Emisiones, que se está estableciendo en la ciudad."
2025 Disclosure Cycle,779465,CDP,46473,Municipality of Zaragoza (Spain),City,Europe,Spain,Public,Q4.9,Report the following air pollution data for the jurisdiction.,1,Row 1,Other air pollution metric: O3,141,8,2023,https://www.zaragoza.es/cont/paginas/catalogopublicaciones/doc/12399.pdf,"El valor objetivo de protección de la salud humana expresado como número de días de más de 120 μg/m³, media 8 horas móvil : 4\n\nLos datos se miden de manera horaria con los sensores del ayuntamiento. Existe un informe sobre la situación de la calidad del aire en la ciudad de \nZaragoza: https://www.zaragoza.es/cont/paginas/catalogopublicaciones/doc/12399.pdf\n\nPara su evaluación se toma como referencia la Directiva Europea sobre calidad del aire (https://www.zaragoza.es/sede/portal/medioambiente/calidad-aire/informacion/normativa), que constituye la normativa de obligado cumplimiento. En nuestro caso no nos regimos por las directrices recomendadas por la OMS"
2025 Disclosure Cycle,779465,CDP,46473,Municipality of Zaragoza (Spain),City,Europe,Spain,Public,Q4.9,Report the following air pollution data for the jurisdiction.,2,Row 2,NO2 concentration (annual average) level (ug/m3),21,8,2023,https://www.zaragoza.es/cont/paginas/catalogopublicaciones/doc/12399.pdf,"Los datos se miden de manera horaria con los sensores del ayuntamiento. Existe un informe sobre la situación de la calidad del aire en la ciudad de \nZaragoza: https://www.zaragoza.es/cont/paginas/catalogopublicaciones/doc/12399.pdf\n\nPara su evaluación se toma como referencia la Directiva Europea sobre calidad del aire (https://www.zaragoza.es/sede/portal/medioambiente/calidad-aire/informacion/normativa), que constituye la normativa de obligado cumplimiento. En nuestro caso no nos regimos por las directrices recomendadas por la OMS"
2025 Disclosure Cycle,779465,CDP,46473,Municipality of Zaragoza (Spain),City,Europe,Spain,Public,Q4.9,Report the following air pollution data for the jurisdiction.,3,Row 3,Other air pollution metric: SO2,4,6,2023,https://www.zaragoza.es/cont/paginas/catalogopublicaciones/doc/12399.pdf,"Los datos se miden de manera horaria con los sensores del ayuntamiento. Existe un informe sobre la situación de la calidad del aire en la ciudad de \nZaragoza: https://www.zaragoza.es/cont/paginas/catalogopublicaciones/doc/12399.pdf\n\nPara su evaluación se toma como referencia la Directiva Europea sobre calidad del aire (https://www.zaragoza.es/sede/portal/medioambiente/calidad-aire/informacion/normativa), que constituye la normativa de obligado cumplimiento. En nuestro caso no nos regimos por las directrices recomendadas por la OMS"
2025 Disclosure Cycle,779465,CDP,46473,Municipality of Zaragoza (Spain),City,Europe,Spain,Public,Q4.9,Report the following air pollution data for the jurisdiction.,4,Row 4,Other air pollution metric: PM10,24,6,2023,https://www.zaragoza.es/cont/paginas/catalogopublicaciones/doc/12399.pdf,"Los datos se miden de manera horaria con los sensores del ayuntamiento. Existe un informe sobre la situación de la calidad del aire en la ciudad de \nZaragoza: https://www.zaragoza.es/cont/paginas/catalogopublicaciones/doc/12399.pdf\n\nPara su evaluación se toma como referencia la Directiva Europea sobre calidad del aire (https://www.zaragoza.es/sede/portal/medioambiente/calidad-aire/informacion/normativa), que constituye la normativa de obligado cumplimiento. En nuestro caso no nos regimos por las directrices recomendadas por la OMS"
2025 Disclosure Cycle,779465,CDP,46473,Municipality of Zaragoza (Spain),City,Europe,Spain,Public,Q4.9,Report the following air pollution data for the jurisdiction.,5,Row 5,Other air pollution metric: PM2.5,11,1,2023,https://www.zaragoza.es/cont/paginas/catalogopublicaciones/doc/12399.pdf,"Los datos se miden de manera horaria con los sensores del ayuntamiento. Existe un informe sobre la situación de la calidad del aire en la ciudad de \nZaragoza: https://www.zaragoza.es/cont/paginas/catalogopublicaciones/doc/12399.pdf\n\nPara su evaluación se toma como referencia la Directiva Europea sobre calidad del aire (https://www.zaragoza.es/sede/portal/medioambiente/calidad-aire/informacion/normativa), que constituye la normativa de obligado cumplimiento. En nuestro caso no nos regimos por las directrices recomendadas por la OMS"
2025 Disclosure Cycle,779465,CDP,46514,City of Porto,City,Europe,Portugal,Public,Q4.9,Report the following air pollution data for the jurisdiction.,1,Row 1,Particulate Matter PM2.5 concentration (annual average) level (ug/m3),10,1,2023,https://qualar.apambiente.pt/estatisticas,Portuguese law defines the limit value for the concentration of PM2.5 as 25 µm/m3 (Decreto-lei n. º 102/2010). The value presented is based on the results retrieved from the Sobreiras-Lordelo do Ouro Porto air quality station. 
2025 Disclosure Cycle,779465,CDP,46514,City of Porto,City,Europe,Portugal,Public,Q4.9,Report the following air pollution data for the jurisdiction.,2,Row 2,NO2 concentration (annual average) level (ug/m3),27.5,2,2023,https://qualar.apambiente.pt/estatisticas,"The value reported is the average of the values measured at the two air quality measurement stations in Porto (Sobreiras-Lordelo do Ouro and Francisco Sá Carneiro-Campanhã), of 21 µm/m3 and 34 µm/m3, respectively. Portuguese law defines the limit value for NO2 as 40 µm/m3 "
2025 Disclosure Cycle,779465,CDP,46514,City of Porto,City,Europe,Portugal,Public,Q4.9,Report the following air pollution data for the jurisdiction.,3,Row 3,Number of days exceeding air quality guidelines/standards (times/year),17,,2023,https://qualar.apambiente.pt/estatisticas ,"Value related with PM10 parameter, reported at the two air quality measurement stations in Porto (Sobreiras-Lordelo do Ouro and Francisco Sá Carneiro-Campanhã); for the rest of the parameters the value is 0. "
2025 Disclosure Cycle,779465,CDP,46514,City of Porto,City,Europe,Portugal,Public,Q4.9,Report the following air pollution data for the jurisdiction.,4,Row 4,Other air pollution metric: O3,49.9,1,2023,https://qualar.apambiente.pt/estatisticas ,Portuguese law defines the limit value for the concentration of O3 as 180 µm/m3 (information limit; Decreto-lei n. º 102/2010). The value presented is based on the results retrieved from the Sobreiras-Lordelo do Ouro Porto air quality station.
2025 Disclosure Cycle,779465,CDP,46514,City of Porto,City,Europe,Portugal,Public,Q4.9,Report the following air pollution data for the jurisdiction.,5,Row 5,No air pollution data to report,,,,,
2025 Disclosure Cycle,779465,CDP,49326,"Ville de Quebec, QC",City,North America,Canada,Public,Q4.9,Report the following air pollution data for the jurisdiction.,1,Row 1,NO2 concentration (annual average) level (ug/m3),2.8,4,2022,https://www.environnement.gouv.qc.ca/air/reseau-surveillance/telechargement.asp https://www.environnement.gouv.qc.ca/air/reseau-surveillance/graphiques.asp,"Les données sur la qualité de l'air sont récoltées par le ministère de l'Environnement, de la lutte contre les changements climatiques, de la Faune et des Parcs. La valeur inscrite correspond à la moyenne des 4 stations de surveillance."
2025 Disclosure Cycle,779465,CDP,49326,"Ville de Quebec, QC",City,North America,Canada,Public,Q4.9,Report the following air pollution data for the jurisdiction.,2,Row 2,Particulate Matter PM2.5 concentration (annual average) level (ug/m3),8.2,4.0,2022.0,https://www.environnement.gouv.qc.ca/air/reseau-surveillance/telechargement.asp https://www.environnement.gouv.qc.ca/air/reseau-surveillance/graphiques.asp,"Les données sur la qualité de l'air sont récoltées par le ministère de l'Environnement, de la Lutte contre les changements climatiques, de la Faune et des Parcs.La valeur inscrite correspond à la moyenne des 4 stations de surveillance."
2025 Disclosure Cycle,779465,CDP,49326,"Ville de Quebec, QC",City,North America,Canada,Public,Q4.9,Report the following air pollution data for the jurisdiction.,3,Row 3,Number of days exceeding air quality guidelines/standards (times/year),36.0,,2021.0,https://www.environnement.gouv.qc.ca/air/iqa/statistiques/region/2021.htm https://www.iqa.environnement.gouv.qc.ca/contenu/grille_stat_jour.asp?annee=2021,"Les données sur la qualité de l'air sont récoltées par le ministère de l'Environnement, de la lutte contre les changements climatiques, de la Faune et des Parcs.La valeur inscrite correspond à la moyenne des 2 stations de surveillance pour lesquelles cette donnée est disponible.."
2025 Disclosure Cycle,779465,CDP,49330,"Kansas City, MO",City,North America,United States of America,Public,Q4.9,Report the following air pollution data for the jurisdiction.,1,Row 1,Number of days exceeding air quality guidelines/standards (times/year),6,,2024,https://www.marc.org/document/2024-ozone-season-summary,There were 2 forecasted ozone alert days for the Kansas City Region in 2024 and 6 actual days with 8-hour ozone concentrations exceeding the 70 ppb standard.
2025 Disclosure Cycle,779465,CDP,49333,"City of Louisville, KY",City,North America,United States of America,Public,Q4.9,Report the following air pollution data for the jurisdiction.,1,Row 1,NO2 concentration (annual average) level (ug/m3),24,2,2024,Not available,Direct communication with APCD
2025 Disclosure Cycle,779465,CDP,49333,"City of Louisville, KY",City,North America,United States of America,Public,Q4.9,Report the following air pollution data for the jurisdiction.,2,Row 2,Particulate Matter PM2.5 concentration (annual average) level (ug/m3),7.1,5,2024,https://louisvilleky.gov/sites/default/files/2025-02/20250217-air-quality-report.pdf,Louisville Air Pollution Control District (APCD) Monthly Air Quality Report
2025 Disclosure Cycle,779465,CDP,49333,"City of Louisville, KY",City,North America,United States of America,Public,Q4.9,Report the following air pollution data for the jurisdiction.,3,Row 3,Number of days exceeding air quality guidelines/standards (times/year),12,,2024,https://louisvilleky.gov/sites/default/files/2025-02/2024-annual-report.pdf,APCD Annual Report
2025 Disclosure Cycle,779465,CDP,49335,"Metropolitan Government of Nashville and Davidson County, TN",City,North America,United States of America,Public,Q4.9,Report the following air pollution data for the jurisdiction.,2,Row 2,Particulate Matter PM2.5 concentration (annual average) level (ug/m3),8.1,3,2024,,Data from 2024 from Metro Department of Public Health Lockeland station.
2025 Disclosure Cycle,779465,CDP,49335,"Metropolitan Government of Nashville and Davidson County, TN",City,North America,United States of America,Public,Q4.9,Report the following air pollution data for the jurisdiction.,3,Row 3,NO2 concentration (annual average) level (ug/m3),5.8,2,2024,,5.8 is in ppb There is no NO2 measurement that is done in µg/m3.
2025 Disclosure Cycle,779465,CDP,49335,"Metropolitan Government of Nashville and Davidson County, TN",City,North America,United States of America,Public,Q4.9,Report the following air pollution data for the jurisdiction.,4,Row 4,Number of days exceeding air quality guidelines/standards (times/year),5,,2024,,Data from 2024 from Metro Department of Public Health for number of ozone exceedances.
2025 Disclosure Cycle,779465,CDP,49360,City of Tshwane,City,UKWW,South Africa,Public,Q4.9,Report the following air pollution data for the jurisdiction.,1,Row 1,Other air pollution metric: PM10,33.8375,9,2023,South African Air Quality Information System (SAAQIS),The data is drawn from 9 NAQI stations. 
2025 Disclosure Cycle,779465,CDP,49360,City of Tshwane,City,UKWW,South Africa,Public,Q4.9,Report the following air pollution data for the jurisdiction.,2,Row 2,Particulate Matter PM2.5 concentration (annual average) level (ug/m3),17.875,9,2023,South African Air Quality Information System (SAAQIS), The data is drawn from 9 NAQI stations. 
2025 Disclosure Cycle,779465,CDP,49360,City of Tshwane,City,UKWW,South Africa,Public,Q4.9,Report the following air pollution data for the jurisdiction.,3,Row 3,NO2 concentration (annual average) level (ug/m3),21.7375,9,2023,South African Air Quality Information System (SAAQIS) www.saaqis.gov.za,The data is drawn from 9 NAQI stations. 
2025 Disclosure Cycle,779465,CDP,49360,City of Tshwane,City,UKWW,South Africa,Public,Q4.9,Report the following air pollution data for the jurisdiction.,4,Row 4,No air pollution data to report,,,,,No other information is available 
2025 Disclosure Cycle,779465,CDP,49367,Freetown City,City,UKWW,Sierra Leone,Public,Q4.9,Report the following air pollution data for the jurisdiction.,1,Row 1,Particulate Matter PM2.5 concentration (annual average) level (ug/m3),150.5,6,2023,https://drive.google.com/file/d/1-VRpWnkXQnFoyEcIYmT2dCm9jcR0HxaO/view?usp=drive_link,"The purpose of this summary report is to explain how these datasets were developed, highlight the vital contributions of community members, and outline the next steps for identifying solutions to support those most vulnerable to rising temperatures and polluted air in Freetown."
2025 Disclosure Cycle,779465,CDP,49385,Bandung City,City,South East Asia & Oceania,Indonesia,Public,Q4.9,Report the following air pollution data for the jurisdiction.,1,Row 1,Particulate Matter PM2.5 concentration (annual average) level (ug/m3),0,4,2024,https://dlhbandung.or.id/,Terdapat titik pemantauan AQMS yang tersebar di Kota Bandung
2025 Disclosure Cycle,779465,CDP,49389,Kyoto City,City,Japan,Japan,Public,Q4.9,Report the following air pollution data for the jurisdiction.,1,Row 1,Particulate Matter PM2.5 concentration (annual average) level (ug/m3),8.9,12,2023,https://www.city.kyoto.lg.jp/hokenfukushi/cmsfiles/contents/0000090/90281/nenkannchi2023.pdf,
2025 Disclosure Cycle,779465,CDP,49389,Kyoto City,City,Japan,Japan,Public,Q4.9,Report the following air pollution data for the jurisdiction.,2,Row 2,NO2 concentration (annual average) level (ug/m3),0.008,15,2023,https://www.city.kyoto.lg.jp/hokenfukushi/cmsfiles/contents/0000090/90281/nenkannchi2023.pdff,
2025 Disclosure Cycle,779465,CDP,50154,City of Turku,City,Europe,Finland,Public,Q4.9,Report the following air pollution data for the jurisdiction.,2,Row 2,Number of days exceeding air quality guidelines/standards (times/year),4,,2023,https://en.ilmatieteenlaitos.fi/air-quality,Limit values were not exceeded in city of Turku. The numerical limit value (50 µg/m3) for respirable particles (PM10) was exceeded on 5 days - a maximum of 35 limit value exceedance days are allowed during a calendar year.
2025 Disclosure Cycle,779465,CDP,50154,City of Turku,City,Europe,Finland,Public,Q4.9,Report the following air pollution data for the jurisdiction.,3,Row 3,Other air pollution metric: PM10 concentration (annual average) level (ug/m3),11,1,2023,https://en.ilmatieteenlaitos.fi/air-quality,Monitoring station: Turku Kauppatori (market square)
2025 Disclosure Cycle,779465,CDP,50154,City of Turku,City,Europe,Finland,Public,Q4.9,Report the following air pollution data for the jurisdiction.,4,Row 4,NO2 concentration (annual average) level (ug/m3),11,2.0,2023,https://en.ilmatieteenlaitos.fi/air-quality,Monitoring station: Turku Kauppatori (market square)
2025 Disclosure Cycle,779465,CDP,50154,City of Turku,City,Europe,Finland,Public,Q4.9,Report the following air pollution data for the jurisdiction.,5,Row 5,Particulate Matter PM2.5 concentration (annual average) level (ug/m3),5.1,1,2023,https://en.ilmatieteenlaitos.fi/air-quality,Monitoring station: Turku Kauppatori (market square)
2025 Disclosure Cycle,779465,CDP,50235,City of Kraków,City,Europe,Poland,Public,Q4.9,Report the following air pollution data for the jurisdiction.,1,Row 1,Particulate Matter PM2.5 concentration (annual average) level (ug/m3),17,3,2024,https://powietrze.gios.gov.pl/pjp/current/station_details/info/400,"All 9 stations of air pollution monitoring belong to the Main Inspector of Environment Protection. \n\nPM2.5 concentrations are monitored at three of these stations - Krasińskiego Alley, Bujaka and Bulwarowa.\n\nAll 9 Stations in Kraków: Złoty Róg, Krasińskiego Alley, Bujaka Street, Lusińska, Bulwarowa Street, Dietla Street, os. Piastów, Wadów, Kamieńskiego. https://powietrze.gios.gov.pl/pjp/station/search"
2025 Disclosure Cycle,779465,CDP,50235,City of Kraków,City,Europe,Poland,Public,Q4.9,Report the following air pollution data for the jurisdiction.,2,Row 2,NO2 concentration (annual average) level (ug/m3),30,3,2024,https://powietrze.gios.gov.pl/pjp/current/station_details/info/400,"All 9 stations of air pollution monitoring belong to the Main Inspector of Environment Protection. \n\nNO2 concentrations are monitored at three of these stations - Krasińskiego Alley, Bujaka and Bulwarowa.\n\nAll 9 Stations in Kraków: Złoty Róg, Krasińskiego Alley, Bujaka Street, Lusińska, Bulwarowa Street, Dietla Street, os. Piastów, Wadów, Kamieńskiego. https://powietrze.gios.gov.pl/pjp/station/search"
2025 Disclosure Cycle,779465,CDP,50235,City of Kraków,City,Europe,Poland,Public,Q4.9,Report the following air pollution data for the jurisdiction.,3,Row 3,Number of days exceeding air quality guidelines/standards (times/year),23,,2024,https://www.bip.krakow.pl/zalaczniki/dokumenty/n/581632/karta\nRaport o Stanie Gminy 2024 (pdf),The permissible frequency of exceeding the permissible level of 50 μg/m3 in a calendar year is 35 days
2025 Disclosure Cycle,779465,CDP,50355,Ayuntamiento de Tijuana,City,Latin America,Mexico,Public,Q4.9,Report the following air pollution data for the jurisdiction.,1,Row 1,No air pollution data to report,,,,,
2025 Disclosure Cycle,779465,CDP,50361,Ayuntamiento de Hermosillo,City,Latin America,Mexico,Public,Q4.9,Report the following air pollution data for the jurisdiction.,1,Row 1,Particulate Matter PM2.5 concentration (annual average) level (ug/m3),34.9,10,2023,https://remah.unison.mx/,"REMAH Red de Monitoreo Ambiental de Hermosillo\n\nREMAH is the result of joint work between academics and students from the Universidad de Sonora and the Municipal Agency for Energy and Climate Change (AMECC). The project is part of the activities of the TEAMS group (Advanced Electric Transport and Sustainable Mobility Group), which aims to improve air quality in the cities of Hermosillo and Cuernavaca.\n\nSensor Network\n\nThe air quality monitoring network of the Municipal Agency for Energy and Climate Change of Hermosillo (AMECCH) includes 10 sensors located in different areas of the city. Readings are taken every five minutes and stored on a server, where the data analysis team can access the information and display it on consultation maps. An additional five sensors will be added to the network as part of the TEAMS project in collaboration with El Colegio de Sonora and the Universidad de Sonora."
2025 Disclosure Cycle,779465,CDP,50373,Municipalidad de Rosario,City,Latin America,Argentina,Public,Q4.9,Report the following air pollution data for the jurisdiction.,1,Row 1,Other air pollution metric: PM10 Período Corto (promedio anual en ug/m3),192.83,77,2024,https://datos.rosario.gob.ar/territorio/ambiente/calidad-ambiental/aire,"Material Particulado de 10 micrones (PM10) período corto (20 minutos): el material particulado (MP) hace referencia a partículas inhalables que pueden ser de diferente tamaño y generalmente se definen por su diámetro aerodinámico. Las principales fuentes pueden tener diferentes orígenes, pero generalmente incluyen actividades domésticas, tráfico y transporte, actividades industriales, plantas de energía, sitios de construcción, quema de desechos e incendios. Se utiliza como indicador de este contaminante el promedio anual de todas las mediciones realizadas en un período de 20 minutos durante el año analizado, y se toma como referencia el valor límite de 500 µg/m3, establecido por la Resolución Provincial 201/2004 para PM10 período corto. Las mediciones se realizan mediante un convenio realizado con la Universidad Tecnológica Nacional - Facultad Regional Rosario (UTN - FRRo), en el que se establece la realización de seis (6) monitoreos de este contaminante por mes, en distintos puntos de la ciudad definidos por la Dirección de Fiscalización Ambiental (DFA). También se promedian las mediciones en calidad de aire realizadas por las empresas que cuentan con programas de monitoreos de emisiones atmosféricas aprobados por la DFA. Se realizan en 77 estaciones distintas y 98 mediciones."
2025 Disclosure Cycle,779465,CDP,50373,Municipalidad de Rosario,City,Latin America,Argentina,Public,Q4.9,Report the following air pollution data for the jurisdiction.,2,Row 2,Other air pollution metric: Material sedimentable en 30 días promedio anual (mg/cm2),0.89,71,2024,https://datos.rosario.gob.ar/territorio/ambiente/calidad-ambiental/aire,"Material Sedimentable en 30 días: el material particulado sedimentable se compone por partículas sólidas y/o líquidas, derivadas de procesos de combustión o compuestos, que estando suspendidos y dispersos en el aire se pueden sedimentar por gravedad debido a su tamaño. Se utiliza como indicador de este contaminante el promedio anual de todas las mediciones realizadas en un período de 30 días durante el año analizado y se toma como referencia el valor límite de 1 mg/cm2 por 30 días, establecido por la Ordenanza No. 5820/1994. Al igual que en los casos anteriores, las mediciones se realizan, mediante un convenio realizado con la UTN - FRRo, en el que se establece la realización de dieciséis (16) monitoreos de este contaminante por mes, en distintos puntos de la ciudad definidos por la DFA. También se promedian las mediciones en calidad de aire realizadas por las empresas que cuentan con programas de monitoreos de emisiones atmosféricas aprobados por la DFA. La cantidad de estaciones de monitoreo de este contaminante son 71 estaciones distintas de 145 mediciones.\n"
2025 Disclosure Cycle,779465,CDP,50373,Municipalidad de Rosario,City,Latin America,Argentina,Public,Q4.9,Report the following air pollution data for the jurisdiction.,3,Row 3,NO2 concentration (annual average) level (ug/m3),28.88,38,2024,https://datos.rosario.gob.ar/territorio/ambiente/calidad-ambiental/aire,"Dióxido de Nitrógeno (NO2): es un gas de color marrón rojizo que por lo general se libera con la combustión de combustibles en procesos de calefacción, transporte, industria y generación de energía. Se utiliza como indicador de este contaminante el promedio anual de todas las mediciones realizadas en un período de 30 días durante el año analizado y se toma como referencia el valor límite 40 µg/m3 (promedio anual), establecido por la Comunidad Europea. Desde el año 2004, mediante un convenio realizado con la Universidad Tecnológica Nacional- Facultad Regional Rosario (UTN - FRRo), se monitorea este contaminante a través de muestreos pasivos. Se comenzó con trece (13) estaciones de muestreos y en la actualidad, existen treinta y ocho (38) estaciones distribuidas en la ciudad."
2025 Disclosure Cycle,779465,CDP,50373,Municipalidad de Rosario,City,Latin America,Argentina,Public,Q4.9,Report the following air pollution data for the jurisdiction.,4,Row 4,Other air pollution metric: NOx Período Corto (promedio anual) (ug/m3),145.36,46,2024,https://datos.rosario.gob.ar/territorio/ambiente/calidad-ambiental/aire," Óxidos de Nitrógeno (NOx): Los óxidos de nitrógeno son una mezcla de gases compuestos de nitrógeno y oxígeno. El término NOx hace referencia a la combinación de monóxido de nitrógeno (NO) y el dióxido de nitrógeno (NO2) ya que son los óxidos de nitrógeno más importantes desde el punto de vista toxicológico; ninguno de los dos son inflamables y son incoloros a pardo en apariencia a temperatura ambiente. Son liberados al aire por procesos del transporte y de combustión. Se utiliza como indicador de este contaminante el promedio anual de todas las mediciones realizadas en un período de 20 minutos durante el año analizado y se toma como referencia el valor límite de 400 µg/m3, establecido por la Ordenanza No. 5820/1994. Al igual que en los casos anteriores, las mediciones se realizan mediante un convenio realizado con la UTN - FRRo, en el que se establece la realización de cinco (5) monitoreos de este contaminante por mes, en distintos puntos de la ciudad definidos por la DFA. También se promedian las mediciones en calidad de aire realizadas por las empresas que cuentan con programas de monitoreos de emisiones atmosféricas aprobados por la DFA. La cantidad de estaciones de monitoreo donde se mide este contaminante son 46 estaciones distintas de 76 mediciones."
2025 Disclosure Cycle,779465,CDP,50383,Prefeitura de Sorocaba,City,Latin America,Brazil,Public,Q4.9,Report the following air pollution data for the jurisdiction.,1,Row 1,NO2 concentration (annual average) level (ug/m3),18,1,2023,https://cetesb.sp.gov.br/ar/qualar/,
2025 Disclosure Cycle,779465,CDP,50383,Prefeitura de Sorocaba,City,Latin America,Brazil,Public,Q4.9,Report the following air pollution data for the jurisdiction.,2,Row 2,Number of days exceeding air quality guidelines/standards (times/year),2,,2023,https://cetesb.sp.gov.br/ar/qualar,
2025 Disclosure Cycle,779465,CDP,50390,Prefeitura de Teresina,City,Latin America,Brazil,Public,Q4.9,Report the following air pollution data for the jurisdiction.,1,Row 1,No air pollution data to report,,,,,"O município não possui estações de monitoramento de poluição do ar. O órgão ambiental (Secretaria Municipal de Meio Ambiente) tem solicitado, nos procedimentos de Licenciamento Ambiental, Relatórios de Análise para Emissões oriundas de fontes fixas, entretanto não existe uma compilação destes dados."
2025 Disclosure Cycle,779465,CDP,50540,"City of Albuquerque, NM",City,North America,United States of America,Public,Q4.9,Report the following air pollution data for the jurisdiction.,1,Row 1,Particulate Matter PM2.5 concentration (annual average) level (ug/m3),8.6,6,2024,not available\n,"This is the Annual Weighted Mean. The maximum 3-year Design Value for the AAMN is 7.7, the NAAQS is 9.0."
2025 Disclosure Cycle,779465,CDP,50540,"City of Albuquerque, NM",City,North America,United States of America,Public,Q4.9,Report the following air pollution data for the jurisdiction.,2,Row 2,NO2 concentration (annual average) level (ug/m3),43.3,3,2024,not available,"This is the Annual 98th Percentile. The maximum Design Value for the AAMN is 43, the NAAQS is 100."
2025 Disclosure Cycle,779465,CDP,50540,"City of Albuquerque, NM",City,North America,United States of America,Public,Q4.9,Report the following air pollution data for the jurisdiction.,3,Row 3,Number of days exceeding air quality guidelines/standards (times/year),42,,2024,not avalable,"42 Days (2 days for PM2.5, 19 days for PM10, 21 day for O3)"
2025 Disclosure Cycle,779465,CDP,50540,"City of Albuquerque, NM",City,North America,United States of America,Public,Q4.9,Report the following air pollution data for the jurisdiction.,4,Row 4,Other air pollution metric: Particulate Matter PM10 concentration (annual average) level (ug/m3),9.3,6,2024,not available,"This is the Annual Estimated Days > Standard. The Maximum 3-year Design Value is 7.5 for the AAMN, the NAAQS is 1."
2025 Disclosure Cycle,779465,CDP,50540,"City of Albuquerque, NM",City,North America,United States of America,Public,Q4.9,Report the following air pollution data for the jurisdiction.,5,Row 5,Other air pollution metric: CO concentration (annual average) level (ppm),2.9,2,2024,not available,"4.7 is the Maximum 3-year Design Value for the AAMN, the NAAQS is 35. "
2025 Disclosure Cycle,779465,CDP,50540,"City of Albuquerque, NM",City,North America,United States of America,Public,Q4.9,Report the following air pollution data for the jurisdiction.,6,Row 6,Other air pollution metric: O3 concentration (annual average) level (ppm),0.076,4,2024,not available,"This is the Annual 4th Maximum. The maximum Design Value for the AAMN is 0.073, the NAAQS is 0.070."
2025 Disclosure Cycle,779465,CDP,50540,"City of Albuquerque, NM",City,North America,United States of America,Public,Q4.9,Report the following air pollution data for the jurisdiction.,7,Row 7,Other air pollution metric: SO2 concentration (annual average) level (ppb),2.7,2,2024,not available,"This is the Annual 99th Percentile. The maximum Design Value for the AAMN is 2, the NAAQS is 75.\n"
2025 Disclosure Cycle,779465,CDP,50550,"City of Buffalo, NY",City,North America,United States of America,Public,Q4.9,Report the following air pollution data for the jurisdiction.,1,Row 1,Number of days exceeding air quality guidelines/standards (times/year),125,,2024,https://www.epa.gov/outdoor-air-quality-data/air-quality-index-report,"124 days in moderate, 1 day in unhealthy for sensitive groups. "
2025 Disclosure Cycle,779465,CDP,50555,"City of Hamilton, ON",City,North America,Canada,Public,Q4.9,Report the following air pollution data for the jurisdiction.,1,Row 1,Particulate Matter PM2.5 concentration (annual average) level (ug/m3),8.2,3,2021,https://www.airqualityontario.com/aqhi/today.php?sites=29000,"The City of Hamilton has one of the most extensive air quality monitoring networks in Canada. In total it has 3 Ministry of Environment, Conservation and Parks (MECP) air quality monitors including one on the mountain, one near downtown and the third in the west end of Hamilton, 2 Public Health portable monitoring stations and 15 monitoring stations surrounding the industrial core area of Hamilton. This PM2.5 measurement of 8.2 parts per million is based on the current MECP air quality monitoring station for downtown Hamilton and reflects the annual average for 2021."
2025 Disclosure Cycle,779465,CDP,50555,"City of Hamilton, ON",City,North America,Canada,Public,Q4.9,Report the following air pollution data for the jurisdiction.,2,Row 2,"Other air pollution metric: Suspended Particulate Matter, PM10, PM2.5, Sulphur Dioxide, Nitrogen Dioxide, Ground Level Ozone, Benzene and Benzo(a)pyrene",,20.0,2022.0,https://pub-hamilton.escribemeetings.com/filestream.ashx?DocumentId=353788; https://cleanairhamilton.ca/annual-reports/; http://www.hamnair.ca/Hamilton-Air-Quality-Monitoring-Network.aspx; http://www.hamnair.ca/uploads/HAMN-2021-Annual-Air-Quality-Monitoring-Report.pdf,"City of Hamilton has one of the most extensive air quality monitoring networks in Canada. In total it has 3 Ministry of Environment, Conservation and Parks (MECP) air quality monitors including one on the mountain, one near downtown and the third in the west end of Hamilton, 2 Public Health portable monitoring stations and 15 monitoring stations surrounding the industrial core area of Hamilton. All these stations measure a variety of Criteria Air Contaminants including Suspended Particulate Matter, PM10, PM2.5, Sulphur Dioxide, Nitrogen Dioxide, Ground Level Ozone, Benzene and Benzo(a)pyrene. Many of these pollutants are measured in real-time continuously while others such as Benzo(a)pyrene are required to be measured non-continuously. Links to all of these monitoring stations have been provided above. A summary of the monitoring activities is submitted annually to City of Hamilton Board Health and the public through Clean Air Hamilton's Annual Progress Report. The most recent 2021 Progress report can be found here: https://pub-hamilton.escribemeetings.com/filestream.ashx?DocumentId=353788 "
2025 Disclosure Cycle,779465,CDP,50579,"City of Winnipeg, MB",City,North America,Canada,Public,Q4.9,Report the following air pollution data for the jurisdiction.,1,Row 1,Particulate Matter PM2.5 concentration (annual average) level (ug/m3),7,1,2024,Internal data collection process was stopped due to data issues. This data comes from https://www.aqi.in/ca/dashboard/canada/manitoba/winnipeg,Data does not include decimal place. That's too bad.
2025 Disclosure Cycle,779465,CDP,50673,Municipality of Faro,City,Europe,Portugal,Public,Q4.9,Report the following air pollution data for the jurisdiction.,1,Row 1,Particulate Matter PM2.5 concentration (annual average) level (ug/m3),3.87,1,2022,https://qualar.apambiente.pt/node/indice-qualar,Dados oficiais da Agência Portuguesa do Ambiente\n
2025 Disclosure Cycle,779465,CDP,51075,City of Shenzhen,City,China,China,Public,Q4.9,Report the following air pollution data for the jurisdiction.,1,Row 1,Particulate Matter PM2.5 concentration (annual average) level (ug/m3),17,83,2024,https://www.sz.gov.cn/zfgb/2025/gb1376/content/post_12248803.html,None
2025 Disclosure Cycle,779465,CDP,51075,City of Shenzhen,City,China,China,Public,Q4.9,Report the following air pollution data for the jurisdiction.,2,Row 2,NO2 concentration (annual average) level (ug/m3),19,83,2024,https://www.sz.gov.cn/zfgb/2025/gb1376/content/post_12248803.html,
2025 Disclosure Cycle,779465,CDP,52896,"City of Fort Lauderdale, FL",City,North America,United States of America,Public,Q4.9,Report the following air pollution data for the jurisdiction.,1,Row 1,No air pollution data to report,,,,,N/A
2025 Disclosure Cycle,779465,CDP,53829,"City of Kingston, ON",City,North America,Canada,Public,Q4.9,Report the following air pollution data for the jurisdiction.,1,Row 1,Number of days exceeding air quality guidelines/standards (times/year),1,,2024,https://www.airqualityontario.com/aqhi/advisories.php?utm_source=chatgpt.com,
2025 Disclosure Cycle,779465,CDP,53829,"City of Kingston, ON",City,North America,Canada,Public,Q4.9,Report the following air pollution data for the jurisdiction.,2,Row 2,Particulate Matter PM2.5 concentration (annual average) level (ug/m3),4.25,1,2024,"PM2.5 For Kingston, Ontario sourced from: https://www.airqualityontario.com/history/index.php?utm_source=chatgpt.com",
2025 Disclosure Cycle,779465,CDP,53829,"City of Kingston, ON",City,North America,Canada,Public,Q4.9,Report the following air pollution data for the jurisdiction.,3,Row 3,NO2 concentration (annual average) level (ug/m3),8.74,1,2024,"NO2 For Kingston, Ontario sourced from: https://www.airqualityontario.com/history/index.php?utm_source=chatgpt.com",
2025 Disclosure Cycle,779465,CDP,53829,"City of Kingston, ON",City,North America,Canada,Public,Q4.9,Report the following air pollution data for the jurisdiction.,4,Row 4,Other air pollution metric: Ground-level ozone (O3) concentration (annual average) level (ug/m3),54.9,1,2024,"O3 For Kingston, Ontario sourced from: https://www.airqualityontario.com/history/index.php?utm_source=chatgpt.com",
2025 Disclosure Cycle,779465,CDP,54029,"City of Spokane, WA",City,North America,United States of America,Public,Q4.9,Report the following air pollution data for the jurisdiction.,1,Row 1,Particulate Matter PM2.5 concentration (annual average) level (ug/m3),19.1,,2024,,"micrograms per cubic meter City mean; concentrations of grid cell values are averaged by block group. Spatial analysis across census block groups for City comes from a variety of sources:\n\nNW-AIRQUEST Regional Background Design \nValues, 2014-2017 (Hosted on Idaho Department \nof Environmental Quality's Webpage); \nWashington Ambient Air Monitoring Network, \nDepartment of Ecology; Air Emissions inventory, WA Department of Ecology, National Emissions Inventory, US EPA."
2025 Disclosure Cycle,779465,CDP,54029,"City of Spokane, WA",City,North America,United States of America,Public,Q4.9,Report the following air pollution data for the jurisdiction.,2,Row 2,Other air pollution metric: Ozone,58.3,,2022,,"parts per billion City mean; concentrations of grid cell values are averaged by block group. Spatial analysis across census block groups for City comes from a variety of sources:\n\nNW-AIRQUEST Regional Background Design \nValues, 2014-2017 (Hosted on Idaho Department \nof Environmental Quality's Webpage); \nWashington Ambient Air Monitoring Network, \nDepartment of Ecology; Air Emissions inventory, WA Department of Ecology, National Emissions Inventory, US EPA."
2025 Disclosure Cycle,779465,CDP,54080,"City of Sunnyvale, CA",City,North America,United States of America,Public,Q4.9,Report the following air pollution data for the jurisdiction.,1,Row 1,No air pollution data to report,,,,,
2025 Disclosure Cycle,779465,CDP,54104,"City of Boulder, CO",City,North America,United States of America,Public,Q4.9,Report the following air pollution data for the jurisdiction.,1,Row 1,Number of days exceeding air quality guidelines/standards (times/year),41,,2024,https://raqc.org/current-8-hour-ozone-summary/,Days ozone exceeds EPA limits. Data from Regional Air Quality Council.
2025 Disclosure Cycle,779465,CDP,54290,Qingdao Municipal Government,City,China,China,Public,Q4.9,Report the following air pollution data for the jurisdiction.,1,Row 1,Particulate Matter PM2.5 concentration (annual average) level (ug/m3),26,21,2024,http://mbee.qingdao.gov.cn/zwgkl/m_100/m_35/202506/t20250609_9638223.shtml,2024年青岛市生态环境状况公报\n
2025 Disclosure Cycle,779465,CDP,54290,Qingdao Municipal Government,City,China,China,Public,Q4.9,Report the following air pollution data for the jurisdiction.,2,Row 2,NO2 concentration (annual average) level (ug/m3),27,21,2024,http://mbee.qingdao.gov.cn/zwgkl/m_100/m_35/202506/t20250609_9638223.shtml,2024年青岛市生态环境状况公报
2025 Disclosure Cycle,779465,CDP,54290,Qingdao Municipal Government,City,China,China,Public,Q4.9,Report the following air pollution data for the jurisdiction.,3,Row 3,Number of days exceeding air quality guidelines/standards (times/year),52,,2024,http://mbee.qingdao.gov.cn/zwgkl/m_100/m_35/202506/t20250609_9638223.shtml,2024年青岛市生态环境状况公报
2025 Disclosure Cycle,779465,CDP,54293,People's Government of Guangzhou Municipality,City,China,China,Public,Q4.9,Report the following air pollution data for the jurisdiction.,1,Row 1,Particulate Matter PM2.5 concentration (annual average) level (ug/m3),21,,2024,https://www.gz.gov.cn/zwgk/zdly/hjbh/kqhjxx/index.html,
2025 Disclosure Cycle,779465,CDP,54298,Dalian Municipal People's Government,City,China,China,Public,Q4.9,Report the following air pollution data for the jurisdiction.,1,Row 1,Particulate Matter PM2.5 concentration (annual average) level (ug/m3),26,10,2024,无,大连市区PM10 年均浓度为44 微克/ 立方米，达到国家环境空气质量二级标准，同比下降10.2%。
2025 Disclosure Cycle,779465,CDP,54298,Dalian Municipal People's Government,City,China,China,Public,Q4.9,Report the following air pollution data for the jurisdiction.,2,Row 2,NO2 concentration (annual average) level (ug/m3),20,10,2024,无,大连市区NO2 年均浓度为20 微克/ 立方米，达到国家环境空气质量二级标准，同比下降13.0%。
2025 Disclosure Cycle,779465,CDP,54298,Dalian Municipal People's Government,City,China,China,Public,Q4.9,Report the following air pollution data for the jurisdiction.,3,Row 3,Number of days exceeding air quality guidelines/standards (times/year),33,,2024,无,全年33 个污染日中，首要污染物\n为臭氧（O3）的有22 天，占比66.7% ；首要污染物为细颗粒物（PM2.5）的有10 天，占比30.3% ；首\n要污染物为可吸入颗粒物（PM10）的有1 天，占比3.0%。
2025 Disclosure Cycle,779465,CDP,54298,Dalian Municipal People's Government,City,China,China,Public,Q4.9,Report the following air pollution data for the jurisdiction.,4,Row 4,Other air pollution metric: 臭氧,146,10,2024,无,臭氧，大连市区臭氧日最大8小时平均第90百分位数浓度为146微克/立方米，达到国家环境空气质量二级标准，同比下降4.6%。
2025 Disclosure Cycle,779465,CDP,54305,Rajkot Municipal Corporation,City,India,India,Public,Q4.9,Report the following air pollution data for the jurisdiction.,1,Row 1,Particulate Matter PM2.5 concentration (annual average) level (ug/m3),47.04,8,2022,,
2025 Disclosure Cycle,779465,CDP,54305,Rajkot Municipal Corporation,City,India,India,Public,Q4.9,Report the following air pollution data for the jurisdiction.,2,Row 2,Other air pollution metric: PM 10,93.54,8,2022,,
2025 Disclosure Cycle,779465,CDP,54310,Government of Palembang,City,South East Asia & Oceania,Indonesia,Public,Q4.9,Report the following air pollution data for the jurisdiction.,1,Row 1,Particulate Matter PM2.5 concentration (annual average) level (ug/m3),28.59,1,2023,https://drive.google.com/file/d/1zhoxare5ivPbyl0rxqt6kMVuf-MOrXpF/view?usp=sharing,Kota Palembang melakukan pemantauan kualitas udara secara rutin setiap tahun dengan jumlah stasiun pemantauan 1 (satu) lokasi berada di pusat kota Palembang. Data dimaksud dilaporkan dalam dokumen : Annual Report Kegiatan Pemantauan Kualitas Udara Ambien Dalam Wilayah Kota Palembang 2023
2025 Disclosure Cycle,779465,CDP,54310,Government of Palembang,City,South East Asia & Oceania,Indonesia,Public,Q4.9,Report the following air pollution data for the jurisdiction.,2,Row 2,NO2 concentration (annual average) level (ug/m3),18.27,1,2023,https://drive.google.com/file/d/1zhoxare5ivPbyl0rxqt6kMVuf-MOrXpF/view?usp=sharing,
2025 Disclosure Cycle,779465,CDP,54327,Semarang City Government,City,South East Asia & Oceania,Indonesia,Public,Q4.9,Report the following air pollution data for the jurisdiction.,1,Row 1,Other air pollution metric: Indeks Kualitas Udara,89.9,,2025,,Angka tersebut berupa Indeks Kualitas Udara yaitu Indikator yang digunakan dalam RPJMD Kota Semarang
2025 Disclosure Cycle,779465,CDP,54328,City of Niigata,City,Japan,Japan,Public,Q4.9,Report the following air pollution data for the jurisdiction.,1,Row 1,NO2 concentration (annual average) level (ug/m3),9.56,12,2022,https://taiki.city.niigata.lg.jp/report,
2025 Disclosure Cycle,779465,CDP,54328,City of Niigata,City,Japan,Japan,Public,Q4.9,Report the following air pollution data for the jurisdiction.,2,Row 2,Particulate Matter PM2.5 concentration (annual average) level (ug/m3),7.4,11,2022,https://taiki.city.niigata.lg.jp/report,
2025 Disclosure Cycle,779465,CDP,54330,City of Kawasaki,City,Japan,Japan,Public,Q4.9,Report the following air pollution data for the jurisdiction.,1,Row 1,NO2 concentration (annual average) level (ug/m3),,18,2024,https://www.city.kawasaki.jp/300/cmsfiles/contents/0000178/178542/R06_bessi_Ver3.pdf,・一般環境大気測定局9 局の年平均値は0.012 ppm \n・自動車排出ガス測定局9 局の年平均値は0.016 ppm
2025 Disclosure Cycle,779465,CDP,54330,City of Kawasaki,City,Japan,Japan,Public,Q4.9,Report the following air pollution data for the jurisdiction.,2,Row 2,Particulate Matter PM2.5 concentration (annual average) level (ug/m3),8.7,17,2024,https://www.city.kawasaki.jp/300/cmsfiles/contents/0000178/178542/R06_bessi_Ver3.pdf,・一般環境大気測定局9 局の年平均値は8.7 μg/m3\n・自動車排出ガス測定局8 局の年平均値は8.6 μg/m3\n
2025 Disclosure Cycle,779465,CDP,54330,City of Kawasaki,City,Japan,Japan,Public,Q4.9,Report the following air pollution data for the jurisdiction.,3,Row 3,Other air pollution metric: 浮遊粒子状物質（SPM）,,18,2024,https://www.city.kawasaki.jp/300/cmsfiles/contents/0000178/178542/R06_bessi_Ver3.pdf,
2025 Disclosure Cycle,779465,CDP,54330,City of Kawasaki,City,Japan,Japan,Public,Q4.9,Report the following air pollution data for the jurisdiction.,4,Row 4,Other air pollution metric: 光化学オキシダント（Ox）,,9,2024,https://www.city.kawasaki.jp/300/cmsfiles/contents/0000178/178542/R06_bessi_Ver3.pdf,
2025 Disclosure Cycle,779465,CDP,54330,City of Kawasaki,City,Japan,Japan,Public,Q4.9,Report the following air pollution data for the jurisdiction.,5,Row 5,Other air pollution metric: 二酸化硫黄（SO2）,,6,2024,https://www.city.kawasaki.jp/300/cmsfiles/contents/0000178/178542/R06_bessi_Ver3.pdf,
2025 Disclosure Cycle,779465,CDP,54330,City of Kawasaki,City,Japan,Japan,Public,Q4.9,Report the following air pollution data for the jurisdiction.,6,Row 6,Other air pollution metric: 一酸化炭素（CO）,,3,2024,https://www.city.kawasaki.jp/300/cmsfiles/contents/0000178/178542/R06_bessi_Ver3.pdf,
2025 Disclosure Cycle,779465,CDP,54330,City of Kawasaki,City,Japan,Japan,Public,Q4.9,Report the following air pollution data for the jurisdiction.,7,Row 7,Other air pollution metric: 有害大気汚染物質等,,4,2024,https://www.city.kawasaki.jp/300/cmsfiles/contents/0000178/178542/R06_bessi_Ver3.pdf,
2025 Disclosure Cycle,779465,CDP,54330,City of Kawasaki,City,Japan,Japan,Public,Q4.9,Report the following air pollution data for the jurisdiction.,8,Row 8,Other air pollution metric: ダイオキシン類,,,2024,https://www.city.kawasaki.jp/300/cmsfiles/contents/0000178/178542/R06_bessi_Ver3.pdf,
2025 Disclosure Cycle,779465,CDP,54330,City of Kawasaki,City,Japan,Japan,Public,Q4.9,Report the following air pollution data for the jurisdiction.,9,Row 9,Number of days exceeding air quality guidelines/standards (times/year),0,,2024,https://www.city.kawasaki.jp/300/cmsfiles/contents/0000178/178542/R06_bessi_Ver3.pdf,
2025 Disclosure Cycle,779465,CDP,54337,Greater Amman Municipality,City,UKWW,Jordan,Public,Q4.9,Report the following air pollution data for the jurisdiction.,1,Row 1,Particulate Matter PM2.5 concentration (annual average) level (ug/m3),29,7,2021,https://www.moenv.gov.jo/ebv4.0/root_storage/en/eb_list_page/2021_ambient_air_quality_monitoring_report.pdf,The daily average (24 hours) is 65 (µg/m3) in Jordan
2025 Disclosure Cycle,779465,CDP,54337,Greater Amman Municipality,City,UKWW,Jordan,Public,Q4.9,Report the following air pollution data for the jurisdiction.,2,Row 2,NO2 concentration (annual average) level (ug/m3),22,7,2021,https://www.moenv.gov.jo/ebv4.0/root_storage/en/eb_list_page/2021_ambient_air_quality_monitoring_report.pdf,"the annual averages of NO2 were within the permissible limits in the Jordanian Standard (1140/2006) in all monitoring stations, where no exceedances were detected"
2025 Disclosure Cycle,779465,CDP,54337,Greater Amman Municipality,City,UKWW,Jordan,Public,Q4.9,Report the following air pollution data for the jurisdiction.,3,Row 3,Other air pollution metric: SO2,9.9,5,2021,https://www.moenv.gov.jo/ebv4.0/root_storage/en/eb_list_page/2021_ambient_air_quality_monitoring_report.pdf,Unit of measurement (PPB)
2025 Disclosure Cycle,779465,CDP,54341,Toyama City,City,Japan,Japan,Public,Q4.9,Report the following air pollution data for the jurisdiction.,1,Row 1,Particulate Matter PM2.5 concentration (annual average) level (ug/m3),,5,2024,https://toyama-taiki.jp/kanshi/map/index.html,
2025 Disclosure Cycle,779465,CDP,54348,The Local Government of Quezon City,City,South East Asia & Oceania,Philippines,Public,Q4.9,Report the following air pollution data for the jurisdiction.,1,Row 1,Particulate Matter PM2.5 concentration (annual average) level (ug/m3),21.9,40,2024,https://quezoncity.gov.ph/air-quality-index/,Annual average of PM 2.5 from the Forty (40) air quality monitoring tin 2024
2025 Disclosure Cycle,779465,CDP,54361,Petaling Jaya City Council,City,South East Asia & Oceania,Malaysia,Public,Q4.9,Report the following air pollution data for the jurisdiction.,1,Row 1,Particulate Matter PM2.5 concentration (annual average) level (ug/m3),8,1,2024,https://apims.doe.gov.my/api_table.html,Air quality for Petaling Jaya was monitored by Selangor Department of Environment. 
2025 Disclosure Cycle,779465,CDP,54386,Tainan City Government,City,China,East Asia,Public,Q4.9,Report the following air pollution data for the jurisdiction.,1,Row 1,Number of days exceeding air quality guidelines/standards (times/year),218,,2023,https://statis.moenv.gov.tw/epanet/\n,臺南市共4個測站，1個測站有1日AQI>100即記入1個站日數。2023年資料顯示共有218站日。
2025 Disclosure Cycle,779465,CDP,54386,Tainan City Government,City,China,East Asia,Public,Q4.9,Report the following air pollution data for the jurisdiction.,7,Row 7,Particulate Matter PM2.5 concentration (annual average) level (ug/m3),18,4,2023,https://statis.moenv.gov.tw/epanet/,
2025 Disclosure Cycle,779465,CDP,54386,Tainan City Government,City,China,East Asia,Public,Q4.9,Report the following air pollution data for the jurisdiction.,8,Row 8,Other air pollution metric: 懸浮微粒PM10(年均)濃度(ug/m3),37.7,4,2023,https://statis.moenv.gov.tw/epanet/,
2025 Disclosure Cycle,779465,CDP,54386,Tainan City Government,City,China,East Asia,Public,Q4.9,Report the following air pollution data for the jurisdiction.,9,Row 9,Other air pollution metric: 二氧化硫SO2(年均)濃度(ppb),1.25,4,2023,https://statis.moenv.gov.tw/epanet/,
2025 Disclosure Cycle,779465,CDP,54386,Tainan City Government,City,China,East Asia,Public,Q4.9,Report the following air pollution data for the jurisdiction.,10,Row 10,Other air pollution metric: 臭氧O3(年均)濃度(ppb),54.99,4,2023,https://statis.moenv.gov.tw/epanet/,
2025 Disclosure Cycle,779465,CDP,54386,Tainan City Government,City,China,East Asia,Public,Q4.9,Report the following air pollution data for the jurisdiction.,11,Row 11,Other air pollution metric: 一氧化碳CO(年均)濃度(ppm),0.29,4,2023,https://statis.moenv.gov.tw/epanet/,
2025 Disclosure Cycle,779465,CDP,54386,Tainan City Government,City,China,East Asia,Public,Q4.9,Report the following air pollution data for the jurisdiction.,12,Row 12,Other air pollution metric: 二氧化氮NO2(年均)濃度(ppb),9.36,4,2023,https://statis.moenv.gov.tw/epanet/,
2025 Disclosure Cycle,779465,CDP,54386,Tainan City Government,City,China,East Asia,Public,Q4.9,Report the following air pollution data for the jurisdiction.,13,Row 13,Other air pollution metric: 非甲烷碳氫化合物NHMC(年均)濃度(ppmc),0.09,4,2023,https://statis.moenv.gov.tw/epanet/,
2025 Disclosure Cycle,779465,CDP,54388,Iskandar Regional Development Authority,City,South East Asia & Oceania,Malaysia,Public,Q4.9,Report the following air pollution data for the jurisdiction.,1,Row 1,Other air pollution metric: API,2,2,2024,http://apims.doe.gov.my/home.html,Refer to the API hourly readings from the link provided for both Air Quality Monitoring Station located at Johor Bahru and Pasir Gudang.
2025 Disclosure Cycle,779465,CDP,54388,Iskandar Regional Development Authority,City,South East Asia & Oceania,Malaysia,Public,Q4.9,Report the following air pollution data for the jurisdiction.,2,Row 2,Particulate Matter PM2.5 concentration (annual average) level (ug/m3),13,2,2024,http://apims.doe.gov.my/home.html,"The concentration of PM2.5\nis usually categorised based on haze and non-haze days. During normal conditions,\nthe average concentration of PM2.5\nrecorded in urban environment is\n20-21 µg/m3\n[7]. During haze episode in Malaysia, the concentration of PM2.5\nexceeded the limit of 25 and 35 µg/m3\nsuggested by World Health\nOrganization (WHO) and United States Environmental Protection Agency (US\nEPA). The current PM2.5 level in Malaysia is generally considered good, with an average of 13 µg/m³ across the country. This level is below the WHO guideline of 15 µg/m³. Specifically, Johor Bahru, a city in Johor, Malaysia, has a PM2.5 level of 12 µg/m³, also within the healthy range. "
2025 Disclosure Cycle,779465,CDP,54389,Taichung City Government,City,China,East Asia,Public,Q4.9,Report the following air pollution data for the jurisdiction.,1,Row 1,Particulate Matter PM2.5 concentration (annual average) level (ug/m3),13.9,5,2024,https://airtw.moenv.gov.tw/,Data from the Air Quality Monitoring Network of Ministry of Environment
2025 Disclosure Cycle,779465,CDP,54389,Taichung City Government,City,China,East Asia,Public,Q4.9,Report the following air pollution data for the jurisdiction.,2,Row 2,NO2 concentration (annual average) level (ug/m3),9.38,5,2024,https://airtw.moenv.gov.tw/,Data from the Air Quality Monitoring Network of Ministry of Environment
2025 Disclosure Cycle,779465,CDP,54389,Taichung City Government,City,China,East Asia,Public,Q4.9,Report the following air pollution data for the jurisdiction.,3,Row 3,Number of days exceeding air quality guidelines/standards (times/year),14,,2024,https://airtw.moenv.gov.tw/,Data from the Air Quality Monitoring Network of Ministry of Environment
2025 Disclosure Cycle,779465,CDP,54389,Taichung City Government,City,China,East Asia,Public,Q4.9,Report the following air pollution data for the jurisdiction.,4,Row 4,Other air pollution metric: PM10 (μg/m3),27,5,2024,https://airtw.moenv.gov.tw/,Data from the Air Quality Monitoring Network of Ministry of Environment
2025 Disclosure Cycle,779465,CDP,54389,Taichung City Government,City,China,East Asia,Public,Q4.9,Report the following air pollution data for the jurisdiction.,5,Row 5,Other air pollution metric: O3（ppb）,30,5,2024,https://airtw.moenv.gov.tw/,Data from the Air Quality Monitoring Network of Ministry of Environment
2025 Disclosure Cycle,779465,CDP,54389,Taichung City Government,City,China,East Asia,Public,Q4.9,Report the following air pollution data for the jurisdiction.,6,Row 6,Other air pollution metric: SO2(ppb),1.3,5,2024,https://airtw.moenv.gov.tw/,Data from the Air Quality Monitoring Network of Ministry of Environment
2025 Disclosure Cycle,779465,CDP,54389,Taichung City Government,City,China,East Asia,Public,Q4.9,Report the following air pollution data for the jurisdiction.,7,Row 7,Other air pollution metric: CO（ppm）,0.28,5,2024,https://airtw.moenv.gov.tw/,Data from the Air Quality Monitoring Network of Ministry of Environment
2025 Disclosure Cycle,779465,CDP,54395,Taoyuan City Government,City,China,East Asia,Public,Q4.9,Report the following air pollution data for the jurisdiction.,1,Row 1,Particulate Matter PM2.5 concentration (annual average) level (ug/m3),12.8,4,2024,https://statis.moenv.gov.tw/epanet/,N/A
2025 Disclosure Cycle,779465,CDP,54395,Taoyuan City Government,City,China,East Asia,Public,Q4.9,Report the following air pollution data for the jurisdiction.,2,Row 2,Number of days exceeding air quality guidelines/standards (times/year),3,,2024,https://statis.moenv.gov.tw/epanet/,Days with AQI＞150
2025 Disclosure Cycle,779465,CDP,54395,Taoyuan City Government,City,China,East Asia,Public,Q4.9,Report the following air pollution data for the jurisdiction.,3,Row 3,Other air pollution metric: Annual average concentration of NO2 (ppb),11.89,4,2024,https://statis.moenv.gov.tw/epanet/,N/A
2025 Disclosure Cycle,779465,CDP,54402,City of Lahti,City,Europe,Finland,Public,Q4.9,Report the following air pollution data for the jurisdiction.,2,Row 2,Particulate Matter PM2.5 concentration (annual average) level (ug/m3),5.5,,2023,https://www.lahti.fi/asuminen-ja-ymparisto/ympariston-tila/ilmanlaatu/,Value based on cities own monitoring in 2024
2025 Disclosure Cycle,779465,CDP,54402,City of Lahti,City,Europe,Finland,Public,Q4.9,Report the following air pollution data for the jurisdiction.,3,Row 3,Number of days exceeding air quality guidelines/standards (times/year),31,,2023,https://lahdenymparistovahti.fi/indicators/460,Value of 2023
2025 Disclosure Cycle,779465,CDP,54403,City of Tampere,City,Europe,Finland,Public,Q4.9,Report the following air pollution data for the jurisdiction.,1,Row 1,Particulate Matter PM2.5 concentration (annual average) level (ug/m3),4.23,4,2024,https://www.tampere.fi/sites/default/files/2025-06/Tampereen-ilmanlaatu-2024.pdf,The value of particular matter PM2.5 concentration is an average of annual averages from four air quality measuring stations in Tampere. 
2025 Disclosure Cycle,779465,CDP,54403,City of Tampere,City,Europe,Finland,Public,Q4.9,Report the following air pollution data for the jurisdiction.,2,Row 2,Number of days exceeding air quality guidelines/standards (times/year),6,,2024,https://www.tampere.fi/sites/default/files/2025-06/Tampereen-ilmanlaatu-2024.pdf\n,There were 6 days in 2024 when the concentration in one or more stations exceeded WHO's daily average guideline 15 µg PM2.5/m3.
2025 Disclosure Cycle,779465,CDP,54403,City of Tampere,City,Europe,Finland,Public,Q4.9,Report the following air pollution data for the jurisdiction.,3,Row 3,NO2 concentration (annual average) level (ug/m3),11.7,3,2024,https://www.tampere.fi/sites/default/files/2025-06/Tampereen-ilmanlaatu-2024.pdf\n,The value of nitrogen dioxide NO2 concentration is an average of annual averages from three air quality measuring stations in Tampere. 
2025 Disclosure Cycle,779465,CDP,54403,City of Tampere,City,Europe,Finland,Public,Q4.9,Report the following air pollution data for the jurisdiction.,4,Row 4,Number of days exceeding air quality guidelines/standards (times/year),33,,2024,https://www.tampere.fi/sites/default/files/2025-06/Tampereen-ilmanlaatu-2024.pdf\n,There were 33 days in 2024 when the concentration in one or more stations exceeded WHO's daily average guideline 25 µg NO2/m3.
2025 Disclosure Cycle,779465,CDP,54408,Aarhus Municipality,City,Europe,Denmark,Public,Q4.9,Report the following air pollution data for the jurisdiction.,1,Row 1,Particulate Matter PM2.5 concentration (annual average) level (ug/m3),7,5,2023,https://www.iqair.com/denmark/central-denmark/aarhus?utm_source=chatgpt.com,Nothing to add
2025 Disclosure Cycle,779465,CDP,54408,Aarhus Municipality,City,Europe,Denmark,Public,Q4.9,Report the following air pollution data for the jurisdiction.,2,Row 2,Other air pollution metric: PM10,14.5,5,2023,https://www.iqair.com/denmark/central-denmark/aarhus?utm_source=chatgpt.com,Nothing to add
2025 Disclosure Cycle,779465,CDP,54439,City of Münster,City,Europe,Germany,Public,Q4.9,Report the following air pollution data for the jurisdiction.,1,Row 1,NO2 concentration (annual average) level (ug/m3),14,4,2020,https://www.stadt-muenster.de/umwelt/immissionsschutz/luft,
2025 Disclosure Cycle,779465,CDP,54459,City of Reykjavík,City,Europe,Iceland,Public,Q4.9,Report the following air pollution data for the jurisdiction.,2,Row 2,Particulate Matter PM2.5 concentration (annual average) level (ug/m3),3.6,5,2023,www.loftgaedi.is\n,No certified data yet available for 2023 but PM10 from Grensásvegur monitoring station is 6.5 ug/m3\n
2025 Disclosure Cycle,779465,CDP,54459,City of Reykjavík,City,Europe,Iceland,Public,Q4.9,Report the following air pollution data for the jurisdiction.,3,Row 3,NO2 concentration (annual average) level (ug/m3),18.9,5,2022,www.loftgaedi.is,Exceeding daily limits 10 times and 18 times over hourly health guidelines in 2022\n
2025 Disclosure Cycle,779465,CDP,54459,City of Reykjavík,City,Europe,Iceland,Public,Q4.9,Report the following air pollution data for the jurisdiction.,4,Row 4,Other air pollution metric: H2S,,4,2023,www.loftgaedi.is,Certified data only available from one monitoring station for 2023\n
2025 Disclosure Cycle,779465,CDP,54467,Municipality of Eindhoven,City,Europe,Netherlands,Public,Q4.9,Report the following air pollution data for the jurisdiction.,1,Row 1,NO2 concentration (annual average) level (ug/m3),16,2,2024,luchtmeetnet.nl\n,Station Noord-Brabantlaan NL10237 & Station Genovevalaan NL10236\n\n
2025 Disclosure Cycle,779465,CDP,54467,Municipality of Eindhoven,City,Europe,Netherlands,Public,Q4.9,Report the following air pollution data for the jurisdiction.,2,Row 2,Other air pollution metric: NO concentration (annual average) level (microgram/m3),5,2,2024,luchtmeetnet.nl\n,Station Noord-Brabantlaan NL10237 & Station Genovevalaan NL10236
2025 Disclosure Cycle,779465,CDP,54467,Municipality of Eindhoven,City,Europe,Netherlands,Public,Q4.9,Report the following air pollution data for the jurisdiction.,3,Row 3,Other air pollution metric: PM10 concentration (annual average) level (microgram/m3),16,2,2024,luchtmeetnet.nl\n,Station Noord-Brabantlaan NL10237 & Station Genovevalaan NL10236
2025 Disclosure Cycle,779465,CDP,54467,Municipality of Eindhoven,City,Europe,Netherlands,Public,Q4.9,Report the following air pollution data for the jurisdiction.,4,Row 4,Other air pollution metric: l,51,1,2024,luchtmeetnet.nl\n,Station Genovevalaan NL10236\n
2025 Disclosure Cycle,779465,CDP,54467,Municipality of Eindhoven,City,Europe,Netherlands,Public,Q4.9,Report the following air pollution data for the jurisdiction.,5,Row 5,Other air pollution metric: BC concentration (annual average) level (microgram/m3),1,1,2024,luchtmeetnet.nl\n,Station Noord-Brabantlaan NL10237\n
2025 Disclosure Cycle,779465,CDP,54467,Municipality of Eindhoven,City,Europe,Netherlands,Public,Q4.9,Report the following air pollution data for the jurisdiction.,6,Row 6,Number of days exceeding air quality guidelines/standards (times/year),0,,2024,luchtmeetnet.nl\n,PM10 daily mean values of 50 microgram/m3 or higher (35 permitted exceedances per year) \n\nNO2 one hour averaging of 200 microgram/m3 or higher (18 permitted exceedances per year)\n\nBoth have been exceeded 0 times in 2024\n
2025 Disclosure Cycle,779465,CDP,54484,Stavanger Municipality,City,Europe,Norway,Public,Q4.9,Report the following air pollution data for the jurisdiction.,1,Row 1,Particulate Matter PM2.5 concentration (annual average) level (ug/m3),8,4,2023,https://www.stavanger.kommune.no/siteassets/renovasjon-klima-og-miljo/miljo-og-klima/luftkvalitet---rapporter-og-utredninger/2024-luftkvalitet-i-stavanger.pdf,The data given is from the most polluted station among the four monitoring stations
2025 Disclosure Cycle,779465,CDP,54484,Stavanger Municipality,City,Europe,Norway,Public,Q4.9,Report the following air pollution data for the jurisdiction.,2,Row 2,NO2 concentration (annual average) level (ug/m3),21,4,2023,https://www.stavanger.kommune.no/siteassets/renovasjon-klima-og-miljo/miljo-og-klima/luftkvalitet---rapporter-og-utredninger/2024-luftkvalitet-i-stavanger.pdf,The data given is from the most polluted station among the four monitoring stations
2025 Disclosure Cycle,779465,CDP,54488,Trondheim Municipality,City,Europe,Norway,Public,Q4.9,Report the following air pollution data for the jurisdiction.,2,Row 2,Number of days exceeding air quality guidelines/standards (times/year),11,,2024,https://sites.google.com/trondheim.kommune.no/luftrapport/start,The figure here refers to number of days exceeding Norwegian regulations for maximum PM 10 levels 
2025 Disclosure Cycle,779465,CDP,54488,Trondheim Municipality,City,Europe,Norway,Public,Q4.9,Report the following air pollution data for the jurisdiction.,3,Row 3,NO2 concentration (annual average) level (ug/m3),16.7,4,2024,https://sites.google.com/trondheim.kommune.no/luftrapport/start,"Only 1 of 4 measuring stations met the criteria of 85 % total coverage/up time due to trouble with instrumentation and having to move one station due to building and construction work. However the valid station is situated in the most heavily trafficked road, the available data is therefore considered to be acceptable."
2025 Disclosure Cycle,779465,CDP,54488,Trondheim Municipality,City,Europe,Norway,Public,Q4.9,Report the following air pollution data for the jurisdiction.,4,Row 4,Particulate Matter PM2.5 concentration (annual average) level (ug/m3),4.6,5,2024,https://sites.google.com/trondheim.kommune.no/luftrapport/start,"Only 1 out of 5 measuring stations met the criteria of 85 % total coverage/up time due to trouble with instrumentation and having to move one station due to building and construction work. However the valid station is situated in the most heavily trafficked road, the available data is therefore considered to be acceptable."
2025 Disclosure Cycle,779465,CDP,54510,Umeå Municipality,City,Europe,Sweden,Public,Q4.9,Report the following air pollution data for the jurisdiction.,2,Row 2,Number of days exceeding air quality guidelines/standards (times/year),125.0,,2022.0,https://www.umea.se/byggaboochmiljo/boendemiljobullerochluftkvalitet/luftenutomhus/luftkvaliteteniumea/luftmatningar.4.250f9659174ae4b97941b09.html,
2025 Disclosure Cycle,779465,CDP,54518,City of Helsingborg,City,Europe,Sweden,Public,Q4.9,Report the following air pollution data for the jurisdiction.,1,Row 1,NO2 concentration (annual average) level (ug/m3),12.5,3,2024,Air pollution data is available in the following report: file:///G:/8.%20Milj%C3%B6strategi/8.7%20Styrdokument/8.7.2%20KEP/KEP%20Genomf%C3%B6rande/OPCC/opcc2025/underlag/luftmatningar-i-helsingborg-arsrapport-2024.pdf,street level station
2025 Disclosure Cycle,779465,CDP,54518,City of Helsingborg,City,Europe,Sweden,Public,Q4.9,Report the following air pollution data for the jurisdiction.,2,Row 2,NO2 concentration (annual average) level (ug/m3),12.9,3,2024,Air pollution data is available in the following report: file:///G:/8.%20Milj%C3%B6strategi/8.7%20Styrdokument/8.7.2%20KEP/KEP%20Genomf%C3%B6rande/OPCC/opcc2025/underlag/luftmatningar-i-helsingborg-arsrapport-2024.pdf,street level station
2025 Disclosure Cycle,779465,CDP,54518,City of Helsingborg,City,Europe,Sweden,Public,Q4.9,Report the following air pollution data for the jurisdiction.,3,Row 3,NO2 concentration (annual average) level (ug/m3),10.1,3,2024,Air pollution data is available in the following report: file:///G:/8.%20Milj%C3%B6strategi/8.7%20Styrdokument/8.7.2%20KEP/KEP%20Genomf%C3%B6rande/OPCC/opcc2025/underlag/luftmatningar-i-helsingborg-arsrapport-2024.pdf,roof level station
2025 Disclosure Cycle,779465,CDP,54518,City of Helsingborg,City,Europe,Sweden,Public,Q4.9,Report the following air pollution data for the jurisdiction.,4,Row 4,Particulate Matter PM2.5 concentration (annual average) level (ug/m3),7.4,1,2024,Air pollution data is available in the following report: file:///G:/8.%20Milj%C3%B6strategi/8.7%20Styrdokument/8.7.2%20KEP/KEP%20Genomf%C3%B6rande/OPCC/opcc2025/underlag/luftmatningar-i-helsingborg-arsrapport-2024.pdf,
2025 Disclosure Cycle,779465,CDP,54518,City of Helsingborg,City,Europe,Sweden,Public,Q4.9,Report the following air pollution data for the jurisdiction.,5,Row 5,Other air pollution metric: PM10,12.4,1,2024,Air pollution data is available in the following report: file:///G:/8.%20Milj%C3%B6strategi/8.7%20Styrdokument/8.7.2%20KEP/KEP%20Genomf%C3%B6rande/OPCC/opcc2025/underlag/luftmatningar-i-helsingborg-arsrapport-2024.pdf,
2025 Disclosure Cycle,779465,CDP,54518,City of Helsingborg,City,Europe,Sweden,Public,Q4.9,Report the following air pollution data for the jurisdiction.,6,Row 6,Number of days exceeding air quality guidelines/standards (times/year),0,,2024,,
2025 Disclosure Cycle,779465,CDP,54519,Lund Municipality,City,Europe,Sweden,Public,Q4.9,Report the following air pollution data for the jurisdiction.,2,Row 2,NO2 concentration (annual average) level (ug/m3),10.0,2,2022.0,http://www.dagensluft.se/lund/lund.html,
2025 Disclosure Cycle,779465,CDP,54529,City of Leicester,City,UKWW,United Kingdom,Public,Q4.9,Report the following air pollution data for the jurisdiction.,1,Row 1,NO2 concentration (annual average) level (ug/m3),18.1,7,2023,https://www.leicester.gov.uk/media/nr0drnjv/2024-air-quality-annual-status-report.pdf,"All of the 7 monitoring stations operating in 2023 were automatic, with 6 monitoring roadside pollution levels and one monitoring the 'urban background' level. The value reported here is for the monitor measuring the 'urban background' level."
2025 Disclosure Cycle,779465,CDP,54529,City of Leicester,City,UKWW,United Kingdom,Public,Q4.9,Report the following air pollution data for the jurisdiction.,2,Row 2,Particulate Matter PM2.5 concentration (annual average) level (ug/m3),6.9,7,2023,https://www.leicester.gov.uk/media/nr0drnjv/2024-air-quality-annual-status-report.pdf,"There are 7 PM10 monitoring stations, used to estimate PM2.5 levels."
2025 Disclosure Cycle,779465,CDP,54650,Prefeitura de Palmas,City,Latin America,Brazil,Public,Q4.9,Report the following air pollution data for the jurisdiction.,1,Row 1,No air pollution data to report,,,,,
2025 Disclosure Cycle,779465,CDP,55161,City of Iida,City,Japan,Japan,Public,Q4.9,Report the following air pollution data for the jurisdiction.,1,Row 1,Particulate Matter PM2.5 concentration (annual average) level (ug/m3),15,1,2025,http://nagano-taiki.sakura.ne.jp/koumoku.php,長野県環境部水大気環境課公表数値による
2025 Disclosure Cycle,779465,CDP,55180,City of Shizuoka,City,Japan,Japan,Public,Q4.9,Report the following air pollution data for the jurisdiction.,1,Row 1,Particulate Matter PM2.5 concentration (annual average) level (ug/m3),12,11,2023,https://www.mizu-shori.com/service/pdf/topics_02/guidebook_17.pdf,
2025 Disclosure Cycle,779465,CDP,55324,Municipality of Guimarães,City,Europe,Portugal,Public,Q4.9,Report the following air pollution data for the jurisdiction.,2,Row 2,Other air pollution metric: Rede local de monitorização da qualidade do ar,0,4.0,2023,,"Ciente da importância da atuação local, e seguindo as orientações da diretiva 2008/CE, Guimarães desenvolveu de forma pró-ativa e voluntária um Plano de Gestão da Qualidade do Ar. Além daquela que integra a rede Nacional da qualidade do Ar da resposnabilidade da Agência Portuguesa do Ambiente conjuntamente com a coordenação da CCDRn, Guimarães instalou voluntariamente, em 2023, quatro estações de monitorização da qualidade do ar e outros parâmetros climáticos de relevância, em locais de amostragem de diferentes tipologias (áreas urbanas, naturais e de conflito), que permitem a análise em tempo real de NOx, PM10, O3 e PM2,5. Isto é muito importante uma vez que o Rede nacional não considerava, para Guimarães, as medições de PM2,5. O parâmetro O3 é extremamente importante para o Indicador da Natureza e Biodiversidade. Os valores em tempo real das estações locais são integrados na Plataforma Urbana e disponibilizados qualitativamente ao cidadão. Estes dados têm permitido estudar efeitos na saúde e bem estar bem como analisar com maior rigor os efeitos de incêndios ou poeiras de África que têm afetado o País. A cada seis meses é elaborado um relatório de análise e as principais conclusões, permitem apoiar a redefinição de estratégias de comunicação. "
2025 Disclosure Cycle,779465,CDP,55324,Municipality of Guimarães,City,Europe,Portugal,Public,Q4.9,Report the following air pollution data for the jurisdiction.,3,Row 3,NO2 concentration (annual average) level (ug/m3),33,1,2022,https://qualar.apambiente.pt/pt/qualar/estacao/1046,"Os dados oficiais são registados por uma estação de qualidade do ar sob a jurisdição da Agência Portuguesa do Ambiente.\n\nForam implementadas estações adicionais de forma proactiva, como explicado anteriormente. "
2025 Disclosure Cycle,779465,CDP,55324,Municipality of Guimarães,City,Europe,Portugal,Public,Q4.9,Report the following air pollution data for the jurisdiction.,4,Row 4,Other air pollution metric: City Air,97.3,,,"City Air index: A New Air Quality Index for Cities, Advanced Air Pollution. Silva, L.T., Mendes, J.F.G. (2011)","Em Guimarães, a qualidade do ar é também avaliada através de um indicador de síntese-CityAir. Isso é feito usando dados municipais (dados de poluentes, informações geográficas, mapeamento da cidade e uso da terra) e, portanto, contribui para a análise de cenários em nível macro e micro. De acordo com o CityAir Index, 97,3% da população está exposta a índices de qualidade do ar “Bom/Muito Bom”."
2025 Disclosure Cycle,779465,CDP,55324,Municipality of Guimarães,City,Europe,Portugal,Public,Q4.9,Report the following air pollution data for the jurisdiction.,5,Row 5,Particulate Matter PM2.5 concentration (annual average) level (ug/m3),6,1,2022,PF Background Urban station for PM2.5 https://qualar.apambiente.pt/pt/qualar/estacao/1044 ,"Ciente da importância da atuação local, e seguindo as orientações da diretiva 2008/CE, Guimarães desenvolveu de forma pró-ativa e voluntária um Plano de Gestão da Qualidade do Ar. Além daquela que integra a rede Nacional da qualidade do Ar da resposnabilidade da Agência POrtuguesa do Ambiente conjuntamente com a coordenação da cCDRn, Guimarães instalou voluntariamente, em 2023, quatro estações de monitorização da qualidade do ar e outros parâmetros climáticos de relevância, em locais de amostragem de diferentes tipologias (áreas urbanas, naturais e de conflito), que permitem a análise em tempo real de NOx, PM10, O3 e PM2,5. Isto é muito importante uma vez que o Rede nacional não considerava, para Guimarães, as medições de PM2,5. O parâmetro O3 é extremamente importante para o Indicador da Natureza e Biodiversidade. Os valores em tempo real das estações locais são integrados na Plataforma Urbana e disponibilizados qualitativamente ao cidadão. Estes dados têm permitido estudar efeitos na saúde ebem estar bem como analisar com maior rigor os efeitos de incêndios ou poeiras de África que têm afetado o País. Adicionalmente, od dados das estações locais são enviados para a CCDR para incrementar o histórico. Os dados aqui apresentados são da estação oficial designada pela Agência Portuguesa do Ambiente para medir PM2,5 localizada num concelho limitrofe."
2025 Disclosure Cycle,779465,CDP,55324,Municipality of Guimarães,City,Europe,Portugal,Public,Q4.9,Report the following air pollution data for the jurisdiction.,6,Row 6,Other air pollution metric: Number of hours in which the hourly limit value for NO2 of 200 μg/m3 has been exceeded per year for each sampling point,0.0,1.0,2022,,NNão há registos de excedências diárias de NO2 na última década 
2025 Disclosure Cycle,779465,CDP,55324,Municipality of Guimarães,City,Europe,Portugal,Public,Q4.9,Report the following air pollution data for the jurisdiction.,7,Row 7,Other air pollution metric: PM10,21,1,2022,https://qualar.apambiente.pt/pt/qualar/estacao/1046,os dados de PM 10 μg/m3 dizem respeito à estação oficial da responsabilidade da Agência Portuguesa do Ambiente
2025 Disclosure Cycle,779465,CDP,55324,Municipality of Guimarães,City,Europe,Portugal,Public,Q4.9,Report the following air pollution data for the jurisdiction.,8,Row 8,Other air pollution metric: Nº de dias/ano com excedências de PM10 superiores a 50 microgramas por metro cúbico,14,1,2022,https://qualar.apambiente.pt/pt/qualar/estacao/1046,"\n\nEntre 2014 e 2021, não foram registadas quaisquer excedências diárias de PM10. Em 2022, foram registadas 14 excedências e em 2023 16. Desde 2022, os Episódios de Poeira Suspensa Africana estão a ganhar relevância na região norte, com um aumento de episódios. Guimarães registou níveis elevados, o que pode ter contribuído para as excedências. Além disso, em 2022, o mesmo ano em que foram registadas excedências, a área ardida em Portugal foi a maior desde 2017 (111 000 ha), com o norte de Portugal a apresentar um forte aumento em comparação com 2021 (27 129 ha). Guimarães foi/é afetada por nuvens de fumo que, combinadas com a topografia do território, poderiam explicar parcialmente o aumento das concentrações de PM10. Com o nosso sistema de monitorização local, os dados locais têm sido utilizados para compreender os impactos dos eventos extremos, tanto dos incêndios como da poeira africana. Em 2024, os dois episódios de poeira suspensa do Norte de África que afectaram a nossa cidade, foram registados por estações locais com uma equipa que os analisou para reforçar, localmente, os programas de sensibilização da Agência Nacional de Saúde. Também em setembro de 2024, como deve saber, vários incêndios de grandes dimensões na região Norte afectaram a qualidade do ar em Portugal, tendo o Governo português declarado o estado de calamidade devido ao descontrolo dos incêndios em certas regiões. Em particular, vários incêndios afectaram Guimarães, influenciando negativamente a qualidade do ar com AGQ em níveis vermelhos (ver aqui). No período de 16 a 18 de setembro, no que diz respeito às partículas PM2.5 e PM10, o nosso sistema de monitorização local também registou valores máximos com uma das estações que se localiza fora do centro da cidade, a estação das Taipas, a registar o valor mais alto registado em Guimarães. Embora os outros parâmetros não tenham registado um grande aumento durante o período dos incêndios rurais (O3 e NO2), apresentam ligeiros aumentos durante este período, o que demonstra o impacto dos incêndios rurais na qualidade do ar em geral. A análise dos gráficos de temperatura e temperatura mostra que, durante o período de incêndios, as temperaturas atingiram valores elevados (> 30ºC) e, simultaneamente, os valores de humidade atingiram registos mínimos.\n"
2025 Disclosure Cycle,779465,CDP,55324,Municipality of Guimarães,City,Europe,Portugal,Public,Q4.9,Report the following air pollution data for the jurisdiction.,9,Row 9,Other air pollution metric: Inqueriro de,97,1,2022,https://labpaisagem.pt/noticia/resultados-do-estudo-das-percecoes-e-dos-habitos-ambientais-dos-habitantes-de-guimaraes-apresentado/ ," Guimarães desenvolveu um instrumento de observação que permite auscultar os cidadãos e perceber se as mudanças que estão a ser implementadas no território estão a ter impacto nas suas vidas. Este instrumento de observação é aplicado a cada cinco anos. Para já, os resultados indicam que 97% da população diz respirar ar de “boa/muito boa” qualidade."
2025 Disclosure Cycle,779465,CDP,56276,New Taipei City Government,City,China,East Asia,Public,Q4.9,Report the following air pollution data for the jurisdiction.,1,Row 1,Particulate Matter PM2.5 concentration (annual average) level (ug/m3),11.66,8,2024,https://statis.moenv.gov.tw/epanet/,Manual monitoring station data for 2024\n\nData source: EPA Air Quality Monitoring Information Integration Platform
2025 Disclosure Cycle,779465,CDP,56276,New Taipei City Government,City,China,East Asia,Public,Q4.9,Report the following air pollution data for the jurisdiction.,2,Row 2,Other air pollution metric: Number of 'stations-daily' exceeding the PM2.5 standard concentration (35µg/m3) per year.,32,8,2024,https://data.moenv.gov.tw/dataset/detail/AQX_P_434,The number of station-days in 2024 with a daily average PM2.5 concentration exceeding the air quality standard of 35 µg/m³.\n\nData source: EPA Air Quality Monitoring Information Integration Platform
2025 Disclosure Cycle,779465,CDP,57347,Pingtung County Government,City,China,East Asia,Public,Q4.9,Report the following air pollution data for the jurisdiction.,1,Row 1,Particulate Matter PM2.5 concentration (annual average) level (ug/m3),4.3,5,2025, Data source: https://airtw.moenv.gov.tw/CHT/EnvMonitoring/Central/CentralMonitoring.aspx,We only have data which will be updated every hour.
2025 Disclosure Cycle,779465,CDP,58513,"City of Medford, MA",City,North America,United States of America,Public,Q4.9,Report the following air pollution data for the jurisdiction.,1,Row 1,No air pollution data to report,,,,,
2025 Disclosure Cycle,779465,CDP,58616,Vijayawada Municipal Corporation,City,India,India,Public,Q4.9,Report the following air pollution data for the jurisdiction.,1,Row 1,Particulate Matter PM2.5 concentration (annual average) level (ug/m3),33.1,9,2021,https://aprtpms.ap.gov.in/publicview.html,"Average annual concentration of primary pollutants (PM2.5, SOx, and NOx) between the years 2016 and 2021 was found to be within the permissible limits as per India 's National Ambient Air Quality Standards."
2025 Disclosure Cycle,779465,CDP,58616,Vijayawada Municipal Corporation,City,India,India,Public,Q4.9,Report the following air pollution data for the jurisdiction.,2,Row 2,NO2 concentration (annual average) level (ug/m3),16.7,9,2021,https://aprtpms.ap.gov.in/publicview.html,"Average annual concentration of primary pollutants (PM2.5, SOx, and NOx) between the years 2016 and 2021 was found to be within the permissible limits as per India 's National Ambient Air Quality Standards."
2025 Disclosure Cycle,779465,CDP,58616,Vijayawada Municipal Corporation,City,India,India,Public,Q4.9,Report the following air pollution data for the jurisdiction.,3,Row 3,Other air pollution metric: PM10,67,9,2021,https://aprtpms.ap.gov.in/publicview.html,"The average annual concentration of PM10 in Vijayawada was ~67 µg/m3 in 2021-22, which is higher than the 56 µg/m3 in 2020 and exceeds the National Ambient Air Quality Standards (NAAQS). Vijayawada city is implementing various initiatives under the National Clean Air Program (NCAP) to reduce the PM10 levels.\n."
2025 Disclosure Cycle,779465,CDP,58671,Helsingør Municipality,City,Europe,Denmark,Public,Q4.9,Report the following air pollution data for the jurisdiction.,1,Row 1,Particulate Matter PM2.5 concentration (annual average) level (ug/m3),10,,2019,https://lpdv.spatialsuite.dk/spatialmap ,Air pollution in municipalities is monitored by a detailed national model
2025 Disclosure Cycle,779465,CDP,58671,Helsingør Municipality,City,Europe,Denmark,Public,Q4.9,Report the following air pollution data for the jurisdiction.,2,Row 2,NO2 concentration (annual average) level (ug/m3),10,,2019,https://lpdv.spatialsuite.dk/spatialmap,Air pollution in municipalities is monitored by a detailed national model
2025 Disclosure Cycle,779465,CDP,58871,"City of Salem, MA",City,North America,United States of America,Public,Q4.9,Report the following air pollution data for the jurisdiction.,1,Row 1,No air pollution data to report,,,,,No data to report
2025 Disclosure Cycle,779465,CDP,59538,"City of Mississauga, ON",City,North America,Canada,Public,Q4.9,Report the following air pollution data for the jurisdiction.,1,Row 1,No air pollution data to report,,,,,There is no major air quality related hazards have been reported.
2025 Disclosure Cycle,779465,CDP,59538,"City of Mississauga, ON",City,North America,Canada,Public,Q4.9,Report the following air pollution data for the jurisdiction.,2,Row 2,Other air pollution metric: Peel Special Air Quality Statements,1,1,2017,https://www.airqualityontario.com/aqhi/today.php?stationid=46108&start_day=21&start_month=6&start_year=2023&showType=chart&station_id=46108&submitter=Refresh+Page,Air quality is the responsibility of the Region of Peel and the Ontario Government. The City does not have jurisdiction. 
2025 Disclosure Cycle,779465,CDP,59678,"City of Evanston, IL",City,North America,United States of America,Public,Q4.9,Report the following air pollution data for the jurisdiction.,1,Row 1,No air pollution data to report,,,,,"Air pollution data is unverifiable and does not create a PM2.5 report for historic data. Evanston had approximately 3 days exceeding air quality standards in 2024, but this is not verified. \n"
2025 Disclosure Cycle,779465,CDP,59708,"City of Bethlehem, PA",City,North America,United States of America,Public,Q4.9,Report the following air pollution data for the jurisdiction.,1,Row 1,Particulate Matter PM2.5 concentration (annual average) level (ug/m3),8.9,,2025,https://www.dep.state.pa.us/dep/deputate/airwaste/aq/aqm/psiabe.htm\n,
2025 Disclosure Cycle,779465,CDP,60003,Baguio City,City,South East Asia & Oceania,Philippines,Public,Q4.9,Report the following air pollution data for the jurisdiction.,1,Row 1,Particulate Matter PM2.5 concentration (annual average) level (ug/m3),16,15,2019,https://car.emb.gov.ph/ (EMB-CAR),"Multiple monitoring stations: Plaza Garden CBD (53 μg/m³ avg), Burnham Park CAAMS (16 μg/m³ avg)"
2025 Disclosure Cycle,779465,CDP,60003,Baguio City,City,South East Asia & Oceania,Philippines,Public,Q4.9,Report the following air pollution data for the jurisdiction.,2,Row 2,Other air pollution metric: PM10,15,15,2019,https://car.emb.gov.ph/ (EMB-CAR),"Plaza Garden CBD (63 μg/m³ avg), PEZA Forestry Compound (15 μg/m³ avg)"
2025 Disclosure Cycle,779465,CDP,60003,Baguio City,City,South East Asia & Oceania,Philippines,Public,Q4.9,Report the following air pollution data for the jurisdiction.,3,Row 3,Other air pollution metric: CO,,15,2019,https://car.emb.gov.ph/ (EMB-CAR),Measured by Baguio MITD (Smart City Command Center) and City environment and Parks Management air monitoring systems
2025 Disclosure Cycle,779465,CDP,60003,Baguio City,City,South East Asia & Oceania,Philippines,Public,Q4.9,Report the following air pollution data for the jurisdiction.,4,Row 4,NO2 concentration (annual average) level (ug/m3),,15,2019,https://car.emb.gov.ph/ (EMB-CAR),Measured by Baguio MITD (Smart City Command Center) and City environment and Parks Management air monitoring systems
2025 Disclosure Cycle,779465,CDP,60003,Baguio City,City,South East Asia & Oceania,Philippines,Public,Q4.9,Report the following air pollution data for the jurisdiction.,5,Row 5,Other air pollution metric: SO2,,15,2019,https://car.emb.gov.ph/ (EMB-CAR),Measured by Baguio MITD (Smart City Command Center) and City environment and Parks Management air monitoring systems
2025 Disclosure Cycle,779465,CDP,60003,Baguio City,City,South East Asia & Oceania,Philippines,Public,Q4.9,Report the following air pollution data for the jurisdiction.,6,Row 6,Other air pollution metric: O3,,15,2019,https://car.emb.gov.ph/ (EMB-CAR),Measured by Baguio MITD (Smart City Command Center) and City environment and Parks Management air monitoring systems
2025 Disclosure Cycle,779465,CDP,60051,Kakinada Municipal Corporation,City,India,India,Public,Q4.9,Report the following air pollution data for the jurisdiction.,1,Row 1,Particulate Matter PM2.5 concentration (annual average) level (ug/m3),24,4,2021,https://pcb.ap.gov.in/PCBLive/PCB/QualityMonitoring,Under the National Ambient Air Quality Standard
2025 Disclosure Cycle,779465,CDP,60051,Kakinada Municipal Corporation,City,India,India,Public,Q4.9,Report the following air pollution data for the jurisdiction.,2,Row 2,Other air pollution metric: PM10,62,4,2021,https://pcb.ap.gov.in/PCBLive/PCB/QualityMonitoring,"The average annual concentration of PM10 in Kakinada was ~62 µg/m3 in 2021, which exceeds the National Ambient Air Quality Standards (NAAQS). Kakinada city is implementing various initiatives under the National Clean Air Program (NCAP) to reduce the PM10 levels.."
2025 Disclosure Cycle,779465,CDP,60051,Kakinada Municipal Corporation,City,India,India,Public,Q4.9,Report the following air pollution data for the jurisdiction.,3,Row 3,NO2 concentration (annual average) level (ug/m3),13.5,4,2021,https://pcb.ap.gov.in/PCBLive/PCB/QualityMonitoring,Under the National Ambient Air Quality Standard
2025 Disclosure Cycle,779465,CDP,60051,Kakinada Municipal Corporation,City,India,India,Public,Q4.9,Report the following air pollution data for the jurisdiction.,4,Row 4,Other air pollution metric: NH3,24,4,2021,https://pcb.ap.gov.in/PCBLive/PCB/QualityMonitoring,Under the National Ambient Air Quality Standard
2025 Disclosure Cycle,779465,CDP,60051,Kakinada Municipal Corporation,City,India,India,Public,Q4.9,Report the following air pollution data for the jurisdiction.,5,Row 5,Other air pollution metric: SO2,7.6,4,2021,https://pcb.ap.gov.in/PCBLive/PCB/QualityMonitoring,Under the National Ambient Air Quality Standard
2025 Disclosure Cycle,779465,CDP,60078,City of Lappeenranta,City,Europe,Finland,Public,Q4.9,Report the following air pollution data for the jurisdiction.,1,Row 1,"Other air pollution metric: PM10, yearly average.",9.96,5,2022,https://ekilmanlaatu.net/,
2025 Disclosure Cycle,779465,CDP,60078,City of Lappeenranta,City,Europe,Finland,Public,Q4.9,Report the following air pollution data for the jurisdiction.,2,Row 2,NO2 concentration (annual average) level (ug/m3),7.2,1,2023,https://ekilmanlaatu.net/,City center
2025 Disclosure Cycle,779465,CDP,60078,City of Lappeenranta,City,Europe,Finland,Public,Q4.9,Report the following air pollution data for the jurisdiction.,3,Row 3,Particulate Matter PM2.5 concentration (annual average) level (ug/m3),23.6,3,2023,https://ekilmanlaatu.net/,
2025 Disclosure Cycle,779465,CDP,60097,City of Sarajevo,City,Europe,Bosnia and Herzegovina,Public,Q4.9,Report the following air pollution data for the jurisdiction.,1,Row 1,No air pollution data to report,,,,,No comment
2025 Disclosure Cycle,779465,CDP,60126,City of Tartu,City,Europe,Estonia,Public,Q4.9,Report the following air pollution data for the jurisdiction.,1,Row 1,No air pollution data to report,,,,,
2025 Disclosure Cycle,779465,CDP,60127,Municipality of Thessaloniki,City,Europe,Greece,Public,Q4.9,Report the following air pollution data for the jurisdiction.,1,Row 1,Particulate Matter PM2.5 concentration (annual average) level (ug/m3),17,6,2024,https://envdimosthes.gr/,The City maintains six air quality and\nmeteorological stations within the City's limits. These have been measuring air pollution and collecting meteorological data since 1989.
2025 Disclosure Cycle,779465,CDP,60127,Municipality of Thessaloniki,City,Europe,Greece,Public,Q4.9,Report the following air pollution data for the jurisdiction.,2,Row 2,NO2 concentration (annual average) level (ug/m3),45,6,2024,https://envdimosthes.gr/,The City maintains six air quality and\nmeteorological stations within the City's limits. These have been measuring air pollution and collecting meteorological data since 1989.
2025 Disclosure Cycle,779465,CDP,60127,Municipality of Thessaloniki,City,Europe,Greece,Public,Q4.9,Report the following air pollution data for the jurisdiction.,3,Row 3,Other air pollution metric: O3 concentration (annual average) level (ug/m3),36,6,2024,https://envdimosthes.gr/,The City maintains six air quality and\nmeteorological stations within the City's limits. These have been measuring air pollution and collecting meteorological data since 1989.
2025 Disclosure Cycle,779465,CDP,60127,Municipality of Thessaloniki,City,Europe,Greece,Public,Q4.9,Report the following air pollution data for the jurisdiction.,4,Row 4,Other air pollution metric: CO concentration (annual average) level (ug/m3),1.5,6,2024,https://envdimosthes.gr/,The City maintains six air quality and\nmeteorological stations within the City's limits. These have been measuring air pollution and collecting meteorological data since 1989.
2025 Disclosure Cycle,779465,CDP,60127,Municipality of Thessaloniki,City,Europe,Greece,Public,Q4.9,Report the following air pollution data for the jurisdiction.,5,Row 5,Other air pollution metric: PM10 concentration (annual average) level (ug/m3),36,6,2024,https://envdimosthes.gr/,The City maintains six air quality and\nmeteorological stations within the City's limits. These have been measuring air pollution and collecting meteorological data since 1989.
2025 Disclosure Cycle,779465,CDP,60183,City of Rzeszów,City,Europe,Poland,Public,Q4.9,Report the following air pollution data for the jurisdiction.,1,Row 1,Other air pollution metric: NO,,14,,https://mzd.erzeszow.pl/traffic/ \n\n,Data current at the time of checking
2025 Disclosure Cycle,779465,CDP,60183,City of Rzeszów,City,Europe,Poland,Public,Q4.9,Report the following air pollution data for the jurisdiction.,2,Row 2,Other air pollution metric: O3,,1,,https://powietrze.gios.gov.pl/pjp/current \n\n,Data current at the time of checking.
2025 Disclosure Cycle,779465,CDP,60183,City of Rzeszów,City,Europe,Poland,Public,Q4.9,Report the following air pollution data for the jurisdiction.,3,Row 3,Other air pollution metric: CO,,15,,https://powietrze.gios.gov.pl/pjp/current\nhttps://mzd.erzeszow.pl/traffic/ \n,Data current at the time of checking.
2025 Disclosure Cycle,779465,CDP,60183,City of Rzeszów,City,Europe,Poland,Public,Q4.9,Report the following air pollution data for the jurisdiction.,4,Row 4,Other air pollution metric: PM10,,76,,"https://mzd.erzeszow.pl/traffic/, https://ekoslupek.pl/mapa/, https://powietrze.gios.gov.pl/pjp/current, https://greencity.pl/paczkomat , https://esa.nask.pl/ ",Data current at the time of checking.
2025 Disclosure Cycle,779465,CDP,60183,City of Rzeszów,City,Europe,Poland,Public,Q4.9,Report the following air pollution data for the jurisdiction.,5,Row 5,Other air pollution metric: PM2.5,,75,,"https://mzd.erzeszow.pl/traffic/, https://ekoslupek.pl/mapa/ , https://powietrze.gios.gov.pl/pjp/current, https://greencity.pl/paczkomat , https://esa.nask.pl/ ",
2025 Disclosure Cycle,779465,CDP,60183,City of Rzeszów,City,Europe,Poland,Public,Q4.9,Report the following air pollution data for the jurisdiction.,6,Row 6,Other air pollution metric: P.M 1.0,,15,,https://ekoslupek.pl/mapa/ \n\n\n\n,
2025 Disclosure Cycle,779465,CDP,60183,City of Rzeszów,City,Europe,Poland,Public,Q4.9,Report the following air pollution data for the jurisdiction.,7,Row 7,Other air pollution metric: NO2,,16,,"https://mzd.erzeszow.pl/traffic/, https://powietrze.gios.gov.pl/pjp/current ",
2025 Disclosure Cycle,779465,CDP,60183,City of Rzeszów,City,Europe,Poland,Public,Q4.9,Report the following air pollution data for the jurisdiction.,8,Row 8,Other air pollution metric: SO2,,1,,https://powietrze.gios.gov.pl/pjp/current \n\n,
2025 Disclosure Cycle,779465,CDP,60183,City of Rzeszów,City,Europe,Poland,Public,Q4.9,Report the following air pollution data for the jurisdiction.,9,Row 9,Other air pollution metric: C20H12 (w PM10),,1,,Measurements of heavy metals and polycyclic aromatic hydrocarbons are not available on websites.,
2025 Disclosure Cycle,779465,CDP,60183,City of Rzeszów,City,Europe,Poland,Public,Q4.9,Report the following air pollution data for the jurisdiction.,10,Row 10,Other air pollution metric: C22H12,,1,,Measurements of heavy metals and polycyclic aromatic hydrocarbons are not available on websites.,
2025 Disclosure Cycle,779465,CDP,60183,City of Rzeszów,City,Europe,Poland,Public,Q4.9,Report the following air pollution data for the jurisdiction.,11,Row 11,Other air pollution metric: C18H12,,1,,,Measurements of heavy metals and polycyclic aromatic hydrocarbons are not available on websites.
2025 Disclosure Cycle,779465,CDP,60183,City of Rzeszów,City,Europe,Poland,Public,Q4.9,Report the following air pollution data for the jurisdiction.,12,Row 12,Other air pollution metric: C6H6,,1,,,*measurements of heavy metals and polycyclic aromatic hydrocarbons are not available on websites.
2025 Disclosure Cycle,779465,CDP,60183,City of Rzeszów,City,Europe,Poland,Public,Q4.9,Report the following air pollution data for the jurisdiction.,13,Row 13,Other air pollution metric: Pb (w PM10),,1,,,Measurements of heavy metals and polycyclic aromatic hydrocarbons are not available on websites.
2025 Disclosure Cycle,779465,CDP,60183,City of Rzeszów,City,Europe,Poland,Public,Q4.9,Report the following air pollution data for the jurisdiction.,14,Row 14,Other air pollution metric: As (w PM10),,1,,,Measurements of heavy metals and polycyclic aromatic hydrocarbons are not available on website
2025 Disclosure Cycle,779465,CDP,60183,City of Rzeszów,City,Europe,Poland,Public,Q4.9,Report the following air pollution data for the jurisdiction.,15,Row 15,Other air pollution metric: Cd (w PM10),,1,,,Measurements of heavy metals and polycyclic aromatic hydrocarbons are not available on website
2025 Disclosure Cycle,779465,CDP,60183,City of Rzeszów,City,Europe,Poland,Public,Q4.9,Report the following air pollution data for the jurisdiction.,16,Row 16,Other air pollution metric: Ni (w PM 10),,1,,,Measurements of heavy metals and polycyclic aromatic hydrocarbons are not available on website
2025 Disclosure Cycle,779465,CDP,60183,City of Rzeszów,City,Europe,Poland,Public,Q4.9,Report the following air pollution data for the jurisdiction.,17,Row 17,Other air pollution metric: CO2,,15,,https://mzd.erzeszow.pl/traffic/ \n\n,
2025 Disclosure Cycle,779465,CDP,60183,City of Rzeszów,City,Europe,Poland,Public,Q4.9,Report the following air pollution data for the jurisdiction.,18,Row 18,Particulate Matter PM2.5 concentration (annual average) level (ug/m3),,,,https://powietrze.gios.gov.pl/pjp/publications/card/69112,"Coroczne raporty dotyczące jakości powietrza w Polsce publikuje Główny Inspektorat Ochrony Środowiska (GIOŚ) na swojej stronie internetowej, Gov.pl. W raportach tych znajduje się ocena jakości powietrza za poprzedni rok kalendarzowy, przeprowadzona dla każdej strefy w Polsce, a ich wyniki są publikowane zarówno w formie raportów wojewódzkich, jak i zbiorczego raportu krajowego. \nWypełniając obowiązek wynikający z art. 89 ustawy z dnia 27 kwietnia 2001 r. - Prawo ochrony środowiska (t.j. Dz. U. 2024 poz. 54 z późn. zm.), Główny Inspektor Ochrony Środowiska wykonał ocenę jakości powietrza za rok 2024 i na jej podstawie dokonał klasyfikacji stref w województwie podkarpackim. Ocenie podlegają zanieczyszczenia, dla których w prawie krajowym i w dyrektywach unijnych określono normatywne stężenia w postaci poziomów dopuszczalnych/docelowych/celu długoterminowego w powietrzu, ze względu na ochronę zdrowia ludzi i ochronę roślin. Wyniki oceny w postaci raportu pt. „Roczna ocena jakości powietrza w województwie podkarpackim. Raport wojewódzki za rok 2024” zostały przekazane Zarządowi Województwa Podkarpackiego."
2025 Disclosure Cycle,779465,CDP,60216,Växjö Municipality,City,Europe,Sweden,Public,Q4.9,Report the following air pollution data for the jurisdiction.,1,Row 1,Particulate Matter PM2.5 concentration (annual average) level (ug/m3),6.89,3,2024,the data is published on a national webpage for air quality. ,data for measures in urban traffic. National goal is 10
2025 Disclosure Cycle,779465,CDP,60216,Växjö Municipality,City,Europe,Sweden,Public,Q4.9,Report the following air pollution data for the jurisdiction.,2,Row 2,NO2 concentration (annual average) level (ug/m3),10.06,3,2024,the data is published on a national webpage for air quality. ,data for measures in urban traffic. national goal is 20
2025 Disclosure Cycle,779465,CDP,60216,Växjö Municipality,City,Europe,Sweden,Public,Q4.9,Report the following air pollution data for the jurisdiction.,3,Row 3,Other air pollution metric: PM10,10.2,3,2024,the data is published on a national webpage for air quality. ,data for measures in urban traffic. National goal is 15
2025 Disclosure Cycle,779465,CDP,60226,Luleå Municipality,City,Europe,Sweden,Public,Q4.9,Report the following air pollution data for the jurisdiction.,1,Row 1,Particulate Matter PM2.5 concentration (annual average) level (ug/m3),208,0,2022,https://nationellaemissionsdatabasen.smhi.se/,Average value for the whole geography
2025 Disclosure Cycle,779465,CDP,60226,Luleå Municipality,City,Europe,Sweden,Public,Q4.9,Report the following air pollution data for the jurisdiction.,2,Row 2,NO2 concentration (annual average) level (ug/m3),1213,0,2022,https://nationellaemissionsdatabasen.smhi.se/,Average value for the whole geography
2025 Disclosure Cycle,779465,CDP,60226,Luleå Municipality,City,Europe,Sweden,Public,Q4.9,Report the following air pollution data for the jurisdiction.,3,Row 3,Number of days exceeding air quality guidelines/standards (times/year),25,,2024,https://www.lulealuft.se/partikelhalt-pm10.html,average
2025 Disclosure Cycle,779465,CDP,60226,Luleå Municipality,City,Europe,Sweden,Public,Q4.9,Report the following air pollution data for the jurisdiction.,4,Row 4,Other air pollution metric: PM10,25,1,2024,https://www.lulealuft.se/partikelhalt-pm10.html,"average during the last year, data taken from 16 september"
2025 Disclosure Cycle,779465,CDP,60410,Municipalidad de Peñalolén,City,Latin America,Chile,Public,Q4.9,Report the following air pollution data for the jurisdiction.,1,Row 1,Number of days exceeding air quality guidelines/standards (times/year),15,,2023,https://airerm.mma.gob.cl/wp-content/uploads/2024/01/INFORME-GEC-2023.pdf,"Asociado a MP 10. Durante la Gestión de Episodios Críticos (GEC) del año 2023 y según sus datos preliminares, se constataron 14 episodios de alerta y 1 episodio de Preemergencia."
2025 Disclosure Cycle,779465,CDP,60410,Municipalidad de Peñalolén,City,Latin America,Chile,Public,Q4.9,Report the following air pollution data for the jurisdiction.,2,Row 2,Number of days exceeding air quality guidelines/standards (times/year),17,,2023,https://airerm.mma.gob.cl/wp-content/uploads/2024/01/INFORME-GEC-2023.pdf,"Respecto al MP 2,5. Según el reporte del Ministerio de Medio Ambiente, se registraron para el año 2023, 15 episodios de alerta y 2 de preemergencia."
2025 Disclosure Cycle,779465,CDP,60546,Nanjing Municipal People's Government,City,China,China,Public,Q4.9,Report the following air pollution data for the jurisdiction.,1,Row 1,No air pollution data to report,,,,,
2025 Disclosure Cycle,779465,CDP,62171,Metropolitan Municipality of Rouen,City,Europe,France,Public,Q4.9,Report the following air pollution data for the jurisdiction.,1,Row 1,NO2 concentration (annual average) level (ug/m3),33,5,2023,https://api.atmonormandie.fr/,"33 µg/m3 correspond à la concentration moyenne annuelle la plus élevée sur la station Petit-Quevilly, SUD 3. La concentration la moins élevée en 2023 est de 12 µg/m3."
2025 Disclosure Cycle,779465,CDP,62171,Metropolitan Municipality of Rouen,City,Europe,France,Public,Q4.9,Report the following air pollution data for the jurisdiction.,2,Row 2,Particulate Matter PM2.5 concentration (annual average) level (ug/m3),22,6,2023,https://api.atmonormandie.fr/,"22 µg/m3 : concentration moyenne annuelle la plus élevée pour les PM2,5.\n13 µg/m3 pour la concentration moyenne annuelle la plus faible."
2025 Disclosure Cycle,779465,CDP,62171,Metropolitan Municipality of Rouen,City,Europe,France,Public,Q4.9,Report the following air pollution data for the jurisdiction.,3,Row 3,Number of days exceeding air quality guidelines/standards (times/year),8,,2023,https://api.atmonormandie.fr/,"Nombre de jours de dépassement de la valeur réglementaire pour les PM2,5."
2025 Disclosure Cycle,779465,CDP,63608,City of Melville,City,South East Asia & Oceania,Australia,Public,Q4.9,Report the following air pollution data for the jurisdiction.,1,Row 1,Particulate Matter PM2.5 concentration (annual average) level (ug/m3),5.5,,2024,https://racairhealthmonitor.ramboll-shair.com/?_gl=1*p0wi7e*_gcl_aw*R0NMLjE3NTgxMDM2OTIuQ2owS0NRand1S25HQmhENUFSSXNBRDE5UnNZVVJJU29fcks3ejR3dDY0R3VCUFlfcXpGU2pHaUJXb2ZBQVpsQ3dPZkxrSFpWSEJZNEdGZ2FBamU1RUFMd193Y0I.*_gcl_dc*R0NMLjE3NTgxMDM2OTIuQ2owS0NRand1S25HQmhENUFSSXNBRDE5UnNZVVJJU29fcks3ejR3dDY0R3VCUFlfcXpGU2pHaUJXb2ZBQVpsQ3dPZkxrSFpWSEJZNEdGZ2FBamU1RUFMd193Y0I.*_gcl_au*MTY5MjMwMzIwMy4xNzU4MTAzNjkx*_ga*NjAxMDM4NDQwLjE3NTgxMDM2OTI.*_ga_RFX6466VWJ*czE3NTgxMDM2OTEkbzEkZzEkdDE3NTgxMDM4MDIkajM3JGwwJGgw&pollutant=no2,Range is 5 - 6 ug/m3 so the average has been used here
2025 Disclosure Cycle,779465,CDP,63608,City of Melville,City,South East Asia & Oceania,Australia,Public,Q4.9,Report the following air pollution data for the jurisdiction.,2,Row 2,NO2 concentration (annual average) level (ug/m3),24.4,,2024,https://racairhealthmonitor.ramboll-shair.com/?_gl=1*p0wi7e*_gcl_aw*R0NMLjE3NTgxMDM2OTIuQ2owS0NRand1S25HQmhENUFSSXNBRDE5UnNZVVJJU29fcks3ejR3dDY0R3VCUFlfcXpGU2pHaUJXb2ZBQVpsQ3dPZkxrSFpWSEJZNEdGZ2FBamU1RUFMd193Y0I.*_gcl_dc*R0NMLjE3NTgxMDM2OTIuQ2owS0NRand1S25HQmhENUFSSXNBRDE5UnNZVVJJU29fcks3ejR3dDY0R3VCUFlfcXpGU2pHaUJXb2ZBQVpsQ3dPZkxrSFpWSEJZNEdGZ2FBamU1RUFMd193Y0I.*_gcl_au*MTY5MjMwMzIwMy4xNzU4MTAzNjkx*_ga*NjAxMDM4NDQwLjE3NTgxMDM2OTI.*_ga_RFX6466VWJ*czE3NTgxMDM2OTEkbzEkZzEkdDE3NTgxMDM4MDIkajM3JGwwJGgw&pollutant=no2,range is 8 - 18 ppb (15 - 33.8 ug/m3). The average has been used here.
2025 Disclosure Cycle,779465,CDP,63836,Vadodara Municipal Corporation,City,India,India,Public,Q4.9,Report the following air pollution data for the jurisdiction.,1,Row 1,Particulate Matter PM2.5 concentration (annual average) level (ug/m3),28,5,2023,Vadodara city procures data from Gujarat Pollution Control Board (GPCB). https://gpcb.gujarat.gov.in/Index,"As per the recent data procured from 2 stations namely GPCB and Dandia Bazaar, average value for PM2.5 is 23 µg/m3. (2025)"
2025 Disclosure Cycle,779465,CDP,63941,"Broward County, FL",City,North America,United States of America,Public,Q4.9,Report the following air pollution data for the jurisdiction.,1,Row 1,NO2 concentration (annual average) level (ug/m3),19.082,2,2025,https://floridadep.gov/air/air-monitoring/content/broward-county-air-monitoring,"NO2 three-year annual average for 2022 to 2024. NO2 is reported in ppb. Therefore, we multiplied the average of the individual values from each of the two sites NO2 is measured at (5.6 and 14.7)/2= 10.15 by 1.88 to convert to ug/m3 and get 19.082."
2025 Disclosure Cycle,779465,CDP,63941,"Broward County, FL",City,North America,United States of America,Public,Q4.9,Report the following air pollution data for the jurisdiction.,2,Row 2,Other air pollution metric: Ozone (O3),54.88,4.0,2025,https://floridadep.gov/air/air-monitoring/content/broward-county-air-monitoring,"O3 three-year annual average for 2022 to 2024. O3 is reported in ppb. Therefore, we multiplied the average of the individual values from each of the four sites O3 is measured at (30, 29, 26, 27)/4= 28 by 1.96 to convert to ug/m3 and get 54.88."
2025 Disclosure Cycle,779465,CDP,63941,"Broward County, FL",City,North America,United States of America,Public,Q4.9,Report the following air pollution data for the jurisdiction.,3,Row 3,Particulate Matter PM2.5 concentration (annual average) level (ug/m3),7.02,5.0,2025,https://floridadep.gov/air/air-monitoring/content/broward-county-air-monitoring,"PM 2.5 three-year annual average for 2022 to 2024. Since PM 2.5 is measured at five monitoring sites within the County, the values for each site were averaged together."
2025 Disclosure Cycle,779465,CDP,73413,Commune de Cocody,City,UKWW,Côte d'Ivoire,Public,Q4.9,Report the following air pollution data for the jurisdiction.,1,Row 1,NO2 concentration (annual average) level (ug/m3),33,2,2020,https://www.researchgate.net/publication/357483651_Estimation_Des_Concentrations_Et_Cartographie_De_La_Dynamique_Des_Polluants_Atmosperiques_Particulaires_Dans_La_Ville_D'abidjan,"En Côte d'Ivoire, la gestion et la sécurité sanitaire liée à la pollution atmosphérique revet un grand interêt . Dans ce même élan de gestion de la qualité de l'air l'OMS a fixé un seuil d'émission que les pays doivent intégrer dans leur mode de gestion. Cependant, dans les villes de grandes concentrations comme Abidjan il est parfois difficile de maitriser les paramètres d'émissions. L'objectif de cette étude est donc d'estimer les concentrations des polluants atmospreriques particulaires PM2.5 et ensuite cartographier la dynamique de ces polluants de 2015 à 2020. Pour atteindre cet objectif , les données de l'imagerie satellitaire LANDSAT ont été utilisées. Il a s'agit de calculer les réflectances de surfaces et les réflectances au sommet de l'atmosphère. Le but de ces calculs était de déduire les réflectances atmosphériques. En considérant la relation étroite existence entre les PM2.5 et la réflectance atmosphérique un modèle de régression linéaire a été conidéré pour déduire les PM2.5. Les résultats ont montré que les concentrations des PM2.5 sont de façon générale au-dessus du seuil de l'OMS. Ces valeurs sont de 31 μg/m3 en janvier 2015 , de 36 μg/m3 en janvier 2016 , de 32 μg/m3 en décembre 2016, de 33 μg/m3 en janvier 2019 et de 33 μg/m3 en janvier 2020. Cela donne une concentration moyenne de 33 μg/m3. Les communes de Yopougon Nord, Abobo Ouest, Cocody ouest et Port-Bouet Est sont les zones les plus pollués avec des concentrations allant de 26 à 49 μg/m3 ."
2025 Disclosure Cycle,779465,CDP,73413,Commune de Cocody,City,UKWW,Côte d'Ivoire,Public,Q4.9,Report the following air pollution data for the jurisdiction.,2,Row 2,Particulate Matter PM2.5 concentration (annual average) level (ug/m3),15.0,5.0,2023.0,https://www.iqair.com/fr/ivory-coast/abidjan,"Le parc automobile de taxis communaux, de l'ensemble des véhicules à moteurs de la commune et des communes environnantes qui transitent par notre commune sont à 95% responsables des problèmes de pollution de l'air."
2025 Disclosure Cycle,779465,CDP,73666,"Cuyahoga County, OH",City,North America,United States of America,Public,Q4.9,Report the following air pollution data for the jurisdiction.,1,Row 1,Particulate Matter PM2.5 concentration (annual average) level (ug/m3),9.3,7,2022,https://dam.assets.ohio.gov/image/upload/epa.ohio.gov/Portals/27/ams/Ohio_Air_Quality_2022_final.pdf,2020-2022 PM2.5\nAnnual Design\nValue (ug/m3)
2025 Disclosure Cycle,779465,CDP,73810,"Miami-Dade, FL",City,North America,United States of America,Public,Q4.9,Report the following air pollution data for the jurisdiction.,1,Row 1,No air pollution data to report,,,,,NA
2025 Disclosure Cycle,779465,CDP,73810,"Miami-Dade, FL",City,North America,United States of America,Public,Q4.9,Report the following air pollution data for the jurisdiction.,2,Row 2,Particulate Matter PM2.5 concentration (annual average) level (ug/m3),8,5,2019,https://www.miamidade.gov/environment/,Data provided internally by the Miami-Dade County Division of Environmental Resources Management (DERM). Data is for CY2019
2025 Disclosure Cycle,779465,CDP,73810,"Miami-Dade, FL",City,North America,United States of America,Public,Q4.9,Report the following air pollution data for the jurisdiction.,3,Row 3,NO2 concentration (annual average) level (ug/m3),42.0,5,2019,https://www.miamidade.gov/environment/,"Data provided internally by the Miami-Dade County Division of Environmental Resources Management (DERM). Value is 1-hour data in units of PPB, as this is the data that was available. Data is for CY2019"
2025 Disclosure Cycle,779465,CDP,73810,"Miami-Dade, FL",City,North America,United States of America,Public,Q4.9,Report the following air pollution data for the jurisdiction.,4,Row 4,Other air pollution metric: Ozone is reported at 0.062 PPB for 8-hour value,0.062,5,2019,https://www.miamidade.gov/environment/,Data provided internally by the Miami-Dade County Division of Environmental Resources Management (DERM). Data is for CY2019
2025 Disclosure Cycle,779465,CDP,74332,Manado City,City,South East Asia & Oceania,Indonesia,Public,Q4.9,Report the following air pollution data for the jurisdiction.,1,Row 1,Other air pollution metric: IKU,92.42,0,2024,https://ppkl.menlhk.go.id/website/\n,"Nilai IKU Kota Manado\n2020: 30,56 (kategori buruk)\n2022: 90,40 (kategori baik)\n\n\nRPJMD 2022: 91,01\nRPJMD 2023: 89,58\nRPJMD 2024: 92,42\n\nTarget RPJMD 2025-2030: stabil di kisaran 92-95\n\nKesimpulan\nKualitas udara Manado membaik signifikan dari tahun 2020 (buruk, IKU 30,56) menjadi baik (>90) sejak 2022.\n\nPemerintah menargetkan agar kualitas udara tetap terjaga baik (IKU di atas 90) sepanjang periode 2025-2030."
2025 Disclosure Cycle,779465,CDP,74371,Himeji,City,Japan,Japan,Public,Q4.9,Report the following air pollution data for the jurisdiction.,1,Row 1,No air pollution data to report,,,,,　
2025 Disclosure Cycle,779465,CDP,74575,"Dane County, WI",City,North America,United States of America,Public,Q4.9,Report the following air pollution data for the jurisdiction.,1,Row 1,Particulate Matter PM2.5 concentration (annual average) level (ug/m3),8.5,2,2020,https://dnr.wisconsin.gov/topic/AirQuality/Trends.html,"The City of Madison is in the process of adding additional air quality monitoring. While that won't be county wide, it will expand our data next year"
2025 Disclosure Cycle,779465,CDP,74670,Antalya Metropolitan Municipality,City,UKWW,Türkiye,Public,Q4.9,Report the following air pollution data for the jurisdiction.,1,Row 1,Other air pollution metric: O3,43.2,1,2023,"Antalya Province 2023 Environmental Status Report , havaizleme.gov.tr","Manavgat station (Within the scope of the 2023 Antalya Province Environmental Status Report, there are eight air quality monitoring stations throughout the province (Alanya, Serik, Kepez, Gazipaşa, Kumluca, Muratpaşa, Trafik, and Manavgat). These stations measure PM10, PM2.5, NO₂, SO₂, CO₃, and O₃.\nStation averages were used for PM2.5 and NO₂, the mandatory parameters of the CDP. Additionally, the number of days exceeding the air quality guideline values for PM10 was calculated as 71 days.\nIn addition, other indicators discussed in the report (PM10, SO₂, CO₃, and O₃) are also monitored and are presented for illustrative purposes.)"
2025 Disclosure Cycle,779465,CDP,74670,Antalya Metropolitan Municipality,City,UKWW,Türkiye,Public,Q4.9,Report the following air pollution data for the jurisdiction.,2,Row 2,Other air pollution metric: PM10,36.5,8,2023,"Antalya Province 2023 Environmental Status Report , havaizleme.gov.tr","(General average calculated based on the annual averages of Alanya, Kepez, Muratpaşa, Serik, Gazipaşa, Kumluca, Trafik, Manavgat stations) (Within the scope of the 2023 Antalya Province Environmental Status Report, there are eight air quality monitoring stations throughout the province (Alanya, Serik, Kepez, Gazipaşa, Kumluca, Muratpaşa, Trafik, and Manavgat). These stations measure PM10, PM2.5, NO₂, SO₂, CO₃, and O₃.\nStation averages were used for PM2.5 and NO₂, the mandatory parameters of the CDP. Additionally, the number of days exceeding the air quality guideline values for PM10 was calculated as 71 days.\nIn addition, other indicators discussed in the report (PM10, SO₂, CO₃, and O₃) are also monitored and are presented for illustrative purposes.)"
2025 Disclosure Cycle,779465,CDP,74670,Antalya Metropolitan Municipality,City,UKWW,Türkiye,Public,Q4.9,Report the following air pollution data for the jurisdiction.,3,Row 3,Particulate Matter PM2.5 concentration (annual average) level (ug/m3),17.5,4,2023,"Antalya Province 2023 Environmental Status Report , havaizleme.gov.tr","Average of Kepez, Gazipaşa, Kumluca and Trafik stations) (Within the scope of the 2023 Antalya Province Environmental Status Report, there are eight air quality monitoring stations throughout the province (Alanya, Serik, Kepez, Gazipaşa, Kumluca, Muratpaşa, Trafik, and Manavgat). These stations measure PM10, PM2.5, NO₂, SO₂, CO₃, and O₃.\nStation averages were used for PM2.5 and NO₂, the mandatory parameters of the CDP. Additionally, the number of days exceeding the air quality guideline values for PM10 was calculated as 71 days.\nIn addition, other indicators discussed in the report (PM10, SO₂, CO₃, and O₃) are also monitored and are presented for illustrative purposes.)"
2025 Disclosure Cycle,779465,CDP,74670,Antalya Metropolitan Municipality,City,UKWW,Türkiye,Public,Q4.9,Report the following air pollution data for the jurisdiction.,4,Row 4,Number of days exceeding air quality guidelines/standards (times/year),71,,2023,"Antalya Province 2023 Environmental Status Report , havaizleme.gov.tr","(total of all stations, based on PM10 parameter) (Within the scope of the 2023 Antalya Province Environmental Status Report, there are eight air quality monitoring stations throughout the province (Alanya, Serik, Kepez, Gazipaşa, Kumluca, Muratpaşa, Trafik, and Manavgat). These stations measure PM10, PM2.5, NO₂, SO₂, CO₃, and O₃.\nStation averages were used for PM2.5 and NO₂, the mandatory parameters of the CDP. Additionally, the number of days exceeding the air quality guideline values for PM10 was calculated as 71 days.\nIn addition, other indicators discussed in the report (PM10, SO₂, CO₃, and O₃) are also monitored and are presented for illustrative purposes.)"
2025 Disclosure Cycle,779465,CDP,74670,Antalya Metropolitan Municipality,City,UKWW,Türkiye,Public,Q4.9,Report the following air pollution data for the jurisdiction.,5,Row 5,NO2 concentration (annual average) level (ug/m3),12.4,2,2023,"Antalya Province 2023 Environmental Status Report , havaizleme.gov.tr","Traffic and Manavgat stations average (Within the scope of the 2023 Antalya Province Environmental Status Report, there are eight air quality monitoring stations throughout the province (Alanya, Serik, Kepez, Gazipaşa, Kumluca, Muratpaşa, Trafik, and Manavgat). These stations measure PM10, PM2.5, NO₂, SO₂, CO₃, and O₃.\nStation averages were used for PM2.5 and NO₂, the mandatory parameters of the CDP. Additionally, the number of days exceeding the air quality guideline values for PM10 was calculated as 71 days.\nIn addition, other indicators discussed in the report (PM10, SO₂, CO₃, and O₃) are also monitored and are presented for illustrative purposes.)"
2025 Disclosure Cycle,779465,CDP,74670,Antalya Metropolitan Municipality,City,UKWW,Türkiye,Public,Q4.9,Report the following air pollution data for the jurisdiction.,6,Row 6,Other air pollution metric: CO,560,2,2023,"Antalya Province 2023 Environmental Status Report , havaizleme.gov.tr","Average of Kepez and Serik stations (Within the scope of the 2023 Antalya Province Environmental Status Report, there are eight air quality monitoring stations throughout the province (Alanya, Serik, Kepez, Gazipaşa, Kumluca, Muratpaşa, Trafik, and Manavgat). These stations measure PM10, PM2.5, NO₂, SO₂, CO₃, and O₃.\nStation averages were used for PM2.5 and NO₂, the mandatory parameters of the CDP. Additionally, the number of days exceeding the air quality guideline values for PM10 was calculated as 71 days.\nIn addition, other indicators discussed in the report (PM10, SO₂, CO₃, and O₃) are also monitored and are presented for illustrative purposes.)"
2025 Disclosure Cycle,779465,CDP,74673,İzmir Metropolitan Municipality,City,UKWW,Türkiye,Public,Q4.9,Report the following air pollution data for the jurisdiction.,1,Row 1,NO2 concentration (annual average) level (ug/m3),31.37,17,2024,https://sim.csb.gov.tr/STN/STN_Report/StationDataDownloadNew,This is the average of the NO2 values measured at 17 stations.
2025 Disclosure Cycle,779465,CDP,74673,İzmir Metropolitan Municipality,City,UKWW,Türkiye,Public,Q4.9,Report the following air pollution data for the jurisdiction.,2,Row 2,Particulate Matter PM2.5 concentration (annual average) level (ug/m3),20.49,3,2024,https://sim.csb.gov.tr/STN/STN_Report/StationDataDownloadNew,This is the average of the PM 2.5 values measured at 3 stations.
2025 Disclosure Cycle,779465,CDP,74673,İzmir Metropolitan Municipality,City,UKWW,Türkiye,Public,Q4.9,Report the following air pollution data for the jurisdiction.,3,Row 3,Number of days exceeding air quality guidelines/standards (times/year),48,,2024,https://sim.csb.gov.tr/STN/STN_Report/StationDataDownloadNew,"It indicates the number of days exceeding the PM10 parameter. This value is calculated as the number of days exceeding 50 µg/m³ at 19 stations, and then averaged."
2025 Disclosure Cycle,779465,CDP,74673,İzmir Metropolitan Municipality,City,UKWW,Türkiye,Public,Q4.9,Report the following air pollution data for the jurisdiction.,4,Row 4,Other air pollution metric: SO2 concentration (annual average) level (ug/m3),11.43,17,2024,https://sim.csb.gov.tr/STN/STN_Report/StationDataDownloadNew,This is the average of the SO2 values measured at 17 stations.
2025 Disclosure Cycle,779465,CDP,74690,Municipality of L'Hospitalet de Llobregat,City,Europe,Spain,Public,Q4.9,Report the following air pollution data for the jurisdiction.,1,Row 1,Particulate Matter PM2.5 concentration (annual average) level (ug/m3),984.44,1,2023,https://www.seu-e.cat/ca/web/hospitaletdellobregat/dades-obertes/-/dadesobertes/dataset/f06094bf-5db0-49a7-ae42-6eff9a417c2c?p_auth=ZZNdWlMm,Se facillita la web de Open Data del Ayuntamiento de Hospitalet donde se encuentran los datos de monitoreo de la calidad del aire.
2025 Disclosure Cycle,779465,CDP,74690,Municipality of L'Hospitalet de Llobregat,City,Europe,Spain,Public,Q4.9,Report the following air pollution data for the jurisdiction.,2,Row 2,NO2 concentration (annual average) level (ug/m3),24.35,1,2023,https://www.seu-e.cat/ca/web/hospitaletdellobregat/dades-obertes/-/dadesobertes/dataset/hospitaletdellobregat-qualitat-de-l-aire/resource/d57c4f7a-bce4-4af7-b769-be0cac11faed?p_auth=vY2DubvG,Se facilita la url de Datos abiertos dónde se encuentra la medición de la calidad del aire
2025 Disclosure Cycle,779465,CDP,826208,Junta Intermunicipal de Medio Ambiente de Sierra Occidental y Costa (JISOC),City,Latin America,Mexico,Public,Q4.9,Report the following air pollution data for the jurisdiction.,2,Row 2,No air pollution data to report,,,,,NO DISPONEMOS DE INFORMACIÓN PARA DIVULGAR
2025 Disclosure Cycle,779465,CDP,831812,Municipalidad de Puerto Barrios,City,Latin America,Guatemala,Public,Q4.9,Report the following air pollution data for the jurisdiction.,1,Row 1,No air pollution data to report,,,,,
2025 Disclosure Cycle,779465,CDP,831923,Muğla,City,UKWW,Türkiye,Public,Q4.9,Report the following air pollution data for the jurisdiction.,1,Row 1,No air pollution data to report,,,,,"In our country, the Ministry of Environment, Urbanization, and Climate Change is legally responsible for monitoring air pollution, and they do not share detailed data with other institutions. Muğla Metropolitan Municipality will purchase air quality measurement devices within the next two years to monitor air quality throughout Muğla and ensure data flow. Measurements and monitoring will begin."
2025 Disclosure Cycle,779465,CDP,833284,West Midlands Combined Authority,City,UKWW,United Kingdom,Public,Q4.9,Report the following air pollution data for the jurisdiction.,2,Row 2,Particulate Matter PM2.5 concentration (annual average) level (ug/m3),9.94,14,2019.0,The following link provides information on the sensor network as well as access to monitored data: https://cleanair.wmca.org.uk/pages/air-quality-data-platform,"The 14 automatic monitors are supplemented by 90 low cost sensors strategically located across the region. Data provided is still that from the WM-Air 2019 (business as usual) model output. The model is currently being updated to provide a 2024 baseline, however was not ready at the time of reporting. Data from the low cost sensor network has also not been included. This is because they are not reportable under LAQM regs (as they are indicative), and due to only recording data from January 2025 we cannot yet derive an annual mean from the data. \n\nThe following paragraph gives wider context to the annual mean presented in 4.9.2.\n \nThe 'average' annual mean concentrations for NO2 and PM2.5 were calculated by analysing the WM-Air 2019 (business as usual) model output TIFFs and calculating the mean value. The WM-Air model is a validated regional air quality model which covers the whole WMCA area and therefore provides a more representative picture of regional average concentrations in comparison to monitoring. Typically, statutory monitoring will be concentrated in areas of poor air quality and then any background sites will provide a picture of the minimum concentrations. Given the uneven distribution of monitoring locations and the relatively low granularity of automatic monitoring locations across the WMCA area, the modelled estimates provide a more realistic average value across the region. It should be noted that there are limitations with air quality models (likewise with monitoring) and the 'real-world' concentration (as with monitoring) will vary at locations where there is relevant exposure and is dependant on distance to pollutant sources etc. The 7 constituent LAs have at least 14 locations where both NO2 and PM2.5 is monitored using reference/reference equivalent automatic analysers. and it does not include the national AURN/Defra locations which are not typically managed by the LAs.\n"
2025 Disclosure Cycle,779465,CDP,833284,West Midlands Combined Authority,City,UKWW,United Kingdom,Public,Q4.9,Report the following air pollution data for the jurisdiction.,3,Row 3,NO2 concentration (annual average) level (ug/m3),18.7,14,2019.0,The following link provides information on the sensor network as well as access to monitored data: https://cleanair.wmca.org.uk/pages/air-quality-data-platform,"The 14 automatic monitors are supplemented by 90 low cost sensors strategically located across the region. Data provided is still that from the WM-Air 2019 (business as usual) model output. The model is currently being updated to provide a 2024 baseline, however was not ready at the time of reporting. Data from the low cost sensor network has also not been included. This is because they are not reportable under LAQM regs (as they are indicative), and due to only recording data from January 2025 we cannot yet derive an annual mean from the data. \n\nThe following paragraph gives wider context to the annual mean presented in 4.9.2.\n\nThe 'average' annual mean concentrations for NO2 and PM2.5 were calculated by analysing the WM-Air 2019 (business as usual) model output TIFFs and calculating the mean value. The WM-Air model is a validated regional air quality model which covers the whole WMCA area and therefore provides a more representative picture of regional average concentrations in comparison to monitoring. Typically, statutory monitoring will be concentrated in areas of poor air quality and then any background sites will provide a picture of the minimum concentrations. Given the uneven distribution of monitoring locations and the relatively low granularity of automatic monitoring locations across the WMCA area, the modelled estimates provide a more realistic average value across the region. It should be noted that there are limitations with air quality models (likewise with monitoring) and the 'real-world' concentration (as with monitoring) will vary at locations where there is relevant exposure and is dependant on distance to pollutant sources etc. The 7 constituent LAs have at least 14 locations where both NO2 and PM2.5 is monitored using reference/reference equivalent automatic analysers. This does not include the national AURN/Defra locations which are not typically managed by the LAs.\n"
2025 Disclosure Cycle,779465,CDP,834094,City of Ligao,City,South East Asia & Oceania,Philippines,Public,Q4.9,Report the following air pollution data for the jurisdiction.,1,Row 1,Other air pollution metric: Ambient Air Quality Monitoring for Mayon,34,1,2024,,"Not Aware of the Weblink, it is given thru email and hardcopy."
2025 Disclosure Cycle,779465,CDP,834126,Dobong-gu District of Seoul,City,South East Asia & Oceania,Korea (The Republic of),Public,Q4.9,Report the following air pollution data for the jurisdiction.,1,Row 1,Particulate Matter PM2.5 concentration (annual average) level (ug/m3),17,1,2024,https://cleanair.seoul.go.kr/statistics/seasonAverage,도봉구 시루봉로2길 34에 설치되어 있는 대기측정망에서 24시간 실시간으로 초미세먼지(PM2.5) 농도를 측정하고 있음
2025 Disclosure Cycle,779465,CDP,834126,Dobong-gu District of Seoul,City,South East Asia & Oceania,Korea (The Republic of),Public,Q4.9,Report the following air pollution data for the jurisdiction.,2,Row 2,NO2 concentration (annual average) level (ug/m3),0.0154,1,2024,https://cleanair.seoul.go.kr/statistics/seasonAverage,도봉구 시루봉로2길 34에 설치되어 있는 대기측정망에서 24시간 실시간으로 이산화질소(NO2) 농도를 측정하고 있음
2025 Disclosure Cycle,779465,CDP,834161,Kinmen County Government,City,China,East Asia,Public,Q4.9,Report the following air pollution data for the jurisdiction.,1,Row 1,Particulate Matter PM2.5 concentration (annual average) level (ug/m3),38.8,3,2023,https://aqicn.org/city/taiwan/kinmen/hk/,None
2025 Disclosure Cycle,779465,CDP,834261,Municipality of Irapuato,City,Latin America,Mexico,Public,Q4.9,Report the following air pollution data for the jurisdiction.,1,Row 1,Number of days exceeding air quality guidelines/standards (times/year),164,,2025,https://smaot.guanajuato.gob.mx/sitio/seica/historicos/irapuato,"Se incluyeron la totalidad de días fuera de la norma de los contaminantes: O3, SO2, PM2.5, PM10\n"
2025 Disclosure Cycle,779465,CDP,834339,Odawara City,City,Japan,Japan,Public,Q4.9,Report the following air pollution data for the jurisdiction.,1,Row 1,Particulate Matter PM2.5 concentration (annual average) level (ug/m3),7.4,1,2024,,
2025 Disclosure Cycle,779465,CDP,834339,Odawara City,City,Japan,Japan,Public,Q4.9,Report the following air pollution data for the jurisdiction.,2,Row 2,NO2 concentration (annual average) level (ug/m3),0.007,1,2024,,
2025 Disclosure Cycle,779465,CDP,834347,Seberang Perai Municipal Council,City,South East Asia & Oceania,Malaysia,Public,Q4.9,Report the following air pollution data for the jurisdiction.,1,Row 1,Particulate Matter PM2.5 concentration (annual average) level (ug/m3),0,0,2022,0,not available
2025 Disclosure Cycle,779465,CDP,834515,Şanlıurfa Metropolitan Municipality,City,UKWW,Türkiye,Public,Q4.9,Report the following air pollution data for the jurisdiction.,1,Row 1,NO2 concentration (annual average) level (ug/m3),45,4,2024,https://sim.csb.gov.tr/Services/AirQuality,PM10 measuements in dailiy basis. Unit is microgram/m3
2025 Disclosure Cycle,779465,CDP,838937,Mersin Metropolitan Municipality,City,UKWW,Türkiye,Public,Q4.9,Report the following air pollution data for the jurisdiction.,1,Row 1,Other air pollution metric: PM10,68,4,2024,https://sim.csb.gov.tr/Services/AirQuality,No comment
2025 Disclosure Cycle,779465,CDP,838939,Kocaeli Metropolitan Municipality,City,UKWW,Türkiye,Public,Q4.9,Report the following air pollution data for the jurisdiction.,1,Row 1,NO2 concentration (annual average) level (ug/m3),23.1,10,2024,https://sim.csb.gov.tr/SERVICES/airquality,"In a bid to combat air pollution within our province, continuous emission monitoring devices have been installed on the chimneys of facilities, as mandated by the Continuous Emission Monitoring System Regulation and in response to a high volume of complaints. These devices enable real-time, 24/7 monitoring of the emission values of these companies. This project, which marked a first for Turkey, was initiated in our province on January 24, 2011, following the issuance of Circular No. 2011/01 on Continuous Emission Monitoring Systems. The project encompasses 34 facilities and monitors 103 chimneys. Moreover, Kocaeli Province is equipped with 10 air quality monitoring stations. Nevertheless, due to data accessibility constraints, calculations were confined to the data obtained from 7 of these stations."
2025 Disclosure Cycle,779465,CDP,840113,Bhavnagar Municipal Corporation,City,India,India,Public,Q4.9,Report the following air pollution data for the jurisdiction.,1,Row 1,Particulate Matter PM2.5 concentration (annual average) level (ug/m3),26,2,2024,Bhavnagar city procures data from Gujarat Pollution Control Board (GPCB). \n\nhttps://gpcb.gujarat.gov.in/Index,Under the National Air Quality Monitoring programme (NAMP) (Annual Average 2023-2024)\n\nHighest values recorded in Chitra GIDC area.\nPM2.5: 29 (under National Ambient Air Quality Standards)\nPM10: 123 (exceeding National Ambient Air Quality Standards)\n\nRefer to Section 3.8 of the Bhavnagar Climate Resilient City Action Plan (page 59)
2025 Disclosure Cycle,779465,CDP,840158,"City of San Fernando, La Union",City,South East Asia & Oceania,Philippines,Public,Q4.9,Report the following air pollution data for the jurisdiction.,1,Row 1,Particulate Matter PM2.5 concentration (annual average) level (ug/m3),26,1,2024,No link available,The data is based on the guidelines of the Department of Environment and Natural Resources and undergo thru manual laboratory weighing. The unit use for the result is ug/Ncm which average captured average data in the year 2024 is 26 ug/Ncm. 
2025 Disclosure Cycle,779465,CDP,840161,Municipality of Del Carmen,City,South East Asia & Oceania,Philippines,Public,Q4.9,Report the following air pollution data for the jurisdiction.,1,Row 1,Particulate Matter PM2.5 concentration (annual average) level (ug/m3),12,0,2023,https://emb.gov.ph/air-quality-management-section/,"Del Carmen currently relies on regional data and occasional mobile sampling conducted by DENR-EMB. Air quality is generally within Philippine Clean Air Act standards due to minimal industrial activity; primary sources of particulates are road dust, tricycles, and seasonal biomass burning."
2025 Disclosure Cycle,779465,CDP,840170,Nowon-gu Municipal Government of Seoul,City,South East Asia & Oceania,Korea (The Republic of),Public,Q4.9,Report the following air pollution data for the jurisdiction.,1,Row 1,Particulate Matter PM2.5 concentration (annual average) level (ug/m3),15.987,1,2024,www.airkorea.or.kr,"Seoul operates an air pollution forecasting and warning system, under which alerts are issued when pollutant levels exceed the thresholds set by the Clean Air Conservation Act. In 2024, a total of 6 alerts were issued for PM₁₀ and 3 alerts for PM₂.₅."
2025 Disclosure Cycle,779465,CDP,840170,Nowon-gu Municipal Government of Seoul,City,South East Asia & Oceania,Korea (The Republic of),Public,Q4.9,Report the following air pollution data for the jurisdiction.,2,Row 2,NO2 concentration (annual average) level (ug/m3),0.012,1,2024,www.airkorea.or.kr,"Nowon-gu operates one air quality monitoring station, which is capable of measuring all the listed air pollutants."
2025 Disclosure Cycle,779465,CDP,840170,Nowon-gu Municipal Government of Seoul,City,South East Asia & Oceania,Korea (The Republic of),Public,Q4.9,Report the following air pollution data for the jurisdiction.,3,Row 3,Other air pollution metric: Fine particulate matter (PM10)(㎍/㎥),29.902,1,2024,www.airkorea.or.kr,"Seoul operates an air pollution forecasting and warning system, under which alerts are issued when pollutant levels exceed the thresholds set by the Clean Air Conservation Act. In 2024, a total of 6 alerts were issued for PM₁₀ and 3 alerts for PM₂.₅."
2025 Disclosure Cycle,779465,CDP,840170,Nowon-gu Municipal Government of Seoul,City,South East Asia & Oceania,Korea (The Republic of),Public,Q4.9,Report the following air pollution data for the jurisdiction.,4,Row 4,Other air pollution metric: Ozone (O₃)(ppm),0.033,1,2024,www.airkorea.or.kr,"Nowon-gu operates one air quality monitoring station, which is capable of measuring all the listed air pollutants."
2025 Disclosure Cycle,779465,CDP,840170,Nowon-gu Municipal Government of Seoul,City,South East Asia & Oceania,Korea (The Republic of),Public,Q4.9,Report the following air pollution data for the jurisdiction.,5,Row 5,Other air pollution metric: Carbon monoxide (CO)(ppm),0.372,1,2024,www.airkorea.or.kr,"Nowon-gu operates one air quality monitoring station, which is capable of measuring all the listed air pollutants."
2025 Disclosure Cycle,779465,CDP,840170,Nowon-gu Municipal Government of Seoul,City,South East Asia & Oceania,Korea (The Republic of),Public,Q4.9,Report the following air pollution data for the jurisdiction.,6,Row 6,Other air pollution metric: Sulfur dioxide (SO₂)(ppm),0.002,1,2024,www.airkorea.or.kr,"Nowon-gu operates one air quality monitoring station, which is capable of measuring all the listed air pollutants."
2025 Disclosure Cycle,779465,CDP,841976,Dhulikhel Municipality,City,India,Nepal,Public,Q4.9,Report the following air pollution data for the jurisdiction.,1,Row 1,No air pollution data to report,,,,,"Most available data is real‑time or short‑term snapshots, not a full annual series or continuous long‑term record."
2025 Disclosure Cycle,779465,CDP,842167,Sakarya,City,UKWW,Türkiye,Public,Q4.9,Report the following air pollution data for the jurisdiction.,1,Row 1,Particulate Matter PM2.5 concentration (annual average) level (ug/m3),22.01,1,2025,https://sim.csb.gov.tr/STN/STN_Report/StationDataDownloadNew,
2025 Disclosure Cycle,779465,CDP,842167,Sakarya,City,UKWW,Türkiye,Public,Q4.9,Report the following air pollution data for the jurisdiction.,2,Row 2,NO2 concentration (annual average) level (ug/m3),22.55,1,2025,https://sim.csb.gov.tr/STN/STN_Report/StationDataDownloadNew,
2025 Disclosure Cycle,779465,CDP,848567,Mid-America Regional Council,City,North America,United States of America,Public,Q4.9,Report the following air pollution data for the jurisdiction.,1,Row 1,Particulate Matter PM2.5 concentration (annual average) level (ug/m3),8.96,6,2024,,
2025 Disclosure Cycle,779465,CDP,848567,Mid-America Regional Council,City,North America,United States of America,Public,Q4.9,Report the following air pollution data for the jurisdiction.,2,Row 2,Other air pollution metric: Ozone,70,8,2025,,
2025 Disclosure Cycle,779465,CDP,848568,"Metropolitan Council, Twin Cities",City,North America,United States of America,Public,Q4.9,Report the following air pollution data for the jurisdiction.,1,Row 1,Particulate Matter PM2.5 concentration (annual average) level (ug/m3),6.929,7,2022,https://public.tableau.com/app/profile/mpca.data.services/viz/CriteriaPollutantDataExplorer/CriteriaPollutantDataExplorer,
2025 Disclosure Cycle,779465,CDP,848568,"Metropolitan Council, Twin Cities",City,North America,United States of America,Public,Q4.9,Report the following air pollution data for the jurisdiction.,2,Row 2,Other air pollution metric: Fine particles (ug/m3),7.157,7,2022,https://public.tableau.com/app/profile/mpca.data.services/viz/CriteriaPollutantDataExplorer/CriteriaPollutantDataExplorer,
2025 Disclosure Cycle,779465,CDP,848568,"Metropolitan Council, Twin Cities",City,North America,United States of America,Public,Q4.9,Report the following air pollution data for the jurisdiction.,3,Row 3,Number of days exceeding air quality guidelines/standards (times/year),0,,2022,https://public.tableau.com/app/profile/mpca.data.services/viz/CriteriaPollutantDataExplorer/CriteriaPollutantDataExplorer,
2025 Disclosure Cycle,779465,CDP,848568,"Metropolitan Council, Twin Cities",City,North America,United States of America,Public,Q4.9,Report the following air pollution data for the jurisdiction.,4,Row 4,NO2 concentration (annual average) level (ug/m3),14.745,5,2022,https://public.tableau.com/app/profile/mpca.data.services/viz/CriteriaPollutantDataExplorer/CriteriaPollutantDataExplorer,
2025 Disclosure Cycle,779465,CDP,854042,Metropolitan Municipality of Milan,City,Europe,Italy,Public,Q4.9,Report the following air pollution data for the jurisdiction.,1,Row 1,Particulate Matter PM2.5 concentration (annual average) level (ug/m3),16,39,2023,https://www.arpalombardia.it/media/r0bp1ltc/rqa_mi_2023.pdf,year 2023
2025 Disclosure Cycle,779465,CDP,854042,Metropolitan Municipality of Milan,City,Europe,Italy,Public,Q4.9,Report the following air pollution data for the jurisdiction.,2,Row 2,NO2 concentration (annual average) level (ug/m3),40,92,2023,https://www.arpalombardia.it/media/r0bp1ltc/rqa_mi_2023.pdf,35-day limit for year 2023
2025 Disclosure Cycle,779465,CDP,854042,Metropolitan Municipality of Milan,City,Europe,Italy,Public,Q4.9,Report the following air pollution data for the jurisdiction.,3,Row 3,Number of days exceeding air quality guidelines/standards (times/year),24,,2023,https://www.arpalombardia.it/media/r0bp1ltc/rqa_mi_2023.pdf, year 2023
2025 Disclosure Cycle,779465,CDP,856655,Cardiff Capital Region,City,UKWW,United Kingdom,Public,Q4.9,Report the following air pollution data for the jurisdiction.,1,Row 1,Number of days exceeding air quality guidelines/standards (times/year),0,,2023,https://www.airquality.gov.wales/sites/default/files/documents/2024-12/AQ-Wales_23-24_English_v5.pdf,Welsh Government release an annual air quality report for Wales. The latest report covers the WAQF's activity in 2023/24 and any important policy developments since the last report was published. https://www.airquality.gov.wales/reports-seminars/reports
2025 Disclosure Cycle,779465,CDP,860640,Junta Intermunicipal de Medio Ambiente Altos Norte (JIAN),City,Latin America,Mexico,Public,Q4.9,Report the following air pollution data for the jurisdiction.,1,Row 1,No air pollution data to report,,,,,"Se esta gestionando para 2026, poder tener sensores de medición de particular en la región, aunque aun no es un hecho"
2025 Disclosure Cycle,779465,CDP,862673,"City of Selkirk, MB",City,North America,Canada,Public,Q4.9,Report the following air pollution data for the jurisdiction.,1,Row 1,No air pollution data to report,,,,,N/A
2025 Disclosure Cycle,779465,CDP,862909,"Blaine County, ID",City,North America,United States of America,Public,Q4.9,Report the following air pollution data for the jurisdiction.,1,Row 1,Particulate Matter PM2.5 concentration (annual average) level (ug/m3),19,19,2024,https://www.iqair.com/us/air-quality-map,"The air quality number is only for the year 2023/ Air quality varies year to year based on the fire season of each year. We were only able to obtain single year averages, rather than a long term annual average. The air quality average number was found at this source: https://www.epa.gov/outdoor-air-quality-data/air-quality-index-report"
2025 Disclosure Cycle,779465,CDP,863224,East Central Florida Regional Planning Council,City,North America,United States of America,Public,Q4.9,Report the following air pollution data for the jurisdiction.,1,Row 1,Other air pollution metric: Air Quality Index median,42,2,2022,https://www.epa.gov/outdoor-air-quality-data/air-quality-index-report,"This Air Quality Median number is from Brevard County, one of eight counties in the region. This data is for 2022, based on 365 days of AQI monitoring. This information was gathered from a U.S. EPA AQI Report. Reports were only found for 7 out of the 8 counties in the region. "
2025 Disclosure Cycle,779465,CDP,863224,East Central Florida Regional Planning Council,City,North America,United States of America,Public,Q4.9,Report the following air pollution data for the jurisdiction.,2,Row 2,Other air pollution metric: Air Quality Index median,35.0,2.0,2021.0,https://www.epa.gov/outdoor-air-quality-data/air-quality-index-report,"This Air Quality Median number is from Orange County, one of eight counties in the region. This data is for 2021, based on 365 days of AQI monitoring. This information was gathered from a U.S. EPA AQI Report. Reports were only found for 7 out of the 8 counties in the region. "
2025 Disclosure Cycle,779465,CDP,863224,East Central Florida Regional Planning Council,City,North America,United States of America,Public,Q4.9,Report the following air pollution data for the jurisdiction.,3,Row 3,Other air pollution metric: Air Quality Index median,33.0,1.0,2021.0,https://www.epa.gov/outdoor-air-quality-data/air-quality-index-report,"This Air Quality Median number is from Osceola County, one of eight counties in the region. This data is for 2021, based on 355 days of AQI monitoring. This information was gathered from a U.S. EPA AQI Report. Reports were only found for 7 out of the 8 counties in the region. "
2025 Disclosure Cycle,779465,CDP,863224,East Central Florida Regional Planning Council,City,North America,United States of America,Public,Q4.9,Report the following air pollution data for the jurisdiction.,4,Row 4,Other air pollution metric: Air Quality Index median,40.0,2.0,2021.0,https://www.epa.gov/outdoor-air-quality-data/air-quality-index-report,"This Air Quality Median number is from Volusia County, one of eight counties in the region. This data is for 2021, based on 363 days of AQI monitoring. This information was gathered from a U.S. EPA AQI Report. Reports were only found for 7 out of the 8 counties in the region. "
2025 Disclosure Cycle,779465,CDP,863224,East Central Florida Regional Planning Council,City,North America,United States of America,Public,Q4.9,Report the following air pollution data for the jurisdiction.,5,Row 5,Other air pollution metric: Air Quality Index median,37.0,2.0,2021.0,https://www.epa.gov/outdoor-air-quality-data/air-quality-index-report,"This Air Quality Median number is from Seminole County, one of eight counties in the region. This data is for 2021, based on 365 days of AQI monitoring. This information was gathered from a U.S. EPA AQI Report. Reports were only found for 7 out of the 8 counties in the region. "
2025 Disclosure Cycle,779465,CDP,863224,East Central Florida Regional Planning Council,City,North America,United States of America,Public,Q4.9,Report the following air pollution data for the jurisdiction.,6,Row 6,Other air pollution metric: Air Quality Index median,34.0,1.0,2021.0,https://www.epa.gov/outdoor-air-quality-data/air-quality-index-report,"This Air Quality Median number is from Lake County, one of eight counties in the region. This data is for 2021, based on 356 days of AQI monitoring. This information was gathered from a U.S. EPA AQI Report. Reports were only found for 7 out of the 8 counties in the region. "
2025 Disclosure Cycle,779465,CDP,863224,East Central Florida Regional Planning Council,City,North America,United States of America,Public,Q4.9,Report the following air pollution data for the jurisdiction.,7,Row 7,Other air pollution metric: Air Quality Index median,37.0,1.0,2021.0,https://www.epa.gov/outdoor-air-quality-data/air-quality-index-report,"This Air Quality Median number is from Marion County, one of eight counties in the region. This data is for 2021, based on 365 days of AQI monitoring. This information was gathered from a U.S. EPA AQI Report. Reports were only found for 7 out of the 8 counties in the region. "
2025 Disclosure Cycle,779465,CDP,863224,East Central Florida Regional Planning Council,City,North America,United States of America,Public,Q4.9,Report the following air pollution data for the jurisdiction.,8,Row 8,Other air pollution metric: Air Quality Index median,40,2.0,2021.0,https://www.epa.gov/outdoor-air-quality-data/air-quality-index-report,"This Air Quality Median number is from Brevard County, one of eight counties in the region. This data is for 2021, based on 365 days of AQI monitoring. This information was gathered from a U.S. EPA AQI Report. Reports were only found for 7 out of the 8 counties in the region. "
2025 Disclosure Cycle,779465,CDP,863224,East Central Florida Regional Planning Council,City,North America,United States of America,Public,Q4.9,Report the following air pollution data for the jurisdiction.,9,Row 9,Other air pollution metric: Air Quality Index median,35,1,2022,https://www.epa.gov/outdoor-air-quality-data/air-quality-index-report,"This Air Quality Median number is from Lake County, one of eight counties in the region. This data is for 2022, based on 364 days of AQI monitoring. This information was gathered from a U.S. EPA AQI Report. Reports were only found for 7 out of the 8 counties in the region. "
2025 Disclosure Cycle,779465,CDP,863224,East Central Florida Regional Planning Council,City,North America,United States of America,Public,Q4.9,Report the following air pollution data for the jurisdiction.,10,Row 10,Other air pollution metric: Air Quality Index median,44,1,2022,https://www.epa.gov/outdoor-air-quality-data/air-quality-index-report,"This Air Quality Median number is from Marion County, one of eight counties in the region. This data is for 2022, based on 363 days of AQI monitoring. This information was gathered from a U.S. EPA AQI Report. Reports were only found for 7 out of the 8 counties in the region. "
2025 Disclosure Cycle,779465,CDP,863224,East Central Florida Regional Planning Council,City,North America,United States of America,Public,Q4.9,Report the following air pollution data for the jurisdiction.,11,Row 11,Other air pollution metric: Air Quality Index median,39,2,2022,https://www.epa.gov/outdoor-air-quality-data/air-quality-index-report,"This Air Quality Median number is from Orange County, one of eight counties in the region. This data is for 2022, based on 365 days of AQI monitoring. This information was gathered from a U.S. EPA AQI Report. Reports were only found for 7 out of the 8 counties in the region. "
2025 Disclosure Cycle,779465,CDP,863224,East Central Florida Regional Planning Council,City,North America,United States of America,Public,Q4.9,Report the following air pollution data for the jurisdiction.,12,Row 12,Other air pollution metric: Air Quality Index median,34,1,2022,https://www.epa.gov/outdoor-air-quality-data/air-quality-index-report,"This Air Quality Median number is from Osceola County, one of eight counties in the region. This data is for 2022, based on 364 days of AQI monitoring. This information was gathered from a U.S. EPA AQI Report. Reports were only found for 7 out of the 8 counties in the region. "
2025 Disclosure Cycle,779465,CDP,863224,East Central Florida Regional Planning Council,City,North America,United States of America,Public,Q4.9,Report the following air pollution data for the jurisdiction.,13,Row 13,Other air pollution metric: Air Quality Index median,42,2,2022,https://www.epa.gov/outdoor-air-quality-data/air-quality-index-report,"This Air Quality Median number is from Seminole County, one of eight counties in the region. This data is for 2022, based on 363 days of AQI monitoring. This information was gathered from a U.S. EPA AQI Report. Reports were only found for 7 out of the 8 counties in the region. "
2025 Disclosure Cycle,779465,CDP,863224,East Central Florida Regional Planning Council,City,North America,United States of America,Public,Q4.9,Report the following air pollution data for the jurisdiction.,14,Row 14,Other air pollution metric: Air Quality Index median,45,2,2022,https://www.epa.gov/outdoor-air-quality-data/air-quality-index-report,"This Air Quality Median number is from Volusia County, one of eight counties in the region. This data is for 2022, based on 365 days of AQI monitoring. This information was gathered from a U.S. EPA AQI Report. Reports were only found for 7 out of the 8 counties in the region. "
2025 Disclosure Cycle,779465,CDP,863405,"City of Boca Raton, FL",City,North America,United States of America,Public,Q4.9,Report the following air pollution data for the jurisdiction.,1,Row 1,Number of days exceeding air quality guidelines/standards (times/year),2,,2024,https://firststreet.org/city/boca-raton-fl/1207300_fsid/air,
2025 Disclosure Cycle,779465,CDP,866900,Delicias,City,Latin America,Mexico,Public,Q4.9,Report the following air pollution data for the jurisdiction.,1,Row 1,Particulate Matter PM2.5 concentration (annual average) level (ug/m3),13.9,0,2025,,"La calidad del aire no se mide en una estación de monitoreo en el municipio. Sin embargo estas condiciones se estima que sigan en incremento por la presencia de hollín de la termoeléctrica. En el mes de junio 2023 se midió la calidad del aire arrojando 51 ICA de PM2.5, a finales de agosto 2023. Fuente ARVC delicias 2023."
2025 Disclosure Cycle,779465,CDP,884005,Dhaka South City,City,India,Bangladesh,Public,Q4.9,Report the following air pollution data for the jurisdiction.,2,Row 2,No air pollution data to report,,,,,
2025 Disclosure Cycle,779465,CDP,895681,Majlis Bandaraya Iskandar Puteri,City,South East Asia & Oceania,Malaysia,Public,Q4.9,Report the following air pollution data for the jurisdiction.,1,Row 1,Other air pollution metric: API,62,1,2024,https://apims.doe.gov.my/home.html,Refer to the API readings from the link provided for both Air Quality Monitoring Station located at Johor Bahru
2025 Disclosure Cycle,779465,CDP,895681,Majlis Bandaraya Iskandar Puteri,City,South East Asia & Oceania,Malaysia,Public,Q4.9,Report the following air pollution data for the jurisdiction.,2,Row 2,Other air pollution metric: API,56.0,1,2023.0,https://apims.doe.gov.my/home.html,Refer to the API readings from the link provided for both Air Quality Monitoring Station located at Johor Bahru
2025 Disclosure Cycle,779465,CDP,895681,Majlis Bandaraya Iskandar Puteri,City,South East Asia & Oceania,Malaysia,Public,Q4.9,Report the following air pollution data for the jurisdiction.,3,Row 3,Other air pollution metric: API,55,1,2025,https://apims.doe.gov.my/home.html,Refer to the API readings from the link provided for both Air Quality Monitoring Station located at Johor Bahru
2025 Disclosure Cycle,779465,CDP,917927,North Yorkshire Council,City,UKWW,United Kingdom,Public,Q4.9,Report the following air pollution data for the jurisdiction.,1,Row 1,NO2 concentration (annual average) level (ug/m3),40,222,2024,https://www.northyorks.gov.uk/environment-and-neighbourhoods/pollution/air-quality/local-air-quality-management,
2025 Disclosure Cycle,779465,CDP,917927,North Yorkshire Council,City,UKWW,United Kingdom,Public,Q4.9,Report the following air pollution data for the jurisdiction.,2,Row 2,Number of days exceeding air quality guidelines/standards (times/year),0,,2024,https://www.northyorks.gov.uk/environment-and-neighbourhoods/pollution/air-quality/local-air-quality-management,-
2025 Disclosure Cycle,779465,CDP,917927,North Yorkshire Council,City,UKWW,United Kingdom,Public,Q4.9,Report the following air pollution data for the jurisdiction.,3,Row 3,Particulate Matter PM2.5 concentration (annual average) level (ug/m3),10,0,2024,https://www.northyorks.gov.uk/environment-and-neighbourhoods/pollution/air-quality/local-air-quality-management,"We have real-time monitors in Harrogate, Knaresborough, Staithes (Earthsense Zephyrs), Selby, Northallerton, Richmond, Malton (Aeroqual One)."
2025 Disclosure Cycle,779465,CDP,917927,North Yorkshire Council,City,UKWW,United Kingdom,Public,Q4.9,Report the following air pollution data for the jurisdiction.,4,Row 4,Other air pollution metric: PM2.5 percentage reduction target by 2040 in England (compared to a base year of 2018).,35,0,2024,https://www.northyorks.gov.uk/environment-and-neighbourhoods/pollution/air-quality/local-air-quality-management,"We have real-time monitors in Harrogate, Knaresborough, Staithes (Earthsense Zephyrs), Selby, Northallerton, Richmond, Malton (Aeroqual One)."
2025 Disclosure Cycle,779465,CDP,918366,City of Gradiška,City,Europe,Bosnia and Herzegovina,Public,Q4.9,Report the following air pollution data for the jurisdiction.,1,Row 1,Particulate Matter PM2.5 concentration (annual average) level (ug/m3),18.94,1,2024,https://www.gradgradiska.com/%d0%bc%d0%be%d0%bd%d0%b8%d1%82%d0%be%d1%80%d0%b8%d0%b3-%d0%ba%d0%b2%d0%b0%d0%bb%d0%b8%d1%82%d0%b5%d1%82%d0%b0-%d0%b2%d0%b0%d0%b7%d0%b4%d1%83%d1%85%d0%b0/,"The City of Gradiška operates one automatic air quality monitoring station that measures multiple pollutants, including PM2,5. According to the monthly monitoring data for 2024, the annual average concentration of PM2,5 was 18,94 µg/m3. The station is managed by local authorities and provides continuous measurements that inform local air quality assessments and planning"
2025 Disclosure Cycle,779465,CDP,918366,City of Gradiška,City,Europe,Bosnia and Herzegovina,Public,Q4.9,Report the following air pollution data for the jurisdiction.,2,Row 2,NO2 concentration (annual average) level (ug/m3),35.39,1,2024,https://www.gradgradiska.com/%d0%bc%d0%be%d0%bd%d0%b8%d1%82%d0%be%d1%80%d0%b8%d0%b3-%d0%ba%d0%b2%d0%b0%d0%bb%d0%b8%d1%82%d0%b5%d1%82%d0%b0-%d0%b2%d0%b0%d0%b7%d0%b4%d1%83%d1%85%d0%b0/,.
2025 Disclosure Cycle,779465,CDP,918366,City of Gradiška,City,Europe,Bosnia and Herzegovina,Public,Q4.9,Report the following air pollution data for the jurisdiction.,3,Row 3,Other air pollution metric: SO2,23.37,1,2024,https://www.gradgradiska.com/%d0%bc%d0%be%d0%bd%d0%b8%d1%82%d0%be%d1%80%d0%b8%d0%b3-%d0%ba%d0%b2%d0%b0%d0%bb%d0%b8%d1%82%d0%b5%d1%82%d0%b0-%d0%b2%d0%b0%d0%b7%d0%b4%d1%83%d1%85%d0%b0/,.
2025 Disclosure Cycle,779465,CDP,918366,City of Gradiška,City,Europe,Bosnia and Herzegovina,Public,Q4.9,Report the following air pollution data for the jurisdiction.,4,Row 4,Other air pollution metric: CO,0.56,1,2024,https://www.gradgradiska.com/%d0%bc%d0%be%d0%bd%d0%b8%d1%82%d0%be%d1%80%d0%b8%d0%b3-%d0%ba%d0%b2%d0%b0%d0%bb%d0%b8%d1%82%d0%b5%d1%82%d0%b0-%d0%b2%d0%b0%d0%b7%d0%b4%d1%83%d1%85%d0%b0/,.
2025 Disclosure Cycle,779465,CDP,918366,City of Gradiška,City,Europe,Bosnia and Herzegovina,Public,Q4.9,Report the following air pollution data for the jurisdiction.,5,Row 5,Other air pollution metric: NO,32.3,1,2024,https://www.gradgradiska.com/%d0%bc%d0%be%d0%bd%d0%b8%d1%82%d0%be%d1%80%d0%b8%d0%b3-%d0%ba%d0%b2%d0%b0%d0%bb%d0%b8%d1%82%d0%b5%d1%82%d0%b0-%d0%b2%d0%b0%d0%b7%d0%b4%d1%83%d1%85%d0%b0/,.
2025 Disclosure Cycle,779465,CDP,919730,Lambeth Council,City,UKWW,United Kingdom,Public,Q4.9,Report the following air pollution data for the jurisdiction.,1,Row 1,NO2 concentration (annual average) level (ug/m3),32.5,2,2024,https://www.londonair.org.uk/london/asp/datadownload.asp,
2025 Disclosure Cycle,779465,CDP,919730,Lambeth Council,City,UKWW,United Kingdom,Public,Q4.9,Report the following air pollution data for the jurisdiction.,2,Row 2,Number of days exceeding air quality guidelines/standards (times/year),0,,2024,https://www.londonair.org.uk/london/asp/datadownload.asp,
2025 Disclosure Cycle,779465,CDP,929965,Çorlu Belediyesi,City,UKWW,Türkiye,Public,Q4.9,Report the following air pollution data for the jurisdiction.,1,Row 1,Particulate Matter PM2.5 concentration (annual average) level (ug/m3),22,1,2022, havaizleme.gov.tr, It ıs well above the World Health Organisation (WHO) limit value of 5 µg/m³.
2025 Disclosure Cycle,779465,CDP,929965,Çorlu Belediyesi,City,UKWW,Türkiye,Public,Q4.9,Report the following air pollution data for the jurisdiction.,2,Row 2,NO2 concentration (annual average) level (ug/m3),28,1,2022,havaizleme.gov.tr,The WHO limit value is 10 µg/m³. Traffic-related emissions are decisive.
2025 Disclosure Cycle,779465,CDP,929965,Çorlu Belediyesi,City,UKWW,Türkiye,Public,Q4.9,Report the following air pollution data for the jurisdiction.,3,Row 3,Number of days exceeding air quality guidelines/standards (times/year),45,,2022,havaizleme.gov.tr,"There is an increase, particularly during the winter months, due to coal usage and heavy traffic."
2025 Disclosure Cycle,779465,CDP,929994,Uskudar Municipality,City,UKWW,Türkiye,Public,Q4.9,Report the following air pollution data for the jurisdiction.,1,Row 1,Particulate Matter PM2.5 concentration (annual average) level (ug/m3),15.4,2,2024,https://havakalitesi.ibb.gov.tr/STN/STN_Report/PeriodicAqlRating,Air quality values were measured at urban traffic and traffic station types.
2025 Disclosure Cycle,779465,CDP,929994,Uskudar Municipality,City,UKWW,Türkiye,Public,Q4.9,Report the following air pollution data for the jurisdiction.,2,Row 2,Other air pollution metric: PM10 (ug/m3),28.04,5,2024,https://havakalitesi.ibb.gov.tr/STN/STN_Report/PeriodicAqlRating,"Air quality values were measured at a total of 5 points, including Sea Traffic, Urban Traffic, City Background, and Traffic station types."
2025 Disclosure Cycle,779465,CDP,929994,Uskudar Municipality,City,UKWW,Türkiye,Public,Q4.9,Report the following air pollution data for the jurisdiction.,3,Row 3,Other air pollution metric: SO2 (ug/m3),6.95,2,2024,https://havakalitesi.ibb.gov.tr/STN/STN_Report/PeriodicAqlRating,"Air quality values were measured at a total of two points, including Sea- Traffic and Urban Traffic station types."
2025 Disclosure Cycle,779465,CDP,929994,Uskudar Municipality,City,UKWW,Türkiye,Public,Q4.9,Report the following air pollution data for the jurisdiction.,4,Row 4,Other air pollution metric: CO (ug/m3),1107,3,2024,https://havakalitesi.ibb.gov.tr/STN/STN_Report/PeriodicAqlRating,"Air quality values were measured at a total of three points, including Sea-Traffic and Traffic station types."
2025 Disclosure Cycle,779465,CDP,929994,Uskudar Municipality,City,UKWW,Türkiye,Public,Q4.9,Report the following air pollution data for the jurisdiction.,5,Row 5,Other air pollution metric: N0 (ug/m3),29.92,4,2024,https://havakalitesi.ibb.gov.tr/STN/STN_Report/PeriodicAqlRating,"Air quality values were measured at a total of three points, including Sea- Traffic, Traffic and Urban Traffic station types."
2025 Disclosure Cycle,779465,CDP,929994,Uskudar Municipality,City,UKWW,Türkiye,Public,Q4.9,Report the following air pollution data for the jurisdiction.,6,Row 6,NO2 concentration (annual average) level (ug/m3),30.8,4,2024,https://havakalitesi.ibb.gov.tr/STN/STN_Report/PeriodicAqlRating,"Air quality values were measured at a total of 4 points, including Sea Traffic, Urban Traffic and Traffic station types."
2025 Disclosure Cycle,779465,CDP,929994,Uskudar Municipality,City,UKWW,Türkiye,Public,Q4.9,Report the following air pollution data for the jurisdiction.,7,Row 7,Other air pollution metric: NOX (ug/m3),73.65,4,2024,https://havakalitesi.ibb.gov.tr/STN/STN_Report/PeriodicAqlRating,"Air quality values were measured at a total of 4 points, including Sea Traffic, Urban Traffic and Traffic station types."
2025 Disclosure Cycle,779465,CDP,929994,Uskudar Municipality,City,UKWW,Türkiye,Public,Q4.9,Report the following air pollution data for the jurisdiction.,8,Row 8,Other air pollution metric: O3 (ug/m3),18.1,1,2024,https://havakalitesi.ibb.gov.tr/STN/STN_Report/PeriodicAqlRating,Air quality values were measured at the City-Background station type.
2025 Disclosure Cycle,779465,CDP,2044725,Municipality of Choloma,City,Latin America,Honduras,Public,Q4.9,Report the following air pollution data for the jurisdiction.,1,Row 1,No air pollution data to report,,,,,
2025 Disclosure Cycle,779465,CDP,2044738,City of Balanga,City,South East Asia & Oceania,Philippines,Public,Q4.9,Report the following air pollution data for the jurisdiction.,1,Row 1,Particulate Matter PM2.5 concentration (annual average) level (ug/m3),5,0,2018,https://www.iqair.com/philippines/central-luzon/balanga,"Air quality in the City of Balanga is shaped by rapid urbanization, rising transport activity, and growing energy demand. At present, the city has no dedicated continuous air quality monitoring stations, and therefore relies on proxy data from the DENR-EMB regional monitoring network in Central Luzon and the results of its 2018 Climate and Disaster Risk Assessment (CDRA), which included a greenhouse gas (GHG) emissions inventory.\n\nThe transport sector is the single largest source of air pollution, contributing nearly 79% of the city's total GHG emissions (144,265 tCO₂e in 2018). Aside from carbon dioxide, mobile sources also release particulate matter (PM2.5 and PM10), black carbon, nitrogen oxides (NOₓ), and volatile organic compounds (VOCs), all of which are linked to respiratory and cardiovascular health risks. Traffic congestion in the city's urban core further aggravates localized air quality, particularly during peak commuting hours.\n\nSolid waste decomposition and open burning are additional contributors to poor air quality. The city generates about 65-70 tons of waste per day, with more than half being biodegradable. When unmanaged, this produces methane and nitrous oxide, along with odors and smoke that worsen ambient conditions. In 2018, the waste sector accounted for 33,633 tCO₂e, or 18% of Balanga's total emissions, a significant share that highlights the air quality risks associated with landfill gas and improper disposal practices.\n\nThe contribution from electricity use is smaller at 5,043 tCO₂e (3% of total emissions), but because the city's supply is tied to the national grid, which is still heavily dependent on coal-fired generation, local electricity demand indirectly contributes to pollutants such as sulfur dioxide (SO₂) and fine particulates released at the source of generation.\n\nAlthough Balanga lacks localized monitoring, estimates indicate that PM2.5 concentrations occasionally approach or exceed safe thresholds during periods of high vehicle activity and waste burning. This places sensitive populations—including children, the elderly, and those with respiratory conditions—at greater health risk.\n\nThe absence of a city-level Air Quality Index (AQI) station underscores the need for enhanced monitoring and policy action. By promoting sustainable transport, renewable energy adoption, stricter waste management, and green spaces, Balanga can improve both air quality and climate resilience."
2025 Disclosure Cycle,779465,CDP,35913,City of Nairobi,City,UKWW,Kenya,Public,Q4.9,Report the following air pollution data for the jurisdiction.,1,Row 1,Particulate Matter PM2.5 concentration (annual average) level (ug/m3),26,37,2023,https://nairobi.go.ke/nairobi-air-quality/,city through partnership has air quality monitoring flow
2025 Disclosure Cycle,779465,CDP,35913,City of Nairobi,City,UKWW,Kenya,Public,Q4.9,Report the following air pollution data for the jurisdiction.,2,Row 2,Number of days exceeding air quality guidelines/standards (times/year),300,,2023,https://nairobi.go.ke/nairobi-air-quality/,city gets data through air qo and wri who are partners
2025 Disclosure Cycle,779465,CDP,44210,Yeosu City,City,South East Asia & Oceania,Korea (The Republic of),Public,Q4.9,Report the following air pollution data for the jurisdiction.,1,Row 1,Particulate Matter PM2.5 concentration (annual average) level (ug/m3),6,14,2025,https://www.airkorea.or.kr/web/,Average 15 in 2023
2025 Disclosure Cycle,779465,CDP,44210,Yeosu City,City,South East Asia & Oceania,Korea (The Republic of),Public,Q4.9,Report the following air pollution data for the jurisdiction.,2,Row 2,NO2 concentration (annual average) level (ug/m3),0.0056,14,2025,https://www.airkorea.or.kr/web/,Average 0.011 in 2023
2025 Disclosure Cycle,779465,CDP,44210,Yeosu City,City,South East Asia & Oceania,Korea (The Republic of),Public,Q4.9,Report the following air pollution data for the jurisdiction.,3,Row 3,Number of days exceeding air quality guidelines/standards (times/year),0,,2025,,
2025 Disclosure Cycle,779465,CDP,44210,Yeosu City,City,South East Asia & Oceania,Korea (The Republic of),Public,Q4.9,Report the following air pollution data for the jurisdiction.,4,Row 4,Other air pollution metric: O3,0.0293,14,2025,https://www.airkorea.or.kr/web/,Average 0.035 in 2023
2025 Disclosure Cycle,779465,CDP,44210,Yeosu City,City,South East Asia & Oceania,Korea (The Republic of),Public,Q4.9,Report the following air pollution data for the jurisdiction.,5,Row 5,Other air pollution metric: CO,0.2,14,2025,https://www.airkorea.or.kr/web/,Average 0.4 in 2023
2025 Disclosure Cycle,779465,CDP,44210,Yeosu City,City,South East Asia & Oceania,Korea (The Republic of),Public,Q4.9,Report the following air pollution data for the jurisdiction.,6,Row 6,Other air pollution metric: SO2,0.0023,14,2025,https://www.airkorea.or.kr/web/,Average 0.003 in 2023
2025 Disclosure Cycle,779465,CDP,44210,Yeosu City,City,South East Asia & Oceania,Korea (The Republic of),Public,Q4.9,Report the following air pollution data for the jurisdiction.,7,Row 7,Other air pollution metric: PM10,9,14,2025,https://www.airkorea.or.kr/web/,Average 31 in 2023
2025 Disclosure Cycle,779465,CDP,50543,"Halifax Regional Municipality, NS",City,North America,Canada,Public,Q4.9,Report the following air pollution data for the jurisdiction.,1,Row 1,Particulate Matter PM2.5 concentration (annual average) level (ug/m3),4.04,3,2024,https://novascotia.ca/nse/airdata/,"PM2.5 Data from: Halifax Johnston PM, Johnston Gases, Lake Major\n"
2025 Disclosure Cycle,779465,CDP,50543,"Halifax Regional Municipality, NS",City,North America,Canada,Public,Q4.9,Report the following air pollution data for the jurisdiction.,2,Row 2,NO2 concentration (annual average) level (ug/m3),2.87,2,2024,https://novascotia.ca/nse/airdata/,"NO2 Data from: Johnston Gases, Lake Major"
2025 Disclosure Cycle,779465,CDP,55371,Municipalidad de Vicente López,City,Latin America,Argentina,Public,Q4.9,Report the following air pollution data for the jurisdiction.,1,Row 1,No air pollution data to report,,,,,ninguno
2025 Disclosure Cycle,779465,CDP,58485,"Abington Township, PA",City,North America,United States of America,Public,Q4.9,Report the following air pollution data for the jurisdiction.,2,Row 2,Particulate Matter PM2.5 concentration (annual average) level (ug/m3),,,,,
2025 Disclosure Cycle,779465,CDP,60391,Municipalidad de San Borja,City,Latin America,Peru,Public,Q4.9,Report the following air pollution data for the jurisdiction.,1,Row 1,Particulate Matter PM2.5 concentration (annual average) level (ug/m3),30,12,2025,\nhttps://www.senamhi.gob.pe/?p=estaciones,"Sí, San Borja realiza monitoreo de la calidad del aire, pero no con una frecuencia fija de una vez al año. El Servicio Nacional de Meteorología e Hidrología (SENAMHI) ha instalado estaciones de monitoreo en el distrito, como la inaugurada en mayo de 2023, en colaboración con la Municipalidad de San Borja. Estas estaciones permiten evaluar los niveles de contaminantes atmosféricos, como las partículas PM2.5 y PM10, y generar pronósticos sobre la calidad del aire en Lima y Callao"
2025 Disclosure Cycle,779465,CDP,60393,Municipalidad de Santiago,City,Latin America,Chile,Public,Q4.9,Report the following air pollution data for the jurisdiction.,1,Row 1,Particulate Matter PM2.5 concentration (annual average) level (ug/m3),20.2,1,2024,https://sinca.mma.gob.cl/index.php/estacion/index/key/D14\n\n,"La región Metropolitana se encuentra sujeta a un plan de descontaminación, que regula los niveles de este tipo de materiales."
2025 Disclosure Cycle,779465,CDP,60393,Municipalidad de Santiago,City,Latin America,Chile,Public,Q4.9,Report the following air pollution data for the jurisdiction.,2,Row 2,NO2 concentration (annual average) level (ug/m3),23.8,1,2024,https://sinca.mma.gob.cl/index.php/estacion/index/key/D14,"La región Metropolitana se encuentra sujeta a un plan de descontaminación, que regula los niveles de este tipo de materiales."
2025 Disclosure Cycle,779465,CDP,60393,Municipalidad de Santiago,City,Latin America,Chile,Public,Q4.9,Report the following air pollution data for the jurisdiction.,3,Row 3,Number of days exceeding air quality guidelines/standards (times/year),24,,2024,https://airechile.mma.gob.cl/download/Reporte-Mensual-MP25-Septiembre-2024.pdf,"Según se establece el decreto 31 que ESTABLECE PLAN DE PREVENCIÓN Y DESCONTAMINACIÓN ATMOSFÉRICA PARA LA REGIÓN METROPOLITANA DE SANTIAGO en su punto I.4.1 Antecedentes, se establecen los límites para el establecimiento de las alertas, Preemergencias y emergencias ambientales en cuanto a los rangos de MP2,5.\n\nEn este caso específico, los 24 eventos del año 2024 fueron 19 alertas y 5 preemergencias \n\nRangos para concentración de 24 horas de MP2,5 (ug/m3)\nAlerta: 80 - 109\nPreemergencia: 110 - 169\nEmergencia: 170 o superior"
2025 Disclosure Cycle,779465,CDP,73533,Intendencia de Canelones,City,Latin America,Uruguay,Public,Q4.9,Report the following air pollution data for the jurisdiction.,1,Row 1,Number of days exceeding air quality guidelines/standards (times/year),3,,2024,https://ecomunidadcanelones.uy/monitoreo-de-la-calidad-de-aire/ ,"Canelones cuenta con dos estaciones manuales de monitoreo de PM10. \nEs posible identificar tres ejes viales estratégicos en Canelones, que responden a la expansión empresarial y residencial y un concomitante crecimiento industrial y logístico en el departamento: eje de Ruta 8 asociado a Pando, Barros Blancos y Empalme Olmos; eje de Avenida Giannattasio y Ruta Interbalnearia asociado a Ciudad de la Costa, Paso Carrasco y la Ciudad Líber Seregni; y eje de Ruta 5 asociado a La Paz, Las Piedras, 18 de Mayo y Progreso. Alcanzar el objetivo establecido para la evaluación de la calidad del aire de Canelones requiere contar con información asociada a sus tres ejes viales estratégicos."
2025 Disclosure Cycle,779465,CDP,73793,La Estrella,City,Latin America,Colombia,Public,Q4.9,Report the following air pollution data for the jurisdiction.,1,Row 1,Particulate Matter PM2.5 concentration (annual average) level (ug/m3),,2,2025,https://siata.gov.co/siata_nuevo/,"El municipio de La Estrella cuenta con dos estaciones de monitoreo de calidad de aire, las cuales se vinculan al programa regulación de la calidad del aire para el Área Metropolitana del Valle del Aburra. Estos puntos miden la concentración de partículas PM2.5 durante el año y permiten la visualización en tiempo real de la calidad del aire del territorio. "
2025 Disclosure Cycle,779465,CDP,826201,Ayuntamiento de Zapopan,City,Latin America,Mexico,Public,Q4.9,Report the following air pollution data for the jurisdiction.,1,Row 1,Number of days exceeding air quality guidelines/standards (times/year),67,,2024,https://aire.jalisco.gob.mx/Dhistoricos,"El Sistema de Monitoreo Atmosférico de Jalisco (SIMAJ) lo implementa la Secretaría de Medio Ambiente y Desarrollo Territorial del Gobierno del Estado de Jalisco, en el municipio de Zapopan se ubican 5 estaciones de monitoreo activas: Las Águilas, Vallarta, Atemajac, Santa Margarita y Country."
2025 Disclosure Cycle,779465,CDP,834374,Tagum City,City,South East Asia & Oceania,Philippines,Public,Q4.9,Report the following air pollution data for the jurisdiction.,1,Row 1,Particulate Matter PM2.5 concentration (annual average) level (ug/m3),,,,,
2025 Disclosure Cycle,779465,CDP,840915,Prefeitura de Curvelo,City,Latin America,Brazil,Public,Q4.9,Report the following air pollution data for the jurisdiction.,1,Row 1,No air pollution data to report,,,,,
2025 Disclosure Cycle,779465,CDP,866903,Prefeitura de Itapipoca,City,Latin America,Brazil,Public,Q4.9,Report the following air pollution data for the jurisdiction.,1,Row 1,Particulate Matter PM2.5 concentration (annual average) level (ug/m3),63,3,2024,https://www.semace.ce.gov.br/monitoramento/monitoramento-da-qualidade-do-ar/,Quem realiza o monitoramento é SEMACE 
