disclosure_cycle,cdp_requesting_org_number,requesting_organization,cdp_disclosing_org_number,disclosing_organization,disclosing_org_type,cdp_region,discloser_country_or_area,public_status,question_number,question_text,row_order,row_name,col1_Use of carbon credits,col2_Identify target,col3_Emissions purchased/sold (metric tonnes CO2e),col4_Verified to which standard,col5_Outline the crediting period and country(ies)/area(s) where offsetting efforts are or will be taking place,col6_Comment
2025 Disclosure Cycle,779465,CDP,1093,"City of Atlanta, GA",City,North America,United States of America,Public,Q6.1.2,"If you are using or plan to use carbon credits sold to or purchased from outside the jurisdiction or target boundary, provide details.",1,Row 1,Offset credit transactions generated within the boundary and sold,Target 1,0,Carbon Registry,"Local offsetting efforts (Atlanta, GA).\n","Atlanta's Carbon Credit program initiated with Lake Charlotte Nature Preserve and has a total of 36,265. Buying and selling carbon credit and renewable energy credits is a part of the plan to reach GHG reduction goals and Atlanta's clean energy goal. To date, we have not officially sold or bought any carbon or renewable energy credits."
2025 Disclosure Cycle,779465,CDP,1184,"City of Austin, TX",City,North America,United States of America,Public,Q6.1.2,"If you are using or plan to use carbon credits sold to or purchased from outside the jurisdiction or target boundary, provide details.",1,Row 1,Offset credit transactions purchased from outside of the boundary,Target 1,1450000,"Other: Standards, registries, and best practices for carbon offsets, reductions, and removal are expected to evolve significantly over the next 20 years. We anticipate adopting the latest practices as they emerge.","Ten percent of our community-wide emissions reduction is eligible for offsets, sequestration, or other new carbon reduction/removal technology, but they are planned to be produced locally or regionally. The period is present until our the end-date of our net-zero target: 2040.","Standards, registries, and best practices for carbon offsets, reductions, and removal are expected to evolve significantly over the next 20 years. We anticipate adopting the latest practices as they emerge."
2025 Disclosure Cycle,779465,CDP,1499,City of Barcelona,City,Europe,Spain,Public,Q6.1.2,"If you are using or plan to use carbon credits sold to or purchased from outside the jurisdiction or target boundary, provide details.",1,Row 1,We do not currently purchase or sell offset credit transactions,,,,,-
2025 Disclosure Cycle,779465,CDP,1850,Birmingham City Council,City,UKWW,United Kingdom,Public,Q6.1.2,"If you are using or plan to use carbon credits sold to or purchased from outside the jurisdiction or target boundary, provide details.",1,Row 1,Offset credit transactions generated within the boundary and sold,Target 1,0,Not yet verified,N/A,Do not currently plan to use offsetting
2025 Disclosure Cycle,779465,CDP,2621,Cambridgeshire County Council,City,UKWW,United Kingdom,Public,Q6.1.2,"If you are using or plan to use carbon credits sold to or purchased from outside the jurisdiction or target boundary, provide details.",1,Row 1,We do not currently purchase or sell offset credit transactions,,,,,n/a
2025 Disclosure Cycle,779465,CDP,3203,City of Chicago,City,North America,United States of America,Public,Q6.1.2,"If you are using or plan to use carbon credits sold to or purchased from outside the jurisdiction or target boundary, provide details.",1,Row 1,We do not currently purchase or sell offset credit transactions,,,,,N/A
2025 Disclosure Cycle,779465,CDP,3417,"New York City, NY",City,North America,United States of America,Public,Q6.1.2,"If you are using or plan to use carbon credits sold to or purchased from outside the jurisdiction or target boundary, provide details.",1,Row 1,We do not currently purchase or sell offset credit transactions,,,,,"For our net goals as a city government, we are exploring the use of carbon credits to meet our 50% reduction goal"
2025 Disclosure Cycle,779465,CDP,3422,Greater London Authority,City,UKWW,United Kingdom,Public,Q6.1.2,"If you are using or plan to use carbon credits sold to or purchased from outside the jurisdiction or target boundary, provide details.",1,Row 1,We do not currently purchase or sell offset credit transactions,,,,,n/a
2025 Disclosure Cycle,779465,CDP,3429,City of Stockholm,City,Europe,Sweden,Public,Q6.1.2,"If you are using or plan to use carbon credits sold to or purchased from outside the jurisdiction or target boundary, provide details.",1,Row 1,We do not currently purchase or sell offset credit transactions,,,,,The district heating provider Stockholm Exergi is investigating the voluntary market for carbon credits generated in the planned bio-energy carbon capture and storage plant. as a means to finance its bio-CCS plant.
2025 Disclosure Cycle,779465,CDP,5871,Essex County Council,City,UKWW,United Kingdom,Public,Q6.1.2,"If you are using or plan to use carbon credits sold to or purchased from outside the jurisdiction or target boundary, provide details.",1,Row 1,We do not currently purchase or sell offset credit transactions,,,,,no plans to use carbon credits
2025 Disclosure Cycle,779465,CDP,10495,"City of Las Vegas, NV",City,North America,United States of America,Public,Q6.1.2,"If you are using or plan to use carbon credits sold to or purchased from outside the jurisdiction or target boundary, provide details.",1,Row 1,We do not currently purchase or sell offset credit transactions,,,,,N/a
2025 Disclosure Cycle,779465,CDP,10894,"City of Los Angeles, CA",City,North America,United States of America,Public,Q6.1.2,"If you are using or plan to use carbon credits sold to or purchased from outside the jurisdiction or target boundary, provide details.",1,Row 1,Offset credit transactions generated within the boundary and sold,Target 3,,Other: California Cap and Trade program,,Disclosure of any information regarding market positions related to the sale and purchase of carbon credits is legally prohibited.
2025 Disclosure Cycle,779465,CDP,11315,City of Manchester,City,UKWW,United Kingdom,Public,Q6.1.2,"If you are using or plan to use carbon credits sold to or purchased from outside the jurisdiction or target boundary, provide details.",1,Row 1,We do not currently purchase or sell offset credit transactions,,,,,Carbon budget will be reduced without need for offset by use of carbon credits sold to or purchased form outside the jurisdiction.
2025 Disclosure Cycle,779465,CDP,13067,"City of New Orleans, LA",City,North America,United States of America,Public,Q6.1.2,"If you are using or plan to use carbon credits sold to or purchased from outside the jurisdiction or target boundary, provide details.",1,Row 1,We do not currently purchase or sell offset credit transactions,,,,,
2025 Disclosure Cycle,779465,CDP,13113,Newcastle City Council,City,UKWW,United Kingdom,Public,Q6.1.2,"If you are using or plan to use carbon credits sold to or purchased from outside the jurisdiction or target boundary, provide details.",1,Row 1,Offset credit transactions purchased from outside of the boundary,Target 1,0,Not yet verified, HACT Retrofit Credits aims to unlock investment in social housing retrofit by verifying the emission reductions and social value of retrofit projects. RETROFIT CREDITS will provide a channel for investment in social housing retrofit by verifying the emission reductions and social value of housing retrofit projects and originating carbon credits backed by those emission reductions. It will centre the impact of these retrofit activities on residents and communities by incorporating social value metrics so that the funding unlocked through carbon credits doesn't just reduce carbon but also improves lives.,N/A
2025 Disclosure Cycle,779465,CDP,13113,Newcastle City Council,City,UKWW,United Kingdom,Public,Q6.1.2,"If you are using or plan to use carbon credits sold to or purchased from outside the jurisdiction or target boundary, provide details.",2,Row 2,Offset credit transactions purchased from outside of the boundary,Target 1,0,Not yet verified,"At present, this carbon offsetting procedure has not been established.","Whilst we do not yet have a plan for delivering city-wide emission carbon offsetting in Newcastle, we do recognise the key principles that carbon offsetting would need to meet, namely:- Equivalence - any carbon unit should have a clear long-term climate benefit, at least as large as the effect of a unit of CO2 removal in Newcastle.- Additionality - the activities generating carbon units should drive genuinely additional emissions reductions (i.e. that would not have happened in the absence of such activity).- Permanence - the activities generating carbon units should lead to permanent reduction or removal of GHGs from the atmosphere.- Sustainability - the activities generating carbon units need to support wider sustainability objectives by:• Doing no net harm• Preserving and enhancing environmental integrity• Ensuring compatibility with sustainable development goals• Not disadvantaging local communities• Delivering environmental and social co-benefits to support local economic development• Ensuring land and biomass are used sustainably"
2025 Disclosure Cycle,779465,CDP,13113,Newcastle City Council,City,UKWW,United Kingdom,Public,Q6.1.2,"If you are using or plan to use carbon credits sold to or purchased from outside the jurisdiction or target boundary, provide details.",3,Row 3,Offset credit transactions generated within the boundary and sold,Target 1,0,"Other: The North East Carbon Marketplace - verifiers include Organic Farmers & Growers C.I.C., Verra, Verified Carbon Standard",2025-2030 and within jurisdiction boundary or an acceptable proximity - aim to avoid using transboundary international market mechanisms. ,"We have supported the development of the North East Carbon and Nature Marketplace (NECaNM), which officially launched in May 2025. This North East focused marketplace will provide opportunities for the Council to act as both a seller and buyer of carbon and other environmental credits within the North East region.\nThe NECaNM is designed to:\n· Power the North East's Net Zero Transition by enabling investment in measurable, local carbon reduction projects.\n· Raise the Integrity Standard by ensuring transparency, accountability, and additionality in all listed projects.\n· Maximise Regional Benefits by reinvesting carbon finance into local communities, creating green jobs, and restoring landscapes.\nIt will deliver co-benefits beyond carbon reduction including improved air and water quality, enhanced physical and mental health, the creation of skilled green jobs, and increased biodiversity. It will also empower local communities by supporting projects that are visible, tangible, and rooted in place—helping residents see and feel the benefits of climate action."
2025 Disclosure Cycle,779465,CDP,13490,Northumberland County Council,City,UKWW,United Kingdom,Public,Q6.1.2,"If you are using or plan to use carbon credits sold to or purchased from outside the jurisdiction or target boundary, provide details.",1,Row 1,We do not currently purchase or sell offset credit transactions,,,,,"Northumberland does not purchase or sell carbon credits. At a regional level, a Carbon and Nature Marketplace has launched allowing local organisations to offset emissions by investing in carbon saving projects in the North East Combined Authority area. "
2025 Disclosure Cycle,779465,CDP,13506,Nottingham City Council,City,UKWW,United Kingdom,Public,Q6.1.2,"If you are using or plan to use carbon credits sold to or purchased from outside the jurisdiction or target boundary, provide details.",1,Row 1,"Other: Yet to be determined, likely to be offset credit transactions purchased from outside of the boundary; and potentially internal to the boundary through Authority Based Insetting.",Target 1,326789,"Other: Carbon credits will be verified to a standard, but we are not at the point of knowing which standard yet.","Not yet known. The CN28 Action Plan includes themes for Carbon Removal, and this will be determined in due course. This theme also includes actions to progress negative emissions technologies; and change of land use including local tree planting.","Use of carbon credits is planned, but not yet actioned. Nottingham's priority is to reduce emissions at source before looking to offset or purchase carbon credits. However it is acknowledged Nottingham will have some unavoidable emissions and will look to explore robust and verified offsetting further in the future."
2025 Disclosure Cycle,779465,CDP,14088,Oslo Municipality,City,Europe,Norway,Public,Q6.1.2,"If you are using or plan to use carbon credits sold to or purchased from outside the jurisdiction or target boundary, provide details.",1,Row 1,We do not currently purchase or sell offset credit transactions,,,,,
2025 Disclosure Cycle,779465,CDP,14136,Oxford City Council,City,UKWW,United Kingdom,Public,Q6.1.2,"If you are using or plan to use carbon credits sold to or purchased from outside the jurisdiction or target boundary, provide details.",1,Row 1,Offset credit transactions generated within the boundary and sold,Target 1,88700,Do not know,"To be purchased by 2040, but no sooner than 2030. To be purchased from within the UK, within Oxfordshire where possible.","Official council policy is for certified carbon removal credits to be purchased by 2040. However we are also exploring alternatives that may be more robust and provide additional local benefit. Local Community Carbon Offsetting may be used to fulfil the council's requirements. We are currently working on a real-world pilot test of a local offsetting process whereby local carbon reduction projects focussed on non-domestic retrofit are offered as funding opportunities for ESG/carbon conscious organisations in Oxfordshire to support within their own community. Projects are independently verified and validated by the council, thereby providing assurance to funding organisations around the projected and actual carbon savings delivered by project activity. Once we have an established process, we may be able to consider using Local Community Carbon Offsetting to contribute towards our own carbon removal credit portfolio."
2025 Disclosure Cycle,779465,CDP,14874,"City of Portland, OR",City,North America,United States of America,Public,Q6.1.2,"If you are using or plan to use carbon credits sold to or purchased from outside the jurisdiction or target boundary, provide details.",1,Row 1,We do not currently purchase or sell offset credit transactions,,,,,"Portland buys RECs to cover all government electricity consumption and we sell clean fuels program credits to raise revenue, but these mechanisms are not incorporated into emission inventories or adopted targets. "
2025 Disclosure Cycle,779465,CDP,15515,Reading Borough Council,City,UKWW,United Kingdom,Public,Q6.1.2,"If you are using or plan to use carbon credits sold to or purchased from outside the jurisdiction or target boundary, provide details.",1,Row 1,We do not currently purchase or sell offset credit transactions,,,,,
2025 Disclosure Cycle,779465,CDP,16581,"City of Seattle, WA",City,North America,United States of America,Public,Q6.1.2,"If you are using or plan to use carbon credits sold to or purchased from outside the jurisdiction or target boundary, provide details.",1,Row 1,Offset credit transactions purchased from outside of the boundary,Target 1,3320217,"Other: limate Action Reserve, Verified Carbon Standard/Verra",VY 2003 - 2022 in the US.,None
2025 Disclosure Cycle,779465,CDP,16581,"City of Seattle, WA",City,North America,United States of America,Public,Q6.1.2,"If you are using or plan to use carbon credits sold to or purchased from outside the jurisdiction or target boundary, provide details.",2,Row 2,Other: Offset credit transactions generated within the City and applied against our inventory.,Target 1,26182.0,Do not know,VY 2003 - 2009 in the US.,None.
2025 Disclosure Cycle,779465,CDP,18078,Swale Borough Council,City,UKWW,United Kingdom,Public,Q6.1.2,"If you are using or plan to use carbon credits sold to or purchased from outside the jurisdiction or target boundary, provide details.",2,Row 2,We do not currently purchase or sell offset credit transactions,,,,,
2025 Disclosure Cycle,779465,CDP,19233,Municipality of Torres Vedras,City,Europe,Portugal,Public,Q6.1.2,"If you are using or plan to use carbon credits sold to or purchased from outside the jurisdiction or target boundary, provide details.",1,Row 1,We do not currently purchase or sell offset credit transactions,,,,,N/A
2025 Disclosure Cycle,779465,CDP,20113,"City of Vancouver, BC",City,North America,Canada,Public,Q6.1.2,"If you are using or plan to use carbon credits sold to or purchased from outside the jurisdiction or target boundary, provide details.",1,Row 1,Other: Carbon sequestration projects,Target 1,143000,Not yet verified,"PERCENTAGES AND EMISSIONS SAVED ARE ESTIMATES ONLY. Staff anticipate that transitioning to 100 per cent renewable energy before 2050 will result in carbon pollution being reduced by approximately 75 per cent from 2007 levels in 2040, and more than 95 per cent in 2050. That potentially leaves as much as 5% of the city-wide emissions target that will have to be met using carbon removals of some sort. Our actual targets are still to be determined, so this 5% serves as an estimate only for the purposes of responding to this question. ",None
2025 Disclosure Cycle,779465,CDP,31009,Copenhagen Municipality,City,Europe,Denmark,Public,Q6.1.2,"If you are using or plan to use carbon credits sold to or purchased from outside the jurisdiction or target boundary, provide details.",1,Row 1,We do not currently purchase or sell offset credit transactions,,,,,n/a
2025 Disclosure Cycle,779465,CDP,31051,Coventry City Council,City,UKWW,United Kingdom,Public,Q6.1.2,"If you are using or plan to use carbon credits sold to or purchased from outside the jurisdiction or target boundary, provide details.",1,Row 1,We do not currently purchase or sell offset credit transactions,,,,,No confidence in the verification of ofsetting provided by external organisations any ofsetting e.g. tree planting is carried out on land within the City's boundaries or on land which the City Council owns.
2025 Disclosure Cycle,779465,CDP,31052,City of Cardiff,City,UKWW,United Kingdom,Public,Q6.1.2,"If you are using or plan to use carbon credits sold to or purchased from outside the jurisdiction or target boundary, provide details.",1,Row 1,We do not currently purchase or sell offset credit transactions,,,,,We do not use carbon credits 
2025 Disclosure Cycle,779465,CDP,31054,Belfast City Council,City,UKWW,United Kingdom,Public,Q6.1.2,"If you are using or plan to use carbon credits sold to or purchased from outside the jurisdiction or target boundary, provide details.",1,Row 1,We do not currently purchase or sell offset credit transactions,,,,,This is something that is currently being explored with a number of other councils across the region. It is a collaborative piece of work that will link in with the Belfast 1 million trees programme.\nFurther work has been completed that estimates costs to the city of carbon credits.
2025 Disclosure Cycle,779465,CDP,31055,Glasgow City Council,City,UKWW,United Kingdom,Public,Q6.1.2,"If you are using or plan to use carbon credits sold to or purchased from outside the jurisdiction or target boundary, provide details.",1,Row 1,We do not currently purchase or sell offset credit transactions,,,,,"Glasgow's Net Zero Route Map (published November 2024) highlights ways in which we can prioritise our activity to reach net zero in line with science-based targets. GCC are currently working with the Scottish Climate Intelligence Service (SCIS) to further enhance and refine Glasgow's Net Zero Route Map, looking at areas including adaptation and co-benefits.\n\nAdditional actions that will assist Glasgow in achieving its ambitions include opportunities for carbon sequestration as part of the Forest and Woodland Strategy (approved by the City Administration Committee in June 2024) which aims to boost the number of trees in the city regional area by 18 million over the next 10 years.\n\nFurther initiatives that support the Forest and Woodland Strategy are the 'Greening the City' programme and 'Trees for Streets'. Both of these initiatives will increase the number of trees situated within Glasgow city centre."
2025 Disclosure Cycle,779465,CDP,31090,"District of Columbia, DC",City,North America,United States of America,Public,Q6.1.2,"If you are using or plan to use carbon credits sold to or purchased from outside the jurisdiction or target boundary, provide details.",1,Row 1,We do not currently purchase or sell offset credit transactions,,,,,
2025 Disclosure Cycle,779465,CDP,31109,City of Melbourne,City,South East Asia & Oceania,Australia,Public,Q6.1.2,"If you are using or plan to use carbon credits sold to or purchased from outside the jurisdiction or target boundary, provide details.",1,Row 1,We do not currently purchase or sell offset credit transactions,,,,,City of Melbourne plans to partner with other local councils to use council-owned and private land to create draw-down projects to offset the last remaining carbon emissions not eliminated. Conversations are currently underway to scope the feasibility of this project and we hope to have more details available in future CDP reports.
2025 Disclosure Cycle,779465,CDP,31110,City of Rome,City,Europe,Italy,Public,Q6.1.2,"If you are using or plan to use carbon credits sold to or purchased from outside the jurisdiction or target boundary, provide details.",1,Row 1,We do not currently purchase or sell offset credit transactions,,,,,"At this time, Roma Capitale is not using or planning to use carbon credits sold or purchased outside the destination jurisdiction or border."
2025 Disclosure Cycle,779465,CDP,31111,Tokyo Metropolitan Government,City,Japan,Japan,Public,Q6.1.2,"If you are using or plan to use carbon credits sold to or purchased from outside the jurisdiction or target boundary, provide details.",1,Row 1,We do not currently purchase or sell offset credit transactions,,,,,
2025 Disclosure Cycle,779465,CDP,31112,Kaohsiung City Government,City,China,East Asia,Public,Q6.1.2,"If you are using or plan to use carbon credits sold to or purchased from outside the jurisdiction or target boundary, provide details.",1,Row 1,We do not currently purchase or sell offset credit transactions,,,,,"Kaohsiung City has established \'Kaohsiung City Net-Zero Urban Development and Self Government Ordinance\' and set certain review phase of \'Carbon Reduction Strategy White Paper\'(temporary translation), \'Voluntary Local Review\' and \'Carbon Budget.\' Currently in the Ordinance, no offset carbon budget was mentioned to use/sell."
2025 Disclosure Cycle,779465,CDP,31113,City of Yokohama,City,Japan,Japan,Public,Q6.1.2,"If you are using or plan to use carbon credits sold to or purchased from outside the jurisdiction or target boundary, provide details.",1,Row 1,We do not currently purchase or sell offset credit transactions,,,,,クレジットについては国等の上方や取組状況を鑑みて検討中。なお、市役所と組織委員会の協働で行うワールドトライアスロン・パラトライアスロンシリーズ横浜大会では、参加者から集めた環境協力金を基にしたカーボンオフセット等に取り組んでいます。大会の実施に不可欠な「きれいな海」を確保するため、環境協力金によるブルーカーボン事業に取り組むことで、わかめの栽培等による藻場、海中林の育成に寄与し、水質環境の保全と創造につなげています。
2025 Disclosure Cycle,779465,CDP,31114,City of Sydney,City,South East Asia & Oceania,Australia,Public,Q6.1.2,"If you are using or plan to use carbon credits sold to or purchased from outside the jurisdiction or target boundary, provide details.",1,Row 1,We do not currently purchase or sell offset credit transactions,,,,,Emissions projections have been undertaken through to 2035 - see our Environmental Strategy 2025-2030 https://www.cityofsydney.nsw.gov.au/strategies-action-plans/environmental-strategy - page 23 \n\nSpecific verified credit schemes for residual emissions will be identified closer to target year.
2025 Disclosure Cycle,779465,CDP,31115,City of Johannesburg,City,UKWW,South Africa,Public,Q6.1.2,"If you are using or plan to use carbon credits sold to or purchased from outside the jurisdiction or target boundary, provide details.",1,Row 1,We do not currently purchase or sell offset credit transactions,,,,,The city has yet to decide on exploring the use of carbon credits as a financial tool to finance climate action activities.
2025 Disclosure Cycle,779465,CDP,31117,"City of Toronto, ON",City,North America,Canada,Public,Q6.1.2,"If you are using or plan to use carbon credits sold to or purchased from outside the jurisdiction or target boundary, provide details.",1,Row 1,We do not currently purchase or sell offset credit transactions,,,,,"The City of Toronto's Offset Credit Policy governs the City's potential use of offset credits in its pursuit of net zero emissions from Corporate (i.e. City government) operations by 2040, specifying that only credits for carbon removal with sufficient storage can be used to balance out any residual emissions in 2040 and subsequent years. \n\nhttps://secure.toronto.ca/council/agenda-item.do?item=2023.IE3.4"
2025 Disclosure Cycle,779465,CDP,31149,Municipality of Athens,City,Europe,Greece,Public,Q6.1.2,"If you are using or plan to use carbon credits sold to or purchased from outside the jurisdiction or target boundary, provide details.",1,Row 1,We do not currently purchase or sell offset credit transactions,,,,,-
2025 Disclosure Cycle,779465,CDP,31150,Bangkok Metropolitan Administration,City,South East Asia & Oceania,Thailand,Public,Q6.1.2,"If you are using or plan to use carbon credits sold to or purchased from outside the jurisdiction or target boundary, provide details.",1,Row 1,We do not currently purchase or sell offset credit transactions,,,,,-
2025 Disclosure Cycle,779465,CDP,31153,City-State of Berlin,City,Europe,Germany,Public,Q6.1.2,"If you are using or plan to use carbon credits sold to or purchased from outside the jurisdiction or target boundary, provide details.",1,Row 1,We do not currently purchase or sell offset credit transactions,,,,,
2025 Disclosure Cycle,779465,CDP,31154,Bogotá Distrito Capital,City,Latin America,Colombia,Public,Q6.1.2,"If you are using or plan to use carbon credits sold to or purchased from outside the jurisdiction or target boundary, provide details.",1,Row 1,Offset credit transactions purchased from outside of the boundary,Target 5,4308626,Other: La ciudad aún no ha definido ni la fuente de las compensaciones ni el standard de verificación. Actualmente se encuentra a la espera de la reglamentación del mercado de cupos transables de emisiones de Colombia,"La ciudad espera poder usar créditos de carbono provenientes de la conservación o restauración de ecosistemas dentro del mismo país para cumplir sus metas particularmente en 2030 y 2050 y según la reglamentación de los presupuestos nacionales y sectoriales de carbono que, según la NDC, serán definidos por el Ministerio de Ambiente y Desarrollo Sostenible. Para hacerlo necesita esperar a que a nivel nacional se reglamente y se implemente el mercado de cupos transables de emisiones. Por el momento, la ciudad y el país han definido que los proyectos de mitigación que se ejecuten con recursos públicos tendrán restricciones para ofertar las reducciones logradas de manera que las mismas se contabilicen en el inventario propio. El valor estimado de los créditos de carbono a ser utilizados parte de la proyección actual del impacto que las acciones de mitigación y la implementación de la política pública de acción climática tendrá en la ciudad. Sin embargo, la política pública de acción climática en su proceso de revisión y actualización incorporará el mejor conocimiento posible para actualizar los escenarios de cumplimiento de manera que, conforme nuevas tecnologías o cambios (de consumo, normativos, políticos, etc) se hagan disponibles, la ciudad pueda aumentar la ambición y disminuir la necesidad de acudir al uso de compensaciones adquiridas fuera de las fronteras de la ciudad. ","La ciudad se encuentra en proceso de actualización de las trayectorias de mitigación de emisiones GEI de conformidad con los resultados del inventario actualizado, y en el marco del un proceso de cooperación con la corporación internacional financiera (IFC). Se espera que como parte de los productos de esta cooperación se cuente con un portafolio de inversiones en cambio climático que permita alcanzar las metas de mitigación trazadas, por lo que es posible que se redefinan los potenciales de mitigación de conformidad con nuevas acciones de mitigación identificadas, así como se establezca un valor específico de las toneladas métricas de CO2eq que deberán ser compensadas a través de bonos de carbono."
2025 Disclosure Cycle,779465,CDP,31155,City of Buenos Aires,City,Latin America,Argentina,Public,Q6.1.2,"If you are using or plan to use carbon credits sold to or purchased from outside the jurisdiction or target boundary, provide details.",1,Row 1,We do not currently purchase or sell offset credit transactions,,,,,"La Ciudad Autónoma de Buenos Aires planea compensar sus emisiones residuales con la compra de créditos de carbono. Hasta el momento, se encuentra analizando cómo poder acceder a los mismos, y se está trabajando junto al Gobierno Nacional con el fin de generar un mercado que pueda regularlos."
2025 Disclosure Cycle,779465,CDP,31156,Municipality of Curitiba,City,Latin America,Brazil,Public,Q6.1.2,"If you are using or plan to use carbon credits sold to or purchased from outside the jurisdiction or target boundary, provide details.",1,Row 1,Other: Processo de avaliação para o uso de créditos de carbono,Target 1,0,Not yet verified,"A partir do ano de 2025, após a análise da consultoria externa a respeito dos créditos de carbono. A compensação ocorrerá por toda jurisdição.","Já estamos em processo de contratação de consultoria externa para avaliação de créditos de carbono, e o uso em nossa jurisdição."
2025 Disclosure Cycle,779465,CDP,31163,Istanbul Metropolitan Municipality,City,UKWW,Türkiye,Public,Q6.1.2,"If you are using or plan to use carbon credits sold to or purchased from outside the jurisdiction or target boundary, provide details.",1,Row 1,Offset credit transactions generated within the boundary and sold,Target 1,1.5,Gold Standard,Crediting Period: Annually,"Our affiliate company İSTAÇ is creating energy from waste and it gains a credit. It is selling these credits.\n\nAccording to İSTAÇ Sustainability Report 2024, in the heading of \'Carbon Emission Reduction\':\n\nOur waste-to-energy production facilities, located at various locations in Istanbul, reduce greenhouse gas emissions by an average of 4.5 million tons annually. We are working to have this reduction documented by international certification bodies. This ensures global recognition of the reliability and environmental impact of our emission reduction projects. By 2024, 1.5 million tons of carbon credits were activated in our account.\n\nLink: https://www.istac.istanbul/assets/belgeler_ve_raporlar/2024-faaliyet-raporu-web.pdf\n\nPage: 78"
2025 Disclosure Cycle,779465,CDP,31164,Ho Chi Minh City,City,South East Asia & Oceania,Viet Nam,Public,Q6.1.2,"If you are using or plan to use carbon credits sold to or purchased from outside the jurisdiction or target boundary, provide details.",1,Row 1,We do not currently purchase or sell offset credit transactions,,,,,
2025 Disclosure Cycle,779465,CDP,31165,City of Heidelberg,City,Europe,Germany,Public,Q6.1.2,"If you are using or plan to use carbon credits sold to or purchased from outside the jurisdiction or target boundary, provide details.",1,Row 1,We do not currently purchase or sell offset credit transactions,,,,,no comment
2025 Disclosure Cycle,779465,CDP,31166,Jakarta City Government,City,South East Asia & Oceania,Indonesia,Public,Q6.1.2,"If you are using or plan to use carbon credits sold to or purchased from outside the jurisdiction or target boundary, provide details.",1,Row 1,We do not currently purchase or sell offset credit transactions,,,,,"Saat ini Provinsi DKI Jakarta sedang mempersiapkan Regulasi, Kebijakan, Tata Kelola, dan Tim Kerja dalam Penyelenggaraan Nilai Ekonomi Karbon."
2025 Disclosure Cycle,779465,CDP,31167,City of Lagos,City,UKWW,Nigeria,Public,Q6.1.2,"If you are using or plan to use carbon credits sold to or purchased from outside the jurisdiction or target boundary, provide details.",1,Row 1,We do not currently purchase or sell offset credit transactions,,,,,Plans are underway by the State Government to commence carbon trading
2025 Disclosure Cycle,779465,CDP,31168,City District Government Karachi,City,UKWW,Pakistan,Public,Q6.1.2,"If you are using or plan to use carbon credits sold to or purchased from outside the jurisdiction or target boundary, provide details.",1,Row 1,We do not currently purchase or sell offset credit transactions,,,,,
2025 Disclosure Cycle,779465,CDP,31169,Government of Hong Kong Special Administrative Region,City,China,"China, Hong Kong Special Administrative Region",Public,Q6.1.2,"If you are using or plan to use carbon credits sold to or purchased from outside the jurisdiction or target boundary, provide details.",1,Row 1,Other: nil,Target 1,,Other: nil,,
2025 Disclosure Cycle,779465,CDP,31170,Metropolitan Municipality of Lima,City,Latin America,Peru,Public,Q6.1.2,"If you are using or plan to use carbon credits sold to or purchased from outside the jurisdiction or target boundary, provide details.",1,Row 1,We do not currently purchase or sell offset credit transactions,,,,,
2025 Disclosure Cycle,779465,CDP,31171,City of Madrid,City,Europe,Spain,Public,Q6.1.2,"If you are using or plan to use carbon credits sold to or purchased from outside the jurisdiction or target boundary, provide details.",1,Row 1,We do not currently purchase or sell offset credit transactions,,,,,We do not currently purchase or sell offset credit transactions. It is not even under consideration.
2025 Disclosure Cycle,779465,CDP,31172,Mexico City,City,Latin America,Mexico,Public,Q6.1.2,"If you are using or plan to use carbon credits sold to or purchased from outside the jurisdiction or target boundary, provide details.",1,Row 1,We do not currently purchase or sell offset credit transactions,,,,,Actualmente la Ciudad de México no vende ni compra créditos de carbón.
2025 Disclosure Cycle,779465,CDP,31173,City of Milan,City,Europe,Italy,Public,Q6.1.2,"If you are using or plan to use carbon credits sold to or purchased from outside the jurisdiction or target boundary, provide details.",1,Row 1,We do not currently purchase or sell offset credit transactions,,,,,According to current scenarios there will be in 2050 residual emissions to be offset . We will be permanently upsatinng the 2050 scenario and we expect that residual emission will be lower than current forecast. We still don't know if we will use carbon credits to offset any residual emissions
2025 Disclosure Cycle,779465,CDP,31175,City of Paris,City,Europe,France,Public,Q6.1.2,"If you are using or plan to use carbon credits sold to or purchased from outside the jurisdiction or target boundary, provide details.",1,Row 1,Other: Carbon cooperative mechanisms,Target 1,1480000,Carbon Registry,Promote in 2050 an 80% reduction in the carbon footprint of Paris compared to 2004 levels and involve all local stakeholders in offsetting for residual emissions in order to achieve the zero net carbon target for the Paris area. The transferable emissions will represent 20% of the 2004 emissions,Carbon cooperative is now established and operative since april 2023.
2025 Disclosure Cycle,779465,CDP,31176,Prefeitura do Rio de Janeiro,City,Latin America,Brazil,Public,Q6.1.2,"If you are using or plan to use carbon credits sold to or purchased from outside the jurisdiction or target boundary, provide details.",1,Row 1,We do not currently purchase or sell offset credit transactions,,,,,"Para alcançar a meta de neutralidade das emissões em 2050, a cidade terá que adquirir créditos comprados fora, porém isso ainda não acontece."
2025 Disclosure Cycle,779465,CDP,31177,"Salt Lake City, UT",City,North America,United States of America,Public,Q6.1.2,"If you are using or plan to use carbon credits sold to or purchased from outside the jurisdiction or target boundary, provide details.",1,Row 1,We do not currently purchase or sell offset credit transactions,,,,,
2025 Disclosure Cycle,779465,CDP,31178,City of Mumbai,City,India,India,Public,Q6.1.2,"If you are using or plan to use carbon credits sold to or purchased from outside the jurisdiction or target boundary, provide details.",1,Row 1,We do not currently purchase or sell offset credit transactions,,,,,"Right now, BMC does not have any plan to use carbon credits."
2025 Disclosure Cycle,779465,CDP,31179,Municipality of Rotterdam,City,Europe,Netherlands,Public,Q6.1.2,"If you are using or plan to use carbon credits sold to or purchased from outside the jurisdiction or target boundary, provide details.",1,Row 1,We do not currently purchase or sell offset credit transactions,,,,,no use of carbon credits
2025 Disclosure Cycle,779465,CDP,31181,"City of Philadelphia, PA",City,North America,United States of America,Public,Q6.1.2,"If you are using or plan to use carbon credits sold to or purchased from outside the jurisdiction or target boundary, provide details.",1,Row 1,We do not currently purchase or sell offset credit transactions,,,,,"RECs are purchased to meet PA AEPS requirements and represent around 15% of municipal electricity. In addition, the City's solar Power Purchase Agreement, which went online in late March of 2024, will result in approximately 34% of the City's municipal electricity coming from renewable sources.\nRegarding the City's REC purchases, the City of Philadelphia purchases RECs that comply with the PA AEPS requirement, including Tier I, Tier II, and SRECs. Tier I resources include solar thermal electric, wind, low-impact hydropower, geothermal electric energy, biologically derived methane gas, fuel cells, biomass, electricity produced in-state from the by-products of pulping and wood manufacturing industries, and coal mine methane. Tier II resources include electricity produced out-of-state from the by-products of pulping and wood manufacturing industries, waste coal, distributed generation systems, demand-side management, large-scale hydropower, pumped storage hydropower, municipal solid waste, and integrated combined coal gasification technology. For SRECs, the Solar PV resources must be physically connected to the Pennsylvania EDC transmission system to qualify for AEPS requirements. The City makes REC purchases annually to align with the AEPS reporting years to meet these requirements."
2025 Disclosure Cycle,779465,CDP,31182,"City of San Francisco, CA",City,North America,United States of America,Public,Q6.1.2,"If you are using or plan to use carbon credits sold to or purchased from outside the jurisdiction or target boundary, provide details.",1,Row 1,We do not currently purchase or sell offset credit transactions,,,,,We do not plan to use carbon credits to reach our net zero emissions goals.
2025 Disclosure Cycle,779465,CDP,31184,Prefeitura de São Paulo,City,Latin America,Brazil,Public,Q6.1.2,"If you are using or plan to use carbon credits sold to or purchased from outside the jurisdiction or target boundary, provide details.",1,Row 1,We do not currently purchase or sell offset credit transactions,,,,,"Atualmente, a Prefeitura do Município de São Paulo não utiliza créditos de carbono vendidos ou comprados fora da jurisdição. O Município de São Paulo faz uso de estratégias de estratégias de mitigação para reduzir as emissões de gases do efeito estufa na atmosfera. Algumas das ações são a descarbonização do transporte, a partir de fontes de energia limpa, e adoção de medidas gerais de eficiência energética."
2025 Disclosure Cycle,779465,CDP,31185,City of Warsaw,City,Europe,Poland,Public,Q6.1.2,"If you are using or plan to use carbon credits sold to or purchased from outside the jurisdiction or target boundary, provide details.",1,Row 1,We do not currently purchase or sell offset credit transactions,,,,,no data
2025 Disclosure Cycle,779465,CDP,31186,Changwon City,City,South East Asia & Oceania,Korea (The Republic of),Public,Q6.1.2,"If you are using or plan to use carbon credits sold to or purchased from outside the jurisdiction or target boundary, provide details.",1,Row 1,"Other: 지방자치단체(창원시 포함) 는 배출권거래제의 의무대상 기관이 아니며, 배출권 직접 매입·판매 주체가 아님",Target 1,0,Not yet verified,"창원시는 관할권/목표 경계 외부에서 구매·판매하는 탄소 크레딧을 사용하지 않고 있으며, 계획도 없음.\n\n감축 목표는 자체 사업(효율화·신재생·녹지·교통전환·순환경제 등) 으로 달성할 계획임.","대한민국은 「온실가스 배출권거래제(K-ETS)」를 2015년부터 시행 중입니다.\n\n그러나 지방자치단체(창원시 포함) 는 배출권거래제의 의무대상 기관이 아니며, 배출권 직접 매입·판매 주체가 아님이 확인됩니다.\n\nK-ETS 참여 주체는 일정 규모 이상 온실가스 배출사업장(대기업, 발전사, 산업체)이며, 지자체는 행정적 관리·지원 역할을 수행합니다."
2025 Disclosure Cycle,779465,CDP,31187,Seoul Metropolitan Government,City,South East Asia & Oceania,Korea (The Republic of),Public,Q6.1.2,"If you are using or plan to use carbon credits sold to or purchased from outside the jurisdiction or target boundary, provide details.",1,Row 1,"Other: The Republic of Korea introduced the Korea Emissions Trading Scheme (K-ETS) in 2015, and Seoul is also subject to this system. The city receives allocated emission allowances for its regulated facilities (such as environmental infrastructure) and par",Target 1,0,Other: Seoul only trades allocated allowances and therefore does not engage in offset credit trading.,Not applicable,"The Republic of Korea introduced the Korea Emissions Trading Scheme (K-ETS) in 2015, and Seoul is also subject to this system.\nThe city receives allocated emission allowances for its regulated facilities (such as environmental infrastructure) and participates in the K-ETS by trading allowances (selling or purchasing) as part of its compliance efforts.\nSeoul currently trades allocated allowances, but does not trade offset credits."
2025 Disclosure Cycle,779465,CDP,31446,Taipei City Government,City,China,East Asia,Public,Q6.1.2,"If you are using or plan to use carbon credits sold to or purchased from outside the jurisdiction or target boundary, provide details.",1,Row 1,We do not currently purchase or sell offset credit transactions,,,,,None.
2025 Disclosure Cycle,779465,CDP,32480,City of Adelaide,City,South East Asia & Oceania,Australia,Public,Q6.1.2,"If you are using or plan to use carbon credits sold to or purchased from outside the jurisdiction or target boundary, provide details.",1,Row 1,We do not currently purchase or sell offset credit transactions,,,,,"The City of Adelaide ceased purchasing carbon offsets after FY2023/24, to focus on investment in absolute emission reductions."
2025 Disclosure Cycle,779465,CDP,32550,"City of Denver, CO",City,North America,United States of America,Public,Q6.1.2,"If you are using or plan to use carbon credits sold to or purchased from outside the jurisdiction or target boundary, provide details.",1,Row 1,We do not currently purchase or sell offset credit transactions,,,,,
2025 Disclosure Cycle,779465,CDP,35268,"City of Boston, MA",City,North America,United States of America,Public,Q6.1.2,"If you are using or plan to use carbon credits sold to or purchased from outside the jurisdiction or target boundary, provide details.",1,Row 1,We do not currently purchase or sell offset credit transactions,,,,,No comments
2025 Disclosure Cycle,779465,CDP,35274,"City of Portland, ME",City,North America,United States of America,Public,Q6.1.2,"If you are using or plan to use carbon credits sold to or purchased from outside the jurisdiction or target boundary, provide details.",1,Row 1,We do not currently purchase or sell offset credit transactions,,,,,We do not plan to sell carbon credits to achieve our emission reduction goals. 
2025 Disclosure Cycle,779465,CDP,35449,City of Zürich,City,Europe,Switzerland,Public,Q6.1.2,"If you are using or plan to use carbon credits sold to or purchased from outside the jurisdiction or target boundary, provide details.",1,Row 1,We do not currently purchase or sell offset credit transactions,,,,,-
2025 Disclosure Cycle,779465,CDP,35475,"City of Calgary, AB",City,North America,Canada,Public,Q6.1.2,"If you are using or plan to use carbon credits sold to or purchased from outside the jurisdiction or target boundary, provide details.",1,Row 1,Offset credit transactions purchased from outside of the boundary,Target 1,184362,Other: ECOLOGO Certified (UL 2854) RECs,"To meet the requirements of the ECOLOGO standard, a REC and a bundled renewable low-impact electricity product must be generated in the same calendar year, the first three months of the following calendar year and the last six moths of the previous calendar year in which the REC or bundled renewable low-impact electricity product is sold. ECOLOGO certification for renewable energy (UL 2854) does not explicitly state a defined age limit for the renewable energy facility generating RECs. The primary focus of the ECOLOGO program is on the environmental performance and ongoing compliance of the facility, rather than the age of the generating asset itself. Facilities must undergo annual REC audits and periodic surveillance audits (every three or four years, depending on ISO certification status) to maintain their ECOLOGO certification\n\n","438,958 ECOLOGO Certified Renewable Energy Certificates, equivalent to 184,362t based on the most recent National Inventory Report grid emissions factor. Note: The City only claimed emissions reductions of 183,493t - The City retains excess RECs each year in the event of any delayed meter readings which would lead to increases in overall electricity consumption "
2025 Disclosure Cycle,779465,CDP,35848,Municipality of Belo Horizonte,City,Latin America,Brazil,Public,Q6.1.2,"If you are using or plan to use carbon credits sold to or purchased from outside the jurisdiction or target boundary, provide details.",1,Row 1,We do not currently purchase or sell offset credit transactions,,,,,"O município de Belo Horizonte não planeja utilizar créditos de carbono vendidos ou adquiridos fora da jurisdição ou dos limites da meta. Essa decisão reforça o compromisso da cidade em garantir que todas as reduções de emissões sejam efetivas, mensuráveis e realizadas dentro do território municipal."
2025 Disclosure Cycle,779465,CDP,35852,Ankara Metropolitan Municipality,City,UKWW,Türkiye,Public,Q6.1.2,"If you are using or plan to use carbon credits sold to or purchased from outside the jurisdiction or target boundary, provide details.",1,Row 1,Offset credit transactions purchased from outside of the boundary,Target 1,20,Gold Standard,"The crediting period for Target 1 is set for 2025-2030, covering Ankara's first critical milestone towards emissions reduction. Carbon credits will be purchased from projects in Kenya and India, two regions with strong governance frameworks for climate projects and robust monitoring mechanisms. Projects are certified under the Gold Standard to ensure transparency, permanence, and additionality. Selected activities include solar and wind farms that replace fossil-based electricity, alongside smallholder agroforestry and community-led reforestation initiatives. These projects generate measurable GHG reductions while also enhancing local livelihoods and resilience.","The use of carbon credits under Target 1 is designed to address residual emissions that cannot be fully abated domestically within the 2030 timeframe. Priority will remain on internal measures such as building retrofits, sustainable mobility, renewable expansion, and waste reduction. Credits are applied only to close the gap between achieved reductions and the mid-term 63% reduction goal. All projects undergo rigorous due diligence to ensure co-benefits such as biodiversity protection, poverty reduction, and gender inclusivity. Ankara emphasizes that these credits are complementary, not a substitute for domestic decarbonization."
2025 Disclosure Cycle,779465,CDP,35852,Ankara Metropolitan Municipality,City,UKWW,Türkiye,Public,Q6.1.2,"If you are using or plan to use carbon credits sold to or purchased from outside the jurisdiction or target boundary, provide details.",2,Row 2,Offset credit transactions purchased from outside of the boundary,Target 2,50,Verified Carbon Standard,"For the net zero target, the crediting period extends from 2030 to 2050, ensuring consistent access to high-integrity offsets over two decades. Carbon credits will be sourced mainly from Brazil and Indonesia, certified under the Verified Carbon Standard (Verra). These projects focus on protecting tropical forests, restoring mangroves, and advancing sustainable agriculture to secure large-scale carbon sequestration and biodiversity gains. These geographies were prioritized due to their global ecological significance and potential to deliver high impact in both mitigation and adaptation.","Target 2 offsets are reserved exclusively for residual emissions in hard-to-abate sectors such as heavy industry, aviation, and freight transport, where technological decarbonization is not yet feasible. The planned credits ensure permanence and additionality while aligning with global best practices on offsets. Projects will be re-evaluated periodically to maintain compliance with evolving verification standards. Ankara will continue to prioritize domestic mitigation, with credits covering only the last portion of unavoidable emissions. Co-benefits include poverty alleviation, ecosystem conservation, and climate resilience for vulnerable communities. Through this approach, Ankara safeguards both environmental integrity and social justice in its journey to net zero."
2025 Disclosure Cycle,779465,CDP,35853,"City of Baltimore, MD",City,North America,United States of America,Public,Q6.1.2,"If you are using or plan to use carbon credits sold to or purchased from outside the jurisdiction or target boundary, provide details.",1,Row 1,We do not currently purchase or sell offset credit transactions,,,,,We do not currently sell carbon credits but we are interested in exploring opportunities to do so. 
2025 Disclosure Cycle,779465,CDP,35856,Busan Metropolitan City,City,South East Asia & Oceania,Korea (The Republic of),Public,Q6.1.2,"If you are using or plan to use carbon credits sold to or purchased from outside the jurisdiction or target boundary, provide details.",1,Row 1,We do not currently purchase or sell offset credit transactions,,,,,
2025 Disclosure Cycle,779465,CDP,35857,"City of Cincinnati, OH",City,North America,United States of America,Public,Q6.1.2,"If you are using or plan to use carbon credits sold to or purchased from outside the jurisdiction or target boundary, provide details.",1,Row 1,Offset credit transactions purchased from outside of the boundary,Target 2,420159,Other: Green-e,The RECs are purchased from solar and wind installations in Texas as well as solar from Ohio. The amount of emissions purchased is reflective of the amount purchased in 2024 and are 2024 RECs.,The carbon offsets purchased are not reflected in our carbon inventory since they are produced outside our boundary and not reflected in our local/regional grid mix.
2025 Disclosure Cycle,779465,CDP,35858,City of Cape Town,City,UKWW,South Africa,Public,Q6.1.2,"If you are using or plan to use carbon credits sold to or purchased from outside the jurisdiction or target boundary, provide details.",1,Row 1,We do not currently purchase or sell offset credit transactions,,,,,"236 680 tonnes CO2e of emissions reductions from flaring methane at Coastal Park landfill site from 2019 to 2022, which have been previously accounted for in emissions reduction reported in the respective reporting cycles, were sold as carbon credits in July 2024 to a purchaser outside the City of Cape Town jurisdiction. This is not yet included in this year's GHG inventory reporting, which is based on a 2023 data year. "
2025 Disclosure Cycle,779465,CDP,35859,"City of Cleveland, OH",City,North America,United States of America,Public,Q6.1.2,"If you are using or plan to use carbon credits sold to or purchased from outside the jurisdiction or target boundary, provide details.",2,Row 2,Offset credit transactions purchased from outside of the boundary,Target 2,389568,Other: Green-e® certified Renewable Energy Certificates,"Cleveland does not purchase or sell carbon offsets outside the jurisdiction boundary. However, the Cleveland Community Choice Aggregation (CCA) program secures Green-e® certified Renewable Energy Certificates (RECs) to ensure that participating households and small businesses are supplied with 100% renewable wind energy. In 2024, 389,568 RECs were retired on behalf of Cleveland residents, sourced from wind projects in Texas (50%), Iowa (10%), Kansas (25%), and Minnesota (15%). While these RECs are not treated as carbon offsets, they are integral to demonstrating renewable energy procurement that supports progress toward the City's community-wide emissions reduction targets. ",
2025 Disclosure Cycle,779465,CDP,35860,"City of Dallas, TX",City,North America,United States of America,Public,Q6.1.2,"If you are using or plan to use carbon credits sold to or purchased from outside the jurisdiction or target boundary, provide details.",1,Row 1,We do not currently purchase or sell offset credit transactions,,,,,
2025 Disclosure Cycle,779465,CDP,35862,"City of Detroit, MI",City,North America,United States of America,Public,Q6.1.2,"If you are using or plan to use carbon credits sold to or purchased from outside the jurisdiction or target boundary, provide details.",1,Row 1,We do not currently purchase or sell offset credit transactions,,,,,N/A
2025 Disclosure Cycle,779465,CDP,35863,eThekwini Municipality,City,UKWW,South Africa,Public,Q6.1.2,"If you are using or plan to use carbon credits sold to or purchased from outside the jurisdiction or target boundary, provide details.",1,Row 1,We do not currently purchase or sell offset credit transactions,,,,,Currently we do not purchase
2025 Disclosure Cycle,779465,CDP,35864,Ekurhuleni Metropolitan Municipality,City,UKWW,South Africa,Public,Q6.1.2,"If you are using or plan to use carbon credits sold to or purchased from outside the jurisdiction or target boundary, provide details.",1,Row 1,We do not currently purchase or sell offset credit transactions,,,,,
2025 Disclosure Cycle,779465,CDP,35865,Municipality of Fortaleza,City,Latin America,Brazil,Public,Q6.1.2,"If you are using or plan to use carbon credits sold to or purchased from outside the jurisdiction or target boundary, provide details.",1,Row 1,We do not currently purchase or sell offset credit transactions,,,,,N/A
2025 Disclosure Cycle,779465,CDP,35867,Region Metropolitana de Guadalajara,City,Latin America,Mexico,Public,Q6.1.2,"If you are using or plan to use carbon credits sold to or purchased from outside the jurisdiction or target boundary, provide details.",1,Row 1,We do not currently purchase or sell offset credit transactions,,,,,No aplica.\n
2025 Disclosure Cycle,779465,CDP,35870,"City of Miami, FL",City,North America,United States of America,Public,Q6.1.2,"If you are using or plan to use carbon credits sold to or purchased from outside the jurisdiction or target boundary, provide details.",1,Row 1,We do not currently purchase or sell offset credit transactions,,,,,Not Applicable
2025 Disclosure Cycle,779465,CDP,35872,Municipality of Recife,City,Latin America,Brazil,Public,Q6.1.2,"If you are using or plan to use carbon credits sold to or purchased from outside the jurisdiction or target boundary, provide details.",1,Row 1,We do not currently purchase or sell offset credit transactions,,,,,
2025 Disclosure Cycle,779465,CDP,35873,Medellín,City,Latin America,Colombia,Public,Q6.1.2,"If you are using or plan to use carbon credits sold to or purchased from outside the jurisdiction or target boundary, provide details.",1,Row 1,We do not currently purchase or sell offset credit transactions,,,,,"La ciudad no ha definido estrategia de adquisición de créditos de carbono para cubrir sus emisiones. La ciudad es propietaria de créditos propios, usados en compensación de su huella de carbono corporativa. "
2025 Disclosure Cycle,779465,CDP,35874,"City of Phoenix, AZ",City,North America,United States of America,Public,Q6.1.2,"If you are using or plan to use carbon credits sold to or purchased from outside the jurisdiction or target boundary, provide details.",1,Row 1,We do not currently purchase or sell offset credit transactions,,,,,We do not currently purchase or sell carbon credits. 
2025 Disclosure Cycle,779465,CDP,35877,"City of Pittsburgh, PA",City,North America,United States of America,Public,Q6.1.2,"If you are using or plan to use carbon credits sold to or purchased from outside the jurisdiction or target boundary, provide details.",1,Row 1,We do not currently purchase or sell offset credit transactions,,,,,N/A
2025 Disclosure Cycle,779465,CDP,35878,"City of Sacramento, CA",City,North America,United States of America,Public,Q6.1.2,"If you are using or plan to use carbon credits sold to or purchased from outside the jurisdiction or target boundary, provide details.",1,Row 1,We do not currently purchase or sell offset credit transactions,,,,,
2025 Disclosure Cycle,779465,CDP,35880,Municipality of Porto Alegre,City,Latin America,Brazil,Public,Q6.1.2,"If you are using or plan to use carbon credits sold to or purchased from outside the jurisdiction or target boundary, provide details.",1,Row 1,We do not currently purchase or sell offset credit transactions,,,,,-
2025 Disclosure Cycle,779465,CDP,35882,"City of Tampa, FL",City,North America,United States of America,Public,Q6.1.2,"If you are using or plan to use carbon credits sold to or purchased from outside the jurisdiction or target boundary, provide details.",1,Row 1,Other: RECs are currently generated at out Wate-to-Energy plant but have not been registered or sold,Target 1,,,, We're currently reviewing any limitations or restrictions we have to register the city in the MRETS system to be able to start selling the RECs. We received guidance from the Procurement and Purchasing departments on how to move forward concerning the sale of renewable energy credits. The document will be prepared to have it put out for bidding. We expect to have everything set up by 2024.
2025 Disclosure Cycle,779465,CDP,35883,"City of San José, CA",City,North America,United States of America,Public,Q6.1.2,"If you are using or plan to use carbon credits sold to or purchased from outside the jurisdiction or target boundary, provide details.",1,Row 1,We do not currently purchase or sell offset credit transactions,,,,,N/A
2025 Disclosure Cycle,779465,CDP,35884,"City of San Diego, CA",City,North America,United States of America,Public,Q6.1.2,"If you are using or plan to use carbon credits sold to or purchased from outside the jurisdiction or target boundary, provide details.",1,Row 1,We do not currently purchase or sell offset credit transactions,,,,,-
2025 Disclosure Cycle,779465,CDP,35885,Tel Aviv-Yafo Municipality,City,UKWW,Israel,Public,Q6.1.2,"If you are using or plan to use carbon credits sold to or purchased from outside the jurisdiction or target boundary, provide details.",1,Row 1,We do not currently purchase or sell offset credit transactions,,,,,"\n\nThe mitigation plan states that if the municipality cannot achieve total net zero by 2050 after implementing all possible technologies, the desired policy changes, and the necessary behavioral changes, it may consider offsets not exceeding 20% following international protocols for purchasing offset certificates. In any case, this action, if taken, will be evaluated close to the target year."
2025 Disclosure Cycle,779465,CDP,35886,City of Turin,City,Europe,Italy,Public,Q6.1.2,"If you are using or plan to use carbon credits sold to or purchased from outside the jurisdiction or target boundary, provide details.",1,Row 1,We do not currently purchase or sell offset credit transactions,,,,,The City of Turin does not use carbon credits but takes into account only mitigation and offsetting interventions in its GHG emission reduction goal.
2025 Disclosure Cycle,779465,CDP,35894,"Ville de Montreal, QC",City,North America,Canada,Public,Q6.1.2,"If you are using or plan to use carbon credits sold to or purchased from outside the jurisdiction or target boundary, provide details.",1,Row 1,We do not currently purchase or sell offset credit transactions,,,,,-
2025 Disclosure Cycle,779465,CDP,35897,Municipality of Campinas,City,Latin America,Brazil,Public,Q6.1.2,"If you are using or plan to use carbon credits sold to or purchased from outside the jurisdiction or target boundary, provide details.",1,Row 1,We do not currently purchase or sell offset credit transactions,,,,,"No eixo de Educação, resiliência e integração climática foi definida uma ação com objetivo de elaborar um Programa de Compensação de Emissões de GEE no município, o qual aprofundará essa questão de créditos de carbono. Ademais, o Município está discutindo a regulamentação de um novo Programa de Pagamento por Serviços Ambientais vinculado ao estoque/sequestro de carbono por florestas. "
2025 Disclosure Cycle,779465,CDP,35898,Greater Manchester Combined Authority,City,UKWW,United Kingdom,Public,Q6.1.2,"If you are using or plan to use carbon credits sold to or purchased from outside the jurisdiction or target boundary, provide details.",1,Row 1,We do not currently purchase or sell offset credit transactions,,,,,We are still exploring our approach
2025 Disclosure Cycle,779465,CDP,35993,Singapore Government,City,South East Asia & Oceania,Singapore,Public,Q6.1.2,"If you are using or plan to use carbon credits sold to or purchased from outside the jurisdiction or target boundary, provide details.",1,Row 1,Offset credit transactions purchased from outside of the boundary,Target 1,2174989,"Other: Contracted projects must use methodologies bilaterally agreed to by Singapore and the respective host country, and secure authorisation under the relevant government-to-government Implementation Agreement.","Singapore will contract 2.175 million tonnes worth of high-quality nature-based credits from four projects in Ghana, Peru, and Paraguay, for use across 2026 to 2030.",More details here:\nhttps://www.nccs.gov.sg/singapore-will-contract-high-quality-nature-based-carbon-credits-from-four-projects/
2025 Disclosure Cycle,779465,CDP,36037,Santiago de Cali,City,Latin America,Colombia,Public,Q6.1.2,"If you are using or plan to use carbon credits sold to or purchased from outside the jurisdiction or target boundary, provide details.",1,Row 1,We do not currently purchase or sell offset credit transactions,,,,,N/A
2025 Disclosure Cycle,779465,CDP,36039,Accra Metropolitan Assembly,City,UKWW,Ghana,Public,Q6.1.2,"If you are using or plan to use carbon credits sold to or purchased from outside the jurisdiction or target boundary, provide details.",1,Row 1,We do not currently purchase or sell offset credit transactions,,,,,The city is yet to implement interventions hat would lead to trading of carbon credits.
2025 Disclosure Cycle,779465,CDP,36045,Santiago de Guayaquil,City,Latin America,Ecuador,Public,Q6.1.2,"If you are using or plan to use carbon credits sold to or purchased from outside the jurisdiction or target boundary, provide details.",1,Row 1,We do not currently purchase or sell offset credit transactions,,,,,N/A
2025 Disclosure Cycle,779465,CDP,36152,City of Tallinn,City,Europe,Estonia,Public,Q6.1.2,"If you are using or plan to use carbon credits sold to or purchased from outside the jurisdiction or target boundary, provide details.",1,Row 1,We do not currently purchase or sell offset credit transactions,,,,,
2025 Disclosure Cycle,779465,CDP,36159,City of Lisbon,City,Europe,Portugal,Public,Q6.1.2,"If you are using or plan to use carbon credits sold to or purchased from outside the jurisdiction or target boundary, provide details.",1,Row 1,We do not currently purchase or sell offset credit transactions,,,,,Residual emissions strategy is not yet established 
2025 Disclosure Cycle,779465,CDP,36218,Fukuoka City,City,Japan,Japan,Public,Q6.1.2,"If you are using or plan to use carbon credits sold to or purchased from outside the jurisdiction or target boundary, provide details.",1,Row 1,We do not currently purchase or sell offset credit transactions,,,,,
2025 Disclosure Cycle,779465,CDP,36219,City of Sapporo,City,Japan,Japan,Public,Q6.1.2,"If you are using or plan to use carbon credits sold to or purchased from outside the jurisdiction or target boundary, provide details.",1,Row 1,Offset credit transactions generated within the boundary and sold,Target 1,336,Other: J-クレジット,日本国内/札幌市内。2018年から継続して取り組んでいます。,札幌市民が生み出した環境価値をJ-クレジットにてクレジット化して販売し、脱炭素施策の財源に充当している。\n\n（販売内訳）\n再エネ59t/co2\n省エネ277t/co2
2025 Disclosure Cycle,779465,CDP,36247,City of Arezzo,City,Europe,Italy,Public,Q6.1.2,"If you are using or plan to use carbon credits sold to or purchased from outside the jurisdiction or target boundary, provide details.",1,Row 1,We do not currently purchase or sell offset credit transactions,,,,,x
2025 Disclosure Cycle,779465,CDP,36262,City of Genoa,City,Europe,Italy,Public,Q6.1.2,"If you are using or plan to use carbon credits sold to or purchased from outside the jurisdiction or target boundary, provide details.",1,Row 1,We do not currently purchase or sell offset credit transactions,,,,,
2025 Disclosure Cycle,779465,CDP,36285,City of Florence,City,Europe,Italy,Public,Q6.1.2,"If you are using or plan to use carbon credits sold to or purchased from outside the jurisdiction or target boundary, provide details.",1,Row 1,We do not currently purchase or sell offset credit transactions,,,,,
2025 Disclosure Cycle,779465,CDP,36410,"City of Memphis, TN",City,North America,United States of America,Public,Q6.1.2,"If you are using or plan to use carbon credits sold to or purchased from outside the jurisdiction or target boundary, provide details.",1,Row 1,We do not currently purchase or sell offset credit transactions,,,,,"Renewable energy credits are available through Memphis Light, Gas and Water (MLGW)'s membership in the Tennessee Valley Authority. MLGW purchases some renewable energy credits to offset its operations, though the City of Memphis itself does not."
2025 Disclosure Cycle,779465,CDP,36496,City of Palermo,City,Europe,Italy,Public,Q6.1.2,"If you are using or plan to use carbon credits sold to or purchased from outside the jurisdiction or target boundary, provide details.",1,Row 1,We do not currently purchase or sell offset credit transactions,,,,,
2025 Disclosure Cycle,779465,CDP,36501,City of Prato,City,Europe,Italy,Public,Q6.1.2,"If you are using or plan to use carbon credits sold to or purchased from outside the jurisdiction or target boundary, provide details.",1,Row 1,We do not currently purchase or sell offset credit transactions,,,,,Do not know
2025 Disclosure Cycle,779465,CDP,36517,City of Treviso,City,Europe,Italy,Public,Q6.1.2,"If you are using or plan to use carbon credits sold to or purchased from outside the jurisdiction or target boundary, provide details.",1,Row 1,We do not currently purchase or sell offset credit transactions,,,,,City of Treviso does'nt intend to use carbon credits from outside the jurisdiction
2025 Disclosure Cycle,779465,CDP,42120,City of Salvador,City,Latin America,Brazil,Public,Q6.1.2,"If you are using or plan to use carbon credits sold to or purchased from outside the jurisdiction or target boundary, provide details.",1,Row 1,We do not currently purchase or sell offset credit transactions,,,,,A cidade não compra nem vende créditos de compensação.
2025 Disclosure Cycle,779465,CDP,42178,Distrito Metropolitano de Quito,City,Latin America,Ecuador,Public,Q6.1.2,"If you are using or plan to use carbon credits sold to or purchased from outside the jurisdiction or target boundary, provide details.",1,Row 1,Offset credit transactions generated within the boundary and sold,Target 2,31000,Other: MDL,"Los CERS han sido transaccionados con empresas del sector privado del Ecuador, que desean compensar sus emisiones.","La ciudad ha efectuado venta de CERS provenientes de la generación eléctrica a partir de biogas del Relleno Sanitario de El Inga, las cuales han sido certificadas mediante el mecanismo MDL.\n"
2025 Disclosure Cycle,779465,CDP,42388,Intendencia de Montevideo,City,Latin America,Uruguay,Public,Q6.1.2,"If you are using or plan to use carbon credits sold to or purchased from outside the jurisdiction or target boundary, provide details.",1,Row 1,We do not currently purchase or sell offset credit transactions,,,,,Desde 2017 o 2018 que no se consigue vender los bonos.
2025 Disclosure Cycle,779465,CDP,43905,"City of San Antonio, TX",City,North America,United States of America,Public,Q6.1.2,"If you are using or plan to use carbon credits sold to or purchased from outside the jurisdiction or target boundary, provide details.",1,Row 1,We do not currently purchase or sell offset credit transactions,,,,,N/A
2025 Disclosure Cycle,779465,CDP,43907,"City of Indianapolis, IN",City,North America,United States of America,Public,Q6.1.2,"If you are using or plan to use carbon credits sold to or purchased from outside the jurisdiction or target boundary, provide details.",1,Row 1,We do not currently purchase or sell offset credit transactions,,,,,n/a
2025 Disclosure Cycle,779465,CDP,43908,"City of Milwaukee, WI",City,North America,United States of America,Public,Q6.1.2,"If you are using or plan to use carbon credits sold to or purchased from outside the jurisdiction or target boundary, provide details.",1,Row 1,We do not currently purchase or sell offset credit transactions,,,,,We do not plan to use carbon offsets to reach City of Milwaukee GHG emissions reduction goals.
2025 Disclosure Cycle,779465,CDP,43909,"City of Orlando, FL",City,North America,United States of America,Public,Q6.1.2,"If you are using or plan to use carbon credits sold to or purchased from outside the jurisdiction or target boundary, provide details.",1,Row 1,We do not currently purchase or sell offset credit transactions,,,,,No plans for carbon credits or offsets.
2025 Disclosure Cycle,779465,CDP,43910,"City of Columbus, OH",City,North America,United States of America,Public,Q6.1.2,"If you are using or plan to use carbon credits sold to or purchased from outside the jurisdiction or target boundary, provide details.",1,Row 1,We do not currently purchase or sell offset credit transactions,,,,,We do not currently purchase or sell carbon credits
2025 Disclosure Cycle,779465,CDP,43911,"City of Ottawa, ON",City,North America,Canada,Public,Q6.1.2,"If you are using or plan to use carbon credits sold to or purchased from outside the jurisdiction or target boundary, provide details.",1,Row 1,We do not currently purchase or sell offset credit transactions,,,,,
2025 Disclosure Cycle,779465,CDP,43912,"City of Edmonton, AB",City,North America,Canada,Public,Q6.1.2,"If you are using or plan to use carbon credits sold to or purchased from outside the jurisdiction or target boundary, provide details.",1,Row 1,Offset credit transactions purchased from outside of the boundary,Target 1,153773,Other: Alberta Emissions Offset System,Offsetting efforts will take place within the Canadian province of Alberta. Standard crediting period under the Alberta Emissions Offset System is 10 years.,The City of Edmonton currently targets offseting all corporate electricity related emissions with Renewable Energy Credits sourced from solar and wind generating facilities in Alberta.
2025 Disclosure Cycle,779465,CDP,43914,"City of Charlotte, NC",City,North America,United States of America,Public,Q6.1.2,"If you are using or plan to use carbon credits sold to or purchased from outside the jurisdiction or target boundary, provide details.",1,Row 1,We do not currently purchase or sell offset credit transactions,,,,,
2025 Disclosure Cycle,779465,CDP,43917,Capital Municipality of Sofia,City,Europe,Bulgaria,Public,Q6.1.2,"If you are using or plan to use carbon credits sold to or purchased from outside the jurisdiction or target boundary, provide details.",1,Row 1,We do not currently purchase or sell offset credit transactions,,,,,No data available
2025 Disclosure Cycle,779465,CDP,43920,City of Ljubljana,City,Europe,Slovenia,Public,Q6.1.2,"If you are using or plan to use carbon credits sold to or purchased from outside the jurisdiction or target boundary, provide details.",1,Row 1,We do not currently purchase or sell offset credit transactions,,,,,The City of Ljubljana currently neither buys nor sells carbon credits. All emission targets and reductions are planned to be achieved through direct mitigation and adaptation measures without the use of carbon credits. Our activities focus on sustainable projects and solutions that directly improve the quality of life for residents and reduce emissions locally while considering all social and environmental impacts.
2025 Disclosure Cycle,779465,CDP,43921,City of Zagreb,City,Europe,Croatia,Public,Q6.1.2,"If you are using or plan to use carbon credits sold to or purchased from outside the jurisdiction or target boundary, provide details.",1,Row 1,We do not currently purchase or sell offset credit transactions,,,,,
2025 Disclosure Cycle,779465,CDP,43926,City of Mannheim,City,Europe,Germany,Public,Q6.1.2,"If you are using or plan to use carbon credits sold to or purchased from outside the jurisdiction or target boundary, provide details.",1,Row 1,Offset credit transactions purchased from outside of the boundary,Target 1,650000,Gold Standard,Crediting period: expected 20 years.\nCountry: Sierra Leone,"We are currently in the planning phase and are in regular contact with the project partners. The project is not just about purchasing certificates, but also about establishing and supporting new projects through a partner city.\nThere are currently project setbacks due a difficult political situation in Sierra Leone."
2025 Disclosure Cycle,779465,CDP,43930,Municipality of The Hague,City,Europe,Netherlands,Public,Q6.1.2,"If you are using or plan to use carbon credits sold to or purchased from outside the jurisdiction or target boundary, provide details.",1,Row 1,We do not currently purchase or sell offset credit transactions,,,,,The municipality the Hague does not trade in carbon credits. Carbon credits are only sold to big industry corporations via the EU ETS.
2025 Disclosure Cycle,779465,CDP,43932,Auckland Council,City,South East Asia & Oceania,New Zealand,Public,Q6.1.2,"If you are using or plan to use carbon credits sold to or purchased from outside the jurisdiction or target boundary, provide details.",1,Row 1,We do not currently purchase or sell offset credit transactions,,,,,We do not use carbon credits sold to or purchased from outside the jurisdiction or target boundary.
2025 Disclosure Cycle,779465,CDP,43937,Wellington City Council,City,South East Asia & Oceania,New Zealand,Public,Q6.1.2,"If you are using or plan to use carbon credits sold to or purchased from outside the jurisdiction or target boundary, provide details.",1,Row 1,We do not currently purchase or sell offset credit transactions,,,,,"The landfill in the jurisdiction is captured by the national emissions trading scheme, and carbon credits are purchased by Wellington City Council to meet this liability. These landfill emissions are reported as part of gross emissions in the city inventory. Carbon purchases are not related to city emissions reduction targets."
2025 Disclosure Cycle,779465,CDP,43938,"Environment and Climate Change Authority, Govt of Dubai",City,UKWW,United Arab Emirates,Public,Q6.1.2,"If you are using or plan to use carbon credits sold to or purchased from outside the jurisdiction or target boundary, provide details.",1,Row 1,Offset credit transactions generated within the boundary and sold,,35588,Clean Development Mechanism,The crediting period is 1st January 2013 - 31st December 2020. United Arab Emirates ,The Ministry of Climate Change and Environment has introduced a new law \'Federal Decree-Law No. (11) of 2024 On the Reduction of Climate Change Effects\' and has introduced a clause highlighting that the federal government will establish a carbon credits registry. This therefore provides a regulatory foundation to use carbon credits. 
2025 Disclosure Cycle,779465,CDP,43940,City of Malmö,City,Europe,Sweden,Public,Q6.1.2,"If you are using or plan to use carbon credits sold to or purchased from outside the jurisdiction or target boundary, provide details.",1,Row 1,Other: We plan to do so from 2030.,Target 3,0,Do not know,Within the city boundary.,"The city of Malmö has a goal to achieve net-zero greenhouse gas emissions within its organization by 2030. To offset parts of the remaining hard-to-abate emissions, the city of Malmö has signed a letter of intent to purchase negative emission certificates from the local waste-to-energy plant, where a BECCS facility is planned."
2025 Disclosure Cycle,779465,CDP,43970,Alcaldía Distrital de Barranquilla,City,Latin America,Colombia,Public,Q6.1.2,"If you are using or plan to use carbon credits sold to or purchased from outside the jurisdiction or target boundary, provide details.",1,Row 1,We do not currently purchase or sell offset credit transactions,,,,,
2025 Disclosure Cycle,779465,CDP,44080,City of Kitakyushu,City,Japan,Japan,Public,Q6.1.2,"If you are using or plan to use carbon credits sold to or purchased from outside the jurisdiction or target boundary, provide details.",1,Row 1,We do not currently purchase or sell offset credit transactions,,,,,
2025 Disclosure Cycle,779465,CDP,44180,Daegu Metropolitan City,City,South East Asia & Oceania,Korea (The Republic of),Public,Q6.1.2,"If you are using or plan to use carbon credits sold to or purchased from outside the jurisdiction or target boundary, provide details.",1,Row 1,Offset credit transactions generated within the boundary and sold,Target 1,6267507,Carbon Registry,"□ Greenhouse Gas Emission Trading Scheme in Daegu Metropolitan City\n\n1. First Phase (2015-2017)\n - 19 facilities (including water treatment plants) and 6 facilities managed by Daegu Public Facilities Management Corporation were allocated and managed.\n - July 2017: Signed a Consolidated Operational Management Agreement, integrating a total of 25 facilities.\n - Outcome: Remaining 51,290 tons of allowances (less than 10% of allocated amount) carried forward to Phase 2.\n\n2. Second Phase (2018-2020)\n - 25 basic environmental facilities received annual allocation of 1.21 million tons (91.12% of 2014-2016 average emissions).\n - Market Prices: End of 2018 (KAU18): 25,000 KRW/ton, End of 2019 (KAU19): 38,100 KRW/ton\n\n3. Third Phase (2021-2025)\n - Allocation for 2021-2022: 80.28% of past emissions (over 10% reduction from previous phase).\n - Despite tighter allocations, Daegu achieved surplus trading results:\n - 2022: Net sale of 12,521 tons → Revenue ~170 million KRW; Carry-over: 25,141 tons\n - 2023: Net sale of 11,248 tons → Revenue ~100 million KRW; Carry-over: 23,098 tons\n - 2024: Net sale of 1,62 tons → Revenue ~10 million KRW; Carry-over: 5,104 tons","The Emission Trading Scheme (ETS), introduced in South Korea in 2015 under the Kyoto Protocol framework, allocates emission reduction obligations to businesses, allowing the purchase of allowances if targets are unmet. Despite its developing country status, Korea faces international pressure to reduce emissions, targeting a 40% reduction from 2018 levels by 2030. Established by the 2012 Act on the Allocation and Trading of Greenhouse Gas Emission Rights and guided by six operational rules, the ETS supports low-carbon growth, fosters the domestic carbon market, and positions Korea as a potential hub for the Asian carbon market."
2025 Disclosure Cycle,779465,CDP,44180,Daegu Metropolitan City,City,South East Asia & Oceania,Korea (The Republic of),Public,Q6.1.2,"If you are using or plan to use carbon credits sold to or purchased from outside the jurisdiction or target boundary, provide details.",2,Row 2,Offset credit transactions generated within the boundary and sold,Target 2,2957471,Clean Development Mechanism,"Daegu Metropolitan City has been obtaining certification from the UNFCCC for the greenhouse gas (CO2) reductions achieved through its landfill gas resource recovery project, and utilizing the resulting carbon credits (CERs) for trading and other purposes. Since the project commenced in 2007, a total of 2,957,471 tons of emission allowances have been secured and sold, generating approximately 56.2 billion KRW in revenue. The CDM project plans to continue until 2030 in the short term and until 2050 in the long term, with a goal of securing a minimum of 270,000 tons of carbon credits annually.","Project Summary: Resource Recovery from Landfill Gas at Bangcheon-ri Sanitary Landfill, Daegu\n- UNFCCC Registration No.: 0851\n- Overview: Since 2006, landfill gas at Bangcheon-ri has been captured, refined, and supplied as boiler fuel to Korea District Heating Corporation.\n- Milestone: Registered as a UNFCCC CDM project in 2007 — the first local government-led climate change mitigation project in Korea.\n- Achievements: Annual greenhouse gas (CO₂) reduction: approx. 270,000 tons\n- Certified by the UN, generating carbon credits for domestic and international sales."
2025 Disclosure Cycle,779465,CDP,44181,Gwangju Metropolitan City,City,South East Asia & Oceania,Korea (The Republic of),Public,Q6.1.2,"If you are using or plan to use carbon credits sold to or purchased from outside the jurisdiction or target boundary, provide details.",1,Row 1,We do not currently purchase or sell offset credit transactions,,,,,
2025 Disclosure Cycle,779465,CDP,44184,Ulsan Metropolitan City,City,South East Asia & Oceania,Korea (The Republic of),Public,Q6.1.2,"If you are using or plan to use carbon credits sold to or purchased from outside the jurisdiction or target boundary, provide details.",1,Row 1,We do not currently purchase or sell offset credit transactions,,,,,"산업분야가 아닌 비산업분야(건물, 수송, 농축산 등)로서 탄소배출권 사용 무관함"
2025 Disclosure Cycle,779465,CDP,44185,Suwon City,City,South East Asia & Oceania,Korea (The Republic of),Public,Q6.1.2,"If you are using or plan to use carbon credits sold to or purchased from outside the jurisdiction or target boundary, provide details.",1,Row 1,Offset credit transactions generated within the boundary and sold,Target 1,8222,Carbon Registry,"수원시의 탄소배출권 대상시설은 폐기물처리 시설 10개소로 공공하수처리장, 자원회수시설, 광교정수장, 파장정수장, 위생처리장, 음식물 사료화 시설, 음실물 퇴비화 시설, 자원순환센터, 서호생태수자원센터, 상수도 공급시설이 있다. ","1차 계획기간('15~'17)에는 2,388톤 배출권 잉여로 2차 계획기간으로 이월했으며 2차 계획기간('18~'20)은 8,222톤 배출권 부족으로 매입하였다. 3차 계획기간('21~'25)에는 851,384톤을 할당받아 역대 가장 높은 강도의 감축부담이 예상됨. 할당률도 할당대상 전체 6개 부문(전환/산업/수송/건물/폐기물/공공기타) 중 폐기물 부문이 가장 낮은 것으로 파악됨. 2022년 잉여 배출권은 8,298톤임 "
2025 Disclosure Cycle,779465,CDP,44187,Goyang City,City,South East Asia & Oceania,Korea (The Republic of),Public,Q6.1.2,"If you are using or plan to use carbon credits sold to or purchased from outside the jurisdiction or target boundary, provide details.",1,Row 1,Offset credit transactions purchased from outside of the boundary,Target 1,35941,Carbon Registry,"Goyang's environment-related facilities (four wastewater treatments, one waste incineration, one biomass, one water purification, and one recycling sorting station) have annual emission targets set by government guidelines since 2015, and the city has been purchasing emission credits to meet them since 2021.","In the second half of 2023, the purchase of emission allowances was higher than usual due to a decrease in the efficiency of power generation at the Goyang waste incinerator."
2025 Disclosure Cycle,779465,CDP,44188,Yongin City,City,South East Asia & Oceania,Korea (The Republic of),Public,Q6.1.2,"If you are using or plan to use carbon credits sold to or purchased from outside the jurisdiction or target boundary, provide details.",1,Row 1,We do not currently purchase or sell offset credit transactions,,,,,
2025 Disclosure Cycle,779465,CDP,44191,Ansan City,City,South East Asia & Oceania,Korea (The Republic of),Public,Q6.1.2,"If you are using or plan to use carbon credits sold to or purchased from outside the jurisdiction or target boundary, provide details.",1,Row 1,Offset credit transactions generated within the boundary and sold,Target 1,4519,Other: 한국거래소를 통하여 할당받은 배출권 범위 내의 배출권거래,- 2030년까지 2018년의 온실가스 배출량 대비 40% 감축하기 위한 목표로 온실가스 배출사업장에 배출권을 할당하고 할당범위내에서 사업장간 배출권거래를 할 수 있음.\n- 배출권거래제에 대하여 안산시는 현재 3차 계획기간 중 3차 이행연도업무를 수행했다.,"- 2023년 안산시의 폐기물 부문 할당량 126,667톤 중 117,917톤을 배출하여 8750톤의 잉여분을 발생시켰고, 그중 4,519톤의 잉여분을 매도함"
2025 Disclosure Cycle,779465,CDP,44194,Jeonju City,City,South East Asia & Oceania,Korea (The Republic of),Public,Q6.1.2,"If you are using or plan to use carbon credits sold to or purchased from outside the jurisdiction or target boundary, provide details.",1,Row 1,We do not currently purchase or sell offset credit transactions,,,,,"Currently, Jeonju City does not purchase or sell credits. However, to use the ETS market mechanism, Jeonju City conducts related research projects in 2024 and 2025."
2025 Disclosure Cycle,779465,CDP,44196,Hwaseong City,City,South East Asia & Oceania,Korea (The Republic of),Public,Q6.1.2,"If you are using or plan to use carbon credits sold to or purchased from outside the jurisdiction or target boundary, provide details.",1,Row 1,Offset credit transactions purchased from outside of the boundary,Target 1,35709,Not yet verified,,
2025 Disclosure Cycle,779465,CDP,44205,Gwangmyeong City,City,South East Asia & Oceania,Korea (The Republic of),Public,Q6.1.2,"If you are using or plan to use carbon credits sold to or purchased from outside the jurisdiction or target boundary, provide details.",1,Row 1,We do not currently purchase or sell offset credit transactions,,,,,"○ 국내에서 '탄소배출권'은 실제 EU 지역 등에서 비교적 명확히 표현하는 할당량(allowance)과 크레딧(credit)을 포괄하는 개념으로서 일반적으로 사용됨\n\n○ 광명시는 국가에서 정한 온실가스 배출총량(cap)만큼 발전설비나 생산설비 등 주요 온실가스 배출원(광명시의 경우, 환경기초시설) 대상으로 지급된 온실가스 배출 권리인 \'할당량\'과 관련된 탄소배출권(KAU)에 대해서 사용\n\n○ 광명시는 외부 온실가스 감축 프로젝트에 의해 기준전망치 대비 온실가스 배출량을 줄였다는 증서로서 해당 프로젝트에 지급되는 \'크레딧\' 과 관련된 탄소배출권(KCU)와 관련된 계획은 아직 없음\n"
2025 Disclosure Cycle,779465,CDP,44299,Dangjin City,City,South East Asia & Oceania,Korea (The Republic of),Public,Q6.1.2,"If you are using or plan to use carbon credits sold to or purchased from outside the jurisdiction or target boundary, provide details.",1,Row 1,We do not currently purchase or sell offset credit transactions,,,,,Not a business subject to carbon emissions trading
2025 Disclosure Cycle,779465,CDP,46263,Amdavad Municipal Corporation (Ahmedabad),City,India,India,Public,Q6.1.2,"If you are using or plan to use carbon credits sold to or purchased from outside the jurisdiction or target boundary, provide details.",1,Row 1,We do not currently purchase or sell offset credit transactions,,,,,"Ahmedabad Municipal Corporation (AMC) with support from ICLEI South Asia and South Pole under Swiss Agency for Development and Cooperation funded CapaCITIES project has done pre-feasibility to access carbon credits from 1) Replacement of diesel buses with electric buses, 2) Waste to energy plants, 3) urban forests\n\nAMC will decide on possibilities to grab carbon credits. "
2025 Disclosure Cycle,779465,CDP,46470,Municipality of Vitoria-Gasteiz,City,Europe,Spain,Public,Q6.1.2,"If you are using or plan to use carbon credits sold to or purchased from outside the jurisdiction or target boundary, provide details.",1,Row 1,We do not currently purchase or sell offset credit transactions,,,,,Pendiente comentario
2025 Disclosure Cycle,779465,CDP,46473,Municipality of Zaragoza (Spain),City,Europe,Spain,Public,Q6.1.2,"If you are using or plan to use carbon credits sold to or purchased from outside the jurisdiction or target boundary, provide details.",1,Row 1,We do not currently purchase or sell offset credit transactions,,,,,Sin comentarios
2025 Disclosure Cycle,779465,CDP,46514,City of Porto,City,Europe,Portugal,Public,Q6.1.2,"If you are using or plan to use carbon credits sold to or purchased from outside the jurisdiction or target boundary, provide details.",1,Row 1,We do not currently purchase or sell offset credit transactions,,,,,"In 2019, Portugal published its 2050 Roadmap to Carbon Neutrality (RNC20250), which sets out the long-term strategy for a sustainable, zero-carbon economy by 2050. The RNC250 brings together a range of energy and mobility policies that can reduce greenhouse gas emissions by around 85 per cent compared to 2015 and increase carbon sequestration by expanding and strengthening the ecosystem services provided by land use and forestry to offset the remaining 15 per cent of emissions. Within this remit, the FUN Porto (Native Urban Forests) project aims to produce native trees and shrubs for strategic planting in the city, citizen participation in private spaces and export for ecological restoration in surrounding regions. The initiative aims to offset a significant amount of CO2 (at least 9,877 tonnes/year) through strategic tree planting, contributing to urban greening and ecological restoration. However, it should also be noted that Porto is a city with a very limited territory (42 km2) and very densely urbanised (historic city and World Heritage Site), which limits carbon offsetting within its territorial limits, despite efforts to promote nature-based solutions in all their aspects and on all possible surfaces. Therefore, the main solution that the city intends to use to offset most of its residual emissions is the Voluntary Carbon Market (in Portugal), recently established by Law No. 4/2024 of 5 January, which opens the possibility of establishing carbon offset projects in the national territory. These projects aim to use nature-based solutions for carbon sequestration, while providing important benefits for the protection of biodiversity and natural capital, for the regulation of various natural cycles, for landscape design and for interventions in territories, especially the most vulnerable, and also contributing to adaptation to climate change by increasing the resilience of the national territory. This law, which is still subject to specific regulations, is of great interest to cities such as Porto, which want to offset their carbon emissions and at the same time hope to have the most positive impact on the surrounding territory (the North region of Porto). The city will therefore take advantage of this new regulation and develop a comprehensive strategy based on it in the coming years. "
2025 Disclosure Cycle,779465,CDP,49172,"City of St. Petersburg, FL",City,North America,United States of America,Public,Q6.1.2,"If you are using or plan to use carbon credits sold to or purchased from outside the jurisdiction or target boundary, provide details.",1,Row 1,We do not currently purchase or sell offset credit transactions,,,,,"The City does participate in Duke Energy's Clean Energy Connection Program. The City's Clean Energy Connection subscription generated 10,592,258 kWh of renewable energy. The renewable energy certificates (RECs) retired on the City's behalf would account for 18.56% of the total consumption that can be claimed as renewable. "
2025 Disclosure Cycle,779465,CDP,49326,"Ville de Quebec, QC",City,North America,Canada,Public,Q6.1.2,"If you are using or plan to use carbon credits sold to or purchased from outside the jurisdiction or target boundary, provide details.",1,Row 1,We do not currently purchase or sell offset credit transactions,,,,,
2025 Disclosure Cycle,779465,CDP,49327,"City of Providence, RI",City,North America,United States of America,Public,Q6.1.2,"If you are using or plan to use carbon credits sold to or purchased from outside the jurisdiction or target boundary, provide details.",1,Row 1,We do not currently purchase or sell offset credit transactions,,,,,
2025 Disclosure Cycle,779465,CDP,49330,"Kansas City, MO",City,North America,United States of America,Public,Q6.1.2,"If you are using or plan to use carbon credits sold to or purchased from outside the jurisdiction or target boundary, provide details.",1,Row 1,We do not currently purchase or sell offset credit transactions,,,,,"We have plans to continue to consider purchasing credits, but we do not intend to rely on carbon credits for the majority of our emission reductions. If we pursue them it will be as a last resort for bridging the gap to reach our goals. We have considered selling credits in relationship to some of our work on street tree planting, but the project has not been developed yet."
2025 Disclosure Cycle,779465,CDP,49333,"City of Louisville, KY",City,North America,United States of America,Public,Q6.1.2,"If you are using or plan to use carbon credits sold to or purchased from outside the jurisdiction or target boundary, provide details.",1,Row 1,We do not currently purchase or sell offset credit transactions,,,,,
2025 Disclosure Cycle,779465,CDP,49335,"Metropolitan Government of Nashville and Davidson County, TN",City,North America,United States of America,Public,Q6.1.2,"If you are using or plan to use carbon credits sold to or purchased from outside the jurisdiction or target boundary, provide details.",1,Row 1,Offset credit transactions purchased from outside of the boundary,,,,See comment. Future plans are shown on this dashboard: https://dashboards.nashville.gov/t/Metro/views/SolarProductionDashboard/Home?%3Aembed=y&%3AisGuestRedirectFromVizportal=y\n,"Metro is committed to purchasing RECs via TVA's Green Invest program. Metro's 40MW portion of of a 200MW project based in Tullahoma, TN is expected to come online in second quarter 2027.\n\nMetro's Department of General Services continues to purchase RECs from Nashville Electric Service's Music City Solar project, as detailed in section 9.2. \n\nMetro is actively pursuing public private partnerships to allow additional RECs to flow to Metro and move us toward our RPS goals. "
2025 Disclosure Cycle,779465,CDP,49342,"City of Rochester, NY",City,North America,United States of America,Public,Q6.1.2,"If you are using or plan to use carbon credits sold to or purchased from outside the jurisdiction or target boundary, provide details.",1,Row 1,We do not currently purchase or sell offset credit transactions,,,,,
2025 Disclosure Cycle,779465,CDP,49360,City of Tshwane,City,UKWW,South Africa,Public,Q6.1.2,"If you are using or plan to use carbon credits sold to or purchased from outside the jurisdiction or target boundary, provide details.",1,Row 1,We do not currently purchase or sell offset credit transactions,,,,,We have not considered carbon credit purchases or selling for now.
2025 Disclosure Cycle,779465,CDP,49367,Freetown City,City,UKWW,Sierra Leone,Public,Q6.1.2,"If you are using or plan to use carbon credits sold to or purchased from outside the jurisdiction or target boundary, provide details.",1,Row 1,We do not currently purchase or sell offset credit transactions,,,,,The #FreetownTheTreeTown project under which carbon credits will be sold is bounded across the city of Freetown and Western Area Rural District Council administrative boundaries. This means that carbon credits will be offered for carbon offsets outside of the Freetown administrative boundary but within the boundary of the project area which includes a partnership with Western Area Rural District Council. 
2025 Disclosure Cycle,779465,CDP,49389,Kyoto City,City,Japan,Japan,Public,Q6.1.2,"If you are using or plan to use carbon credits sold to or purchased from outside the jurisdiction or target boundary, provide details.",1,Row 1,We do not currently purchase or sell offset credit transactions,,,,,
2025 Disclosure Cycle,779465,CDP,50154,City of Turku,City,Europe,Finland,Public,Q6.1.2,"If you are using or plan to use carbon credits sold to or purchased from outside the jurisdiction or target boundary, provide details.",2,Row 2,Other: Not yet specified,Target 3,,Not yet verified,,"Both strengthening local carbon sinks and developing offsetting measures are emphasized in the Turku Climate Plan. Turku has an active role in several research and development projects in these fields. \n\nTurku participated in the KUNTANIELU research project, alongside three other cities, the Finnish Environment Institute (Syke), Natural Resources Institute Finland (Luke), and the University of Helsinki. The project, under the Ministry of Agriculture and Forestry's Catch the Carbon program, aimed to help municipalities increase net carbon sinks in the land use sector and establish municipal-level offsetting. It provided guidance on verifying carbon sinks, enhanced knowledge for implementing offsetting, and explored the potential for linking municipal carbon offsetting to voluntary ecological compensation. More information provided here: https://www.turku.fi/sites/default/files/document/land-use-strategies-for-climate-action-and-biodiversity_kuntanielu.pdf.\n"
2025 Disclosure Cycle,779465,CDP,50203,Gaziantep Metropolitan Municipality,City,UKWW,Türkiye,Public,Q6.1.2,"If you are using or plan to use carbon credits sold to or purchased from outside the jurisdiction or target boundary, provide details.",1,Row 1,We do not currently purchase or sell offset credit transactions,,,,,
2025 Disclosure Cycle,779465,CDP,50235,City of Kraków,City,Europe,Poland,Public,Q6.1.2,"If you are using or plan to use carbon credits sold to or purchased from outside the jurisdiction or target boundary, provide details.",1,Row 1,We do not currently purchase or sell offset credit transactions,,,,,Krakow does not use carbon credits sold or purchased outside the jurisdiction or target boundaries
2025 Disclosure Cycle,779465,CDP,50357,Ciudad de Mendoza,City,Latin America,Argentina,Public,Q6.1.2,"If you are using or plan to use carbon credits sold to or purchased from outside the jurisdiction or target boundary, provide details.",1,Row 1,We do not currently purchase or sell offset credit transactions,,,,,Ninguno
2025 Disclosure Cycle,779465,CDP,50361,Ayuntamiento de Hermosillo,City,Latin America,Mexico,Public,Q6.1.2,"If you are using or plan to use carbon credits sold to or purchased from outside the jurisdiction or target boundary, provide details.",1,Row 1,We do not currently purchase or sell offset credit transactions,,,,,The legal framework is under development.
2025 Disclosure Cycle,779465,CDP,50371,Municipalidad de Córdoba,City,Latin America,Argentina,Public,Q6.1.2,"If you are using or plan to use carbon credits sold to or purchased from outside the jurisdiction or target boundary, provide details.",1,Row 1,We do not currently purchase or sell offset credit transactions,,,,,La Municipalidad de Córdoba cuenta con el Inventario de Gases de Efecto Invernadero (GEI) y con el Plan de Acción Climática. Por lo que ahora se plantea empezar a identificar qué proyectos tienen potencial para generar créditos de carbono.
2025 Disclosure Cycle,779465,CDP,50373,Municipalidad de Rosario,City,Latin America,Argentina,Public,Q6.1.2,"If you are using or plan to use carbon credits sold to or purchased from outside the jurisdiction or target boundary, provide details.",1,Row 1,We do not currently purchase or sell offset credit transactions,,,,,Actualmente no tenemos como objetivo utilizar los mercados de carbono para cumplir nuestras metas
2025 Disclosure Cycle,779465,CDP,50375,Ayuntamiento de Chihuahua,City,Latin America,Mexico,Public,Q6.1.2,"If you are using or plan to use carbon credits sold to or purchased from outside the jurisdiction or target boundary, provide details.",1,Row 1,We do not currently purchase or sell offset credit transactions,,,,,"Actualmente el Municipio de Chihuahua no tiene considerado la compra, ni la venta de créditos de carbono, sin embargo, existe la posibilidad de que en un futro el municipio se incorpore a u proyecto de bonos de carbono."
2025 Disclosure Cycle,779465,CDP,50382,Municipio de Mérida,City,Latin America,Mexico,Public,Q6.1.2,"If you are using or plan to use carbon credits sold to or purchased from outside the jurisdiction or target boundary, provide details.",1,Row 1,We do not currently purchase or sell offset credit transactions,,,,,
2025 Disclosure Cycle,779465,CDP,50383,Prefeitura de Sorocaba,City,Latin America,Brazil,Public,Q6.1.2,"If you are using or plan to use carbon credits sold to or purchased from outside the jurisdiction or target boundary, provide details.",1,Row 1,We do not currently purchase or sell offset credit transactions,,,,,
2025 Disclosure Cycle,779465,CDP,50384,Prefeitura de Florianópolis,City,Latin America,Brazil,Public,Q6.1.2,"If you are using or plan to use carbon credits sold to or purchased from outside the jurisdiction or target boundary, provide details.",1,Row 1,We do not currently purchase or sell offset credit transactions,,,,,
2025 Disclosure Cycle,779465,CDP,50390,Prefeitura de Teresina,City,Latin America,Brazil,Public,Q6.1.2,"If you are using or plan to use carbon credits sold to or purchased from outside the jurisdiction or target boundary, provide details.",1,Row 1,We do not currently purchase or sell offset credit transactions,,,,,"Atualmente, Teresina não possui previsão de ações de compra e venda de créditos de carbono."
2025 Disclosure Cycle,779465,CDP,50394,Prefeitura Municipal de João Pessoa,City,Latin America,Brazil,Public,Q6.1.2,"If you are using or plan to use carbon credits sold to or purchased from outside the jurisdiction or target boundary, provide details.",1,Row 1,We do not currently purchase or sell offset credit transactions,,,,,
2025 Disclosure Cycle,779465,CDP,50397,Presidencia Municipal de Saltillo,City,Latin America,Mexico,Public,Q6.1.2,"If you are using or plan to use carbon credits sold to or purchased from outside the jurisdiction or target boundary, provide details.",1,Row 1,We do not currently purchase or sell offset credit transactions,,,,,
2025 Disclosure Cycle,779465,CDP,50401,"City of Madison, WI",City,North America,United States of America,Public,Q6.1.2,"If you are using or plan to use carbon credits sold to or purchased from outside the jurisdiction or target boundary, provide details.",1,Row 1,Offset credit transactions purchased from outside of the boundary,Target 2,10236,Not yet verified,"Partnered with area businesses and a solar installer on an initiative to build 10 solar facilities called Butter Solar in 2019. The City of Madison provided some capital for five of the projects and receives their RECs in return. The reporting period runs for 25 years. They are Argyle (Lafayette County, WI - 1.08 MW), Elroy (Juneau County, WI - 2.1 MW), Fennimore (Grant County, WI - 4.11 MW), Cumberland (Barron County, WI - 2.5 MW), and New Lisbon (Juneau County, WI - 2.5 MW)",Created using: https://www.epa.gov/energy/greenhouse-gas-equivalencies-calculator#results
2025 Disclosure Cycle,779465,CDP,50540,"City of Albuquerque, NM",City,North America,United States of America,Public,Q6.1.2,"If you are using or plan to use carbon credits sold to or purchased from outside the jurisdiction or target boundary, provide details.",1,Row 1,We do not currently purchase or sell offset credit transactions,,,,,We do not buy or sell carbon credits at this time.
2025 Disclosure Cycle,779465,CDP,50541,"City of Greensboro, NC",City,North America,United States of America,Public,Q6.1.2,"If you are using or plan to use carbon credits sold to or purchased from outside the jurisdiction or target boundary, provide details.",1,Row 1,We do not currently purchase or sell offset credit transactions,,,,,none.
2025 Disclosure Cycle,779465,CDP,50545,"City of Henderson, NV",City,North America,United States of America,Public,Q6.1.2,"If you are using or plan to use carbon credits sold to or purchased from outside the jurisdiction or target boundary, provide details.",1,Row 1,We do not currently purchase or sell offset credit transactions,,,,,
2025 Disclosure Cycle,779465,CDP,50545,"City of Henderson, NV",City,North America,United States of America,Public,Q6.1.2,"If you are using or plan to use carbon credits sold to or purchased from outside the jurisdiction or target boundary, provide details.",2,Row 2,We do not currently purchase or sell offset credit transactions,,,,,
2025 Disclosure Cycle,779465,CDP,50550,"City of Buffalo, NY",City,North America,United States of America,Public,Q6.1.2,"If you are using or plan to use carbon credits sold to or purchased from outside the jurisdiction or target boundary, provide details.",1,Row 1,We do not currently purchase or sell offset credit transactions,,,,,The City of Buffalo does not use or plan to use carbon credits. 
2025 Disclosure Cycle,779465,CDP,50551,"City of Long Beach, CA",City,North America,United States of America,Public,Q6.1.2,"If you are using or plan to use carbon credits sold to or purchased from outside the jurisdiction or target boundary, provide details.",1,Row 1,We do not currently purchase or sell offset credit transactions,,,,,N/A
2025 Disclosure Cycle,779465,CDP,50555,"City of Hamilton, ON",City,North America,Canada,Public,Q6.1.2,"If you are using or plan to use carbon credits sold to or purchased from outside the jurisdiction or target boundary, provide details.",1,Row 1,We do not currently purchase or sell offset credit transactions,,,,,"Although we have recently been approached by an company selling carbon offset credits, the City' stance is that we must first significantly reduce community-wide greenhouse gas emissions and not solely rely on carbon credits. "
2025 Disclosure Cycle,779465,CDP,50558,"City of London, ON",City,North America,Canada,Public,Q6.1.2,"If you are using or plan to use carbon credits sold to or purchased from outside the jurisdiction or target boundary, provide details.",1,Row 1,We do not currently purchase or sell offset credit transactions,,,,,"Our Climate Emergency Action Plan includes the folllowing action: 11.\tEstablishing GHG Emissions Offsets Policy (Timeline: 2024-2025) a.\tConduct review of the use of GHG emissions offsets to achieve corporate and/or community net-zero emissions by other Canadian municipalities b.\tReview and establish protocol requirements for offset quality and verification for use in achieving corporate and/or community net-zero emissions targets c.\tEstablish policy for the use of offsets, including an intended upper limit for corporate GHG emissions that could be offset, the types and characteristics of acceptable offset projects and targets for the amount or proportion of verified GHG emissions offsets utilized from outside of London."
2025 Disclosure Cycle,779465,CDP,50559,"City of St Catharines, ON",City,North America,Canada,Public,Q6.1.2,"If you are using or plan to use carbon credits sold to or purchased from outside the jurisdiction or target boundary, provide details.",1,Row 1,We do not currently purchase or sell offset credit transactions,,,,,NA
2025 Disclosure Cycle,779465,CDP,50562,"City of Chula Vista, CA",City,North America,United States of America,Public,Q6.1.2,"If you are using or plan to use carbon credits sold to or purchased from outside the jurisdiction or target boundary, provide details.",1,Row 1,We do not currently purchase or sell offset credit transactions,,,,,
2025 Disclosure Cycle,779465,CDP,50565,"City of Toledo, OH",City,North America,United States of America,Public,Q6.1.2,"If you are using or plan to use carbon credits sold to or purchased from outside the jurisdiction or target boundary, provide details.",1,Row 1,We do not currently purchase or sell offset credit transactions,,,,,NA
2025 Disclosure Cycle,779465,CDP,50566,"City of Anchorage, AK",City,North America,United States of America,Public,Q6.1.2,"If you are using or plan to use carbon credits sold to or purchased from outside the jurisdiction or target boundary, provide details.",1,Row 1,We do not currently purchase or sell offset credit transactions,,,,,
2025 Disclosure Cycle,779465,CDP,50568,"City of Saskatoon, SK",City,North America,Canada,Public,Q6.1.2,"If you are using or plan to use carbon credits sold to or purchased from outside the jurisdiction or target boundary, provide details.",1,Row 1,We do not currently purchase or sell offset credit transactions,,,,,
2025 Disclosure Cycle,779465,CDP,50572,"City of Saint Paul, MN",City,North America,United States of America,Public,Q6.1.2,"If you are using or plan to use carbon credits sold to or purchased from outside the jurisdiction or target boundary, provide details.",1,Row 1,We do not currently purchase or sell offset credit transactions,,,,,N/A
2025 Disclosure Cycle,779465,CDP,50578,"City of Windsor, ON",City,North America,Canada,Public,Q6.1.2,"If you are using or plan to use carbon credits sold to or purchased from outside the jurisdiction or target boundary, provide details.",1,Row 1,We do not currently purchase or sell offset credit transactions,,,,,Not used
2025 Disclosure Cycle,779465,CDP,50579,"City of Winnipeg, MB",City,North America,Canada,Public,Q6.1.2,"If you are using or plan to use carbon credits sold to or purchased from outside the jurisdiction or target boundary, provide details.",1,Row 1,We do not currently purchase or sell offset credit transactions,,,,,
2025 Disclosure Cycle,779465,CDP,50650,City of Gibraltar,City,Europe,Gibraltar,Public,Q6.1.2,"If you are using or plan to use carbon credits sold to or purchased from outside the jurisdiction or target boundary, provide details.",1,Row 1,We do not currently purchase or sell offset credit transactions,,,,,NA
2025 Disclosure Cycle,779465,CDP,50664,Municipality of Almada,City,Europe,Portugal,Public,Q6.1.2,"If you are using or plan to use carbon credits sold to or purchased from outside the jurisdiction or target boundary, provide details.",1,Row 1,We do not currently purchase or sell offset credit transactions,,,,,Currently no credits sold or purchased
2025 Disclosure Cycle,779465,CDP,50669,Municipality of Matosinhos,City,Europe,Portugal,Public,Q6.1.2,"If you are using or plan to use carbon credits sold to or purchased from outside the jurisdiction or target boundary, provide details.",1,Row 1,Offset credit transactions generated within the boundary and sold,Target 1,17.7,Other: Local voluntary carbon market wich is under the Verified Carbon Standard,"Estes dados referem-se apenas ao Município de Matosinhos, onde 24 012 utilizadores fizeram, durante 9 meses, 67 016 viagens com uma distância associada de 192 314 km.","A compra e venda de créditos de carbono de forma mais massificada por parte da autarquia não foi considerada para alcance do “net zero target” em 2030 (Roteiro/PMAC 2030), mas esta opção é uma oportunidade para mais rápido alcançar a neutralidade carbónica.\nImporta referir que o enquadramento legal para a implementação de um mercado voluntário de carbono a nível nacional foi apenas criado este ano, 2024, com a publicação do Decreto-Lei n.º 4/2024, de 5 de janeiro.\nAtravés deste novo regime, os Municípios e outras entidades terão oportunidade de adquirir créditos de carbono, como forma de compensar as emissões de gases poluentes que não conseguem reduzir ou evitar, mas também de valorizar os seus investimentos em projetos ou soluções desenvolvidas para redução ou eliminação da pegada carbónica.\nNão obstante Matosinhos tem um piloto da plataforma AYR, uma plataforma de aceleração da sustentabilidade para ajudar a atingir objetivos de carbono zero.\nConcebido para ligar comunidades, pessoas e coisas numa rede onde as ações sustentáveis criam tokens criptográficos que podem ser trocados por bens e serviços verdes ou utilizados para compensar localmente as emissões de carbono.\nEste projeto funciona pela seleção de um transporte 'verde' que evita as emissões de CO2. O crédito \nAYR é recebido em função das emissões de CO2 evitadas, sendo que posteriormente o crypto token de crédito AYR pode ser utilizado para outros passeios e mercadorias. \n"
2025 Disclosure Cycle,779465,CDP,50673,Municipality of Faro,City,Europe,Portugal,Public,Q6.1.2,"If you are using or plan to use carbon credits sold to or purchased from outside the jurisdiction or target boundary, provide details.",1,Row 1,We do not currently purchase or sell offset credit transactions,,,,,.
2025 Disclosure Cycle,779465,CDP,50674,Municipality of Viseu,City,Europe,Portugal,Public,Q6.1.2,"If you are using or plan to use carbon credits sold to or purchased from outside the jurisdiction or target boundary, provide details.",1,Row 1,We do not currently purchase or sell offset credit transactions,,,,,
2025 Disclosure Cycle,779465,CDP,50678,Municipality of Évora,City,Europe,Portugal,Public,Q6.1.2,"If you are using or plan to use carbon credits sold to or purchased from outside the jurisdiction or target boundary, provide details.",1,Row 1,We do not currently purchase or sell offset credit transactions,,,,,
2025 Disclosure Cycle,779465,CDP,50680,Municipality of Cascais,City,Europe,Portugal,Public,Q6.1.2,"If you are using or plan to use carbon credits sold to or purchased from outside the jurisdiction or target boundary, provide details.",1,Row 1,We do not currently purchase or sell offset credit transactions,,,,,we currently are not able to invest in carbon credits as a municipal government entity. there are legal boundaries which prevent us from pursuing this type of investments. what we have is acquired \'green comercial credits\' from comercial banks to leverage our mobility programme investment (5 million euros). 
2025 Disclosure Cycle,779465,CDP,51075,City of Shenzhen,City,China,China,Public,Q6.1.2,"If you are using or plan to use carbon credits sold to or purchased from outside the jurisdiction or target boundary, provide details.",1,Row 1,We do not currently purchase or sell offset credit transactions,,,,,
2025 Disclosure Cycle,779465,CDP,51374,Prefeitura de Rio Branco,City,Latin America,Brazil,Public,Q6.1.2,"If you are using or plan to use carbon credits sold to or purchased from outside the jurisdiction or target boundary, provide details.",1,Row 1,We do not currently purchase or sell offset credit transactions,,,,,
2025 Disclosure Cycle,779465,CDP,52896,"City of Fort Lauderdale, FL",City,North America,United States of America,Public,Q6.1.2,"If you are using or plan to use carbon credits sold to or purchased from outside the jurisdiction or target boundary, provide details.",1,Row 1,We do not currently purchase or sell offset credit transactions,,,,,The City does not purchase or sell any carbon credits
2025 Disclosure Cycle,779465,CDP,52897,"City of Aspen, CO",City,North America,United States of America,Public,Q6.1.2,"If you are using or plan to use carbon credits sold to or purchased from outside the jurisdiction or target boundary, provide details.",1,Row 1,We do not currently purchase or sell offset credit transactions,,,,,n/a
2025 Disclosure Cycle,779465,CDP,53829,"City of Kingston, ON",City,North America,Canada,Public,Q6.1.2,"If you are using or plan to use carbon credits sold to or purchased from outside the jurisdiction or target boundary, provide details.",1,Row 1,We do not currently purchase or sell offset credit transactions,,,,,
2025 Disclosure Cycle,779465,CDP,53921,"City of Tempe, AZ",City,North America,United States of America,Public,Q6.1.2,"If you are using or plan to use carbon credits sold to or purchased from outside the jurisdiction or target boundary, provide details.",1,Row 1,We do not currently purchase or sell offset credit transactions,,,,,
2025 Disclosure Cycle,779465,CDP,53931,"City of Alexandria, VA",City,North America,United States of America,Public,Q6.1.2,"If you are using or plan to use carbon credits sold to or purchased from outside the jurisdiction or target boundary, provide details.",1,Row 1,Offset credit transactions purchased from outside of the boundary,Target 1,14238.4,Verified Carbon Standard,"Period from July 2023 - June 2024, United States","Purchased from STX Commodities LLC, REC US Green-e National Standard / Green-E Certified Retirement "
2025 Disclosure Cycle,779465,CDP,53959,"City of Fayetteville, AR",City,North America,United States of America,Public,Q6.1.2,"If you are using or plan to use carbon credits sold to or purchased from outside the jurisdiction or target boundary, provide details.",1,Row 1,We do not currently purchase or sell offset credit transactions,,,,,
2025 Disclosure Cycle,779465,CDP,54026,"City of Tacoma, WA",City,North America,United States of America,Public,Q6.1.2,"If you are using or plan to use carbon credits sold to or purchased from outside the jurisdiction or target boundary, provide details.",1,Row 1,We do not currently purchase or sell offset credit transactions,,,,,
2025 Disclosure Cycle,779465,CDP,54027,"City of St. John's, NL",City,North America,Canada,Public,Q6.1.2,"If you are using or plan to use carbon credits sold to or purchased from outside the jurisdiction or target boundary, provide details.",1,Row 1,We do not currently purchase or sell offset credit transactions,,,,,"The City of St. John's does not currently use carbon credits. We plan to explore the use of carbon credits only as a last step, once we are close to achieving our net zero targets. At that stage, carbon credits may be used to address any remaining emissions that cannot be fully eliminated through existing policies, technologies, or mitigation efforts within the jurisdiction."
2025 Disclosure Cycle,779465,CDP,54029,"City of Spokane, WA",City,North America,United States of America,Public,Q6.1.2,"If you are using or plan to use carbon credits sold to or purchased from outside the jurisdiction or target boundary, provide details.",1,Row 1,We do not currently purchase or sell offset credit transactions,,,,,We have no plans to buy carbon credits outside of boundary currently
2025 Disclosure Cycle,779465,CDP,54034,"City of Grand Rapids, MI",City,North America,United States of America,Public,Q6.1.2,"If you are using or plan to use carbon credits sold to or purchased from outside the jurisdiction or target boundary, provide details.",1,Row 1,We do not currently purchase or sell offset credit transactions,,,,,N/A
2025 Disclosure Cycle,779465,CDP,54040,"City of Regina, SK",City,North America,Canada,Public,Q6.1.2,"If you are using or plan to use carbon credits sold to or purchased from outside the jurisdiction or target boundary, provide details.",1,Row 1,We do not currently purchase or sell offset credit transactions,,,,,"We do not currently purchase or sell carbon credits. However, we are always exploring opportunities to engage in this space, as the City has projects that could potentially generate carbon credits. Should the regulatory landscape evolve, we aim to leverage these credits to support our sustainability goals and possibly generate revenue."
2025 Disclosure Cycle,779465,CDP,54048,"City of Knoxville, TN",City,North America,United States of America,Public,Q6.1.2,"If you are using or plan to use carbon credits sold to or purchased from outside the jurisdiction or target boundary, provide details.",1,Row 1,We do not currently purchase or sell offset credit transactions,,,,,
2025 Disclosure Cycle,779465,CDP,54060,"City of Greater Sudbury / Grand Sudbury, ON",City,North America,Canada,Public,Q6.1.2,"If you are using or plan to use carbon credits sold to or purchased from outside the jurisdiction or target boundary, provide details.",1,Row 1,We do not currently purchase or sell offset credit transactions,,,,,-
2025 Disclosure Cycle,779465,CDP,54066,"City of Fort Collins, CO",City,North America,United States of America,Public,Q6.1.2,"If you are using or plan to use carbon credits sold to or purchased from outside the jurisdiction or target boundary, provide details.",1,Row 1,We do not currently purchase or sell offset credit transactions,,,,,
2025 Disclosure Cycle,779465,CDP,54075,"City of Lakewood, CO",City,North America,United States of America,Public,Q6.1.2,"If you are using or plan to use carbon credits sold to or purchased from outside the jurisdiction or target boundary, provide details.",1,Row 1,We do not currently purchase or sell offset credit transactions,,,,,No comment.
2025 Disclosure Cycle,779465,CDP,54080,"City of Sunnyvale, CA",City,North America,United States of America,Public,Q6.1.2,"If you are using or plan to use carbon credits sold to or purchased from outside the jurisdiction or target boundary, provide details.",1,Row 1,We do not currently purchase or sell offset credit transactions,,,,,We do not purchase or sell carbon credits. 
2025 Disclosure Cycle,779465,CDP,54084,"City of Guelph, ON",City,North America,Canada,Public,Q6.1.2,"If you are using or plan to use carbon credits sold to or purchased from outside the jurisdiction or target boundary, provide details.",1,Row 1,Other: Revenue received from the sale of generated carbon offsets pertaining to landfill gas recovery and utilization and organic waste composting initiatives,,,,,City sold carbon credits generated from the capture\nof landfill gas for production of electricity and from organic waste composting. 
2025 Disclosure Cycle,779465,CDP,54088,"City of Peterborough, ON",City,North America,Canada,Public,Q6.1.2,"If you are using or plan to use carbon credits sold to or purchased from outside the jurisdiction or target boundary, provide details.",1,Row 1,We do not currently purchase or sell offset credit transactions,,,,,No offsets planned for the foreseeable future. Policy will be created in the 2040s as to how carbon offsetting will be applied to corporate sector emissions. 
2025 Disclosure Cycle,779465,CDP,54092,"City of Ann Arbor, MI",City,North America,United States of America,Public,Q6.1.2,"If you are using or plan to use carbon credits sold to or purchased from outside the jurisdiction or target boundary, provide details.",1,Row 1,We do not currently purchase or sell offset credit transactions,,,,,"Although we plan to purchase carbon credits in the future, we do not purchase them at this time."
2025 Disclosure Cycle,779465,CDP,54096,"City of Saint John, NB",City,North America,Canada,Public,Q6.1.2,"If you are using or plan to use carbon credits sold to or purchased from outside the jurisdiction or target boundary, provide details.",1,Row 1,We do not currently purchase or sell offset credit transactions,,,,,Not purchasing
2025 Disclosure Cycle,779465,CDP,54098,"City of Thunder Bay, ON",City,North America,Canada,Public,Q6.1.2,"If you are using or plan to use carbon credits sold to or purchased from outside the jurisdiction or target boundary, provide details.",1,Row 1,We do not currently purchase or sell offset credit transactions,,,,,"We do not currently purchase carbon credits, and we do not expect to in the future."
2025 Disclosure Cycle,779465,CDP,54100,"City of Columbia, MO",City,North America,United States of America,Public,Q6.1.2,"If you are using or plan to use carbon credits sold to or purchased from outside the jurisdiction or target boundary, provide details.",1,Row 1,We do not currently purchase or sell offset credit transactions,,,,,<Not Applicable>
2025 Disclosure Cycle,779465,CDP,54102,"City of Albany, NY",City,North America,United States of America,Public,Q6.1.2,"If you are using or plan to use carbon credits sold to or purchased from outside the jurisdiction or target boundary, provide details.",1,Row 1,We do not currently purchase or sell offset credit transactions,,,,,
2025 Disclosure Cycle,779465,CDP,54104,"City of Boulder, CO",City,North America,United States of America,Public,Q6.1.2,"If you are using or plan to use carbon credits sold to or purchased from outside the jurisdiction or target boundary, provide details.",1,Row 1,We do not currently purchase or sell offset credit transactions,,,,,The City of Boulder does not use carbon credits.
2025 Disclosure Cycle,779465,CDP,54105,"City of Duluth, MN",City,North America,United States of America,Public,Q6.1.2,"If you are using or plan to use carbon credits sold to or purchased from outside the jurisdiction or target boundary, provide details.",1,Row 1,We do not currently purchase or sell offset credit transactions,,,,,We do not have purchase or sell
2025 Disclosure Cycle,779465,CDP,54109,"City of Bloomington, IN",City,North America,United States of America,Public,Q6.1.2,"If you are using or plan to use carbon credits sold to or purchased from outside the jurisdiction or target boundary, provide details.",1,Row 1,We do not currently purchase or sell offset credit transactions,,,,,"We are exploring the possibility of using/selling carbon credits in the future, but we do not currently engage in this practice at this time."
2025 Disclosure Cycle,779465,CDP,54110,"City of Santa Monica, CA",City,North America,United States of America,Public,Q6.1.2,"If you are using or plan to use carbon credits sold to or purchased from outside the jurisdiction or target boundary, provide details.",1,Row 1,We do not currently purchase or sell offset credit transactions,,,,,We do not plan on purchasing REC's to meet our target.
2025 Disclosure Cycle,779465,CDP,54111,"City of Iowa City, IA",City,North America,United States of America,Public,Q6.1.2,"If you are using or plan to use carbon credits sold to or purchased from outside the jurisdiction or target boundary, provide details.",1,Row 1,We do not currently purchase or sell offset credit transactions,,,,,The City of Iowa City does not currently sell or purchase carbon credits.
2025 Disclosure Cycle,779465,CDP,54113,"City of Flagstaff, AZ",City,North America,United States of America,Public,Q6.1.2,"If you are using or plan to use carbon credits sold to or purchased from outside the jurisdiction or target boundary, provide details.",1,Row 1,Other: Purchase of Renewable Energy Credits to offset municipal electricity consumption.,Target 1,,Do not know,"Since July 2022, the City of Flagstaff has purchased Renewable Energy Credits to offset 100% of municipal electricity consumption through a program with the electric utility provider, Arizona Public Service, Green Power Partners Program. ",
2025 Disclosure Cycle,779465,CDP,54114,"City of Asheville, NC",City,North America,United States of America,Public,Q6.1.2,"If you are using or plan to use carbon credits sold to or purchased from outside the jurisdiction or target boundary, provide details.",1,Row 1,Offset credit transactions purchased from outside of the boundary,Target 2,77.11,Other: Green E Endorsed,,Part of LEED Certification for construction of a new Fire Station
2025 Disclosure Cycle,779465,CDP,54116,"City of Dubuque, IA",City,North America,United States of America,Public,Q6.1.2,"If you are using or plan to use carbon credits sold to or purchased from outside the jurisdiction or target boundary, provide details.",1,Row 1,We do not currently purchase or sell offset credit transactions,,,,,
2025 Disclosure Cycle,779465,CDP,54119,"City of Palo Alto, CA",City,North America,United States of America,Public,Q6.1.2,"If you are using or plan to use carbon credits sold to or purchased from outside the jurisdiction or target boundary, provide details.",1,Row 1,Offset credit transactions purchased from outside of the boundary,Target 2,144996,Carbon Registry,https://www.cityofpaloalto.org/Departments/Utilities/Sustainability/Carbon-Neutral-Electricity-and-Natural-Gas/Carbon-Offsets-Projects,"Since 2017, City of Palo Alto Utilities (CPAU) has offered 100% carbon neutral natural gas. CPAU purchases carbon offsets to balance emissions from natural gas use in Palo Alto. We do not include these offsets in our emissions inventory, nor do we include them in our progress towards our 80 x 30 goal (Target 2)."
2025 Disclosure Cycle,779465,CDP,54119,"City of Palo Alto, CA",City,North America,United States of America,Public,Q6.1.2,"If you are using or plan to use carbon credits sold to or purchased from outside the jurisdiction or target boundary, provide details.",2,Row 2,Offset credit transactions purchased from outside of the boundary,Target 1,156023,Carbon Registry,https://www.cityofpaloalto.org/Departments/Utilities/Sustainability/Carbon-Neutral-Electricity-and-Natural-Gas/Carbon-Offsets-Projects,"To meet our carbon neutrality by 2030 goal, the City of Palo Alto plans to reduce emissions 80% below 1990 levels by 2030 and offset the remaining emissions (Target 1). Therefore, the anticipated metric tons CO2e carbon credits to be purchased represents 20% of our 1990 emissions (780,119 MT CO2e)."
2025 Disclosure Cycle,779465,CDP,54124,"City of Fremont, CA",City,North America,United States of America,Public,Q6.1.2,"If you are using or plan to use carbon credits sold to or purchased from outside the jurisdiction or target boundary, provide details.",1,Row 1,We do not currently purchase or sell offset credit transactions,,,,,The city of Fremont is not using or plan to use carbon credits sold or to be purchased from outside the jurisdiction or target boundary.\n
2025 Disclosure Cycle,779465,CDP,54125,"City of Boise, ID",City,North America,United States of America,Public,Q6.1.2,"If you are using or plan to use carbon credits sold to or purchased from outside the jurisdiction or target boundary, provide details.",2,Row 2,Other: ,Target 1,0.0,Not yet verified,We are not currently purchasing carbon credits or selling carbon credits to offset emissions. This policy is in development. ,We are not currently purchasing carbon credits or selling carbon credits to offset emissions. This policy is in development. 
2025 Disclosure Cycle,779465,CDP,54128,"City of Reno, NV",City,North America,United States of America,Public,Q6.1.2,"If you are using or plan to use carbon credits sold to or purchased from outside the jurisdiction or target boundary, provide details.",1,Row 1,We do not currently purchase or sell offset credit transactions,,,,,na
2025 Disclosure Cycle,779465,CDP,54144,City of Yarra,City,South East Asia & Oceania,Australia,Public,Q6.1.2,"If you are using or plan to use carbon credits sold to or purchased from outside the jurisdiction or target boundary, provide details.",1,Row 1,Offset credit transactions purchased from outside of the boundary,Target 3,6913,Gold Standard,2023,"We have purchased a mix of:\n-\t95% Household energy efficiency project in Mozambique (Africa). This is a fantastic project with strong social co-benefits, and has achieved the highest 'Gold Standard' offset criteria.\n-\t5% from Tiwi Island Savanna Burning (Australia). This is also a fantastic local project that has strong confidence around the offsets as well as very strong social benefits. Importantly this allows us to directly start engaging in local indigenous climate projects that we have set as a goal of our climate emergency response going forward. \n"
2025 Disclosure Cycle,779465,CDP,54253,Wollongong City Council,City,South East Asia & Oceania,Australia,Public,Q6.1.2,"If you are using or plan to use carbon credits sold to or purchased from outside the jurisdiction or target boundary, provide details.",1,Row 1,We do not currently purchase or sell offset credit transactions,,,,,
2025 Disclosure Cycle,779465,CDP,54268,Dunedin City Council,City,South East Asia & Oceania,New Zealand,Public,Q6.1.2,"If you are using or plan to use carbon credits sold to or purchased from outside the jurisdiction or target boundary, provide details.",1,Row 1,We do not currently purchase or sell offset credit transactions,,,,,There currently is no initiative buying or selling carbon credits 
2025 Disclosure Cycle,779465,CDP,54277,New Plymouth District Council,City,South East Asia & Oceania,New Zealand,Public,Q6.1.2,"If you are using or plan to use carbon credits sold to or purchased from outside the jurisdiction or target boundary, provide details.",1,Row 1,We do not currently purchase or sell offset credit transactions,,,,,"We do not currently purchase offsets, however offsets will be considered in long term emission reduction plans to offset remaining residual emissions that are difficult to directly influence. We will purchase carbon credits on the NZ Emission Trading Scheme "
2025 Disclosure Cycle,779465,CDP,54290,Qingdao Municipal Government,City,China,China,Public,Q6.1.2,"If you are using or plan to use carbon credits sold to or purchased from outside the jurisdiction or target boundary, provide details.",1,Row 1,We do not currently purchase or sell offset credit transactions,,,,,无
2025 Disclosure Cycle,779465,CDP,54293,People's Government of Guangzhou Municipality,City,China,China,Public,Q6.1.2,"If you are using or plan to use carbon credits sold to or purchased from outside the jurisdiction or target boundary, provide details.",1,Row 1,We do not currently purchase or sell offset credit transactions,,,,,
2025 Disclosure Cycle,779465,CDP,54298,Dalian Municipal People's Government,City,China,China,Public,Q6.1.2,"If you are using or plan to use carbon credits sold to or purchased from outside the jurisdiction or target boundary, provide details.",1,Row 1,Offset credit transactions generated within the boundary and sold,Target 1,31303302,Do not know,正在进行大连市2024年度，碳排放权交易履约工作（仅电力行业）,无
2025 Disclosure Cycle,779465,CDP,54305,Rajkot Municipal Corporation,City,India,India,Public,Q6.1.2,"If you are using or plan to use carbon credits sold to or purchased from outside the jurisdiction or target boundary, provide details.",1,Row 1,We do not currently purchase or sell offset credit transactions,,,,,
2025 Disclosure Cycle,779465,CDP,54306,Medan City Government,City,South East Asia & Oceania,Indonesia,Public,Q6.1.2,"If you are using or plan to use carbon credits sold to or purchased from outside the jurisdiction or target boundary, provide details.",1,Row 1,Other: Rencana Penjualan Kredit Karbon,Target 1,392,Verra,"Berdasarkan rencana Afvalzorg dan Multriwell, skema proyek TPA Terjun direncanakan berjalan dalam beberapa tahap yaitu:\n1. Tahap 1 - Persetujuan Prinsip : Persetujuan dari KLHK terkait penjualan kredit karbon internasional dengan estimasi waktu ± 3 bulan.\n2. Tahap 2 - Studi Kelayakan (Feasibility Study) :\tPerhitungan teknis, finansial, dan verifikasi awal dengan estimasi waktu ± 3 bulan.\n3. Tahap 3 - Registrasi & Verifikasi Awal : Registrasi proyek di standar internasional seperti VCS (Verified Carbon Standard/Verra) dengan estimasi waktu ± 6 bulan.\n4. Tahap 4 - Periode Kredit Aktif: Kredit mulai diterbitkan dari pengurangan emisi gas TPA yang terukur dengan estimasi waktu minimal 7-10 tahun (standar VCS untuk proyek LFG biasanya 7 tahun dan dapat diperpanjang).\n\nNegara/Wilayah calon pembeli internasional yaitu :\n1. Calon pembeli pertama adalah Korea Selatan.\nKorea Selatan memiliki kewajiban pengurangan emisi melalui K-ETS (Korea Emissions Trading Scheme), sehingga mereka membutuhkan kredit karbon dari luar negeri.\n2. Calon pembeli kedua adalah Swiss (Eropa).\nSwiss secara aktif membeli kredit karbon dari negara berkembang untuk memenuhi komitmen Perjanjian Paris (Paris Agreement).\n3. Calon pembeli ketiga adalah Belanda (Uni Eropa).\nPemerintah Belanda mendukung proyek persampahan berkelanjutan sebagai bagian dari program Net Zero Emission Uni Eropa.","Saat ini Pemerintah Kota Medan berencana melakukan Penjualan Kredit Karbon TPA Berkelanjutan, jumlah emisi yang berpotensi dijual sebagai kredit karbon berasal dari gas TPA (landfill gas) di TPA Terjun.\n\nRincian Emisi\n- Kapasitas produksi gas TPA Terjun: 4.500 m³/jam\n- Jika dikonversi ke karbon dioksida (CO₂): ≈392.000 ton CO₂ per tahun (Setara dengan emisi dari ±85.000 mobil per tahun).\n\n1. Angka 392.000 ton CO₂ per tahun merupakan potensi total emisi yang dapat diolah dan dijual sebagai kredit karbon setelah dilakukan penangkapan dan pembakaran (flaring) gas metana di TPA.\n2. Untuk menjual kredit karbon ini, Pemerintah Kota Medan bersama Afvalzorg & Multriwell masih memerlukan:\na. Persetujuan prinsip dari Kementerian Lingkungan Hidup terkait penjualan kredit karbon internasional.\nb. Mendapatkan pembeli potensial, yang saat ini sudah mencakup tiga calon pembeli:\n- Mitra dari Korea Selatan\n- Mitra dari Swiss\n- Pemerintah Belanda"
2025 Disclosure Cycle,779465,CDP,54308,Coimbatore City Municipal Corporation,City,India,India,Public,Q6.1.2,"If you are using or plan to use carbon credits sold to or purchased from outside the jurisdiction or target boundary, provide details.",1,Row 1,We do not currently purchase or sell offset credit transactions,,,,,
2025 Disclosure Cycle,779465,CDP,54310,Government of Palembang,City,South East Asia & Oceania,Indonesia,Public,Q6.1.2,"If you are using or plan to use carbon credits sold to or purchased from outside the jurisdiction or target boundary, provide details.",1,Row 1,We do not currently purchase or sell offset credit transactions,,,,,Pada perhitungan inventarisasi gas rumah kaca kota palembang tahun 2023 dan tahun 2024 tidak menghitung kredit karbon yang dijual atau dibeli dalam wilayah yuridiksi Kota Palembang
2025 Disclosure Cycle,779465,CDP,54318,Government of Tangerang City,City,South East Asia & Oceania,Indonesia,Public,Q6.1.2,"If you are using or plan to use carbon credits sold to or purchased from outside the jurisdiction or target boundary, provide details.",1,Row 1,We do not currently purchase or sell offset credit transactions,,,,,saat ini kami belum melakukan jual beli karbon 
2025 Disclosure Cycle,779465,CDP,54327,Semarang City Government,City,South East Asia & Oceania,Indonesia,Public,Q6.1.2,"If you are using or plan to use carbon credits sold to or purchased from outside the jurisdiction or target boundary, provide details.",1,Row 1,We do not currently purchase or sell offset credit transactions,,,,,
2025 Disclosure Cycle,779465,CDP,54328,City of Niigata,City,Japan,Japan,Public,Q6.1.2,"If you are using or plan to use carbon credits sold to or purchased from outside the jurisdiction or target boundary, provide details.",1,Row 1,We do not currently purchase or sell offset credit transactions,,,,,
2025 Disclosure Cycle,779465,CDP,54329,Bogor City Government,City,South East Asia & Oceania,Indonesia,Public,Q6.1.2,"If you are using or plan to use carbon credits sold to or purchased from outside the jurisdiction or target boundary, provide details.",1,Row 1,We do not currently purchase or sell offset credit transactions,,,,,"Indonesia has established the Environmental Fund Management Agency (BPDLH), which is a non-echelon organizational unit in the field of environmental fund management under the Ministry of Finance and is responsible to the Minister of Finance through the Director General of Treasury. The BPDLH manages Environmental Funds in the fields of forestry, energy and mineral resources, carbon trading, environmental services, industry, transportation, agriculture, marine affairs and fisheries, as well as other fields related to the environment in accordance with policies established by the Minister of Finance and based on laws and regulations. However, only a few districts/cities or provinces have reported carbon credits and followed the process to obtain incentives. The city of Bogor has not yet reported carbon credits that can be claimed to the BPDLH."
2025 Disclosure Cycle,779465,CDP,54330,City of Kawasaki,City,Japan,Japan,Public,Q6.1.2,"If you are using or plan to use carbon credits sold to or purchased from outside the jurisdiction or target boundary, provide details.",1,Row 1,We do not currently purchase or sell offset credit transactions,,,,,現在取引なし
2025 Disclosure Cycle,779465,CDP,54331,City of Sagamihara,City,Japan,Japan,Public,Q6.1.2,"If you are using or plan to use carbon credits sold to or purchased from outside the jurisdiction or target boundary, provide details.",1,Row 1,We do not currently purchase or sell offset credit transactions,,,,,
2025 Disclosure Cycle,779465,CDP,54337,Greater Amman Municipality,City,UKWW,Jordan,Public,Q6.1.2,"If you are using or plan to use carbon credits sold to or purchased from outside the jurisdiction or target boundary, provide details.",1,Row 1,We do not currently purchase or sell offset credit transactions,,,,,"Amman is planning to use carbon credit for renewable energy projects, the biogas project is already listed in the UN website"
2025 Disclosure Cycle,779465,CDP,54339,Denpasar City Government,City,South East Asia & Oceania,Indonesia,Public,Q6.1.2,"If you are using or plan to use carbon credits sold to or purchased from outside the jurisdiction or target boundary, provide details.",1,Row 1,We do not currently purchase or sell offset credit transactions,,,,,"Saat ini DLHK Kota Denpasar tengah mengupayakan dengan baik bagaimana untuk pengurangan emisi yang disebababkan oleh sektor energi, pertanian, limbah, ippu dan kehutanan. seperti yang kita ketehaui Sektor energi berasal dari aktivitas secara langsung ( seperti penggunaan bahan bakar transportasi, pembakaran pembangkit listrik serta kegiatan kontruksi ) "
2025 Disclosure Cycle,779465,CDP,54341,Toyama City,City,Japan,Japan,Public,Q6.1.2,"If you are using or plan to use carbon credits sold to or purchased from outside the jurisdiction or target boundary, provide details.",1,Row 1,Offset credit transactions generated within the boundary and sold,,,,,
2025 Disclosure Cycle,779465,CDP,54345,City Government of Davao,City,South East Asia & Oceania,Philippines,Public,Q6.1.2,"If you are using or plan to use carbon credits sold to or purchased from outside the jurisdiction or target boundary, provide details.",1,Row 1,We do not currently purchase or sell offset credit transactions,,,,,"Offsetting efforts will focus on maximizing local carbon sinks instead of purchasing external carbon credits. These measures are consistent with Davao City's ecological and environmental stability strategy under the LCCAP 2024-2026 and ensure co-benefits for biodiversity, disaster resilience, and community livelihoods."
2025 Disclosure Cycle,779465,CDP,54348,The Local Government of Quezon City,City,South East Asia & Oceania,Philippines,Public,Q6.1.2,"If you are using or plan to use carbon credits sold to or purchased from outside the jurisdiction or target boundary, provide details.",1,Row 1,We do not currently purchase or sell offset credit transactions,,,,,No plan as of the moment to use carbon credits sold or purchased outside the jurisdiction
2025 Disclosure Cycle,779465,CDP,54349,Balikpapan City Government,City,South East Asia & Oceania,Indonesia,Public,Q6.1.2,"If you are using or plan to use carbon credits sold to or purchased from outside the jurisdiction or target boundary, provide details.",1,Row 1,We do not currently purchase or sell offset credit transactions,,,,,
2025 Disclosure Cycle,779465,CDP,54354,City Government of Makati,City,South East Asia & Oceania,Philippines,Public,Q6.1.2,"If you are using or plan to use carbon credits sold to or purchased from outside the jurisdiction or target boundary, provide details.",1,Row 1,We do not currently purchase or sell offset credit transactions,,,,,"The City Government of Makati has an on-going exploratory talks with Globe, a major provider of telecommunications services in the Philippines, who handles Gcash - the country's leading mobile wallet app. Inside Gcash, there is GForest feature that allows users to reforest the Philippines—one tree at a time. The way it works is simple: for every cashless transaction or eco-friendly activity done via the app, you gain green energy in the GForest section which enable users to plant tree in selected sites or watershed. In the plan, Makati will partner with its sister city with forest land and will serve as the Makati carbon forest by promoting to Makatizens more cashless transactions, more green energy, and more trees to plant in the area through the Gcash app."
2025 Disclosure Cycle,779465,CDP,54361,Petaling Jaya City Council,City,South East Asia & Oceania,Malaysia,Public,Q6.1.2,"If you are using or plan to use carbon credits sold to or purchased from outside the jurisdiction or target boundary, provide details.",1,Row 1,We do not currently purchase or sell offset credit transactions,,,,,"Malaysia is developing a Forest Carbon Offset (FCO) system to generate and trade carbon credits for forestry sector, creating a domestic market aligned with international standards with the Malaysia Forest Fund (MFF) spearheading the initiative. The government is also exploring a national carbon tax and has established the Bursa Carbon Exchange (BCX) to facilitate the trading of carbon credits and other environmental products. \n\nCurrently, Petaling Jaya aims to seek local, state, national and international funding sources in order to finance Petaling Jaya Climate Action Plan. The city council itself will fund local-level projects such as enhance implementation of Petaling Jaya's Assessment Tax Rebate Scheme for green initiative and installation of LED street lighting. State funding will be sought for larger infrastructure projects, and the city council will apply for national and international co-financing for more ambitious initiatives."
2025 Disclosure Cycle,779465,CDP,54385,Pak Kret City Municipality,City,South East Asia & Oceania,Thailand,Public,Q6.1.2,"If you are using or plan to use carbon credits sold to or purchased from outside the jurisdiction or target boundary, provide details.",1,Row 1,We do not currently purchase or sell offset credit transactions,,,,,
2025 Disclosure Cycle,779465,CDP,54386,Tainan City Government,City,China,East Asia,Public,Q6.1.2,"If you are using or plan to use carbon credits sold to or purchased from outside the jurisdiction or target boundary, provide details.",1,Row 1,Offset credit transactions generated within the boundary and sold,Target 1,0,Other: 抵換專案申請者，應檢具查驗機構確證之減量措施與相關數據文件，及其確證之總結報告，向中央主管機關申請註冊。,溫室氣體抵換專案管理辦法第8條中央主管機關審查計畫型抵換專案註冊申請，應注意下列事項：一、應採用中央主管機關認可之減量方法，包含聯合國清潔發展機制（以下簡稱清潔發展機制）執行委員會或其他經中央主管機關認可之減量方法。二、抵換專案應依清潔發展機制之外加性原則分析，並具備外加性；接受政府補助或其他形式收購之抵換專案，應確認其具備投資外加性，但符合前條第二項者，不在此限。三、依清潔發展機制減量專案範疇分類，為能源類型專案者，其計入期產生之總減量額度應大於五百公噸二氧化碳當量。四、依清潔發展機制減量專案範疇分類，為林業類型專案者，其植林之毗連面積應大於零點五公頃。五、計畫型抵換專案之計入期，規定如下：（一）林業類型專案：1.展延型：以二十年為限，得展延兩次。2.固定型：以三十年為限。（二）非林業類型專案：1.展延型：以七年為限，得展延兩次。2.固定型：以十年為限。前項第五款屬展延型計入期之計畫型抵換專案，專案申請者應於計入期到期日前六個月，檢具經確證之計畫型抵換專案計畫書及查驗機構出具之計畫型抵換專案確證總結報告辦理展延，經中央主管機關審查通過後，始得延續計入期。第12條 中央主管機關審查方案型抵換專案註冊申請，應注意下列事項：一、應採用中央主管機關認可之減量方法，包含清潔發展機制執行委員會或其他經中央主管機關認可之減量方法。二、方案型抵換專案之計入期應符合下列規定：（一）林業類型專案，以六十年為限。（二）非林業類型專案，以二十八年為限。三、子專案之計入期應符合下列規定：（一）林業類型專案：1.展延型：以二十年為限，得展延兩次。2.固定型：以三十年為限。（二）非林業類型專案：1.展延型：以七年為限，得展延兩次。2.固定型：以十年為限。四、已註冊之方案型抵換專案，於計入期期間內不限制申請新增子專案註冊件數。五、不重複申請子專案。,"環境部於2018年12月27日修正發布「溫室氣體抵換專案管理辦法」（以下簡稱抵換辦法），新增微型規模抵換專案類別（再生能源總裝置容量小於5,000瓩、節電量小於2,000萬度/年或溫室氣體排放量總減量小於2萬公噸CO2e/年），申請者僅需論證減量非屬法規應遵循事項即可提出，簡化申請作業程序，以鼓勵中小企業等小型排放源，並擴及運輸及住商部門皆可參與，促進各類型排放源減量技術發展。法規相關資訊可參閱：https://law.moj.gov.tw/LawClass/LawAll.aspx?pcode=O0020101。抵換專案申請程序分為註冊申請與額度申請兩個階段，以下分別說明，相關詳細資訊可至溫室氣體登錄平台查詢。註冊階段：依環保署認可之減量方法提出專案計畫書，並選擇環境部核可之查驗機構進行計畫書確證，經查驗機構確證通過後，始得向環境部申請註冊。額度申請：完成註冊後，依照註冊通過之專案計畫書執行專案並進行監測，並依實際監測結果計算減量績效且提出監測報告書，並選擇環境部核可的查驗機構進行監測報告書的查證。查證通過後得向環境部申請減量額度。由環境部溫室氣體減量抵換資訊平台(https://carbonoffset.moenv.gov.tw/)，則可查詢目前臺南市執行的抵換專案資訊，其中包含已註冊案件、已取得額度案件，但目前仍在推動階段尚未有額度轉移相關紀錄。"
2025 Disclosure Cycle,779465,CDP,54388,Iskandar Regional Development Authority,City,South East Asia & Oceania,Malaysia,Public,Q6.1.2,"If you are using or plan to use carbon credits sold to or purchased from outside the jurisdiction or target boundary, provide details.",1,Row 1,We do not currently purchase or sell offset credit transactions,,,,,"No, this target will not use carbon credit. The Asia Pacific Intergrated Model is a suite of scenario based quantitative tools to achieve a scientifically determined emissionreduction target. The AIM aimed to reduce greenhouse gas emission and avoiding the impacts of climate change."
2025 Disclosure Cycle,779465,CDP,54388,Iskandar Regional Development Authority,City,South East Asia & Oceania,Malaysia,Public,Q6.1.2,"If you are using or plan to use carbon credits sold to or purchased from outside the jurisdiction or target boundary, provide details.",2,Row 2,"Other: Malaysia's National Adaptation Plan (MyNAP) and studying the feasibility of developing a carbon pricing mechanism in Malaysia. A national policy on carbon market, aligned with the principles and requirements of Article 6 of the Paris Agreement,",Target 3,4285900,Carbon Registry,"Malaysia has made some progress in these areas \nby launching its first voluntary carbon market, \nthe Bursa Carbon Exchange (BCX) in 2022. This \nexchange allows companies to trade technology based and nature-based carbon credits through standardised contracts. Despite these positive move, Malaysia doesn't have a formal carbon pricing mechanism to limit GHG emissions and further accelerate economic decarbonisation, explore revenue opportunities for reinvestment in low-carbon growth and nature-based solutions, and prepare for emerging cross-border carbon taxes from other jurisdictions. In this regard, Malaysia is currently conducting a feasibility study on implementing carbon pricing mechanisms that suit its requirements and circumstances.","The National Climate Change Policy 2.0 is pivotal in steering Malaysia's climate action against the backdrop of evolving global and domestic landscapes. This policy integrates the requirements of the Paris Agreement into the national climate policy framework and addresses the latest development associated with climate \nchange. It serves as the authoritative source for the government to develop relevant regulatory instruments, including the National Climate Change Act and economic instruments such as carbon pricing and market. \n\nhttps://irda-my.sharepoint.com/:b:/g/personal/zarini_irda_com_my/ERB40vu20FVOkeSh-Nu2g1MB9_mou_5vs07HXtn2-4x8tQ?e=x5j5Eq\n\nMalaysia's Fourth National Communication (NC4) is prepared according to the guidance United Nations Framework on Climate Change (UNFCCC) Decision 17/CP.8. The report provides information on National Circumstances, National \nGreenhouse Gas (GHG) Inventory, Mitigation Assessment, Vulnerability Assessment and Adaptation Measures, Research and Systematic Observation, Capacity-building, Education, Public Awareness, Information-sharing and Networking and Constraints, Gaps, Level of Support Received and Needs.\n\nhttps://irda-my.sharepoint.com/:b:/g/personal/zarini_irda_com_my/EYRVVhM4rsNPg3mAtksa47MB1qaYi-8G8oZRBE1jtw3vdA?e=fRIcoK "
2025 Disclosure Cycle,779465,CDP,54389,Taichung City Government,City,China,East Asia,Public,Q6.1.2,"If you are using or plan to use carbon credits sold to or purchased from outside the jurisdiction or target boundary, provide details.",1,Row 1,"Other: We currently do not buy or sell offset credit transactions, but we plan to do so in the future.",Target 1,10,"Other: In the future, we plan to use Carbon Registry - a voluntary testing project. If there are any shortcomings, we plan to use other carbon credit quotas","In the future, we plan to use the Voluntary Measurement Project (Taiwan-Taichung City). If there are deficiencies, we plan to use other carbon credits.","We currently do not buy or sell offset credit transactions, but in the future, we plan to establish a Carbon Registry for voluntary measurement projects (Taiwan-Taichung City). If there are deficiencies, we plan to adopt additional carbon credits."
2025 Disclosure Cycle,779465,CDP,54391,Nonthaburi City Municipality,City,South East Asia & Oceania,Thailand,Public,Q6.1.2,"If you are using or plan to use carbon credits sold to or purchased from outside the jurisdiction or target boundary, provide details.",1,Row 1,We do not currently purchase or sell offset credit transactions,,,,,
2025 Disclosure Cycle,779465,CDP,54395,Taoyuan City Government,City,China,East Asia,Public,Q6.1.2,"If you are using or plan to use carbon credits sold to or purchased from outside the jurisdiction or target boundary, provide details.",1,Row 1,We do not currently purchase or sell offset credit transactions,,,,,N/A
2025 Disclosure Cycle,779465,CDP,54402,City of Lahti,City,Europe,Finland,Public,Q6.1.2,"If you are using or plan to use carbon credits sold to or purchased from outside the jurisdiction or target boundary, provide details.",2,Row 2,We do not currently purchase or sell offset credit transactions,,,,,"The city s committed to compensate all its remaining emissions from 2028 onwards. The city bought offsetting services to compensate for the city employees business flights during a couple of years starting from 2020, but this has stopped until we find better solutions. We were not entirely satisfied with the services tested, and uncertainties related to the efficiency of the offsets occurred, which lead us to stop buying the credits."
2025 Disclosure Cycle,779465,CDP,54403,City of Tampere,City,Europe,Finland,Public,Q6.1.2,"If you are using or plan to use carbon credits sold to or purchased from outside the jurisdiction or target boundary, provide details.",1,Row 1,We do not currently purchase or sell offset credit transactions,,,,,We intend to use carbon credits to offset residual emissions. The offsetting process will be examined during 2025.
2025 Disclosure Cycle,779465,CDP,54408,Aarhus Municipality,City,Europe,Denmark,Public,Q6.1.2,"If you are using or plan to use carbon credits sold to or purchased from outside the jurisdiction or target boundary, provide details.",1,Row 1,We do not currently purchase or sell offset credit transactions,,,,,The City Council has decided not to make use of carbon credits
2025 Disclosure Cycle,779465,CDP,54410,City of Oulu,City,Europe,Finland,Public,Q6.1.2,"If you are using or plan to use carbon credits sold to or purchased from outside the jurisdiction or target boundary, provide details.",1,Row 1,We do not currently purchase or sell offset credit transactions,,,,,Use of carbon credits is relevant for the carbon neutrality target year 2035. So far there has been no discussion on whether to purchase them before that.
2025 Disclosure Cycle,779465,CDP,54439,City of Münster,City,Europe,Germany,Public,Q6.1.2,"If you are using or plan to use carbon credits sold to or purchased from outside the jurisdiction or target boundary, provide details.",1,Row 1,We do not currently purchase or sell offset credit transactions,,,,,
2025 Disclosure Cycle,779465,CDP,54459,City of Reykjavík,City,Europe,Iceland,Public,Q6.1.2,"If you are using or plan to use carbon credits sold to or purchased from outside the jurisdiction or target boundary, provide details.",1,Row 1,Other: Reykjavik is looking into how carbon credits can be generated to offset emissions that can no be reduced to zero,Target 1,,Carbon Registry,"Reykjavik plans to generate carbon credits within its juristiction if possible. Probably some linked to waste management, some linked to wetland restoration, some linked to forestation. The city is exploring possibilities in this are with cities that are in a similar position, where electriciy and heating in the city is not generating any emissions.\nThis is still at its early levels, and the city would like to make sure that the credits will be fully werified and stored in a manner the financial markets require for transparency. The removals need to be real, measurable, additional and permanent and based on verification and processes to that, carbon credits will be issued by Reykjavik.","Based on its uniqe status in terms of electricity and heating of houses, Reykjavik is not in the position to generate carbon credits in the same manner many of the cities of Europe are planing to do. Burning bioenergy is simply not possible, as the amount needed to offset is not available.\n\n100% of Reykjavik's electricity comes from renewable sources, with over 70% from hydroelectric power and little under 30% from geothermal power.\nGeothermal district heating provides almost all residential heating in Reykjavik, a system operated by Reykjavik Energy"
2025 Disclosure Cycle,779465,CDP,54467,Municipality of Eindhoven,City,Europe,Netherlands,Public,Q6.1.2,"If you are using or plan to use carbon credits sold to or purchased from outside the jurisdiction or target boundary, provide details.",1,Row 1,We do not currently purchase or sell offset credit transactions,,,,,
2025 Disclosure Cycle,779465,CDP,54478,Municipality of Nijmegen,City,Europe,Netherlands,Public,Q6.1.2,"If you are using or plan to use carbon credits sold to or purchased from outside the jurisdiction or target boundary, provide details.",1,Row 1,We do not currently purchase or sell offset credit transactions,,,,,_
2025 Disclosure Cycle,779465,CDP,54484,Stavanger Municipality,City,Europe,Norway,Public,Q6.1.2,"If you are using or plan to use carbon credits sold to or purchased from outside the jurisdiction or target boundary, provide details.",1,Row 1,We do not currently purchase or sell offset credit transactions,,,,,
2025 Disclosure Cycle,779465,CDP,54488,Trondheim Municipality,City,Europe,Norway,Public,Q6.1.2,"If you are using or plan to use carbon credits sold to or purchased from outside the jurisdiction or target boundary, provide details.",1,Row 1,We do not currently purchase or sell offset credit transactions,,,,,
2025 Disclosure Cycle,779465,CDP,54492,Bergen Municipality,City,Europe,Norway,Public,Q6.1.2,"If you are using or plan to use carbon credits sold to or purchased from outside the jurisdiction or target boundary, provide details.",1,Row 1,We do not currently purchase or sell offset credit transactions,,,,,
2025 Disclosure Cycle,779465,CDP,54509,Jönköping Municipality,City,Europe,Sweden,Public,Q6.1.2,"If you are using or plan to use carbon credits sold to or purchased from outside the jurisdiction or target boundary, provide details.",1,Row 1,We do not currently purchase or sell offset credit transactions,,,,,
2025 Disclosure Cycle,779465,CDP,54513,Uppsala Municipality,City,Europe,Sweden,Public,Q6.1.2,"If you are using or plan to use carbon credits sold to or purchased from outside the jurisdiction or target boundary, provide details.",1,Row 1,We do not currently purchase or sell offset credit transactions,,,,,"The negative emissions should be local of origin and should take place 2030 at the latest. The amount stated, 236,914 metric tonnes, is the amount Uppsala (at most) will need to achieve net zero emissions the same year (2030)."
2025 Disclosure Cycle,779465,CDP,54513,Uppsala Municipality,City,Europe,Sweden,Public,Q6.1.2,"If you are using or plan to use carbon credits sold to or purchased from outside the jurisdiction or target boundary, provide details.",2,Row 2,We do not currently purchase or sell offset credit transactions,,,,,"The negative emissions will mostly, if not exclusively, be local of origin. 2040-2050. Negative emissions will at minimum be 10% of 1990 year value, i.e 144 000 metric tonnes CO2e, year 2040."
2025 Disclosure Cycle,779465,CDP,54518,City of Helsingborg,City,Europe,Sweden,Public,Q6.1.2,"If you are using or plan to use carbon credits sold to or purchased from outside the jurisdiction or target boundary, provide details.",1,Row 1,We do not currently purchase or sell offset credit transactions,,,,,"The strategy for carbon dioxide removal focus on actions within the municipality borders, such as\n\nBio-CCS\nBiochar\nIncrease the carbon sink in arable land\nIncrease vegetation (tree planting, etcetera)\n"
2025 Disclosure Cycle,779465,CDP,54519,Lund Municipality,City,Europe,Sweden,Public,Q6.1.2,"If you are using or plan to use carbon credits sold to or purchased from outside the jurisdiction or target boundary, provide details.",1,Row 1,We do not currently purchase or sell offset credit transactions,,,,,
2025 Disclosure Cycle,779465,CDP,54529,City of Leicester,City,UKWW,United Kingdom,Public,Q6.1.2,"If you are using or plan to use carbon credits sold to or purchased from outside the jurisdiction or target boundary, provide details.",1,Row 1,We do not currently purchase or sell offset credit transactions,,,,,n/a
2025 Disclosure Cycle,779465,CDP,54530,City of Brighton & Hove,City,UKWW,United Kingdom,Public,Q6.1.2,"If you are using or plan to use carbon credits sold to or purchased from outside the jurisdiction or target boundary, provide details.",1,Row 1,We do not currently purchase or sell offset credit transactions,,,,,"Brighton & Hove City Council is looking at options to generate more investment in local carbon-cutting projects. We are also looking at the potential for planting more trees and hedgerows on our Downland Estate, as well as other measures to increase carbon sequestration. "
2025 Disclosure Cycle,779465,CDP,54537,Sunderland City Council,City,UKWW,United Kingdom,Public,Q6.1.2,"If you are using or plan to use carbon credits sold to or purchased from outside the jurisdiction or target boundary, provide details.",1,Row 1,Other: See comment section,Target 1,0,Do not know,Do not know,"SSunderland already benefits from some natural offsetting. In 2023, the Forestry sector sequestered 7,000tCO2. Sunderland City Council are currently working to implement the Green Infrastructure Strategy and the Green Infrastructure Action and Delivery Plan, in addition to a number of tree planting projects such as the North East Community Forest. This will also increase natural offsetting.\n\nAside this, and in line with science-based recommendations provided by the Tyndall Centre and the Council's commitment to the revised UK100 pledge, Sunderland's priority is currently to reduce emissions at source before looking to offset or purchase carbon credits. However, it is widely acknowledged that Sunderland will have some unavoidable emissions and will look to explore the concept of carbon credits in the future.\nIn March 2024, Sunderland City Council's Cabinet agreed an approach to utilising appropriate Council owned land to deliver biodiversity net gain. Funding to deliver the gain will be secured as part of the planning process which will see the net gain maintained over a minimum 30 year period. Opportunities to build in offsetting / carbon credits in parallel to delivery of Biodiversity Net Gain through this approach will be explored and taken where appropriate.\nSunderland City Council have worked in partnership with the North East Combined Authority (NECA) in establishing the North East Carbon and Nature Marketplace. The Marketplace was launched in June 2025 and provides an online platform where buyers can invest in nature preservation and restoration projects or purchase carbon credits on projects within Sunderland and the wider North East area. Further details are available at https://marketplace.netzeronortheastengland.co.uk/hub\n"
2025 Disclosure Cycle,779465,CDP,54608,Alcaldia de Montería,City,Latin America,Colombia,Public,Q6.1.2,"If you are using or plan to use carbon credits sold to or purchased from outside the jurisdiction or target boundary, provide details.",1,Row 1,We do not currently purchase or sell offset credit transactions,,,,,
2025 Disclosure Cycle,779465,CDP,54637,Alcaldía de Cuenca,City,Latin America,Ecuador,Public,Q6.1.2,"If you are using or plan to use carbon credits sold to or purchased from outside the jurisdiction or target boundary, provide details.",1,Row 1,We do not currently purchase or sell offset credit transactions,,,,,"Si bien no tenemos actualmente una meta, sin embargo se ha dado inicio al proceso de Carbono Neutralidad para el Tranvia de Cuenca, mismo que inciará en el año 2026, contando actualmente con la información preparatoria para la contratación de la consultoria para la medición de emisiones en vias a una certificación de carbono neutralidad "
2025 Disclosure Cycle,779465,CDP,54647,Prefeitura de Jundiaí,City,Latin America,Brazil,Public,Q6.1.2,"If you are using or plan to use carbon credits sold to or purchased from outside the jurisdiction or target boundary, provide details.",1,Row 1,We do not currently purchase or sell offset credit transactions,,,,,"Não estamos usando créditos de carbono, nem na modalidade vendidos ou adquiridos. "
2025 Disclosure Cycle,779465,CDP,54650,Prefeitura de Palmas,City,Latin America,Brazil,Public,Q6.1.2,"If you are using or plan to use carbon credits sold to or purchased from outside the jurisdiction or target boundary, provide details.",1,Row 1,We do not currently purchase or sell offset credit transactions,,,,,"O avanço que esperamos alcançar está focado na implementação integral do Plano Municipal de Mudanças Climáticas (PMMC), fundamentado nas 15 linhas de ação de mitigação propostas. Um componente-chave desta estratégia é o alinhamento com o projeto REDD+ desenvolvido pelo Estado do Tocantins, buscando os seguintes objetivos:\n- Integrar as ações municipais de uso do solo com a estratégia estadual de REDD+ para maximizar a redução de emissões provenientes do desmatamento e da degradação florestal, ao mesmo tempo em que se promove a adaptação baseada em ecossistemas.\n- Estruturar as ações do PMMC e a colaboração com o REDD+ para viabilizar o acesso a recursos via Pagamentos por Serviços Ecossistêmicos (PSE). Planejamos utilizar a remuneração por créditos de carbono, tanto no mercado regulado quanto voluntário, como um dos modelos de financiamento para as atividades propostas.\n- Assegurar que as ações de conservação gerem benefícios adicionais, como a proteção da biodiversidade e a promoção do desenvolvimento sustentável para as comunidades locais, conforme previsto na estratégia de infraestrutura verde."
2025 Disclosure Cycle,779465,CDP,54693,Prefeitura Municipal de Ribeirão Preto,City,Latin America,Brazil,Public,Q6.1.2,"If you are using or plan to use carbon credits sold to or purchased from outside the jurisdiction or target boundary, provide details.",1,Row 1,We do not currently purchase or sell offset credit transactions,,,,,Sem comentários
2025 Disclosure Cycle,779465,CDP,55161,City of Iida,City,Japan,Japan,Public,Q6.1.2,"If you are using or plan to use carbon credits sold to or purchased from outside the jurisdiction or target boundary, provide details.",1,Row 1,We do not currently purchase or sell offset credit transactions,,,,,現在はオフセットクレジットの取引はしていませんが、森林吸収源を用いたJ-クレジット制度の活用を検討しています
2025 Disclosure Cycle,779465,CDP,55180,City of Shizuoka,City,Japan,Japan,Public,Q6.1.2,"If you are using or plan to use carbon credits sold to or purchased from outside the jurisdiction or target boundary, provide details.",1,Row 1,We do not currently purchase or sell offset credit transactions,,,,,
2025 Disclosure Cycle,779465,CDP,55317,County Galway,City,Europe,Ireland,Public,Q6.1.2,"If you are using or plan to use carbon credits sold to or purchased from outside the jurisdiction or target boundary, provide details.",1,Row 1,We do not currently purchase or sell offset credit transactions,,,,,N/A
2025 Disclosure Cycle,779465,CDP,55324,Municipality of Guimarães,City,Europe,Portugal,Public,Q6.1.2,"If you are using or plan to use carbon credits sold to or purchased from outside the jurisdiction or target boundary, provide details.",1,Row 1,We do not currently purchase or sell offset credit transactions,,,,,
2025 Disclosure Cycle,779465,CDP,55325,Municipality of Águeda,City,Europe,Portugal,Public,Q6.1.2,"If you are using or plan to use carbon credits sold to or purchased from outside the jurisdiction or target boundary, provide details.",1,Row 1,We do not currently purchase or sell offset credit transactions,,,,,
2025 Disclosure Cycle,779465,CDP,55334,Municipality of Braga,City,Europe,Portugal,Public,Q6.1.2,"If you are using or plan to use carbon credits sold to or purchased from outside the jurisdiction or target boundary, provide details.",1,Row 1,We do not currently purchase or sell offset credit transactions,,,,,
2025 Disclosure Cycle,779465,CDP,55468,"City of Thousand Oaks, CA",City,North America,United States of America,Public,Q6.1.2,"If you are using or plan to use carbon credits sold to or purchased from outside the jurisdiction or target boundary, provide details.",1,Row 1,We do not currently purchase or sell offset credit transactions,,,,,The City does not use or plan to use carbon credits.
2025 Disclosure Cycle,779465,CDP,55800,"City of Cambridge, MA",City,North America,United States of America,Public,Q6.1.2,"If you are using or plan to use carbon credits sold to or purchased from outside the jurisdiction or target boundary, provide details.",1,Row 1,We do not currently purchase or sell offset credit transactions,,,,,We do not currently purcahse offsets.
2025 Disclosure Cycle,779465,CDP,55801,"City of West Palm Beach, FL",City,North America,United States of America,Public,Q6.1.2,"If you are using or plan to use carbon credits sold to or purchased from outside the jurisdiction or target boundary, provide details.",1,Row 1,We do not currently purchase or sell offset credit transactions,,,,,N/A
2025 Disclosure Cycle,779465,CDP,56276,New Taipei City Government,City,China,East Asia,Public,Q6.1.2,"If you are using or plan to use carbon credits sold to or purchased from outside the jurisdiction or target boundary, provide details.",1,Row 1,We do not currently purchase or sell offset credit transactions,,,,,
2025 Disclosure Cycle,779465,CDP,57347,Pingtung County Government,City,China,East Asia,Public,Q6.1.2,"If you are using or plan to use carbon credits sold to or purchased from outside the jurisdiction or target boundary, provide details.",1,Row 1,Offset credit transactions generated within the boundary and sold,Target 1,3000,Clean Development Mechanism,period: under planningarea: Pingtung County,"為提升本縣碳匯量，本府與屏東林區管理處及台灣糖業公司合作，擬定藉由屏東縣潮州鎮林後四林平地森林園區核心經營區內既成林地資源基礎規劃約18.46公頃之碳匯專案示範區，以未來20年間造林地碳吸存的二氧化碳減量能力向行政院環保署申請「造林與植林碳匯專案活動」溫室氣體抵換專案以取得減量憑證，初估專案期間共能提供3,000噸二氧化碳當量的固碳效益。In order to increase carbon sinks, Pingtung County Government cooperate with Taiwan Sugar Corporation to make Linhousihlin forest park as a “carbon sink demonstration area.” The County government applied for “Afforestation and carbon sink project” to get 3,000 tons of carbon credit."
2025 Disclosure Cycle,779465,CDP,57347,Pingtung County Government,City,China,East Asia,Public,Q6.1.2,"If you are using or plan to use carbon credits sold to or purchased from outside the jurisdiction or target boundary, provide details.",2,Row 2,Offset credit transactions generated within the boundary and sold,Target 1,180.0,Clean Development Mechanism,period:2021-2031area: Pingtung County,"有鑑於本縣偏遠部落為用電不易又易受災的地區，常因強降雨爆發土石流，使聯外道路崩塌及電纜破壞，造而停電與通訊中斷，使救援及復電困難度提高。為減緩此困境，本府設置「自發自用型」防災型微電網，每處規劃由5.9 kW 太陽光電(10kW 混合型逆變器)、20 kW儲能電池、節能複合式管理控制系統與生質柴油發電機共同組成。 經評估，可連續不間斷使用72個小時，平時供應文化健康站或村辦公室電力，減少電費支出及碳排放量，無預警斷電或災變時，節能複合式管理控制系統可自動(亦可遠端與現場手動)轉換電力供給來源，維持基本照明、通訊及小型民生電器電力功能。There are many indigenous townships located in mountainous areas. Many tribes in these townships are prone to be affected by natural disasters. Mass movement caused by heavy precipitation results in traffic disruption and power outage, which is difficult for the rescue team to save victims and recover electricity supply. Consequently, Pingtung County Government sets up disaster prevention microgrid system (DPMS) to solve the problem. DPMS consists of 5.9 kW solar PV panels and 20kW batteries, which can supply electricity for 72 hours. DPMS can supply electricity for cultural centers, public health centers and township offices to reduce electricity bill and greenhouse gas emission in normal days and maintain emergency lights, communication and small domestic appliances during disasters."
2025 Disclosure Cycle,779465,CDP,57347,Pingtung County Government,City,China,East Asia,Public,Q6.1.2,"If you are using or plan to use carbon credits sold to or purchased from outside the jurisdiction or target boundary, provide details.",3,Row 3,Offset credit transactions generated within the boundary and sold,Target 1,17000.0,Clean Development Mechanism,period: 2020-2022area: Pingtung County,"為降低使用高污染鍋爐所產生之溫室氣體排放，本府協助業者將重油鍋爐汰換為天然氣，經計算約可減少1.7萬公噸CO2e排放量。With the aim of reducing greenhouse gas emission caused by high pollution boilers, Pingtung County Government assisted enterprises to replace heavy oil boilers and reduced 17,000 tons of CO2e."
2025 Disclosure Cycle,779465,CDP,57509,Prefeitura de Niterói,City,Latin America,Brazil,Public,Q6.1.2,"If you are using or plan to use carbon credits sold to or purchased from outside the jurisdiction or target boundary, provide details.",1,Row 1,We do not currently purchase or sell offset credit transactions,,,,,Esta jurisdição não tem planos para aquisição de créditos de carbono. 
2025 Disclosure Cycle,779465,CDP,58413,"City of Carmel, IN",City,North America,United States of America,Public,Q6.1.2,"If you are using or plan to use carbon credits sold to or purchased from outside the jurisdiction or target boundary, provide details.",1,Row 1,We do not currently purchase or sell offset credit transactions,,,,,
2025 Disclosure Cycle,779465,CDP,58489,Høje-Taastrup Municipality,City,Europe,Denmark,Public,Q6.1.2,"If you are using or plan to use carbon credits sold to or purchased from outside the jurisdiction or target boundary, provide details.",1,Row 1,We do not currently purchase or sell offset credit transactions,,,,,We do not view carbon credits as a viable solution to the green transition in the municipality
2025 Disclosure Cycle,779465,CDP,58513,"City of Medford, MA",City,North America,United States of America,Public,Q6.1.2,"If you are using or plan to use carbon credits sold to or purchased from outside the jurisdiction or target boundary, provide details.",1,Row 1,We do not currently purchase or sell offset credit transactions,,,,,n/a
2025 Disclosure Cycle,779465,CDP,58590,"City of Easton, PA",City,North America,United States of America,Public,Q6.1.2,"If you are using or plan to use carbon credits sold to or purchased from outside the jurisdiction or target boundary, provide details.",1,Row 1,We do not currently purchase or sell offset credit transactions,,,,,N/A
2025 Disclosure Cycle,779465,CDP,58595,Municipalidad de Belén,City,Latin America,Costa Rica,Public,Q6.1.2,"If you are using or plan to use carbon credits sold to or purchased from outside the jurisdiction or target boundary, provide details.",1,Row 1,We do not currently purchase or sell offset credit transactions,,,,,Por ahora no es algo que se realice en la ciudad. 
2025 Disclosure Cycle,779465,CDP,58613,City of York Council,City,UKWW,United Kingdom,Public,Q6.1.2,"If you are using or plan to use carbon credits sold to or purchased from outside the jurisdiction or target boundary, provide details.",1,Row 1,We do not currently purchase or sell offset credit transactions,,,,,"As our Climate Change Strategy states: Prioritising actions within the city boundary (insetting) to remove carbon dioxide from the atmosphere can provide additional environmental, social and financial benefit for York. https://www.york.gov.uk/ClimateChange10YearStrategyCommunity Woodland - https://www.york.gov.uk/YorkCommunityWoodland"
2025 Disclosure Cycle,779465,CDP,58616,Vijayawada Municipal Corporation,City,India,India,Public,Q6.1.2,"If you are using or plan to use carbon credits sold to or purchased from outside the jurisdiction or target boundary, provide details.",1,Row 1,We do not currently purchase or sell offset credit transactions,,,,,Vijayawada city might plan in the future to earn carbon credits
2025 Disclosure Cycle,779465,CDP,58668,"City of New Bedford, MA",City,North America,United States of America,Public,Q6.1.2,"If you are using or plan to use carbon credits sold to or purchased from outside the jurisdiction or target boundary, provide details.",1,Row 1,We do not currently purchase or sell offset credit transactions,,,,,N/A
2025 Disclosure Cycle,779465,CDP,58671,Helsingør Municipality,City,Europe,Denmark,Public,Q6.1.2,"If you are using or plan to use carbon credits sold to or purchased from outside the jurisdiction or target boundary, provide details.",1,Row 1,We do not currently purchase or sell offset credit transactions,,,,,
2025 Disclosure Cycle,779465,CDP,58866,Beşiktaş Municipality,City,UKWW,Türkiye,Public,Q6.1.2,"If you are using or plan to use carbon credits sold to or purchased from outside the jurisdiction or target boundary, provide details.",1,Row 1,Offset credit transactions purchased from outside of the boundary,Target 1,1953,Verified Carbon Standard,"Crediting Period and Country(ies)/Area(s) of Offsetting Efforts:\nIn 2021, Beşiktaş Municipality utilized carbon credits through a partnership with İSTAÇ, a local waste management and environmental services company, to offset the 2020 operational emissions of the Beşiktaş Municipality Building. This effort was limited to offsetting emissions related to the building's operations.\n\nCrediting Period: The carbon crediting period took place in 2021, covering the annual operational emissions of 2020.\n\nCountry/Area of Offsetting: The carbon credits were sourced locally within Turkey, through İSTAÇ's verified carbon offsetting projects.\n\nThis initiative was part of a broader effort to reduce the municipality's carbon footprint, focusing on the municipal building as a pilot project for future carbon-neutral operations.","In 2021, Beşiktaş Municipality initiated a carbon offsetting project to reduce its carbon footprint, focusing specifically on the 2020 emissions generated by its municipal building operations. Through a partnership with İSTAÇ, a local waste management and environmental services company, the municipality purchased 1953 tCO₂e of carbon credits under the Verified Carbon Standard (VCS).\n\nThe offsetting credits were sourced from İSTAÇ's verified projects within Turkey, making this initiative a localized effort to reduce emissions. The credits fully covered the building's operational emissions for the year 2020, serving as a pilot project for the municipality's broader goal of achieving carbon-neutral operations in the future.\n\nThis offsetting initiative is aligned with Beşiktaş Municipality's strategy to reduce its overall carbon footprint and represents a significant step toward more sustainable practices in municipal operations. By sourcing carbon credits locally, the municipality ensured that its efforts also supported domestic environmental goals. Future plans include expanding such initiatives to further reduce the emissions of other municipal facilities and services."
2025 Disclosure Cycle,779465,CDP,58866,Beşiktaş Municipality,City,UKWW,Türkiye,Public,Q6.1.2,"If you are using or plan to use carbon credits sold to or purchased from outside the jurisdiction or target boundary, provide details.",2,Row 2,Offset credit transactions purchased from outside of the boundary,Target 2,4164,Verified Carbon Standard,"Crediting Period and Country(ies)/Area(s) of Offsetting Efforts:\nIn 2020, Beşiktaş Municipality utilized carbon credits through a partnership with İSTAÇ, a local waste management and environmental services company, to offset the 2019 operational emissions of the Beşiktaş Municipality Building. This effort was limited to offsetting emissions related to the building's operations.\n\nCrediting Period: The carbon crediting period took place in 2020, covering the annual operational emissions of 2019.\n\nCountry/Area of Offsetting: The carbon credits were sourced locally within Turkey, through İSTAÇ's verified carbon offsetting projects.\n\nThis initiative was part of a broader effort to reduce the municipality's carbon footprint, focusing on the municipal building as a pilot project for future carbon-neutral operations.","In 2020, Beşiktaş Municipality took significant steps toward reducing its carbon footprint by offsetting the 2019 operational emissions of its municipal building. This initiative was carried out in partnership with İSTAÇ, a leading local waste management and environmental services company. Through this collaboration, the municipality purchased 4164 tCO₂e of carbon credits under the Verified Carbon Standard (VCS).\n\nThe carbon credits were sourced locally from İSTAÇ's verified projects in Turkey, ensuring that the municipality's offsetting efforts contributed to national environmental goals. The credits fully covered the building's operational emissions for the year 2019, aligning with the municipality's broader climate strategy to progress toward carbon neutrality in its operations.\n\nThis project not only addressed the emissions of a key municipal facility but also served as a pilot for future carbon-neutral initiatives across the municipality. Beşiktaş Municipality remains committed to expanding its carbon offsetting activities and integrating sustainable practices across its wider portfolio of operations."
2025 Disclosure Cycle,779465,CDP,58871,"City of Salem, MA",City,North America,United States of America,Public,Q6.1.2,"If you are using or plan to use carbon credits sold to or purchased from outside the jurisdiction or target boundary, provide details.",1,Row 1,We do not currently purchase or sell offset credit transactions,,,,,N/A
2025 Disclosure Cycle,779465,CDP,59151,City of Akureyri,City,Europe,Iceland,Public,Q6.1.2,"If you are using or plan to use carbon credits sold to or purchased from outside the jurisdiction or target boundary, provide details.",1,Row 1,We do not currently purchase or sell offset credit transactions,,,,,The integrity of available carbon credits is highly questionable.
2025 Disclosure Cycle,779465,CDP,59166,Municipalidad de Independencia,City,Latin America,Chile,Public,Q6.1.2,"If you are using or plan to use carbon credits sold to or purchased from outside the jurisdiction or target boundary, provide details.",1,Row 1,We do not currently purchase or sell offset credit transactions,,,,,Actualmente no compramos ni vendemos transacciones de créditos o compensaciones.
2025 Disclosure Cycle,779465,CDP,59167,Municipalidad de Providencia,City,Latin America,Chile,Public,Q6.1.2,"If you are using or plan to use carbon credits sold to or purchased from outside the jurisdiction or target boundary, provide details.",1,Row 1,We do not currently purchase or sell offset credit transactions,,,,,
2025 Disclosure Cycle,779465,CDP,59532,"City of Hoboken, NJ",City,North America,United States of America,Public,Q6.1.2,"If you are using or plan to use carbon credits sold to or purchased from outside the jurisdiction or target boundary, provide details.",1,Row 1,We do not currently purchase or sell offset credit transactions,,,,,N/A
2025 Disclosure Cycle,779465,CDP,59536,"City of Kitchener, ON",City,North America,Canada,Public,Q6.1.2,"If you are using or plan to use carbon credits sold to or purchased from outside the jurisdiction or target boundary, provide details.",1,Row 1,We do not currently purchase or sell offset credit transactions,,,,,
2025 Disclosure Cycle,779465,CDP,59537,"City of Denton, TX",City,North America,United States of America,Public,Q6.1.2,"If you are using or plan to use carbon credits sold to or purchased from outside the jurisdiction or target boundary, provide details.",1,Row 1,We do not currently purchase or sell offset credit transactions,,,,,
2025 Disclosure Cycle,779465,CDP,59538,"City of Mississauga, ON",City,North America,Canada,Public,Q6.1.2,"If you are using or plan to use carbon credits sold to or purchased from outside the jurisdiction or target boundary, provide details.",1,Row 1,We do not currently purchase or sell offset credit transactions,,,,,"City is updating its Climate Cange action Plan to determines the net-zero fare share target. Once the targets are set, City would like to conduct a research on offset policy setting, target setting."
2025 Disclosure Cycle,779465,CDP,59545,"City of Charlottesville, VA",City,North America,United States of America,Public,Q6.1.2,"If you are using or plan to use carbon credits sold to or purchased from outside the jurisdiction or target boundary, provide details.",1,Row 1,We do not currently purchase or sell offset credit transactions,,,,,
2025 Disclosure Cycle,779465,CDP,59563,"City of Takoma Park, MD",City,North America,United States of America,Public,Q6.1.2,"If you are using or plan to use carbon credits sold to or purchased from outside the jurisdiction or target boundary, provide details.",1,Row 1,We do not currently purchase or sell offset credit transactions,,,,,We do not currently purchase carbon offsets
2025 Disclosure Cycle,779465,CDP,59572,"District of Saanich, BC",City,North America,Canada,Public,Q6.1.2,"If you are using or plan to use carbon credits sold to or purchased from outside the jurisdiction or target boundary, provide details.",1,Row 1,We do not currently purchase or sell offset credit transactions,,,,,We are currently establishing a process to sell our low carbon fuel standard (LCFS) credits from the use of renewable electricity in our EV charging stations.
2025 Disclosure Cycle,779465,CDP,59588,"Town of Chapel Hill, NC",City,North America,United States of America,Public,Q6.1.2,"If you are using or plan to use carbon credits sold to or purchased from outside the jurisdiction or target boundary, provide details.",1,Row 1,We do not currently purchase or sell offset credit transactions,,,,,The Town does not currently use or plan to use carbon credits. 
2025 Disclosure Cycle,779465,CDP,59609,"City of Concord, CA",City,North America,United States of America,Public,Q6.1.2,"If you are using or plan to use carbon credits sold to or purchased from outside the jurisdiction or target boundary, provide details.",1,Row 1,We do not currently purchase or sell offset credit transactions,,,,,
2025 Disclosure Cycle,779465,CDP,59633,"City of Santa Cruz, CA",City,North America,United States of America,Public,Q6.1.2,"If you are using or plan to use carbon credits sold to or purchased from outside the jurisdiction or target boundary, provide details.",1,Row 1,We do not currently purchase or sell offset credit transactions,,,,,
2025 Disclosure Cycle,779465,CDP,59653,"City of Manhattan Beach, CA",City,North America,United States of America,Public,Q6.1.2,"If you are using or plan to use carbon credits sold to or purchased from outside the jurisdiction or target boundary, provide details.",1,Row 1,We do not currently purchase or sell offset credit transactions,,,,,
2025 Disclosure Cycle,779465,CDP,59677,"City of Mountain View, CA",City,North America,United States of America,Public,Q6.1.2,"If you are using or plan to use carbon credits sold to or purchased from outside the jurisdiction or target boundary, provide details.",1,Row 1,We do not currently purchase or sell offset credit transactions,,,,,N/A
2025 Disclosure Cycle,779465,CDP,59678,"City of Evanston, IL",City,North America,United States of America,Public,Q6.1.2,"If you are using or plan to use carbon credits sold to or purchased from outside the jurisdiction or target boundary, provide details.",1,Row 1,We do not currently purchase or sell offset credit transactions,,,,,Our municipality does not currently nor plan to use carbon credits. 
2025 Disclosure Cycle,779465,CDP,59696,"City of Longmont, CO",City,North America,United States of America,Public,Q6.1.2,"If you are using or plan to use carbon credits sold to or purchased from outside the jurisdiction or target boundary, provide details.",1,Row 1,We do not currently purchase or sell offset credit transactions,,,,,The City does not purchase or have any plans to purchase carbon credits.
2025 Disclosure Cycle,779465,CDP,59708,"City of Bethlehem, PA",City,North America,United States of America,Public,Q6.1.2,"If you are using or plan to use carbon credits sold to or purchased from outside the jurisdiction or target boundary, provide details.",1,Row 1,We do not currently purchase or sell offset credit transactions,,,,,
2025 Disclosure Cycle,779465,CDP,59956,Banda Aceh City Government,City,South East Asia & Oceania,Indonesia,Public,Q6.1.2,"If you are using or plan to use carbon credits sold to or purchased from outside the jurisdiction or target boundary, provide details.",1,Row 1,We do not currently purchase or sell offset credit transactions,,,,,So far we don't use carbon credit
2025 Disclosure Cycle,779465,CDP,59957,Samarinda City Government,City,South East Asia & Oceania,Indonesia,Public,Q6.1.2,"If you are using or plan to use carbon credits sold to or purchased from outside the jurisdiction or target boundary, provide details.",1,Row 1,We do not currently purchase or sell offset credit transactions,,,,,Currently the Samarinda city government has not yet implemented it to use carbon credits sold to or purchased from outside the jurisdiction or target boundary
2025 Disclosure Cycle,779465,CDP,59958,Tweed Shire Council,City,South East Asia & Oceania,Australia,Public,Q6.1.2,"If you are using or plan to use carbon credits sold to or purchased from outside the jurisdiction or target boundary, provide details.",1,Row 1,We do not currently purchase or sell offset credit transactions,,,,,
2025 Disclosure Cycle,779465,CDP,59985,City of Puerto Princesa,City,South East Asia & Oceania,Philippines,Public,Q6.1.2,"If you are using or plan to use carbon credits sold to or purchased from outside the jurisdiction or target boundary, provide details.",1,Row 1,We do not currently purchase or sell offset credit transactions,,,,,No policy on use of carbon credits yet.
2025 Disclosure Cycle,779465,CDP,59996,Batangas City,City,South East Asia & Oceania,Philippines,Public,Q6.1.2,"If you are using or plan to use carbon credits sold to or purchased from outside the jurisdiction or target boundary, provide details.",1,Row 1,We do not currently purchase or sell offset credit transactions,,,,,"As an LGU, we recognize that carbon credits may play an important role in our future climate actions, whether through the sale of credits generated from local projects or the purchase of credits to offset emissions we cannot directly reduce. At present, we have completed our GHG inventory, which serves as our starting point. Moving forward, we need to deepen our understanding of national policies and international standards on carbon trading, as well as identify whether our role will be to generate or to purchase credits. From there, we must prepare a clear plan and target—defining the sectors we aim to cover, the possible projects that can yield measurable and verifiable reductions, and the amount of emissions we seek to offset. Establishing a monitoring, reporting, and verification system will be critical to ensure credibility and compliance. We also recognize the need for partnerships with accredited verifiers and project developers, alongside budgetary preparation to support these processes. In the long run, our objective is to align our carbon credit initiatives with national climate commitments, while ensuring that our actions bring co-benefits such as biodiversity protection, community resilience, and livelihood opportunities."
2025 Disclosure Cycle,779465,CDP,59997,City of Iloilo,City,South East Asia & Oceania,Philippines,Public,Q6.1.2,"If you are using or plan to use carbon credits sold to or purchased from outside the jurisdiction or target boundary, provide details.",1,Row 1,Offset credit transactions generated within the boundary and sold,,,,,
2025 Disclosure Cycle,779465,CDP,59998,Narayanganj City Corporation,City,India,Bangladesh,Public,Q6.1.2,"If you are using or plan to use carbon credits sold to or purchased from outside the jurisdiction or target boundary, provide details.",1,Row 1,We do not currently purchase or sell offset credit transactions,,,,,
2025 Disclosure Cycle,779465,CDP,60003,Baguio City,City,South East Asia & Oceania,Philippines,Public,Q6.1.2,"If you are using or plan to use carbon credits sold to or purchased from outside the jurisdiction or target boundary, provide details.",1,Row 1,We do not currently purchase or sell offset credit transactions,,,,,
2025 Disclosure Cycle,779465,CDP,60007,City of Santa Rosa,City,South East Asia & Oceania,Philippines,Public,Q6.1.2,"If you are using or plan to use carbon credits sold to or purchased from outside the jurisdiction or target boundary, provide details.",1,Row 1,We do not currently purchase or sell offset credit transactions,,,,,
2025 Disclosure Cycle,779465,CDP,60019,Rajshahi City Corporation,City,India,Bangladesh,Public,Q6.1.2,"If you are using or plan to use carbon credits sold to or purchased from outside the jurisdiction or target boundary, provide details.",1,Row 1,We do not currently purchase or sell offset credit transactions,,,,,
2025 Disclosure Cycle,779465,CDP,60029,City of Cagayan de Oro,City,South East Asia & Oceania,Philippines,Public,Q6.1.2,"If you are using or plan to use carbon credits sold to or purchased from outside the jurisdiction or target boundary, provide details.",1,Row 1,We do not currently purchase or sell offset credit transactions,,,,,Not in the plan
2025 Disclosure Cycle,779465,CDP,60051,Kakinada Municipal Corporation,City,India,India,Public,Q6.1.2,"If you are using or plan to use carbon credits sold to or purchased from outside the jurisdiction or target boundary, provide details.",1,Row 1,We do not currently purchase or sell offset credit transactions,,,,,Kakinada city might plan in the future to earn carbon credits
2025 Disclosure Cycle,779465,CDP,60078,City of Lappeenranta,City,Europe,Finland,Public,Q6.1.2,"If you are using or plan to use carbon credits sold to or purchased from outside the jurisdiction or target boundary, provide details.",1,Row 1,We do not currently purchase or sell offset credit transactions,,,,,"We dont currently purchase carbon credits, but we plan to use credits for offsetting some residual emissions."
2025 Disclosure Cycle,779465,CDP,60102,Blackpool Council,City,UKWW,United Kingdom,Public,Q6.1.2,"If you are using or plan to use carbon credits sold to or purchased from outside the jurisdiction or target boundary, provide details.",1,Row 1,We do not currently purchase or sell offset credit transactions,,,,,"As stated in the Blackpool Council Climate Action Plan: Our aim is reducing emissions, not compensating for them. Therefore we will only ever use carbon offsetting as a last resort. We will only consider using such measures, like as peatland restoration elsewhere in Lancashire, and the mechanical removal of emissions through newly developing technology, only after all other options have been tried."
2025 Disclosure Cycle,779465,CDP,60104,Cambridge City Council,City,UKWW,United Kingdom,Public,Q6.1.2,"If you are using or plan to use carbon credits sold to or purchased from outside the jurisdiction or target boundary, provide details.",1,Row 1,We do not currently purchase or sell offset credit transactions,,,,,
2025 Disclosure Cycle,779465,CDP,60105,Kirklees Council,City,UKWW,United Kingdom,Public,Q6.1.2,"If you are using or plan to use carbon credits sold to or purchased from outside the jurisdiction or target boundary, provide details.",1,Row 1,We do not currently purchase or sell offset credit transactions,,,,,No additional comment to add
2025 Disclosure Cycle,779465,CDP,60108,Norwich City Council,City,UKWW,United Kingdom,Public,Q6.1.2,"If you are using or plan to use carbon credits sold to or purchased from outside the jurisdiction or target boundary, provide details.",1,Row 1,We do not currently purchase or sell offset credit transactions,,,,,
2025 Disclosure Cycle,779465,CDP,60112,City of Debrecen,City,Europe,Hungary,Public,Q6.1.2,"If you are using or plan to use carbon credits sold to or purchased from outside the jurisdiction or target boundary, provide details.",1,Row 1,We do not currently purchase or sell offset credit transactions,,,,,-
2025 Disclosure Cycle,779465,CDP,60113,Dundee City Council,City,UKWW,United Kingdom,Public,Q6.1.2,"If you are using or plan to use carbon credits sold to or purchased from outside the jurisdiction or target boundary, provide details.",1,Row 1,We do not currently purchase or sell offset credit transactions,,,,,The Council does not currently purchase or sell carbon credits/offset its emissions. 
2025 Disclosure Cycle,779465,CDP,60126,City of Tartu,City,Europe,Estonia,Public,Q6.1.2,"If you are using or plan to use carbon credits sold to or purchased from outside the jurisdiction or target boundary, provide details.",1,Row 1,We do not currently purchase or sell offset credit transactions,,,,,
2025 Disclosure Cycle,779465,CDP,60127,Municipality of Thessaloniki,City,Europe,Greece,Public,Q6.1.2,"If you are using or plan to use carbon credits sold to or purchased from outside the jurisdiction or target boundary, provide details.",1,Row 1,We do not currently purchase or sell offset credit transactions,,,,,Not applicable to greek Municipalities
2025 Disclosure Cycle,779465,CDP,60140,City of Nakuru,City,UKWW,Kenya,Public,Q6.1.2,"If you are using or plan to use carbon credits sold to or purchased from outside the jurisdiction or target boundary, provide details.",1,Row 1,We do not currently purchase or sell offset credit transactions,,,,,"Previously, carbon credit mechanisms were not addressed under County Government laws in Kenya. However, with the recent amendments to the Climate Change Act, carbon credits and their regulation are now explicitly recognized. Nakuru County plans to revise the Nakuru Climate Change Act 2021 to incorporate provisions for carbon credits and establish a framework to regulate and manage them locally.\n\nThis creates opportunities for Nakuru to develop carbon credit projects aligned with ongoing initiatives such as forest and tree cover expansion, river rehabilitation, agroforestry, and renewable energy adoption. Achieving these targets can be strengthened through partnerships with research institutions, development partners, NGOs, the private sector, and community organizations, which can provide technical support, financing, capacity building, and monitoring frameworks. Such collaborations will enhance community-led climate resilience, mobilize resources for sustainable initiatives, and ensure that carbon credit opportunities contribute meaningfully to the County's climate and development objectives."
2025 Disclosure Cycle,779465,CDP,60142,City of Kisumu,City,UKWW,Kenya,Public,Q6.1.2,"If you are using or plan to use carbon credits sold to or purchased from outside the jurisdiction or target boundary, provide details.",1,Row 1,We do not currently purchase or sell offset credit transactions,,,,,
2025 Disclosure Cycle,779465,CDP,60151,City of Tuzla (Bosnia-Herzegovina),City,Europe,Bosnia and Herzegovina,Public,Q6.1.2,"If you are using or plan to use carbon credits sold to or purchased from outside the jurisdiction or target boundary, provide details.",1,Row 1,We do not currently purchase or sell offset credit transactions,,,,,
2025 Disclosure Cycle,779465,CDP,60165,Municipality of Fuenlabrada,City,Europe,Spain,Public,Q6.1.2,"If you are using or plan to use carbon credits sold to or purchased from outside the jurisdiction or target boundary, provide details.",1,Row 1,We do not currently purchase or sell offset credit transactions,,,,,
2025 Disclosure Cycle,779465,CDP,60178,Linköping Municipality,City,Europe,Sweden,Public,Q6.1.2,"If you are using or plan to use carbon credits sold to or purchased from outside the jurisdiction or target boundary, provide details.",1,Row 1,We do not currently purchase or sell offset credit transactions,,,,,We are not planning to use carbon credits.
2025 Disclosure Cycle,779465,CDP,60183,City of Rzeszów,City,Europe,Poland,Public,Q6.1.2,"If you are using or plan to use carbon credits sold to or purchased from outside the jurisdiction or target boundary, provide details.",1,Row 1,We do not currently purchase or sell offset credit transactions,,,,,
2025 Disclosure Cycle,779465,CDP,60187,City of Solna,City,Europe,Sweden,Public,Q6.1.2,"If you are using or plan to use carbon credits sold to or purchased from outside the jurisdiction or target boundary, provide details.",1,Row 1,We do not currently purchase or sell offset credit transactions,,,,,
2025 Disclosure Cycle,779465,CDP,60216,Växjö Municipality,City,Europe,Sweden,Public,Q6.1.2,"If you are using or plan to use carbon credits sold to or purchased from outside the jurisdiction or target boundary, provide details.",1,Row 1,We do not currently purchase or sell offset credit transactions,,,,,"We, as an organisation, can not buy credits to cover for emissions that other stakeholders are responsible for in the geographic area"
2025 Disclosure Cycle,779465,CDP,60226,Luleå Municipality,City,Europe,Sweden,Public,Q6.1.2,"If you are using or plan to use carbon credits sold to or purchased from outside the jurisdiction or target boundary, provide details.",1,Row 1,We do not currently purchase or sell offset credit transactions,,,,,There is nothing being worked on either.\n
2025 Disclosure Cycle,779465,CDP,60236,Trelleborg Municipality,City,Europe,Sweden,Public,Q6.1.2,"If you are using or plan to use carbon credits sold to or purchased from outside the jurisdiction or target boundary, provide details.",1,Row 1,We do not currently purchase or sell offset credit transactions,,,,,
2025 Disclosure Cycle,779465,CDP,60349,Prefeitura de São Leopoldo,City,Latin America,Brazil,Public,Q6.1.2,"If you are using or plan to use carbon credits sold to or purchased from outside the jurisdiction or target boundary, provide details.",1,Row 1,We do not currently purchase or sell offset credit transactions,,,,,
2025 Disclosure Cycle,779465,CDP,60407,Municipalidad de Colina,City,Latin America,Chile,Public,Q6.1.2,"If you are using or plan to use carbon credits sold to or purchased from outside the jurisdiction or target boundary, provide details.",1,Row 1,We do not currently purchase or sell offset credit transactions,,,,,
2025 Disclosure Cycle,779465,CDP,60410,Municipalidad de Peñalolén,City,Latin America,Chile,Public,Q6.1.2,"If you are using or plan to use carbon credits sold to or purchased from outside the jurisdiction or target boundary, provide details.",1,Row 1,We do not currently purchase or sell offset credit transactions,,,,,"Peñalolén es parte de la mesa de trabajo del artículo 6 del acuerdo de París en Chile, que está generando un marco legal para que los gobiernos locales (municipios) participen en mecanismos de transaccción de \'bonos de carbono\'. "
2025 Disclosure Cycle,779465,CDP,60433,Hvidovre Municipality,City,Europe,Denmark,Public,Q6.1.2,"If you are using or plan to use carbon credits sold to or purchased from outside the jurisdiction or target boundary, provide details.",1,Row 1,We do not currently purchase or sell offset credit transactions,,,,,We are not planning on using carbon credits sold to og purchased from outside the jurisdiction or target boundary
2025 Disclosure Cycle,779465,CDP,60588,City of Alba Iulia,City,Europe,Romania,Public,Q6.1.2,"If you are using or plan to use carbon credits sold to or purchased from outside the jurisdiction or target boundary, provide details.",1,Row 1,We do not currently purchase or sell offset credit transactions,,,,,
2025 Disclosure Cycle,779465,CDP,60599,"Town of Bridgewater, NS",City,North America,Canada,Public,Q6.1.2,"If you are using or plan to use carbon credits sold to or purchased from outside the jurisdiction or target boundary, provide details.",1,Row 1,We do not currently purchase or sell offset credit transactions,,,,,No carbon credits available to our jurisdiction
2025 Disclosure Cycle,779465,CDP,60602,"Town of Ajax, ON",City,North America,Canada,Public,Q6.1.2,"If you are using or plan to use carbon credits sold to or purchased from outside the jurisdiction or target boundary, provide details.",1,Row 1,We do not currently purchase or sell offset credit transactions,,,,,NA
2025 Disclosure Cycle,779465,CDP,60625,Dire Dawa,City,UKWW,Ethiopia,Public,Q6.1.2,"If you are using or plan to use carbon credits sold to or purchased from outside the jurisdiction or target boundary, provide details.",1,Row 1,We do not currently purchase or sell offset credit transactions,,,,,
2025 Disclosure Cycle,779465,CDP,60656,"City of Piedmont, CA",City,North America,United States of America,Public,Q6.1.2,"If you are using or plan to use carbon credits sold to or purchased from outside the jurisdiction or target boundary, provide details.",1,Row 1,We do not currently purchase or sell offset credit transactions,,,,,
2025 Disclosure Cycle,779465,CDP,60892,Municipalidad de Punta Arenas,City,Latin America,Chile,Public,Q6.1.2,"If you are using or plan to use carbon credits sold to or purchased from outside the jurisdiction or target boundary, provide details.",1,Row 1,We do not currently purchase or sell offset credit transactions,,,,,"Para una próxima actualización del plan de acción comunal de cambio climático, se integrará el uso de créditos de carbono."
2025 Disclosure Cycle,779465,CDP,60905,Municipalidad de Maipú,City,Latin America,Chile,Public,Q6.1.2,"If you are using or plan to use carbon credits sold to or purchased from outside the jurisdiction or target boundary, provide details.",1,Row 1,We do not currently purchase or sell offset credit transactions,,,,,
2025 Disclosure Cycle,779465,CDP,60906,Municipalidad de Vitacura,City,Latin America,Chile,Public,Q6.1.2,"If you are using or plan to use carbon credits sold to or purchased from outside the jurisdiction or target boundary, provide details.",1,Row 1,We do not currently purchase or sell offset credit transactions,,,,,No está en carpeta la compra o venta de bonos de carbono
2025 Disclosure Cycle,779465,CDP,61467,Dipolog City,City,South East Asia & Oceania,Philippines,Public,Q6.1.2,"If you are using or plan to use carbon credits sold to or purchased from outside the jurisdiction or target boundary, provide details.",1,Row 1,We do not currently purchase or sell offset credit transactions,,,,,
2025 Disclosure Cycle,779465,CDP,62171,Metropolitan Municipality of Rouen,City,Europe,France,Public,Q6.1.2,"If you are using or plan to use carbon credits sold to or purchased from outside the jurisdiction or target boundary, provide details.",1,Row 1,We do not currently purchase or sell offset credit transactions,,,,,
2025 Disclosure Cycle,779465,CDP,62407,Blacktown City Council,City,South East Asia & Oceania,Australia,Public,Q6.1.2,"If you are using or plan to use carbon credits sold to or purchased from outside the jurisdiction or target boundary, provide details.",1,Row 1,Offset credit transactions purchased from outside of the boundary,Target 1,39677.3,Carbon Registry,Iberdrola's renewable energy facilities in Australia under the Renewable Energy Target,"Under our electricity contract with Iberdrola, we will purchase renewable large-scale generation certificates (LGCs) equal to our actual electricity consumption (1 LGC per MWh) from 01/01/2025 - 31/12/2029. During this time, our operational electricity will be considered renewable. A total cost of $59,119.18. All of these offsets (100%) were sourced from the Guodian Wuqi Zhouwan 1st 49.5MW Wind Power Project in China"
2025 Disclosure Cycle,779465,CDP,62791,City of Botoșani,City,Europe,Romania,Public,Q6.1.2,"If you are using or plan to use carbon credits sold to or purchased from outside the jurisdiction or target boundary, provide details.",1,Row 1,We do not currently purchase or sell offset credit transactions,,,,,
2025 Disclosure Cycle,779465,CDP,62793,City of Ploiești,City,Europe,Romania,Public,Q6.1.2,"If you are using or plan to use carbon credits sold to or purchased from outside the jurisdiction or target boundary, provide details.",1,Row 1,We do not currently purchase or sell offset credit transactions,,,,,NA
2025 Disclosure Cycle,779465,CDP,62795,City of Brașov,City,Europe,Romania,Public,Q6.1.2,"If you are using or plan to use carbon credits sold to or purchased from outside the jurisdiction or target boundary, provide details.",1,Row 1,We do not currently purchase or sell offset credit transactions,,,,,Not the case. 
2025 Disclosure Cycle,779465,CDP,62800,City of Bistrița,City,Europe,Romania,Public,Q6.1.2,"If you are using or plan to use carbon credits sold to or purchased from outside the jurisdiction or target boundary, provide details.",1,Row 1,We do not currently purchase or sell offset credit transactions,,,,,"The current plan includes strategies for residual emissions, with a strong emphasis on nature-based solutions. Key actions include increasing green infrastructure, developing new urban habitats, and planting climate-resilient trees with high carbon absorption capacity.\nIn terms of Transport, CNAP 2035 proposes city-wide implementation of measures such as expanding cycling and pedestrian infrastructure, introducing congestion charges and low emission zones, incentivizing alternative mobility options, particularly electric vehicles, promoting public transportation through improved infrastructure and awareness campaigns and creating mobility plans for various social groups, aiming to reduce dependency on private fossil-fuel vehicles"
2025 Disclosure Cycle,779465,CDP,63562,"City of South Bend, IN",City,North America,United States of America,Public,Q6.1.2,"If you are using or plan to use carbon credits sold to or purchased from outside the jurisdiction or target boundary, provide details.",1,Row 1,We do not currently purchase or sell offset credit transactions,,,,,N/A
2025 Disclosure Cycle,779465,CDP,63608,City of Melville,City,South East Asia & Oceania,Australia,Public,Q6.1.2,"If you are using or plan to use carbon credits sold to or purchased from outside the jurisdiction or target boundary, provide details.",1,Row 1,We do not currently purchase or sell offset credit transactions,,,,,
2025 Disclosure Cycle,779465,CDP,63836,Vadodara Municipal Corporation,City,India,India,Public,Q6.1.2,"If you are using or plan to use carbon credits sold to or purchased from outside the jurisdiction or target boundary, provide details.",1,Row 1,We do not currently purchase or sell offset credit transactions,,,,,N/A
2025 Disclosure Cycle,779465,CDP,63941,"Broward County, FL",City,North America,United States of America,Public,Q6.1.2,"If you are using or plan to use carbon credits sold to or purchased from outside the jurisdiction or target boundary, provide details.",1,Row 1,We do not currently purchase or sell offset credit transactions,,,,,We do not use carbon credits for GHG emissions-reductions targets.
2025 Disclosure Cycle,779465,CDP,64014,"City of Cupertino, CA",City,North America,United States of America,Public,Q6.1.2,"If you are using or plan to use carbon credits sold to or purchased from outside the jurisdiction or target boundary, provide details.",1,Row 1,We do not currently purchase or sell offset credit transactions,,,,,
2025 Disclosure Cycle,779465,CDP,68250,City of Canada Bay,City,South East Asia & Oceania,Australia,Public,Q6.1.2,"If you are using or plan to use carbon credits sold to or purchased from outside the jurisdiction or target boundary, provide details.",1,Row 1,We do not currently purchase or sell offset credit transactions,,,,,
2025 Disclosure Cycle,779465,CDP,68265,Georges River Council,City,South East Asia & Oceania,Australia,Public,Q6.1.2,"If you are using or plan to use carbon credits sold to or purchased from outside the jurisdiction or target boundary, provide details.",1,Row 1,We do not currently purchase or sell offset credit transactions,,,,,
2025 Disclosure Cycle,779465,CDP,68267,Sutherland Shire Council,City,South East Asia & Oceania,Australia,Public,Q6.1.2,"If you are using or plan to use carbon credits sold to or purchased from outside the jurisdiction or target boundary, provide details.",1,Row 1,We do not currently purchase or sell offset credit transactions,,,,,"We are investigating off sets for Council's corporate emissions, but not community emissions"
2025 Disclosure Cycle,779465,CDP,69824,Västervik Municipality,City,Europe,Sweden,Public,Q6.1.2,"If you are using or plan to use carbon credits sold to or purchased from outside the jurisdiction or target boundary, provide details.",1,Row 1,We do not currently purchase or sell offset credit transactions,,,,,
2025 Disclosure Cycle,779465,CDP,70247,Hsinchu City Government,City,China,East Asia,Public,Q6.1.2,"If you are using or plan to use carbon credits sold to or purchased from outside the jurisdiction or target boundary, provide details.",1,Row 1,We do not currently purchase or sell offset credit transactions,,,,,無
2025 Disclosure Cycle,779465,CDP,73295,"City of La Crosse, WI",City,North America,United States of America,Public,Q6.1.2,"If you are using or plan to use carbon credits sold to or purchased from outside the jurisdiction or target boundary, provide details.",1,Row 1,We do not currently purchase or sell offset credit transactions,,,,,"La Crosse does not currently purchase carbon credits, but the Climate Action Plan does call for the purchases of Renewable Energy Credits and developing its own carbon credit program for farmers that carbon sequestrate "
2025 Disclosure Cycle,779465,CDP,73413,Commune de Cocody,City,UKWW,Côte d'Ivoire,Public,Q6.1.2,"If you are using or plan to use carbon credits sold to or purchased from outside the jurisdiction or target boundary, provide details.",1,Row 1,We do not currently purchase or sell offset credit transactions,,,,,L'appropriation du concept de crédits carbones se fait tout doucement avec la mise en place de l'environnement indiqué pour son opérationnalisation. 
2025 Disclosure Cycle,779465,CDP,73645,KwaDukuza,City,UKWW,South Africa,Public,Q6.1.2,"If you are using or plan to use carbon credits sold to or purchased from outside the jurisdiction or target boundary, provide details.",1,Row 1,We do not currently purchase or sell offset credit transactions,,,,,
2025 Disclosure Cycle,779465,CDP,73666,"Cuyahoga County, OH",City,North America,United States of America,Public,Q6.1.2,"If you are using or plan to use carbon credits sold to or purchased from outside the jurisdiction or target boundary, provide details.",1,Row 1,We do not currently purchase or sell offset credit transactions,,,,,At this time Cuyahoga County does not purchase carbon credits. 
2025 Disclosure Cycle,779465,CDP,73669,"San Luis Obispo, CA",City,North America,United States of America,Public,Q6.1.2,"If you are using or plan to use carbon credits sold to or purchased from outside the jurisdiction or target boundary, provide details.",1,Row 1,We do not currently purchase or sell offset credit transactions,,,,,
2025 Disclosure Cycle,779465,CDP,73678,Chañar Ladeado,City,Latin America,Argentina,Public,Q6.1.2,"If you are using or plan to use carbon credits sold to or purchased from outside the jurisdiction or target boundary, provide details.",1,Row 1,We do not currently purchase or sell offset credit transactions,,,,,Ninguno
2025 Disclosure Cycle,779465,CDP,73725,Guaminí,City,Latin America,Argentina,Public,Q6.1.2,"If you are using or plan to use carbon credits sold to or purchased from outside the jurisdiction or target boundary, provide details.",1,Row 1,We do not currently purchase or sell offset credit transactions,,,,,ninguno
2025 Disclosure Cycle,779465,CDP,73738,Khon Kaen City Municipality,City,South East Asia & Oceania,Thailand,Public,Q6.1.2,"If you are using or plan to use carbon credits sold to or purchased from outside the jurisdiction or target boundary, provide details.",1,Row 1,We do not currently purchase or sell offset credit transactions,,,,,
2025 Disclosure Cycle,779465,CDP,73746,Probolinggo,City,South East Asia & Oceania,Indonesia,Public,Q6.1.2,"If you are using or plan to use carbon credits sold to or purchased from outside the jurisdiction or target boundary, provide details.",1,Row 1,We do not currently purchase or sell offset credit transactions,,,,,"At present, the City of Probolinggo neither purchases nor sells carbon credits outside its jurisdiction or target boundary, and there are no plans to do so in the near future. Instead, the City is focusing on direct actions to reduce greenhouse gas emissions within its own territory through local mitigation and adaptation initiatives. This approach reflects our commitment to ensuring that emission reductions are achieved through tangible efforts at the community and city level, rather than relying on external offsets"
2025 Disclosure Cycle,779465,CDP,73750,Tarakan City,City,South East Asia & Oceania,Indonesia,Public,Q6.1.2,"If you are using or plan to use carbon credits sold to or purchased from outside the jurisdiction or target boundary, provide details.",1,Row 1,We do not currently purchase or sell offset credit transactions,,,,,Our city still lacks adequate human resource support and funding to calculate carbon credits and implement them.
2025 Disclosure Cycle,779465,CDP,73755,Legazpi City,City,South East Asia & Oceania,Philippines,Public,Q6.1.2,"If you are using or plan to use carbon credits sold to or purchased from outside the jurisdiction or target boundary, provide details.",1,Row 1,We do not currently purchase or sell offset credit transactions,,,,,
2025 Disclosure Cycle,779465,CDP,73758,Mataram City,City,South East Asia & Oceania,Indonesia,Public,Q6.1.2,"If you are using or plan to use carbon credits sold to or purchased from outside the jurisdiction or target boundary, provide details.",1,Row 1,We do not currently purchase or sell offset credit transactions,,,,,requires sufficient time to inventory and calculate tradable carbon
2025 Disclosure Cycle,779465,CDP,73759,Jambi City,City,South East Asia & Oceania,Indonesia,Public,Q6.1.2,"If you are using or plan to use carbon credits sold to or purchased from outside the jurisdiction or target boundary, provide details.",1,Row 1,We do not currently purchase or sell offset credit transactions,,,,,Pemerintah Kota Jambi berkomitmen dapat berkontribusi pada kredit karbon di masa depan
2025 Disclosure Cycle,779465,CDP,73763,San Carlos City,City,South East Asia & Oceania,Philippines,Public,Q6.1.2,"If you are using or plan to use carbon credits sold to or purchased from outside the jurisdiction or target boundary, provide details.",1,Row 1,Other: -,,,,,
2025 Disclosure Cycle,779465,CDP,73810,"Miami-Dade, FL",City,North America,United States of America,Public,Q6.1.2,"If you are using or plan to use carbon credits sold to or purchased from outside the jurisdiction or target boundary, provide details.",1,Row 1,We do not currently purchase or sell offset credit transactions,,,,,NA
2025 Disclosure Cycle,779465,CDP,73879,Roskilde Municipality,City,Europe,Denmark,Public,Q6.1.2,"If you are using or plan to use carbon credits sold to or purchased from outside the jurisdiction or target boundary, provide details.",1,Row 1,We do not currently purchase or sell offset credit transactions,,,,,
2025 Disclosure Cycle,779465,CDP,73892,Holbæk Municipality,City,Europe,Denmark,Public,Q6.1.2,"If you are using or plan to use carbon credits sold to or purchased from outside the jurisdiction or target boundary, provide details.",1,Row 1,We do not currently purchase or sell offset credit transactions,,,,,
2025 Disclosure Cycle,779465,CDP,74296,Pekalongan,City,South East Asia & Oceania,Indonesia,Public,Q6.1.2,"If you are using or plan to use carbon credits sold to or purchased from outside the jurisdiction or target boundary, provide details.",1,Row 1,We do not currently purchase or sell offset credit transactions,,,,,Terbatasnya informasi tentang jual-beli karbon.
2025 Disclosure Cycle,779465,CDP,74302,Bandar Lampung City,City,South East Asia & Oceania,Indonesia,Public,Q6.1.2,"If you are using or plan to use carbon credits sold to or purchased from outside the jurisdiction or target boundary, provide details.",1,Row 1,We do not currently purchase or sell offset credit transactions,,,,,"At present, Bandar Lampung does not engage in the purchase or sale of carbon credits. The city's emission reduction efforts are focused on direct mitigation actions within the jurisdiction, such as improving waste management, promoting sustainable transport, and enhancing energy efficiency. The option of using carbon credits may be considered in the future if aligned with national policy and local development priorities"
2025 Disclosure Cycle,779465,CDP,74325,Pontianak,City,South East Asia & Oceania,Indonesia,Public,Q6.1.2,"If you are using or plan to use carbon credits sold to or purchased from outside the jurisdiction or target boundary, provide details.",1,Row 1,We do not currently purchase or sell offset credit transactions,,,,,"The Pontianak City Government can also contribute to achieving Indonesia's NDC target, through mitigation actions funded by the Pontianak City Government's regional government budget (APBD) and/or in collaboration with business entities and/or through donor country funding. Especially for mitigation action activities funded by donor countries, care needs to be taken because all domestic mitigation actions are prioritized to meet NDC targets. If a reduction in GHG emissions is to be claimed by a donor country, it must obtain government approval, as regulated in Presidential Regulation Number 98 of 2021 concerning Carbon Pricing."
2025 Disclosure Cycle,779465,CDP,74332,Manado City,City,South East Asia & Oceania,Indonesia,Public,Q6.1.2,"If you are using or plan to use carbon credits sold to or purchased from outside the jurisdiction or target boundary, provide details.",1,Row 1,We do not currently purchase or sell offset credit transactions,,,,,"Pemerintah Kota Manado telah menyusun Kajian Nilai ekonomi Karbon Kota Manado tapi belum mendaftar ke Pasar Bursa Karbon (Sistem Registri Nasional). \nKota Manado dapat ikut meraih manfaat tersebut dengan mendaftarkan proyek rendah karbon (energi bersih, pengelolaan sampah, konservasi) ke dalam Sistem Registri Nasional dan mendapatkan sertifikat pengurangan emisi (SPE-GRK) yang dapat diperjualbelikan. Misalnya, proyek PLTP Lahendong telah menerbitkan +6.260 ton CO₂ kredit pada 2023; hal serupa bisa dilakukan di Manado dengan sumber energi terbarukan setempat"
2025 Disclosure Cycle,779465,CDP,74334,Cirebon City,City,South East Asia & Oceania,Indonesia,Public,Q6.1.2,"If you are using or plan to use carbon credits sold to or purchased from outside the jurisdiction or target boundary, provide details.",1,Row 1,We do not currently purchase or sell offset credit transactions,,,,,"The City of Cirebon does not currently engage in the purchase or sale of carbon credits. At present, carbon credit mechanisms and transactions are managed at the national level. The city follows national policies and will consider future participation once local implementation mechanisms are established."
2025 Disclosure Cycle,779465,CDP,74346,Bengkulu City,City,South East Asia & Oceania,Indonesia,Public,Q6.1.2,"If you are using or plan to use carbon credits sold to or purchased from outside the jurisdiction or target boundary, provide details.",1,Row 1,We do not currently purchase or sell offset credit transactions,,,,,forest area in Bengkulu city is small
2025 Disclosure Cycle,779465,CDP,74350,Jayapura City,City,South East Asia & Oceania,Indonesia,Public,Q6.1.2,"If you are using or plan to use carbon credits sold to or purchased from outside the jurisdiction or target boundary, provide details.",1,Row 1,We do not currently purchase or sell offset credit transactions,,,,,The process for purchasing and selling carbon is unknown to us.
2025 Disclosure Cycle,779465,CDP,74371,Himeji,City,Japan,Japan,Public,Q6.1.2,"If you are using or plan to use carbon credits sold to or purchased from outside the jurisdiction or target boundary, provide details.",1,Row 1,We do not currently purchase or sell offset credit transactions,,,,,
2025 Disclosure Cycle,779465,CDP,74401,"City of Encinitas, CA",City,North America,United States of America,Public,Q6.1.2,"If you are using or plan to use carbon credits sold to or purchased from outside the jurisdiction or target boundary, provide details.",1,Row 1,We do not currently purchase or sell offset credit transactions,,,,,The City of Encinitas is not planning on pursuing the use of carbon credits
2025 Disclosure Cycle,779465,CDP,74414,"Boulder County, CO",City,North America,United States of America,Public,Q6.1.2,"If you are using or plan to use carbon credits sold to or purchased from outside the jurisdiction or target boundary, provide details.",1,Row 1,We do not currently purchase or sell offset credit transactions,,,,,Boulder County does not plan to purchase carbon credits at this time.
2025 Disclosure Cycle,779465,CDP,74462,"Village of Oak Park, IL",City,North America,United States of America,Public,Q6.1.2,"If you are using or plan to use carbon credits sold to or purchased from outside the jurisdiction or target boundary, provide details.",1,Row 1,We do not currently purchase or sell offset credit transactions,,,,,"Our Climate Ready Oak Park plan does not allow for the Village to use credits to reach climate or emission reduction goals. However, the Village does use community choice aggregation and community solar to procure renewable energy. "
2025 Disclosure Cycle,779465,CDP,74508,"City of Winona, MN",City,North America,United States of America,Public,Q6.1.2,"If you are using or plan to use carbon credits sold to or purchased from outside the jurisdiction or target boundary, provide details.",1,Row 1,We do not currently purchase or sell offset credit transactions,,,,,
2025 Disclosure Cycle,779465,CDP,74531,"Santa Fe County, NM",City,North America,United States of America,Public,Q6.1.2,"If you are using or plan to use carbon credits sold to or purchased from outside the jurisdiction or target boundary, provide details.",1,Row 1,We do not currently purchase or sell offset credit transactions,,,,,N/A
2025 Disclosure Cycle,779465,CDP,74539,"City of Oberlin, OH",City,North America,United States of America,Public,Q6.1.2,"If you are using or plan to use carbon credits sold to or purchased from outside the jurisdiction or target boundary, provide details.",1,Row 1,We do not currently purchase or sell offset credit transactions,,,,,
2025 Disclosure Cycle,779465,CDP,74540,"Village of Hastings-on-Hudson, NY",City,North America,United States of America,Public,Q6.1.2,"If you are using or plan to use carbon credits sold to or purchased from outside the jurisdiction or target boundary, provide details.",1,Row 1,We do not currently purchase or sell offset credit transactions,,,,,
2025 Disclosure Cycle,779465,CDP,74560,"City of Moab, UT",City,North America,United States of America,Public,Q6.1.2,"If you are using or plan to use carbon credits sold to or purchased from outside the jurisdiction or target boundary, provide details.",1,Row 1,We do not currently purchase or sell offset credit transactions,,,,,N/A
2025 Disclosure Cycle,779465,CDP,74568,"City of Shoreline, WA",City,North America,United States of America,Public,Q6.1.2,"If you are using or plan to use carbon credits sold to or purchased from outside the jurisdiction or target boundary, provide details.",1,Row 1,We do not currently purchase or sell offset credit transactions,,,,,
2025 Disclosure Cycle,779465,CDP,74575,"Dane County, WI",City,North America,United States of America,Public,Q6.1.2,"If you are using or plan to use carbon credits sold to or purchased from outside the jurisdiction or target boundary, provide details.",1,Row 1,We do not currently purchase or sell offset credit transactions,,,,,We would never use carbon credits from outside our jurisduction. Our aim is to cut the emissions we create locally. 
2025 Disclosure Cycle,779465,CDP,74594,"City of Boynton Beach, FL",City,North America,United States of America,Public,Q6.1.2,"If you are using or plan to use carbon credits sold to or purchased from outside the jurisdiction or target boundary, provide details.",1,Row 1,We do not currently purchase or sell offset credit transactions,,,,,We are currently evaluating the benefits and cons of using carbon credits pertaining to our city operations. 
2025 Disclosure Cycle,779465,CDP,74670,Antalya Metropolitan Municipality,City,UKWW,Türkiye,Public,Q6.1.2,"If you are using or plan to use carbon credits sold to or purchased from outside the jurisdiction or target boundary, provide details.",1,Row 1,We do not currently purchase or sell offset credit transactions,,,,,"Credit buying and selling transactions are carried out through our municipality's companies. However, currently no data flow has been provided regarding these.\n"
2025 Disclosure Cycle,779465,CDP,74671,Kadıköy,City,UKWW,Türkiye,Public,Q6.1.2,"If you are using or plan to use carbon credits sold to or purchased from outside the jurisdiction or target boundary, provide details.",1,Row 1,We do not currently purchase or sell offset credit transactions,,,,,
2025 Disclosure Cycle,779465,CDP,74672,Nilüfer Municipality,City,UKWW,Türkiye,Public,Q6.1.2,"If you are using or plan to use carbon credits sold to or purchased from outside the jurisdiction or target boundary, provide details.",1,Row 1,We do not currently purchase or sell offset credit transactions,,,,,WE DON'T USE/EXCHANGE ANY KIND OF CARBON CREDITS.
2025 Disclosure Cycle,779465,CDP,74673,İzmir Metropolitan Municipality,City,UKWW,Türkiye,Public,Q6.1.2,"If you are using or plan to use carbon credits sold to or purchased from outside the jurisdiction or target boundary, provide details.",1,Row 1,Offset credit transactions purchased from outside of the boundary,Target 1,31884,Other: National standard,Izmir Metropolitan Municipality procures electricity with international (IREC) or national (YEK-G) renewable energy certificates between 2021-2024. The amount in column 3 is the offset cumulative tCO2e reduction amount. Energy is generated from renewable energy sources available in Turkey.,
2025 Disclosure Cycle,779465,CDP,74690,Municipality of L'Hospitalet de Llobregat,City,Europe,Spain,Public,Q6.1.2,"If you are using or plan to use carbon credits sold to or purchased from outside the jurisdiction or target boundary, provide details.",1,Row 1,We do not currently purchase or sell offset credit transactions,,,,,No se hace uso de los créditos de carbono
2025 Disclosure Cycle,779465,CDP,826396,Municipality of Sintra,City,Europe,Portugal,Public,Q6.1.2,"If you are using or plan to use carbon credits sold to or purchased from outside the jurisdiction or target boundary, provide details.",1,Row 1,We do not currently purchase or sell offset credit transactions,,,,,"The implementation of the market will be coordinated by the Portuguese Environment Agency (APA), and the methodologies to be applied are still being worked out."
2025 Disclosure Cycle,779465,CDP,826405,Municipality of Maia,City,Europe,Portugal,Public,Q6.1.2,"If you are using or plan to use carbon credits sold to or purchased from outside the jurisdiction or target boundary, provide details.",1,Row 1,We do not currently purchase or sell offset credit transactions,,,,,"As emissões remanescentes poderão ser compensadas através do aumento da capacidade de sequestro de carbono (aumento de áreas verdes) ou mecanismos artificiais alternativos, como por exemplo, o investimento em tecnologias inovadoras de captura e armazenamento de carbono (carbon capture and storage (CCS)), sendo que os mercados voluntários de carbono poderão também ser uma solução, porém, não há nenhum plano estratégico que contemple esta intenção."
2025 Disclosure Cycle,779465,CDP,826425,Municipality of Caldas da Rainha,City,Europe,Portugal,Public,Q6.1.2,"If you are using or plan to use carbon credits sold to or purchased from outside the jurisdiction or target boundary, provide details.",1,Row 1,We do not currently purchase or sell offset credit transactions,,,,,
2025 Disclosure Cycle,779465,CDP,826426,Municipality of Covilhã,City,Europe,Portugal,Public,Q6.1.2,"If you are using or plan to use carbon credits sold to or purchased from outside the jurisdiction or target boundary, provide details.",1,Row 1,We do not currently purchase or sell offset credit transactions,,,,,"Atualmente, o Município da Covilhã não compra nem vende créditos de compensação de carbono, nem possui projetos implementados ou em planeamento que envolvam este tipo de mecanismo. A estratégia de mitigação de emissões assenta na implementação direta de medidas de sustentabilidade energética, mobilidade sustentável, eficiência nos edifícios e gestão de resíduos, bem como na promoção da sensibilização ambiental e na reflorestação com espécies autóctones.\n\nApesar de não recorrer a créditos de carbono, o Município mantém uma abordagem baseada na monitorização contínua dos impactos ambientais e sociais das suas políticas, com especial atenção à equidade territorial, à participação cidadã e à melhoria da qualidade de vida da população. Caso no futuro se venha a considerar o uso de créditos de carbono, serão tidos em conta os impactos diretos e indiretos dos projetos, assegurando a prevenção ou mitigação de eventuais efeitos negativos, e garantindo a maximização dos benefícios ambientais, educativos, sociais e de desenvolvimento económico local."
2025 Disclosure Cycle,779465,CDP,826429,Municipality of Figueira da Foz,City,Europe,Portugal,Public,Q6.1.2,"If you are using or plan to use carbon credits sold to or purchased from outside the jurisdiction or target boundary, provide details.",1,Row 1,We do not currently purchase or sell offset credit transactions,,,,,Atualmente o Município da Figueira da Foz não compra nem vende créditos de carbono.
2025 Disclosure Cycle,779465,CDP,826431,Municipality of Loulé,City,Europe,Portugal,Public,Q6.1.2,"If you are using or plan to use carbon credits sold to or purchased from outside the jurisdiction or target boundary, provide details.",1,Row 1,We do not currently purchase or sell offset credit transactions,,,,,
2025 Disclosure Cycle,779465,CDP,826446,City of Bradford,City,UKWW,United Kingdom,Public,Q6.1.2,"If you are using or plan to use carbon credits sold to or purchased from outside the jurisdiction or target boundary, provide details.",1,Row 1,We do not currently purchase or sell offset credit transactions,,,,,"We are not able to comment for private entities and organisation within our jurisdiction who might be planning to use carbon credits, however, the local authority does not currently have plans to buy any. "
2025 Disclosure Cycle,779465,CDP,831234,"City of Fredericton, NB",City,North America,Canada,Public,Q6.1.2,"If you are using or plan to use carbon credits sold to or purchased from outside the jurisdiction or target boundary, provide details.",1,Row 1,We do not currently purchase or sell offset credit transactions,,,,,We do not currently purchase or sell offset credits
2025 Disclosure Cycle,779465,CDP,831431,Cornwall Council,City,UKWW,United Kingdom,Public,Q6.1.2,"If you are using or plan to use carbon credits sold to or purchased from outside the jurisdiction or target boundary, provide details.",1,Row 1,We do not currently purchase or sell offset credit transactions,,,,,We are not purchasing or selling carbon credits.
2025 Disclosure Cycle,779465,CDP,831923,Muğla,City,UKWW,Türkiye,Public,Q6.1.2,"If you are using or plan to use carbon credits sold to or purchased from outside the jurisdiction or target boundary, provide details.",1,Row 1,We do not currently purchase or sell offset credit transactions,,,,,"We do not have any work on this issue yet. \nWe are following the laws, sanction processes and developments to be enacted in our country on this issue."
2025 Disclosure Cycle,779465,CDP,831999,Municipalidad de Monteverde,City,Latin America,Costa Rica,Public,Q6.1.2,"If you are using or plan to use carbon credits sold to or purchased from outside the jurisdiction or target boundary, provide details.",1,Row 1,We do not currently purchase or sell offset credit transactions,,,,,"Por el moemnto no se pretende comparar créditos de carbono, ya que se sale del presuúesto municipal."
2025 Disclosure Cycle,779465,CDP,832078,Municipality of Mafra,City,Europe,Portugal,Public,Q6.1.2,"If you are using or plan to use carbon credits sold to or purchased from outside the jurisdiction or target boundary, provide details.",1,Row 1,We do not currently purchase or sell offset credit transactions,,,,,"O município não participa do mercado de créditos de carbono, seja como comprador (para compensar suas emissões) ou como vendedor (ofertando créditos gerados por projetos de redução ou remoção de emissões de gases de efeito estufa).\nCaso necessário, essa posição pode ser revista futuramente conforme os objetivos ambientais, a estratégia de sustentabilidade e as condições do mercado evoluam."
2025 Disclosure Cycle,779465,CDP,832300,North Tyneside Council,City,UKWW,United Kingdom,Public,Q6.1.2,"If you are using or plan to use carbon credits sold to or purchased from outside the jurisdiction or target boundary, provide details.",1,Row 1,We do not currently purchase or sell offset credit transactions,,,,,"At present, the council does not have an offsetting/insetting strategy or policy. This is something we plan to produce over the next few years."
2025 Disclosure Cycle,779465,CDP,832508,Hartlepool Borough Council,City,UKWW,United Kingdom,Public,Q6.1.2,"If you are using or plan to use carbon credits sold to or purchased from outside the jurisdiction or target boundary, provide details.",1,Row 1,We do not currently purchase or sell offset credit transactions,,,,,No Comment\n
2025 Disclosure Cycle,779465,CDP,832610,"Orange County, NC",City,North America,United States of America,Public,Q6.1.2,"If you are using or plan to use carbon credits sold to or purchased from outside the jurisdiction or target boundary, provide details.",1,Row 1,We do not currently purchase or sell offset credit transactions,,,,,
2025 Disclosure Cycle,779465,CDP,832838,"Town of Wellfleet, MA",City,North America,United States of America,Public,Q6.1.2,"If you are using or plan to use carbon credits sold to or purchased from outside the jurisdiction or target boundary, provide details.",1,Row 1,We do not currently purchase or sell offset credit transactions,,,,,
2025 Disclosure Cycle,779465,CDP,833284,West Midlands Combined Authority,City,UKWW,United Kingdom,Public,Q6.1.2,"If you are using or plan to use carbon credits sold to or purchased from outside the jurisdiction or target boundary, provide details.",1,Row 1,We do not currently purchase or sell offset credit transactions,,,,,"As part of the net zero plan for 2041, the WMCA has no plans to use carbon credits at any point. Any offsetting will done with tree planting within the region or in the surrounding areas. "
2025 Disclosure Cycle,779465,CDP,834058,Bogor Regency,City,South East Asia & Oceania,Indonesia,Public,Q6.1.2,"If you are using or plan to use carbon credits sold to or purchased from outside the jurisdiction or target boundary, provide details.",1,Row 1,We do not currently purchase or sell offset credit transactions,,,,,
2025 Disclosure Cycle,779465,CDP,834083,"City of Eau Claire, WI",City,North America,United States of America,Public,Q6.1.2,"If you are using or plan to use carbon credits sold to or purchased from outside the jurisdiction or target boundary, provide details.",1,Row 1,We do not currently purchase or sell offset credit transactions,,,,,
2025 Disclosure Cycle,779465,CDP,834126,Dobong-gu District of Seoul,City,South East Asia & Oceania,Korea (The Republic of),Public,Q6.1.2,"If you are using or plan to use carbon credits sold to or purchased from outside the jurisdiction or target boundary, provide details.",1,Row 1,We do not currently purchase or sell offset credit transactions,,,,,현재는 탄소 배출권 거래에 참여하고 있지 않지만 향후 제도가 활성화 되면 도봉구도 탄소배출권 거래에 참여할 계획임
2025 Disclosure Cycle,779465,CDP,834131,Fuji City,City,Japan,Japan,Public,Q6.1.2,"If you are using or plan to use carbon credits sold to or purchased from outside the jurisdiction or target boundary, provide details.",1,Row 1,We do not currently purchase or sell offset credit transactions,,,,,予定なし
2025 Disclosure Cycle,779465,CDP,834161,Kinmen County Government,City,China,East Asia,Public,Q6.1.2,"If you are using or plan to use carbon credits sold to or purchased from outside the jurisdiction or target boundary, provide details.",1,Row 1,We do not currently purchase or sell offset credit transactions,,,,,金門縣目前不購買或出售抵銷信用交易
2025 Disclosure Cycle,779465,CDP,834273,Municipality of Lautaro,City,Latin America,Chile,Public,Q6.1.2,"If you are using or plan to use carbon credits sold to or purchased from outside the jurisdiction or target boundary, provide details.",1,Row 1,We do not currently purchase or sell offset credit transactions,,,,,En el municipio de Lautaro y en la comuna en general no existen proyectos asociados a los créditos de carbono. 
2025 Disclosure Cycle,779465,CDP,834280,Municipality of Pérez,City,Latin America,Argentina,Public,Q6.1.2,"If you are using or plan to use carbon credits sold to or purchased from outside the jurisdiction or target boundary, provide details.",1,Row 1,We do not currently purchase or sell offset credit transactions,,,,,ninguno
2025 Disclosure Cycle,779465,CDP,834284,Municipality of Salamanca,City,Latin America,Mexico,Public,Q6.1.2,"If you are using or plan to use carbon credits sold to or purchased from outside the jurisdiction or target boundary, provide details.",1,Row 1,We do not currently purchase or sell offset credit transactions,,,,,
2025 Disclosure Cycle,779465,CDP,834339,Odawara City,City,Japan,Japan,Public,Q6.1.2,"If you are using or plan to use carbon credits sold to or purchased from outside the jurisdiction or target boundary, provide details.",1,Row 1,We do not currently purchase or sell offset credit transactions,,,,,
2025 Disclosure Cycle,779465,CDP,834347,Seberang Perai Municipal Council,City,South East Asia & Oceania,Malaysia,Public,Q6.1.2,"If you are using or plan to use carbon credits sold to or purchased from outside the jurisdiction or target boundary, provide details.",1,Row 1,We do not currently purchase or sell offset credit transactions,,,,,currently we are not using carbon credits
2025 Disclosure Cycle,779465,CDP,834382,City of Trollhättan,City,Europe,Sweden,Public,Q6.1.2,"If you are using or plan to use carbon credits sold to or purchased from outside the jurisdiction or target boundary, provide details.",1,Row 1,We do not currently purchase or sell offset credit transactions,,,,,
2025 Disclosure Cycle,779465,CDP,834386,Thung Song Town Municipality,City,South East Asia & Oceania,Thailand,Public,Q6.1.2,"If you are using or plan to use carbon credits sold to or purchased from outside the jurisdiction or target boundary, provide details.",1,Row 1,We do not currently purchase or sell offset credit transactions,,,,,
2025 Disclosure Cycle,779465,CDP,834400,Yasothon Town Municipality,City,South East Asia & Oceania,Thailand,Public,Q6.1.2,"If you are using or plan to use carbon credits sold to or purchased from outside the jurisdiction or target boundary, provide details.",1,Row 1,Offset credit transactions generated within the boundary and sold,Target 1,10445,Other: Thailand Voluntary Emission Reduction Program (T-VER),"Crediting Period: Phase I; January 1, 2018 - December 31, 2024 (7 years). Phase II; January 1, 2025 - December 31, 2031 (7 years).\nProject Area: Yasothon Town Municipality, Northeastern Region, Thailand.\nThe expected amount of greenhouse gas emissions to be reduced: 10445 tCO2eq/y.\nThe amount of greenhouse gas emissions verified 3 times: 12149 tCO2eq (2018-2020).\nCertification Standard: T-VER (Thailand Voluntary Emission Reduction Program).","1. Planning and decision-making regarding carbon credit usage: Our jurisdiction has thoroughly planned and considered the utilization of carbon credits. Currently, we are in the stage of implementation to support sustainable greenhouse gas emissions reduction.\n\n2. Project Operations: The Project of Production of Soil Application from Organic Waste of Yasothon Town Municipality has made concrete progress. Between 2018-2020, carbon credit verification was conducted three times, certifying a total of 12,149 tCO2eq, which was sold to both government and private sector organizations. Furthermore, it is projected that during 2021-2024, an additional 20,000 tCO2eq of certified carbon credits will be produced and verified through T-VER's Validation and Verification Body (VVB).\nYasothon Town Municipality serves as an efficient waste disposal center, providing waste management services to 30 local administrative organizations in the province and managing waste in our area, covering 23 communities and institution buildings. This cluster-based approach not only helps reduce greenhouse gas emissions but also generates income and develops local capabilities through the T-VER carbon credit system tangibly and sustainably\n\n 3. Maximizing positive outcomes: Our project prioritizes promoting educational benefits, such as raising awareness about energy conservation, fostering economic development through local job creation, and enhancing community resilience to climate change in an effective manner.\n\nAdditional details: \nhttps://drive.google.com/file/d/1007axxV29pbSWa-sSJs23c0qp4W2OyeV/view?usp=sharing\n\n\nfile2: https://drive.google.com/file/d/18Fa3kDJbKaJAAAw_Fn6VUBgNNfmG5LH9/view?usp=sharing"
2025 Disclosure Cycle,779465,CDP,834515,Şanlıurfa Metropolitan Municipality,City,UKWW,Türkiye,Public,Q6.1.2,"If you are using or plan to use carbon credits sold to or purchased from outside the jurisdiction or target boundary, provide details.",1,Row 1,We do not currently purchase or sell offset credit transactions,,,,,No comment
2025 Disclosure Cycle,779465,CDP,838937,Mersin Metropolitan Municipality,City,UKWW,Türkiye,Public,Q6.1.2,"If you are using or plan to use carbon credits sold to or purchased from outside the jurisdiction or target boundary, provide details.",1,Row 1,We do not currently purchase or sell offset credit transactions,,,,,No comment
2025 Disclosure Cycle,779465,CDP,838939,Kocaeli Metropolitan Municipality,City,UKWW,Türkiye,Public,Q6.1.2,"If you are using or plan to use carbon credits sold to or purchased from outside the jurisdiction or target boundary, provide details.",1,Row 1,We do not currently purchase or sell offset credit transactions,,,,,"At present, there are no specific plans for Kocaeli Metropolitan Municipality to utilize carbon credits. However, considering its potential to significantly contribute to both the municipality's climate goals and the sustainable development of the city, its future use can be considered."
2025 Disclosure Cycle,779465,CDP,839572,Putrajaya City,City,South East Asia & Oceania,Malaysia,Public,Q6.1.2,"If you are using or plan to use carbon credits sold to or purchased from outside the jurisdiction or target boundary, provide details.",1,Row 1,We do not currently purchase or sell offset credit transactions,,,,,Carbon credits are not available in Putrajaya
2025 Disclosure Cycle,779465,CDP,839666,Municipio de Escuintla,City,Latin America,Guatemala,Public,Q6.1.2,"If you are using or plan to use carbon credits sold to or purchased from outside the jurisdiction or target boundary, provide details.",1,Row 1,We do not currently purchase or sell offset credit transactions,,,,,No se sabe como aplicar a la venta de bonos de carbono
2025 Disclosure Cycle,779465,CDP,839668,Municipio de Iztapa,City,Latin America,Guatemala,Public,Q6.1.2,"If you are using or plan to use carbon credits sold to or purchased from outside the jurisdiction or target boundary, provide details.",1,Row 1,We do not currently purchase or sell offset credit transactions,,,,,En el caso de Iztapa se desconoce ese tema y la forma con tener acceso a los créditos de carbono
2025 Disclosure Cycle,779465,CDP,839669,Municipio de San Jose,City,Latin America,Guatemala,Public,Q6.1.2,"If you are using or plan to use carbon credits sold to or purchased from outside the jurisdiction or target boundary, provide details.",1,Row 1,We do not currently purchase or sell offset credit transactions,,,,,
2025 Disclosure Cycle,779465,CDP,840024,Perth and Kinross,City,UKWW,United Kingdom,Public,Q6.1.2,"If you are using or plan to use carbon credits sold to or purchased from outside the jurisdiction or target boundary, provide details.",1,Row 1,We do not currently purchase or sell offset credit transactions,,,,,N/A
2025 Disclosure Cycle,779465,CDP,840075,Unley City Council,City,South East Asia & Oceania,Australia,Public,Q6.1.2,"If you are using or plan to use carbon credits sold to or purchased from outside the jurisdiction or target boundary, provide details.",1,Row 1,We do not currently purchase or sell offset credit transactions,,,,,We will look to purchase from 2030 onwards to meet our target of Carbon Neutral by 2030.
2025 Disclosure Cycle,779465,CDP,840113,Bhavnagar Municipal Corporation,City,India,India,Public,Q6.1.2,"If you are using or plan to use carbon credits sold to or purchased from outside the jurisdiction or target boundary, provide details.",1,Row 1,We do not currently purchase or sell offset credit transactions,,,,,"Currently the Bhavnagar Municipal Corporation is not using carbon credits. But it has inclination to utilise these types of mechanisms for accessing carbon credits as the city is procuring 100 E-Buses for its public transport and will shift its entire public transport to EV from diesel and CNG. The city is also establishing urban forests and a waste to energy plant is also under construction, so the city may utilise these credits for the above mentioned projects."
2025 Disclosure Cycle,779465,CDP,840118,Jamnagar Municipal Corporation,City,India,India,Public,Q6.1.2,"If you are using or plan to use carbon credits sold to or purchased from outside the jurisdiction or target boundary, provide details.",1,Row 1,We do not currently purchase or sell offset credit transactions,,,,,N/A
2025 Disclosure Cycle,779465,CDP,840131,Tiruchirappalli City Municipal Corporation,City,India,India,Public,Q6.1.2,"If you are using or plan to use carbon credits sold to or purchased from outside the jurisdiction or target boundary, provide details.",1,Row 1,We do not currently purchase or sell offset credit transactions,,,,,
2025 Disclosure Cycle,779465,CDP,840134,Tirunelveli Municipal Corporation,City,India,India,Public,Q6.1.2,"If you are using or plan to use carbon credits sold to or purchased from outside the jurisdiction or target boundary, provide details.",1,Row 1,We do not currently purchase or sell offset credit transactions,,,,,
2025 Disclosure Cycle,779465,CDP,840155,Calapan City,City,South East Asia & Oceania,Philippines,Public,Q6.1.2,"If you are using or plan to use carbon credits sold to or purchased from outside the jurisdiction or target boundary, provide details.",1,Row 1,We do not currently purchase or sell offset credit transactions,,,,,
2025 Disclosure Cycle,779465,CDP,840158,"City of San Fernando, La Union",City,South East Asia & Oceania,Philippines,Public,Q6.1.2,"If you are using or plan to use carbon credits sold to or purchased from outside the jurisdiction or target boundary, provide details.",1,Row 1,We do not currently purchase or sell offset credit transactions,,,,,We are currently studying the possibility to purchase or sell offset credits to the outside and in boundary of our jurisdiction and possible benefits of this credits.
2025 Disclosure Cycle,779465,CDP,840170,Nowon-gu Municipal Government of Seoul,City,South East Asia & Oceania,Korea (The Republic of),Public,Q6.1.2,"If you are using or plan to use carbon credits sold to or purchased from outside the jurisdiction or target boundary, provide details.",1,Row 1,We do not currently purchase or sell offset credit transactions,,,,,Nowon-gu is still in the planning stage regarding the introduction and utilization of carbon emission trading schemes.
2025 Disclosure Cycle,779465,CDP,840194,Tepebaşi Municipality,City,UKWW,Türkiye,Public,Q6.1.2,"If you are using or plan to use carbon credits sold to or purchased from outside the jurisdiction or target boundary, provide details.",1,Row 1,We do not currently purchase or sell offset credit transactions,,,,,There are no transactions related to carbon credits carried out within our municipality.
2025 Disclosure Cycle,779465,CDP,840195,Laholm Municipality,City,Europe,Sweden,Public,Q6.1.2,"If you are using or plan to use carbon credits sold to or purchased from outside the jurisdiction or target boundary, provide details.",1,Row 1,We do not currently purchase or sell offset credit transactions,,,,,
2025 Disclosure Cycle,779465,CDP,840228,"Town of Davie, FL",City,North America,United States of America,Public,Q6.1.2,"If you are using or plan to use carbon credits sold to or purchased from outside the jurisdiction or target boundary, provide details.",1,Row 1,We do not currently purchase or sell offset credit transactions,,,,,na
2025 Disclosure Cycle,779465,CDP,840269,"Town of Whitby, ON",City,North America,Canada,Public,Q6.1.2,"If you are using or plan to use carbon credits sold to or purchased from outside the jurisdiction or target boundary, provide details.",1,Row 1,We do not currently purchase or sell offset credit transactions,,,,,
2025 Disclosure Cycle,779465,CDP,840313,Municipalidad de Cerro Navia,City,Latin America,Chile,Public,Q6.1.2,"If you are using or plan to use carbon credits sold to or purchased from outside the jurisdiction or target boundary, provide details.",1,Row 1,We do not currently purchase or sell offset credit transactions,,,,,
2025 Disclosure Cycle,779465,CDP,840427,Hat Yai City Municipality,City,South East Asia & Oceania,Thailand,Public,Q6.1.2,"If you are using or plan to use carbon credits sold to or purchased from outside the jurisdiction or target boundary, provide details.",1,Row 1,Offset credit transactions purchased from outside of the boundary,Target 1,1113,Other: TGO TVER standard,"Hat Yai City Municipality has requested to cancel 1,113 tCO2e of carbon credits obtained from the LED Lighting Replacement Project by Hat Yai Municipal, Songkhla and sold them to Zukunft de Kohlenstoffmaktes, Germany in December 2020.","Hat Yai Municipality has joined the Thailand Voluntary Emission Reduction Program (T-VER) with Thailand Greenhouse Gas Management Organization (Public Organization) by implementing the LED Lighting Replacement Project by Hat Yai Municipal, Songkhla, which has been certified for carbon credits twice: - 1 July 2017 - 30 June 2020, amounting to 1,113 tCO2e and 1 July 2020 - 30 June 2021, amounting to 338 tCO2e."
2025 Disclosure Cycle,779465,CDP,840427,Hat Yai City Municipality,City,South East Asia & Oceania,Thailand,Public,Q6.1.2,"If you are using or plan to use carbon credits sold to or purchased from outside the jurisdiction or target boundary, provide details.",2,Row 2,Offset credit transactions generated within the boundary and sold,Target 1,100,Other: TGO TVER standard,"Hat Yai Municipality has requested to cancel 101 tCO2e of carbon credits from the LED Lighting Replacement Project by Hat Yai Municipal, Songkhla, to be sold to the Faculty of Medicine, Prince of Songkla University, Songkhla Province, to be used as compensation for organizing the Mahidol Day Running event in September 2025.","Hat Yai Municipality has joined the Thailand Voluntary Emission Reduction Program (T-VER) with Thailand Greenhouse Gas Management Organization (Public Organization) by implementing the LED Lighting Replacement Project by Hat Yai Municipal, Songkhla, which has been certified for carbon credits twice: - 1 July 2017 - 30 June 2020, amounting to 1,113 tCO2e and 1 July 2020 - 30 June 2021, amounting to 338 tCO2e."
2025 Disclosure Cycle,779465,CDP,840428,Hua-Hin Municipality,City,South East Asia & Oceania,Thailand,Public,Q6.1.2,"If you are using or plan to use carbon credits sold to or purchased from outside the jurisdiction or target boundary, provide details.",1,Row 1,We do not currently purchase or sell offset credit transactions,,,,,การซื้อขายคาร์บอนเครดิตต้องศึกษากฎและระเบียบด้านการเงินการคลังขององค์กรปกครองส่วนท้องถิ่นอย่างถี่ถ้วนก่อนการดำเนินการ 
2025 Disclosure Cycle,779465,CDP,840515,Tangerang Selatan City,City,South East Asia & Oceania,Indonesia,Public,Q6.1.2,"If you are using or plan to use carbon credits sold to or purchased from outside the jurisdiction or target boundary, provide details.",1,Row 1,We do not currently purchase or sell offset credit transactions,,,,,Saat ini belum ada rencana menggunakan atau menggunakan kredit karbon 
2025 Disclosure Cycle,779465,CDP,840521,City of Denizli,City,UKWW,Türkiye,Public,Q6.1.2,"If you are using or plan to use carbon credits sold to or purchased from outside the jurisdiction or target boundary, provide details.",1,Row 1,We do not currently purchase or sell offset credit transactions,,,,,No comment
2025 Disclosure Cycle,779465,CDP,840925,Prefeitura de Indiaroba,City,Latin America,Brazil,Public,Q6.1.2,"If you are using or plan to use carbon credits sold to or purchased from outside the jurisdiction or target boundary, provide details.",1,Row 1,We do not currently purchase or sell offset credit transactions,,,,,O município tem interesse no tema mas temos a informação de que ainda não foi regulamentado no Brasil.
2025 Disclosure Cycle,779465,CDP,840927,Prefeitura de São Cristóvão,City,Latin America,Brazil,Public,Q6.1.2,"If you are using or plan to use carbon credits sold to or purchased from outside the jurisdiction or target boundary, provide details.",1,Row 1,We do not currently purchase or sell offset credit transactions,,,,,Ainda não está no escopo do plano de gestão de emissões a utilização da compra e venda de crédito de carbono.
2025 Disclosure Cycle,779465,CDP,841491,Muar Municipal Council,City,South East Asia & Oceania,Malaysia,Public,Q6.1.2,"If you are using or plan to use carbon credits sold to or purchased from outside the jurisdiction or target boundary, provide details.",1,Row 1,We do not currently purchase or sell offset credit transactions,,,,,This in new to us
2025 Disclosure Cycle,779465,CDP,841525,Blackburn with Darwen Borough Council,City,UKWW,United Kingdom,Public,Q6.1.2,"If you are using or plan to use carbon credits sold to or purchased from outside the jurisdiction or target boundary, provide details.",1,Row 1,We do not currently purchase or sell offset credit transactions,,,,,
2025 Disclosure Cycle,779465,CDP,841955,Hammersmith and Fulham London Borough Council,City,UKWW,United Kingdom,Public,Q6.1.2,"If you are using or plan to use carbon credits sold to or purchased from outside the jurisdiction or target boundary, provide details.",1,Row 1,We do not currently purchase or sell offset credit transactions,,,,,N/A
2025 Disclosure Cycle,779465,CDP,841965,"City of Lansing, MI",City,North America,United States of America,Public,Q6.1.2,"If you are using or plan to use carbon credits sold to or purchased from outside the jurisdiction or target boundary, provide details.",1,Row 1,We do not currently purchase or sell offset credit transactions,,,,,
2025 Disclosure Cycle,779465,CDP,841970,"City of West Lafayette, IN",City,North America,United States of America,Public,Q6.1.2,"If you are using or plan to use carbon credits sold to or purchased from outside the jurisdiction or target boundary, provide details.",1,Row 1,We do not currently purchase or sell offset credit transactions,,,,,
2025 Disclosure Cycle,779465,CDP,842012,"City of Burlington, ON",City,North America,Canada,Public,Q6.1.2,"If you are using or plan to use carbon credits sold to or purchased from outside the jurisdiction or target boundary, provide details.",1,Row 1,We do not currently purchase or sell offset credit transactions,,,,,The City has a net zero target by 2050.
2025 Disclosure Cycle,779465,CDP,842044,"Ville de Longueuil, QC",City,North America,Canada,Public,Q6.1.2,"If you are using or plan to use carbon credits sold to or purchased from outside the jurisdiction or target boundary, provide details.",1,Row 1,We do not currently purchase or sell offset credit transactions,,,,,
2025 Disclosure Cycle,779465,CDP,842167,Sakarya,City,UKWW,Türkiye,Public,Q6.1.2,"If you are using or plan to use carbon credits sold to or purchased from outside the jurisdiction or target boundary, provide details.",1,Row 1,We do not currently purchase or sell offset credit transactions,,,,,no comment
2025 Disclosure Cycle,779465,CDP,843537,Shropshire Council,City,UKWW,United Kingdom,Public,Q6.1.2,"If you are using or plan to use carbon credits sold to or purchased from outside the jurisdiction or target boundary, provide details.",1,Row 1,Offset credit transactions generated within the boundary and sold,Target 1,,,,
2025 Disclosure Cycle,779465,CDP,848122,Alajuela,City,Latin America,Costa Rica,Public,Q6.1.2,"If you are using or plan to use carbon credits sold to or purchased from outside the jurisdiction or target boundary, provide details.",1,Row 1,We do not currently purchase or sell offset credit transactions,,,,,
2025 Disclosure Cycle,779465,CDP,848126,La Democracia,City,Latin America,Guatemala,Public,Q6.1.2,"If you are using or plan to use carbon credits sold to or purchased from outside the jurisdiction or target boundary, provide details.",1,Row 1,We do not currently purchase or sell offset credit transactions,,,,,No se tiene el conocimiento para aplicar los bonos de carbono
2025 Disclosure Cycle,779465,CDP,848476,Municipalidad de Cañas,City,Latin America,Costa Rica,Public,Q6.1.2,"If you are using or plan to use carbon credits sold to or purchased from outside the jurisdiction or target boundary, provide details.",1,Row 1,We do not currently purchase or sell offset credit transactions,,,,,
2025 Disclosure Cycle,779465,CDP,848564,City of Zadar,City,Europe,Croatia,Public,Q6.1.2,"If you are using or plan to use carbon credits sold to or purchased from outside the jurisdiction or target boundary, provide details.",1,Row 1,We do not currently purchase or sell offset credit transactions,,,,,Don't have plan to use carbon credits.
2025 Disclosure Cycle,779465,CDP,848567,Mid-America Regional Council,City,North America,United States of America,Public,Q6.1.2,"If you are using or plan to use carbon credits sold to or purchased from outside the jurisdiction or target boundary, provide details.",1,Row 1,We do not currently purchase or sell offset credit transactions,,,,,
2025 Disclosure Cycle,779465,CDP,848568,"Metropolitan Council, Twin Cities",City,North America,United States of America,Public,Q6.1.2,"If you are using or plan to use carbon credits sold to or purchased from outside the jurisdiction or target boundary, provide details.",1,Row 1,We do not currently purchase or sell offset credit transactions,,,,,
2025 Disclosure Cycle,779465,CDP,848950,Ushuaia,City,Latin America,Argentina,Public,Q6.1.2,"If you are using or plan to use carbon credits sold to or purchased from outside the jurisdiction or target boundary, provide details.",1,Row 1,We do not currently purchase or sell offset credit transactions,,,,,actualmente no se realiza esta transacción 
2025 Disclosure Cycle,779465,CDP,848981,City of Ormoc,City,South East Asia & Oceania,Philippines,Public,Q6.1.2,"If you are using or plan to use carbon credits sold to or purchased from outside the jurisdiction or target boundary, provide details.",1,Row 1,We do not currently purchase or sell offset credit transactions,,,,,
2025 Disclosure Cycle,779465,CDP,848998,Villa de Merlo,City,Latin America,Argentina,Public,Q6.1.2,"If you are using or plan to use carbon credits sold to or purchased from outside the jurisdiction or target boundary, provide details.",1,Row 1,We do not currently purchase or sell offset credit transactions,,,,,ninguno
2025 Disclosure Cycle,779465,CDP,849039,Ceres (Argentina),City,Latin America,Argentina,Public,Q6.1.2,"If you are using or plan to use carbon credits sold to or purchased from outside the jurisdiction or target boundary, provide details.",1,Row 1,We do not currently purchase or sell offset credit transactions,,,,,ninguno
2025 Disclosure Cycle,779465,CDP,849051,Udaipur Municipal Corporation,City,India,India,Public,Q6.1.2,"If you are using or plan to use carbon credits sold to or purchased from outside the jurisdiction or target boundary, provide details.",1,Row 1,We do not currently purchase or sell offset credit transactions,,,,,
2025 Disclosure Cycle,779465,CDP,852443,"Ferndale, MI",City,North America,United States of America,Public,Q6.1.2,"If you are using or plan to use carbon credits sold to or purchased from outside the jurisdiction or target boundary, provide details.",1,Row 1,We do not currently purchase or sell offset credit transactions,,,,,
2025 Disclosure Cycle,779465,CDP,852445,"Gainesville, FL",City,North America,United States of America,Public,Q6.1.2,"If you are using or plan to use carbon credits sold to or purchased from outside the jurisdiction or target boundary, provide details.",1,Row 1,We do not currently purchase or sell offset credit transactions,,,,,We do not currently purchase carbon credits \n
2025 Disclosure Cycle,779465,CDP,852466,South Gloucestershire Council,City,UKWW,United Kingdom,Public,Q6.1.2,"If you are using or plan to use carbon credits sold to or purchased from outside the jurisdiction or target boundary, provide details.",1,Row 1,We do not currently purchase or sell offset credit transactions,,,,,No current plans confirmed. 
2025 Disclosure Cycle,779465,CDP,852473,Sandwell Metropolitan Borough Council,City,UKWW,United Kingdom,Public,Q6.1.2,"If you are using or plan to use carbon credits sold to or purchased from outside the jurisdiction or target boundary, provide details.",1,Row 1,We do not currently purchase or sell offset credit transactions,,,,,
2025 Disclosure Cycle,779465,CDP,852524,Westminster City Council,City,UKWW,United Kingdom,Public,Q6.1.2,"If you are using or plan to use carbon credits sold to or purchased from outside the jurisdiction or target boundary, provide details.",1,Row 1,We do not currently purchase or sell offset credit transactions,,,,,NA
2025 Disclosure Cycle,779465,CDP,854050,"City of Nanaimo, BC",City,North America,Canada,Public,Q6.1.2,"If you are using or plan to use carbon credits sold to or purchased from outside the jurisdiction or target boundary, provide details.",1,Row 1,We do not currently purchase or sell offset credit transactions,,,,,we do not plan to use carbon credits
2025 Disclosure Cycle,779465,CDP,859095,Mizuho Town,City,Japan,Japan,Public,Q6.1.2,"If you are using or plan to use carbon credits sold to or purchased from outside the jurisdiction or target boundary, provide details.",1,Row 1,We do not currently purchase or sell offset credit transactions,,,,,オフセットクレジットの活用はありません。
2025 Disclosure Cycle,779465,CDP,859096,Kamakura City,City,Japan,Japan,Public,Q6.1.2,"If you are using or plan to use carbon credits sold to or purchased from outside the jurisdiction or target boundary, provide details.",1,Row 1,We do not currently purchase or sell offset credit transactions,,,,,自治体施設で使用する電気の9割程度を再生可能エネルギー100％電気として購入しているが、使用した電力に相当する再エネ非化石証書が付与される形での購入となり、クレジット単体での購入は行っていない。
2025 Disclosure Cycle,779465,CDP,859097,Yamato City,City,Japan,Japan,Public,Q6.1.2,"If you are using or plan to use carbon credits sold to or purchased from outside the jurisdiction or target boundary, provide details.",1,Row 1,We do not currently purchase or sell offset credit transactions,,,,,現時点では実施しておりません。
2025 Disclosure Cycle,779465,CDP,859128,Makinohara City,City,Japan,Japan,Public,Q6.1.2,"If you are using or plan to use carbon credits sold to or purchased from outside the jurisdiction or target boundary, provide details.",1,Row 1,We do not currently purchase or sell offset credit transactions,,,,,検討中
2025 Disclosure Cycle,779465,CDP,859135,Higashiura Town,City,Japan,Japan,Public,Q6.1.2,"If you are using or plan to use carbon credits sold to or purchased from outside the jurisdiction or target boundary, provide details.",1,Row 1,We do not currently purchase or sell offset credit transactions,,,,,
2025 Disclosure Cycle,779465,CDP,859167,Imabari City,City,Japan,Japan,Public,Q6.1.2,"If you are using or plan to use carbon credits sold to or purchased from outside the jurisdiction or target boundary, provide details.",1,Row 1,We do not currently purchase or sell offset credit transactions,,,,,
2025 Disclosure Cycle,779465,CDP,859168,Saijo City,City,Japan,Japan,Public,Q6.1.2,"If you are using or plan to use carbon credits sold to or purchased from outside the jurisdiction or target boundary, provide details.",1,Row 1,We do not currently purchase or sell offset credit transactions,,,,,特になし
2025 Disclosure Cycle,779465,CDP,861779,Järfälla Municipality,City,Europe,Sweden,Public,Q6.1.2,"If you are using or plan to use carbon credits sold to or purchased from outside the jurisdiction or target boundary, provide details.",1,Row 1,We do not currently purchase or sell offset credit transactions,,,,,The use of carbon credits is not planned to reach our climate goal. 
2025 Disclosure Cycle,779465,CDP,861790,Wokingham Borough Council,City,UKWW,United Kingdom,Public,Q6.1.2,"If you are using or plan to use carbon credits sold to or purchased from outside the jurisdiction or target boundary, provide details.",1,Row 1,We do not currently purchase or sell offset credit transactions,,,,,
2025 Disclosure Cycle,779465,CDP,862419,Sumbawa Regency,City,South East Asia & Oceania,Indonesia,Public,Q6.1.2,"If you are using or plan to use carbon credits sold to or purchased from outside the jurisdiction or target boundary, provide details.",1,Row 1,We do not currently purchase or sell offset credit transactions,,,,,not now
2025 Disclosure Cycle,779465,CDP,862504,Posadas,City,Latin America,Argentina,Public,Q6.1.2,"If you are using or plan to use carbon credits sold to or purchased from outside the jurisdiction or target boundary, provide details.",1,Row 1,We do not currently purchase or sell offset credit transactions,,,,,ninguno
2025 Disclosure Cycle,779465,CDP,862505,Cheltenham Borough Council,City,UKWW,United Kingdom,Public,Q6.1.2,"If you are using or plan to use carbon credits sold to or purchased from outside the jurisdiction or target boundary, provide details.",1,Row 1,We do not currently purchase or sell offset credit transactions,,,,,
2025 Disclosure Cycle,779465,CDP,862520,Surrey County Council,City,UKWW,United Kingdom,Public,Q6.1.2,"If you are using or plan to use carbon credits sold to or purchased from outside the jurisdiction or target boundary, provide details.",1,Row 1,We do not currently purchase or sell offset credit transactions,,,,,We do not currently offset emissions.\n
2025 Disclosure Cycle,779465,CDP,862520,Surrey County Council,City,UKWW,United Kingdom,Public,Q6.1.2,"If you are using or plan to use carbon credits sold to or purchased from outside the jurisdiction or target boundary, provide details.",2,Row 2,Other: We will need to offset to achieve our net zero target. There has been no decision yet as to how this will take place but we are exploring insetting (offsetting within the boundaries of the local authority),Target 1,3488,Not yet verified,Not known yet. The offsets will most probably take place within the UK after 2030. ,Offsetting will occur after 2030.\n
2025 Disclosure Cycle,779465,CDP,862673,"City of Selkirk, MB",City,North America,Canada,Public,Q6.1.2,"If you are using or plan to use carbon credits sold to or purchased from outside the jurisdiction or target boundary, provide details.",1,Row 1,Other: Future corporate net-zero target offset credits.,Target 1,0,Gold Standard,2030\n,"We do not currently sell or purchase carbon credits. However, the city plans to use its greenhouse gas reserve fund derived from its Greenhouse Gas Accountability By-law to purchase carbon credits in 2030 to offset any residual emissions to meet its net-zero target."
2025 Disclosure Cycle,779465,CDP,862760,"City of Oxford, OH",City,North America,United States of America,Public,Q6.1.2,"If you are using or plan to use carbon credits sold to or purchased from outside the jurisdiction or target boundary, provide details.",1,Row 1,We do not currently purchase or sell offset credit transactions,,,,,Our community has a clean energy aggregation program and the city has a PPA for municipal use. The energy suppliers do purchase RECs to offset community consumption. This is included separately in our GHG inventory
2025 Disclosure Cycle,779465,CDP,862814,"South-East Region of Ireland (Kilkenny, Carlow, Wexford, and Waterford Counties)",City,Europe,Ireland,Public,Q6.1.2,"If you are using or plan to use carbon credits sold to or purchased from outside the jurisdiction or target boundary, provide details.",1,Row 1,We do not currently purchase or sell offset credit transactions,,,,,Not applicable
2025 Disclosure Cycle,779465,CDP,862909,"Blaine County, ID",City,North America,United States of America,Public,Q6.1.2,"If you are using or plan to use carbon credits sold to or purchased from outside the jurisdiction or target boundary, provide details.",1,Row 1,Offset credit transactions purchased from outside of the boundary,Target 1,141000,Do not know,We plan on purchasing renewable energy from our utility through their renewable energy credit system. All energy is typically generated within the mountain west region but very little if any is generate within our jurisdiction.,"The success of this relies on the persuasive power of markets. We are hoping that by increasing the demand of renewable energy from our utility, the utility will be encouraged to produce more energy from renewable resources."
2025 Disclosure Cycle,779465,CDP,862932,"Superior, CO",City,North America,United States of America,Public,Q6.1.2,"If you are using or plan to use carbon credits sold to or purchased from outside the jurisdiction or target boundary, provide details.",1,Row 1,Offset credit transactions purchased from outside of the boundary,Target 3,230,Climate Action Reserve,"reporting period: 1/1/2024-12/31/2024; Oklahoma, USA",These credits were purchased in 2025 to offset our 2024 natural gas usage as a municipal entity.
2025 Disclosure Cycle,779465,CDP,862953,"District of North Vancouver, BC",City,North America,Canada,Public,Q6.1.2,"If you are using or plan to use carbon credits sold to or purchased from outside the jurisdiction or target boundary, provide details.",1,Row 1,We do not currently purchase or sell offset credit transactions,,,,,We have considered the use of carbon credits.
2025 Disclosure Cycle,779465,CDP,863000,Lo Barnechea,City,Latin America,Chile,Public,Q6.1.2,"If you are using or plan to use carbon credits sold to or purchased from outside the jurisdiction or target boundary, provide details.",1,Row 1,We do not currently purchase or sell offset credit transactions,,,,,La municipalidad actualmente no tiene planeado venta o compra de bonos carbono.
2025 Disclosure Cycle,779465,CDP,863190,Renca,City,Latin America,Chile,Public,Q6.1.2,"If you are using or plan to use carbon credits sold to or purchased from outside the jurisdiction or target boundary, provide details.",1,Row 1,We do not currently purchase or sell offset credit transactions,,,,,"Actualmente en la comuna de Renca, no se compran ni venden transacciones de creditos de carbono."
2025 Disclosure Cycle,779465,CDP,863201,Sanggau Regency,City,South East Asia & Oceania,Indonesia,Public,Q6.1.2,"If you are using or plan to use carbon credits sold to or purchased from outside the jurisdiction or target boundary, provide details.",1,Row 1,We do not currently purchase or sell offset credit transactions,,,,,"The Greenhouse Gas (GHG) inventory in Sanggau Regency is underway, with the Environmental Agency (DLH) and the Regional Development Planning Agency (Bappeda) of Sanggau Regency participating in a workshop on the GHG to increase understanding of this activity. While specific details regarding the inventory results are not yet available, this activity aims to collect data and information on GHG emissions and their sinks in Sanggau for monitoring and management. In support of sustainable development, the Sanggau Regency Environmental Agency will compile a greenhouse gas inventory document in 2024."
2025 Disclosure Cycle,779465,CDP,863202,Trenggalek Regency,City,South East Asia & Oceania,Indonesia,Public,Q6.1.2,"If you are using or plan to use carbon credits sold to or purchased from outside the jurisdiction or target boundary, provide details.",1,Row 1,We do not currently purchase or sell offset credit transactions,,,,,"We are still in the early stages of preparing the carbon economic value process, for example preparing feasibility studies, mitigation action plan documents and others."
2025 Disclosure Cycle,779465,CDP,863224,East Central Florida Regional Planning Council,City,North America,United States of America,Public,Q6.1.2,"If you are using or plan to use carbon credits sold to or purchased from outside the jurisdiction or target boundary, provide details.",1,Row 1,We do not currently purchase or sell offset credit transactions,,,,,No plan to use carbon credits in any function in the near term. For the long term target it is likely the use of carbon credits may be used to cover remaining emissions to reach net zero. This has not been confirmed or outlined with our partners to date. 
2025 Disclosure Cycle,779465,CDP,863405,"City of Boca Raton, FL",City,North America,United States of America,Public,Q6.1.2,"If you are using or plan to use carbon credits sold to or purchased from outside the jurisdiction or target boundary, provide details.",1,Row 1,We do not currently purchase or sell offset credit transactions,,,,,The City has no plan to buy credits. 
2025 Disclosure Cycle,779465,CDP,863407,"Town of Durham, NH",City,North America,United States of America,Public,Q6.1.2,"If you are using or plan to use carbon credits sold to or purchased from outside the jurisdiction or target boundary, provide details.",1,Row 1,We do not currently purchase or sell offset credit transactions,,,,,The Town of Durham does not have any plans in place to explore carbon credits.
2025 Disclosure Cycle,779465,CDP,863412,"City of Tumwater, WA",City,North America,United States of America,Public,Q6.1.2,"If you are using or plan to use carbon credits sold to or purchased from outside the jurisdiction or target boundary, provide details.",1,Row 1,"Other: we purchase credits as an organization, but our goal is communitywide",,,,,
2025 Disclosure Cycle,779465,CDP,863419,"Town of New Glasgow, NS",City,North America,Canada,Public,Q6.1.2,"If you are using or plan to use carbon credits sold to or purchased from outside the jurisdiction or target boundary, provide details.",1,Row 1,We do not currently purchase or sell offset credit transactions,,,,,
2025 Disclosure Cycle,779465,CDP,863533,San Antonio,City,Latin America,Chile,Public,Q6.1.2,"If you are using or plan to use carbon credits sold to or purchased from outside the jurisdiction or target boundary, provide details.",1,Row 1,We do not currently purchase or sell offset credit transactions,,,,,No hay planes de utilizar bonos de carbono
2025 Disclosure Cycle,779465,CDP,866887,"City of Bexley, OH",City,North America,United States of America,Public,Q6.1.2,"If you are using or plan to use carbon credits sold to or purchased from outside the jurisdiction or target boundary, provide details.",1,Row 1,We do not currently purchase or sell offset credit transactions,,,,,
2025 Disclosure Cycle,779465,CDP,866890,"City of Prairie Village, KS",City,North America,United States of America,Public,Q6.1.2,"If you are using or plan to use carbon credits sold to or purchased from outside the jurisdiction or target boundary, provide details.",1,Row 1,We do not currently purchase or sell offset credit transactions,,,,,"While carbon credits are not purchased, RECS are purchased to help to offset emissions associated with energy usage."
2025 Disclosure Cycle,779465,CDP,867322,Prefeitura de Itabirito,City,Latin America,Brazil,Public,Q6.1.2,"If you are using or plan to use carbon credits sold to or purchased from outside the jurisdiction or target boundary, provide details.",1,Row 1,We do not currently purchase or sell offset credit transactions,,,,,
2025 Disclosure Cycle,779465,CDP,867355,Junagadh,City,India,India,Public,Q6.1.2,"If you are using or plan to use carbon credits sold to or purchased from outside the jurisdiction or target boundary, provide details.",1,Row 1,We do not currently purchase or sell offset credit transactions,,,,,
2025 Disclosure Cycle,779465,CDP,894049,San José de la Esquina,City,Latin America,Argentina,Public,Q6.1.2,"If you are using or plan to use carbon credits sold to or purchased from outside the jurisdiction or target boundary, provide details.",1,Row 1,We do not currently purchase or sell offset credit transactions,,,,,ninguno\n
2025 Disclosure Cycle,779465,CDP,895653,North Minahasa,City,South East Asia & Oceania,Indonesia,Public,Q6.1.2,"If you are using or plan to use carbon credits sold to or purchased from outside the jurisdiction or target boundary, provide details.",1,Row 1,We do not currently purchase or sell offset credit transactions,,,,,
2025 Disclosure Cycle,779465,CDP,895653,North Minahasa,City,South East Asia & Oceania,Indonesia,Public,Q6.1.2,"If you are using or plan to use carbon credits sold to or purchased from outside the jurisdiction or target boundary, provide details.",2,Row 2,We do not currently purchase or sell offset credit transactions,,,,,
2025 Disclosure Cycle,779465,CDP,895654,Segamat,City,South East Asia & Oceania,Malaysia,Public,Q6.1.2,"If you are using or plan to use carbon credits sold to or purchased from outside the jurisdiction or target boundary, provide details.",1,Row 1,We do not currently purchase or sell offset credit transactions,,,,,
2025 Disclosure Cycle,779465,CDP,895681,Majlis Bandaraya Iskandar Puteri,City,South East Asia & Oceania,Malaysia,Public,Q6.1.2,"If you are using or plan to use carbon credits sold to or purchased from outside the jurisdiction or target boundary, provide details.",1,Row 1,We do not currently purchase or sell offset credit transactions,,,,,Carbon credits are not available in Iskandar Puteri area.
2025 Disclosure Cycle,779465,CDP,895694,Municipalidad de Quilicura,City,Latin America,Chile,Public,Q6.1.2,"If you are using or plan to use carbon credits sold to or purchased from outside the jurisdiction or target boundary, provide details.",1,Row 1,We do not currently purchase or sell offset credit transactions,,,,,
2025 Disclosure Cycle,779465,CDP,917883,Brecon Beacons National Park Authority,City,UKWW,United Kingdom,Public,Q6.1.2,"If you are using or plan to use carbon credits sold to or purchased from outside the jurisdiction or target boundary, provide details.",1,Row 1,We do not currently purchase or sell offset credit transactions,,,,,
2025 Disclosure Cycle,779465,CDP,917886,Broxtowe Borough Council,City,UKWW,United Kingdom,Public,Q6.1.2,"If you are using or plan to use carbon credits sold to or purchased from outside the jurisdiction or target boundary, provide details.",1,Row 1,We do not currently purchase or sell offset credit transactions,,,,,
2025 Disclosure Cycle,779465,CDP,917927,North Yorkshire Council,City,UKWW,United Kingdom,Public,Q6.1.2,"If you are using or plan to use carbon credits sold to or purchased from outside the jurisdiction or target boundary, provide details.",1,Row 1,We do not currently purchase or sell offset credit transactions,,,,,"Where we cannot decrease emissions through mitigation, our strategy acknowledges that we need to capture and store them to reach net zero. Our strategy currently focuses on sequestration via natural processes and protecting carbon stores rather than purchasing carbon credits. To mitigate carbon emissions using capture and storage we will: Encourage the use of farming techniques to store carbon in the landscape such as regenerative agriculture, tree, hedgerow, and soil management. Increase new carbon storage capacity, through the number of trees and hedgerows planted and protected and ensure North Yorkshire has the skilled workforce to manage the increased treescape. There is also potential to develop kelp forests in the marine environment. Preserve existing carbon stores such as peatlands and mature trees, including carbon storage of 'fallen timber'. Support regional partners to develop large scale carbon capture technology and projects around the Humber estuary and at our Energy from Waste plant.\n\nThe council's LINC programme is investigating options to use the market for using natural capital for interventions such as carbon sequestration."
2025 Disclosure Cycle,779465,CDP,917931,Region of Powys,City,UKWW,United Kingdom,Public,Q6.1.2,"If you are using or plan to use carbon credits sold to or purchased from outside the jurisdiction or target boundary, provide details.",1,Row 1,We do not currently purchase or sell offset credit transactions,,,,,
2025 Disclosure Cycle,779465,CDP,918254,Skellefteå Municipality,City,Europe,Sweden,Public,Q6.1.2,"If you are using or plan to use carbon credits sold to or purchased from outside the jurisdiction or target boundary, provide details.",1,Row 1,We do not currently purchase or sell offset credit transactions,,,,,"Skellefteå municipality aims to achieve its climate targets through direct local emission reductions, guided by the municipal Climate Contract 2030 and a local carbon budget. The focus is on structural transformation, electrification, renewable energy, sustainable transport, and behavioral change within the jurisdiction, rather than offsetting emissions elsewhere."
2025 Disclosure Cycle,779465,CDP,918264,Municipality of Ilion,City,Europe,Greece,Public,Q6.1.2,"If you are using or plan to use carbon credits sold to or purchased from outside the jurisdiction or target boundary, provide details.",1,Row 1,We do not currently purchase or sell offset credit transactions,,,,,
2025 Disclosure Cycle,779465,CDP,918366,City of Gradiška,City,Europe,Bosnia and Herzegovina,Public,Q6.1.2,"If you are using or plan to use carbon credits sold to or purchased from outside the jurisdiction or target boundary, provide details.",1,Row 1,We do not currently purchase or sell offset credit transactions,,,,,"The City of Gradiška does not currently purchase or sell carbon credits from outside the jurisdiction or target boundary. at present, the city focuses on implementing local measures to reduce greenhouse gas emissions within the jurisdiction as defined in the SECAP. There are no immediate plans to engage in carbon credit markets, but the option may be considered in the future depending on national policy developments and available mechanisms."
2025 Disclosure Cycle,779465,CDP,918783,City of Békéscsaba,City,Europe,Hungary,Public,Q6.1.2,"If you are using or plan to use carbon credits sold to or purchased from outside the jurisdiction or target boundary, provide details.",1,Row 1,We do not currently purchase or sell offset credit transactions,,,,,Not relevant for us
2025 Disclosure Cycle,779465,CDP,918804,City of Budaörs,City,Europe,Hungary,Public,Q6.1.2,"If you are using or plan to use carbon credits sold to or purchased from outside the jurisdiction or target boundary, provide details.",1,Row 1,We do not currently purchase or sell offset credit transactions,,,,,
2025 Disclosure Cycle,779465,CDP,918805,City of Ajka,City,Europe,Hungary,Public,Q6.1.2,"If you are using or plan to use carbon credits sold to or purchased from outside the jurisdiction or target boundary, provide details.",1,Row 1,We do not currently purchase or sell offset credit transactions,,,,,"However, the City of Ajka aims to involve carbon crediting to get more funds to implement SECAP-related measures in the future."
2025 Disclosure Cycle,779465,CDP,919095,City of London (City),City,UKWW,United Kingdom,Public,Q6.1.2,"If you are using or plan to use carbon credits sold to or purchased from outside the jurisdiction or target boundary, provide details.",1,Row 1,We do not currently purchase or sell offset credit transactions,,,,,We do not currently purchase or sell offset credit transactions but recognise they might need to play a part in the future.
2025 Disclosure Cycle,779465,CDP,919723,Alvesta Municipality,City,Europe,Sweden,Public,Q6.1.2,"If you are using or plan to use carbon credits sold to or purchased from outside the jurisdiction or target boundary, provide details.",1,Row 1,We do not currently purchase or sell offset credit transactions,,,,,Alvesta municipality don't use it
2025 Disclosure Cycle,779465,CDP,919724,Gällivare Municipality,City,Europe,Sweden,Public,Q6.1.2,"If you are using or plan to use carbon credits sold to or purchased from outside the jurisdiction or target boundary, provide details.",1,Row 1,We do not currently purchase or sell offset credit transactions,,,,,
2025 Disclosure Cycle,779465,CDP,919730,Lambeth Council,City,UKWW,United Kingdom,Public,Q6.1.2,"If you are using or plan to use carbon credits sold to or purchased from outside the jurisdiction or target boundary, provide details.",1,Row 1,We do not currently purchase or sell offset credit transactions,,,,,
2025 Disclosure Cycle,779465,CDP,924872,"Colón, Entre Rios",City,Latin America,Argentina,Public,Q6.1.2,"If you are using or plan to use carbon credits sold to or purchased from outside the jurisdiction or target boundary, provide details.",1,Row 1,We do not currently purchase or sell offset credit transactions,,,,,ninguno
2025 Disclosure Cycle,779465,CDP,929965,Çorlu Belediyesi,City,UKWW,Türkiye,Public,Q6.1.2,"If you are using or plan to use carbon credits sold to or purchased from outside the jurisdiction or target boundary, provide details.",1,Row 1,We do not currently purchase or sell offset credit transactions,,,,,"Our municipality does not use carbon credits from outside its jurisdiction within the scope of its current reduction targets. However, in the long term, it may be open to using credits from voluntary or mandatory markets in parallel with the development of national carbon markets."
2025 Disclosure Cycle,779465,CDP,929994,Uskudar Municipality,City,UKWW,Türkiye,Public,Q6.1.2,"If you are using or plan to use carbon credits sold to or purchased from outside the jurisdiction or target boundary, provide details.",1,Row 1,We do not currently purchase or sell offset credit transactions,,,,,"As part of our future climate strategies, we may review this approach depending on the development of carbon markets and regulatory frameworks. However, there are currently no plans to buy or sell carbon credits."
2025 Disclosure Cycle,779465,CDP,930248,Prefeitura de Jandaíra,City,Latin America,Brazil,Public,Q6.1.2,"If you are using or plan to use carbon credits sold to or purchased from outside the jurisdiction or target boundary, provide details.",1,Row 1,We do not currently purchase or sell offset credit transactions,,,,,
2025 Disclosure Cycle,779465,CDP,930254,Thua Thien Hue Province,City,South East Asia & Oceania,Viet Nam,Public,Q6.1.2,"If you are using or plan to use carbon credits sold to or purchased from outside the jurisdiction or target boundary, provide details.",1,Row 1,Offset credit transactions generated within the boundary and sold,Target 1,10300000,Other: World Bank's Forest Carbon Partnership Facility (FCPF) under the national REDD+ program,"Crediting Period\nUnder the Emission Reductions Payment Agreement (ERPA) with the Forest Carbon Partnership Facility (FCPF), the relevant timeframe is:\n•\tCrediting Period: 2018 to 2024, during which emission reductions are monitored and verified.\n•\tThe scope aligns with Vietnam's national development plans, spanning cycles 2016-2020 and 2021-2025.\nCrediting Area\n•\tThe program covers six provinces under Vietnam's North Central Region Emission Reductions Program, which includes Thừa Thiên Huế among the targeted areas for emissions reduction and carbon sequestration efforts.\n•\tThe total jurisdictional area includes natural forest cover, with projects focused on REDD+ interventions—that is, preventing deforestation and degradation, as well as promoting afforestation and improved forest management.\nThe offsetting efforts in Thua Thien Hue are taking place within the province's forest lands, as part of a collective effort with a group of provinces in the North Central region of Vietnam.\n•\tJurisdictional Area: Thua Thien Hue is one of six provinces in Vietnam's North Central region participating in the World Bank's Forest Carbon Partnership Facility (FCPF) program. This is a jurisdictional-level REDD+ program, meaning the crediting is based on the emission reductions from the entire region, not just individual projects. The other five provinces are Thanh Hoa, Nghe An, Ha Tinh, Quang Binh, and Quang Tri.\n•\tSpecific Locations: Within Thua Thien Hue, the offsetting efforts are focused on the province's natural and planted forests. The activities that contribute to carbon credits include:\no\tReduced Deforestation and Forest Degradation (REDD+): Protecting existing natural forests from being cleared or degraded.\no\tSustainable Forest Management: Implementing practices that enhance the health and carbon stock of forests.\no\tAfforestation and Reforestation (ARR): Planting new trees on previously non-forested land to increase carbon sequestration.\n\n","What the North-Central ERP is\n•\tA jurisdictional REDD+ program under the World Bank's FCPF Carbon Fund, governed by an Emission Reductions Payment Agreement (ERPA) signed Oct 22, 2020. The ERPA envisioned up to 10.3 million tCO₂e in results over a six-year period starting in 2018, for US$51.5 million in results-based payments. \nWhere it operates (and Hue's place in it)\n•\tCountry & region: Viet Nam's North Central Region across six provinces — Thanh Hóa, Nghệ An, Hà Tĩnh, Quảng Bình, Quảng Trị, and Thừa Thiên Huế (Hue) — with an ERP accounting area focused on ~2.9 million ha of natural forests. \n•\tHue's ERP area: Hue is explicitly inside the ERP boundary. Provincial implementation is led by each Provincial People's Committee; Hue's eligible forest for ERPA payments was reported at ~204,022 ha (2023). \nWhat activities/results are credited\n•\tThe ERP credits reductions in deforestation/degradation and enhancement of forest carbon stocks (REDD+) achieved within the six-province landscape. Independent verification under the FCPF framework confirms results before payment. Viet Nam received a US$51.5 million payment for verified ERs on Mar 21, 2024. \nProgram timeline & monitoring\n•\tThe ERP's first verified reporting covered 2018-2019 (documented in the program's First ER Monitoring Report). Subsequent reporting covers later years within the ERPA window.\nGovernance & benefit sharing (how Hue participates)\n•\tProgram entity & coordination: The Viet Nam Forest Protection and Development Fund (VNFF) coordinates nationally and with provinces; provinces (including Hue) oversee on-the-ground implementation and benefit distribution per the Benefit-Sharing Plan (BSP). \n"
2025 Disclosure Cycle,779465,CDP,930254,Thua Thien Hue Province,City,South East Asia & Oceania,Viet Nam,Public,Q6.1.2,"If you are using or plan to use carbon credits sold to or purchased from outside the jurisdiction or target boundary, provide details.",2,Row 2,Offset credit transactions generated within the boundary and sold,Target 2,176000,Other: FCPF Carbon Fund Methodological Framework (MF),"Crediting period\n•\t2018-2019 (surplus ERs from the first reporting period of the North-Central ERP). The Government's Resolution explicitly states “giai đoạn 2018-2019”; World Bank/FCPF documents confirm the ERP's first reporting period as 2018-2019 (the ER-MR covers 01-02-2018 to 31-12-2019). \nCountry(ies) / area(s) where offsetting efforts take place\n•\tCountry: Viet Nam.\n•\tJurisdictional program area: the North Central Region (ERP accounting area) covering six provinces: Thanh Hóa, Nghệ An, Hà Tĩnh, Quảng Bình, Quảng Trị, and Thừa Thiên Huế (Hue). (This is the ERP boundary used for MRV and credit generation.) \n•\tEmphasis—Hue's ERP area: Thừa Thiên Huế is explicitly within the ERP jurisdiction; the Government's Sep-2025 Resolution tasks the provincial People's Committees in the North-Central region—including Huế—to coordinate implementation under the ERPA. \n•\tEcosystem scope/hectares: Under the ERPA, the World Bank cites ~2.9 million ha of natural forests across these six provinces as the program's core accounting area for results-based payments. \nContext for this particular transfer\n•\tThe 1.0 Mt transferred in Sep-2025 is drawn from a surplus pool (reported ≈5.91 Mt of ERs from 2018-2019 beyond what was already paid), and is transacted under the 2020 ERPA with IBRD (FCPF Carbon Fund). \nBottom line: The extra 1,000,000 tCO₂e credits come from verified 2018-2019 REDD+ results within the North-Central ERP—including Thừa Thiên Huế (Hue)—with activities and MRV entirely inside Viet Nam's North Central Region as defined by the program. \n","What was approved\n•\tOn 29 Aug 2025, the Government issued Resolution 261/NQ-CP authorizing the transfer of 1.0 million tCO₂e from the North-Central ERP (surplus from 2018-2019) to the World Bank's IBRD under the existing ERPA (signed 22 Oct 2020). The Resolution notes that ≈95% of the transferred credits will be returned to Viet Nam to serve the NDC, and the unit price and other terms follow the ERPA. \n•\tThe Government News portal's write-up of the resolution reiterates the 1.0 Mt transfer, the 5.91 Mt surplus pool, and the ~95% return clause. \nWhere those credits come from (program scope)\n•\tThe North-Central ERP is a jurisdictional REDD+ program covering six provinces, including Thừa Thiên Huế, aimed at reducing deforestation/degradation and enhancing forest carbon stocks. \n•\tCoverage includes natural forests (broadleaf evergreen) and plantation forests; press coverage of the 1-million-tonne transfer specifically mentions plantation-forest ERs within the region. \n•\tEarlier, Viet Nam received US$51.5m for verified ERs from this same ERP in March 2024, confirming the program's MRV and payments pipeline. \nHue's ERP area\n•\tHue is explicitly part of the ERP jurisdiction. The Government's news note on Resolution 261 tasks provincial authorities in the North-Central region to coordinate implementation and lists “Hue” among those provinces. (Hue's inclusion is clear; some write-ups enumerate five provinces, while World Bank ERP documents specify six provinces for the program overall) \n•\tWithin the ERP, Hue's forest estate (both natural and plantation areas) is inside the accounting boundary for ERs; key conservation areas tied to cross-border biodiversity corridors include the Sao La (saola) Nature Reserve in Thừa Thiên Huế, which sits within the ERP landscape. \n•\tHue's provincial agencies have been implementing ERP components locally (e.g., benefit-sharing plan consultations/trainings in 2020), underscoring that ERs and resulting payments/benefits are generated and distributed down to Hue-level stakeholders in line with the national BSP. \n\nHow the 1.0 Mt relates to Hue\n•\tThe 1.0 Mt is a national transfer from the multi-province ERP pool (surplus ERs from 2018-2019). It includes ERs generated within Hue's ERP area, but the transaction does not allocate “credits by province.” Actual financial flows back to provinces (including Hue) are governed by the ERP's Benefit-Sharing Plan after the buyer pays under the ERPA. \n"
2025 Disclosure Cycle,779465,CDP,930332,"City of Orillia, ON",City,North America,Canada,Public,Q6.1.2,"If you are using or plan to use carbon credits sold to or purchased from outside the jurisdiction or target boundary, provide details.",1,Row 1,We do not currently purchase or sell offset credit transactions,,,,,NA
2025 Disclosure Cycle,779465,CDP,930753,Yeoncheon County,City,South East Asia & Oceania,Korea (The Republic of),Public,Q6.1.2,"If you are using or plan to use carbon credits sold to or purchased from outside the jurisdiction or target boundary, provide details.",1,Row 1,We do not currently purchase or sell offset credit transactions,,,,,
2025 Disclosure Cycle,779465,CDP,931095,Lake District National Park Authority,City,UKWW,United Kingdom,Public,Q6.1.2,"If you are using or plan to use carbon credits sold to or purchased from outside the jurisdiction or target boundary, provide details.",1,Row 1,Other: SPV Nature Gain Credits,Target 1,0,Verified Carbon Standard,This has been modelled in our feasibility study to create a water finance credit called Carbon Credit+. We plan to claim for 30 years of carbon credit and then hand the woodland and its benefits over to the landowner for a further 70 years\n\nIn addition carbon markets are being explored and being developed through the Cumbria Nature Gains special purpose vehicle. \n\nWe are seeking for both mechanisms to attract carbon credit purchase from outside the boundary of the national park.,
2025 Disclosure Cycle,779465,CDP,931104,City of Leh,City,India,India,Public,Q6.1.2,"If you are using or plan to use carbon credits sold to or purchased from outside the jurisdiction or target boundary, provide details.",1,Row 1,We do not currently purchase or sell offset credit transactions,,,,,NA
2025 Disclosure Cycle,779465,CDP,931111,South Downs National Park Authority,City,UKWW,United Kingdom,Public,Q6.1.2,"If you are using or plan to use carbon credits sold to or purchased from outside the jurisdiction or target boundary, provide details.",1,Row 1,We do not currently purchase or sell offset credit transactions,,,,,We are not currently looking to purchase carbon credits of off-sets for the National Park Authority as an organisation - until such time as we have achieved the emission reductions we have planned across our estate and operations.\n\nFor the National Park as an area we are developing a local woodland carbon and BNG credit market. This is working with local landowners and farmers to identify land that can be planted or woodland areas that can be extended. This will generate carbon credits that can be sold both inside and outside the National Park boundary. 
2025 Disclosure Cycle,779465,CDP,2012299,Warwick District Council,City,UKWW,United Kingdom,Public,Q6.1.2,"If you are using or plan to use carbon credits sold to or purchased from outside the jurisdiction or target boundary, provide details.",1,Row 1,We do not currently purchase or sell offset credit transactions,,,,,None
2025 Disclosure Cycle,779465,CDP,2012301,Broads National Park Authority,City,UKWW,United Kingdom,Public,Q6.1.2,"If you are using or plan to use carbon credits sold to or purchased from outside the jurisdiction or target boundary, provide details.",1,Row 1,We do not currently purchase or sell offset credit transactions,,,,,"Our Net-zero target presumes any offsetting activity will be within the Jurisdictional Boundary. \n\nWe have explored carbon credits as a means of raising finance for peatland restoration in the Broads, which may in the future include the possibility of selling credits outside of the boundary. \n\nCurrent organisations we have discussed nature for climate financing with are based locally. "
2025 Disclosure Cycle,779465,CDP,2012303,Dartmoor National Park Authority,City,UKWW,United Kingdom,Public,Q6.1.2,"If you are using or plan to use carbon credits sold to or purchased from outside the jurisdiction or target boundary, provide details.",1,Row 1,We do not currently purchase or sell offset credit transactions,,,,,We are not currently looking to purchase carbon credits of off-sets for the National Park Authority as an organisation
2025 Disclosure Cycle,779465,CDP,2012305,Exmoor National Park Authority,City,UKWW,United Kingdom,Public,Q6.1.2,"If you are using or plan to use carbon credits sold to or purchased from outside the jurisdiction or target boundary, provide details.",1,Row 1,We do not currently purchase or sell offset credit transactions,,,,,
2025 Disclosure Cycle,779465,CDP,2012306,Loch Lomond and the Trossachs National Park Authority,City,UKWW,United Kingdom,Public,Q6.1.2,"If you are using or plan to use carbon credits sold to or purchased from outside the jurisdiction or target boundary, provide details.",1,Row 1,We do not currently purchase or sell offset credit transactions,,,,,n/a
2025 Disclosure Cycle,779465,CDP,2012307,New Forest National Park Authority,City,UKWW,United Kingdom,Public,Q6.1.2,"If you are using or plan to use carbon credits sold to or purchased from outside the jurisdiction or target boundary, provide details.",1,Row 1,We do not currently purchase or sell offset credit transactions,,,,,No further comment
2025 Disclosure Cycle,779465,CDP,2012308,North York Moors National Park Authority,City,UKWW,United Kingdom,Public,Q6.1.2,"If you are using or plan to use carbon credits sold to or purchased from outside the jurisdiction or target boundary, provide details.",1,Row 1,We do not currently purchase or sell offset credit transactions,,,,,We currently have no plans to use offsetting to meet are mitigations for place nor the organisation.
2025 Disclosure Cycle,779465,CDP,2012309,Northumberland National Park Authority,City,UKWW,United Kingdom,Public,Q6.1.2,"If you are using or plan to use carbon credits sold to or purchased from outside the jurisdiction or target boundary, provide details.",1,Row 1,We do not currently purchase or sell offset credit transactions,,,,,No carbon credits sold to or purchased from outside the jurisdiction mare used in the calculation.\n
2025 Disclosure Cycle,779465,CDP,2012310,Peak District National Park Authority,City,UKWW,United Kingdom,Public,Q6.1.2,"If you are using or plan to use carbon credits sold to or purchased from outside the jurisdiction or target boundary, provide details.",1,Row 1,We do not currently purchase or sell offset credit transactions,,,,,We do not plan to do this
2025 Disclosure Cycle,779465,CDP,2012312,Yorkshire Dales National Park Authority,City,UKWW,United Kingdom,Public,Q6.1.2,"If you are using or plan to use carbon credits sold to or purchased from outside the jurisdiction or target boundary, provide details.",1,Row 1,We do not currently purchase or sell offset credit transactions,,,,,We currently have no plans to use offsetting to meet mitigations for place nor the organisation.
2025 Disclosure Cycle,779465,CDP,2023043,Nasushiobara City,City,Japan,Japan,Public,Q6.1.2,"If you are using or plan to use carbon credits sold to or purchased from outside the jurisdiction or target boundary, provide details.",1,Row 1,We do not currently purchase or sell offset credit transactions,,,,,なし
2025 Disclosure Cycle,779465,CDP,2027854,"City of Lafayette, IN",City,North America,United States of America,Public,Q6.1.2,"If you are using or plan to use carbon credits sold to or purchased from outside the jurisdiction or target boundary, provide details.",1,Row 1,We do not currently purchase or sell offset credit transactions,,,,,
2025 Disclosure Cycle,779465,CDP,2027856,Cañada Rosquín,City,Latin America,Argentina,Public,Q6.1.2,"If you are using or plan to use carbon credits sold to or purchased from outside the jurisdiction or target boundary, provide details.",1,Row 1,We do not currently purchase or sell offset credit transactions,,,,,ninguno
2025 Disclosure Cycle,779465,CDP,2027864,El Trebol,City,Latin America,Argentina,Public,Q6.1.2,"If you are using or plan to use carbon credits sold to or purchased from outside the jurisdiction or target boundary, provide details.",1,Row 1,We do not currently purchase or sell offset credit transactions,,,,,
2025 Disclosure Cycle,779465,CDP,2027869,San Salvador de Jujuy,City,Latin America,Argentina,Public,Q6.1.2,"If you are using or plan to use carbon credits sold to or purchased from outside the jurisdiction or target boundary, provide details.",1,Row 1,We do not currently purchase or sell offset credit transactions,,,,,ninguno
2025 Disclosure Cycle,779465,CDP,2033711,Prefeitura de Arapiraca,City,Latin America,Brazil,Public,Q6.1.2,"If you are using or plan to use carbon credits sold to or purchased from outside the jurisdiction or target boundary, provide details.",1,Row 1,We do not currently purchase or sell offset credit transactions,,,,,Possuimos Cooperação técnica para explorar os créditos de carbono de uma área de caatinga preservada no município mas ainda não foi realizado
2025 Disclosure Cycle,779465,CDP,2033737,Prefeitura de Crato,City,Latin America,Brazil,Public,Q6.1.2,"If you are using or plan to use carbon credits sold to or purchased from outside the jurisdiction or target boundary, provide details.",1,Row 1,We do not currently purchase or sell offset credit transactions,,,,,
2025 Disclosure Cycle,779465,CDP,2044700,Municipality of Escobar,City,Latin America,Argentina,Public,Q6.1.2,"If you are using or plan to use carbon credits sold to or purchased from outside the jurisdiction or target boundary, provide details.",1,Row 1,We do not currently purchase or sell offset credit transactions,,,,,ninguno
2025 Disclosure Cycle,779465,CDP,2044738,City of Balanga,City,South East Asia & Oceania,Philippines,Public,Q6.1.2,"If you are using or plan to use carbon credits sold to or purchased from outside the jurisdiction or target boundary, provide details.",1,Row 1,We do not currently purchase or sell offset credit transactions,,,,,"The City of Balanga does not currently use or plan to use carbon credits sold to or purchased from outside the jurisdiction. Residual emissions under the net-zero target will instead be neutralized through local offset projects within the city and province, particularly mangrove rehabilitation, urban greening, and ecosystem restoration."
2025 Disclosure Cycle,779465,CDP,2044740,City of Samal,City,South East Asia & Oceania,Philippines,Public,Q6.1.2,"If you are using or plan to use carbon credits sold to or purchased from outside the jurisdiction or target boundary, provide details.",1,Row 1,We do not currently purchase or sell offset credit transactions,,,,,"The total GHG of IGaCoS have a value of 137,588.78 total carbon dioxide emission, and the equivalent forestry removal of IGaCoS is 26,806.76, equating Net Emission of 110,782 total carbon dioxide emission, resulting in 0.95 per capita emission. In conclusion, the people in IGaCoS should grow at least 6 to 7 trees to achieve the LGU's carbon neutrality. And IGaCoS needs to plant a total of 738,547 trees, occupying a total land area of 923.18 hectares. \n\nReference:\nOne Package E-LCCAP Re: Greenhouse Gas (GHG) Inventory for Two (2) Local Government Units (Community Level), 2022"
2025 Disclosure Cycle,779465,CDP,2044749,Kalix Municipality,City,Europe,Sweden,Public,Q6.1.2,"If you are using or plan to use carbon credits sold to or purchased from outside the jurisdiction or target boundary, provide details.",1,Row 1,We do not currently purchase or sell offset credit transactions,,,,,We don't use carbon credits and as far as I know we don't plan too either. 
2025 Disclosure Cycle,779465,CDP,2044754,Karatay Municipality,City,UKWW,Türkiye,Public,Q6.1.2,"If you are using or plan to use carbon credits sold to or purchased from outside the jurisdiction or target boundary, provide details.",1,Row 1,We do not currently purchase or sell offset credit transactions,,,,,o Comment
2025 Disclosure Cycle,779465,CDP,2044758,Cà Mau City,City,South East Asia & Oceania,Viet Nam,Public,Q6.1.2,"If you are using or plan to use carbon credits sold to or purchased from outside the jurisdiction or target boundary, provide details.",1,Row 1,We do not currently purchase or sell offset credit transactions,,,,,"Currently, Cà Mau has not independently conducted any large-scale carbon credit trading. However, the province plays a key role in Vietnam's national carbon market strategy. Cà Mau is currently in the preparatory phase, laying the groundwork for carbon credits—particularly forest and mangrove-based (blue carbon) credits.\n\nThe provincial government has approved the \'Sustainable Forest Management and Forest Certification Project,\' which includes a crucial component on developing a carbon credit market. The project aims to inventory and assess carbon stocks in forest areas and establish a transparent roadmap for selling carbon credits in both international and domestic markets.\n\nCà Mau's enormous potential\nCà Mau is considered Vietnam's \'gold mine\' for carbon credits for the following reasons:\n\nLargest forest area: The province has the largest area of mangrove and melaleuca forests in the country, with extremely high CO₂ sequestration capacity.\nMassive carbon stocks: Experts estimate that with over 140,000 hectares of forest, Cà Mau has the potential to generate more than 10 million carbon credits annually.\nHigh economic value: Given international market prices (typically ranging from 5 to 15 USD per credit), this resource could generate tens to hundreds of millions of USD annually for the province.\nSteps currently underway\nTo turn this potential into reality, Cà Mau is focusing on the following key actions:\n\nInventory and measurement: Completing accurate measurement and calculation of carbon stocks stored in forest areas.\nLegal framework development: Establishing clear mechanisms and policies for carbon credit sales, with a particular emphasis on benefit-sharing mechanisms to ensure fair compensation for forest-protecting communities and households.\nPartner engagement: Actively collaborating with international organizations and businesses seeking to purchase carbon credits to offset their emissions.\nIn summary, Cà Mau is currently in the preparation phase and is best positioned to become one of Vietnam's and the region's leading suppliers of carbon credits."
2025 Disclosure Cycle,779465,CDP,2045055,Jayapura Regency,City,South East Asia & Oceania,Indonesia,Public,Q6.1.2,"If you are using or plan to use carbon credits sold to or purchased from outside the jurisdiction or target boundary, provide details.",1,Row 1,We do not currently purchase or sell offset credit transactions,,,,,
2025 Disclosure Cycle,779465,CDP,2045062,Pemalang Regency,City,South East Asia & Oceania,Indonesia,Public,Q6.1.2,"If you are using or plan to use carbon credits sold to or purchased from outside the jurisdiction or target boundary, provide details.",1,Row 1,We do not currently purchase or sell offset credit transactions,,,,,belum ada
2025 Disclosure Cycle,779465,CDP,2045064,Magelang City,City,South East Asia & Oceania,Indonesia,Public,Q6.1.2,"If you are using or plan to use carbon credits sold to or purchased from outside the jurisdiction or target boundary, provide details.",1,Row 1,We do not currently purchase or sell offset credit transactions,,,,,Kota Magelang saat ini belum memiliki rencana untuk membeli atau menjual kredit karbon dari luar yurisdiksi. Upaya mitigasi emisi difokuskan pada program dan kegiatan lokal di dalam wilayah Kota Magelang
2025 Disclosure Cycle,779465,CDP,2045081,Municipalidad de Humberto Primo,City,Latin America,Argentina,Public,Q6.1.2,"If you are using or plan to use carbon credits sold to or purchased from outside the jurisdiction or target boundary, provide details.",1,Row 1,We do not currently purchase or sell offset credit transactions,,,,,
2025 Disclosure Cycle,779465,CDP,2045345,Municipality of Terézváros,City,Europe,Hungary,Public,Q6.1.2,"If you are using or plan to use carbon credits sold to or purchased from outside the jurisdiction or target boundary, provide details.",1,Row 1,We do not currently purchase or sell offset credit transactions,,,,,
2025 Disclosure Cycle,779465,CDP,2045903,Zugló District XIV of Budapest,City,Europe,Hungary,Public,Q6.1.2,"If you are using or plan to use carbon credits sold to or purchased from outside the jurisdiction or target boundary, provide details.",1,Row 1,We do not currently purchase or sell offset credit transactions,,,,,
2025 Disclosure Cycle,779465,CDP,2046070,Municipalidad de Esperanza,City,Latin America,Argentina,Public,Q6.1.2,"If you are using or plan to use carbon credits sold to or purchased from outside the jurisdiction or target boundary, provide details.",1,Row 1,We do not currently purchase or sell offset credit transactions,,,,,ninguno
2025 Disclosure Cycle,779465,CDP,35913,City of Nairobi,City,UKWW,Kenya,Public,Q6.1.2,"If you are using or plan to use carbon credits sold to or purchased from outside the jurisdiction or target boundary, provide details.",1,Row 1,We do not currently purchase or sell offset credit transactions,,,,,
2025 Disclosure Cycle,779465,CDP,44210,Yeosu City,City,South East Asia & Oceania,Korea (The Republic of),Public,Q6.1.2,"If you are using or plan to use carbon credits sold to or purchased from outside the jurisdiction or target boundary, provide details.",1,Row 1,We do not currently purchase or sell offset credit transactions,,,,,
2025 Disclosure Cycle,779465,CDP,50543,"Halifax Regional Municipality, NS",City,North America,Canada,Public,Q6.1.2,"If you are using or plan to use carbon credits sold to or purchased from outside the jurisdiction or target boundary, provide details.",1,Row 1,We do not currently purchase or sell offset credit transactions,,,,,"300kt based on Technical report: https://cdn.halifax.ca/sites/default/files/documents/about-the-city/energy-environment/Technical%20Report.pdfMost likely, HRM will be following The Canadian Greenhouse Gas Offset Credit System Regulations :https://www.canada.ca/en/environment-climate-change/services/climate-change/pricing-pollution-how-it-will-work/output-based-pricing-system/federal-greenhouse-gas-offset-system.html"
2025 Disclosure Cycle,779465,CDP,55371,Municipalidad de Vicente López,City,Latin America,Argentina,Public,Q6.1.2,"If you are using or plan to use carbon credits sold to or purchased from outside the jurisdiction or target boundary, provide details.",1,Row 1,"Other: Actualmente, no compramos ni vendemos transacciones de créditos o compensaciones.",,,,,ninguno
2025 Disclosure Cycle,779465,CDP,58485,"Abington Township, PA",City,North America,United States of America,Public,Q6.1.2,"If you are using or plan to use carbon credits sold to or purchased from outside the jurisdiction or target boundary, provide details.",1,Row 1,We do not currently purchase or sell offset credit transactions,,,,,
2025 Disclosure Cycle,779465,CDP,60391,Municipalidad de San Borja,City,Latin America,Peru,Public,Q6.1.2,"If you are using or plan to use carbon credits sold to or purchased from outside the jurisdiction or target boundary, provide details.",1,Row 1,We do not currently purchase or sell offset credit transactions,,,,,"Los créditos de carbono son una forma transparente, medible y basada en resultados para que las empresas apoyen actividades, como la protección y restauración de sumideros de carbono naturales irrecuperables, como bosques o ecosistemas marinos, y el desarrollo de tecnologías emergentes de remoción de carbono."
2025 Disclosure Cycle,779465,CDP,60393,Municipalidad de Santiago,City,Latin America,Chile,Public,Q6.1.2,"If you are using or plan to use carbon credits sold to or purchased from outside the jurisdiction or target boundary, provide details.",1,Row 1,We do not currently purchase or sell offset credit transactions,,,,,"A la fecha, la comuna de Santiago no se encuentra evaluando la posibilidad de usar créditos de carbono."
2025 Disclosure Cycle,779465,CDP,68375,Prefeitura de Abaetetuba,City,Latin America,Brazil,Public,Q6.1.2,"If you are using or plan to use carbon credits sold to or purchased from outside the jurisdiction or target boundary, provide details.",1,Row 1,We do not currently purchase or sell offset credit transactions,,,,,O município ainda está se ambientando quanto ao mercado de carbono e seus benefícios para subsidiar ações e projetos que venham contribuir com o desenvolvimento sustentável do município
2025 Disclosure Cycle,779465,CDP,73533,Intendencia de Canelones,City,Latin America,Uruguay,Public,Q6.1.2,"If you are using or plan to use carbon credits sold to or purchased from outside the jurisdiction or target boundary, provide details.",1,Row 1,We do not currently purchase or sell offset credit transactions,,,,,Sin comentarios
2025 Disclosure Cycle,779465,CDP,73734,Envigado,City,Latin America,Colombia,Public,Q6.1.2,"If you are using or plan to use carbon credits sold to or purchased from outside the jurisdiction or target boundary, provide details.",1,Row 1,Offset credit transactions purchased from outside of the boundary,Target 1,492,Carbon Registry,"Para el año 2024, en la zona del oriente antioqueño, Colombia, La Corporación Mas Bosques en el marco del proceso de seguimiento a la certificación de la Secretaría de Medio Ambiente como entidad Carbono Neutral y compensar las emisiones medidas según metodología se adquirieron 90 bonos de Carbono, todo debidamente auditado según Plan de Gestión de emisiones","Para el año 2023, en la zona del oriente antioqueño, Colombia, La Corporación Mas Bosques es la encargada de cuidar más de 1000 ha de bosque natural certificadas y de emitir los bonos de carbono. La Secretaría de Medio Ambiente para mantener su certificación como entidad Carbono Neutral , dada por el Instituto Colombiano de Normas Técnicas ICONTEC, quien certifica que el Inventario de Gases de Efecto Invernadero del año 2023 para los límites operacionales del informe\nCategorías 1, 2, 3 y 4 de las instalaciones, procesos y operaciones de la Organización cumple con los requisitos para la cuantificación e informe de emisiones y remociones de gases\nefecto invernadero a nivel de la organización establecidos por la norma ISO 14064-1: 2018"
2025 Disclosure Cycle,779465,CDP,73793,La Estrella,City,Latin America,Colombia,Public,Q6.1.2,"If you are using or plan to use carbon credits sold to or purchased from outside the jurisdiction or target boundary, provide details.",1,Row 1,Offset credit transactions purchased from outside of the boundary,Target 1,467,Carbon Registry,"El Proyecto Forestal CO2 CEROCASANARE, se encuentra localizado en los municipios de Barranca de Upía- Meta y Villanueva-Casanare- Colombia. Las plantaciones fueron establecidas a partir del año 2010, sin embargo, seplantaron rodales en los años posteriores (de2011a2019).",Actualmente se esta realizando el inventario para el año 2023 y se realizará la auditoria por un ente externo y posteriormente la compensación por medio de créditos de carbono.\n
2025 Disclosure Cycle,779465,CDP,73793,La Estrella,City,Latin America,Colombia,Public,Q6.1.2,"If you are using or plan to use carbon credits sold to or purchased from outside the jurisdiction or target boundary, provide details.",2,Row 2,Offset credit transactions purchased from outside of the boundary,Target 2,458,Carbon Registry,"Proyecto de mitigación de cambio climático Región\nCaribe - Colombia, \nActividad de Proyecto\nAgricultura, silvicultura y otros usos del suelo\n(AFOLU),\nVintage Año 2016","La entidad actualmente cuenta con la certificación Carbono Neutro hasta el año 2026, se esta realizando el inventario del año 2024 y se realizará la auditoria de seguimiento por un ente externo y posteriormente la compensación por medio de créditos de carbono."
2025 Disclosure Cycle,779465,CDP,74309,Nakhon Sawan City Municipality,City,South East Asia & Oceania,Thailand,Public,Q6.1.2,"If you are using or plan to use carbon credits sold to or purchased from outside the jurisdiction or target boundary, provide details.",1,Row 1,We do not currently purchase or sell offset credit transactions,,,,,ปัจจุบัน เทศบาลไม่ได้มีการซื้อขายหรือชดเชยคาร์บอนเครดิต
2025 Disclosure Cycle,779465,CDP,826201,Ayuntamiento de Zapopan,City,Latin America,Mexico,Public,Q6.1.2,"If you are using or plan to use carbon credits sold to or purchased from outside the jurisdiction or target boundary, provide details.",1,Row 1,We do not currently purchase or sell offset credit transactions,,,,,
2025 Disclosure Cycle,779465,CDP,834373,"Town of York, ME",City,North America,United States of America,Public,Q6.1.2,"If you are using or plan to use carbon credits sold to or purchased from outside the jurisdiction or target boundary, provide details.",1,Row 1,We do not currently purchase or sell offset credit transactions,,,,,
2025 Disclosure Cycle,779465,CDP,866903,Prefeitura de Itapipoca,City,Latin America,Brazil,Public,Q6.1.2,"If you are using or plan to use carbon credits sold to or purchased from outside the jurisdiction or target boundary, provide details.",1,Row 1,Offset credit transactions purchased from outside of the boundary,Target 1,89,Verified Carbon Standard,No Brasil ,sem
2025 Disclosure Cycle,779465,CDP,866903,Prefeitura de Itapipoca,City,Latin America,Brazil,Public,Q6.1.2,"If you are using or plan to use carbon credits sold to or purchased from outside the jurisdiction or target boundary, provide details.",2,Row 2,Offset credit transactions purchased from outside of the boundary,Target 2,60,Verified Carbon Standard,No brasil ,sem
2025 Disclosure Cycle,779465,CDP,866903,Prefeitura de Itapipoca,City,Latin America,Brazil,Public,Q6.1.2,"If you are using or plan to use carbon credits sold to or purchased from outside the jurisdiction or target boundary, provide details.",3,Row 3,Offset credit transactions generated within the boundary and sold,Target 3,96,Verified Carbon Standard,Em Itapipoca ,sem
