disclosure_cycle,cdp_requesting_org_number,requesting_organization,cdp_disclosing_org_number,disclosing_organization,disclosing_org_type,cdp_region,discloser_country_or_area,public_status,question_number,question_text,row_order,row_name,col1_Response,col2_Provide an attachment to the strategy or standards addressing emissions from the jurisdiction's procurement,"col3_Provide a link, if applicable, and highlight any specific action(s) the jurisdiction is implementing to reduce emissions from its own consumption"
2025 Disclosure Cycle,779465,CDP,1093,"City of Atlanta, GA",City,North America,United States of America,Public,Q8.4,Does your jurisdiction have a strategy or standard for reducing emissions from the jurisdiction's procurement and purchase of goods and services?,1,Response,Yes,,"There was no option for \'Not Yet,\' but we are working with a sustainable finance firm on developing a Climate Budgeting Pilot, this is intended to include procurement processes."
2025 Disclosure Cycle,779465,CDP,1184,"City of Austin, TX",City,North America,United States of America,Public,Q8.4,Does your jurisdiction have a strategy or standard for reducing emissions from the jurisdiction's procurement and purchase of goods and services?,1,Response,Yes,Construction and Demolition_Austin Procurement.pdf,"In the Austin Climate Equity Plan, the City commits to reducing greenhouse gases from institutional purchasing by at least 50% by 2030. As part of that commitment, the City conducted its first annual inventory of lifecycle GHG emissions and other environmental impacts from purchasing goods and services. However this program is no longer being continued and furthered for future years. "
2025 Disclosure Cycle,779465,CDP,1499,City of Barcelona,City,Europe,Spain,Public,Q8.4,Does your jurisdiction have a strategy or standard for reducing emissions from the jurisdiction's procurement and purchase of goods and services?,1,Response,Yes,"14-its-act-250701_150246.pdf,GM_2025_31185_ANNEX_1.pdf,electricitat-gpp2020_66634.pdf","Since 2018, Barcelona City council purchase green electricity for all its managed building and services, alongside many of its dependant bodies.\n\nLink: https://www.ajsosteniblebcn.cat/ca/electricitat_87950\n\nAlso, there are other 13 sectorial purchase instructions, for instance on paper, wood, electronic devices, vehicles, caterings, etc. All are attached and include many sustainability criteria.\n\nLink: https://www.ajsosteniblebcn.cat/ca/instruccions-de-contractacio_87901"
2025 Disclosure Cycle,779465,CDP,2621,Cambridgeshire County Council,City,UKWW,United Kingdom,Public,Q8.4,Does your jurisdiction have a strategy or standard for reducing emissions from the jurisdiction's procurement and purchase of goods and services?,1,Response,Yes,,https://www.cambridgeshire.gov.uk/business/business-with-the-council/sustainable-procurement-strategy
2025 Disclosure Cycle,779465,CDP,3203,City of Chicago,City,North America,United States of America,Public,Q8.4,Does your jurisdiction have a strategy or standard for reducing emissions from the jurisdiction's procurement and purchase of goods and services?,1,Response,Yes,," Chicago adopted an updated Sustainable Development Policy (SDP) in December 2024 that sets minimum sustainability standards via a points-based system for City-assisted projects, explicitly promoting sustainable building methods and materials that decrease greenhouse gas emissions and improve public health. Projects approved after January 1, 2025 must comply with the 2024 SDP update, using either “Menu strategies” or a “Third-Party Certification + Menu” pathway. These requirements operationalize lower-carbon purchasing and materials selection across energy, transportation, waste, water, and public-health categories. Examples most relevant to consumption-based emissions include: Waste strategies (“80% Waste Diversion” and “80% Diversion + 10% Reuse”), procurement of cleaner construction/industrial equipment, and EV charging/EV-readiness for fleets and facilities, all of which embed lower-carbon purchasing decisions in project delivery. For more information see: https://www.chicago.gov/content/dam/city/depts/dcd/Projects/SDP_Handbook_December2024.pdf"
2025 Disclosure Cycle,779465,CDP,3417,"New York City, NY",City,North America,United States of America,Public,Q8.4,Does your jurisdiction have a strategy or standard for reducing emissions from the jurisdiction's procurement and purchase of goods and services?,1,Response,Yes,exec25-nyccb.pdf,"The City is advancing the implementation of Climate Budgeting into procurement of all its goods and services. All agency requests for capital funding are evaluated for their impact on the City's emissions-reduction goals. This helps \nidentify areas of opportunity for exploring non-fossil-fuel systems where feasible. The City is also incorporating “Good Food Purchasing” program values in its food procurement. The Good Food Purchasing program encourages large institutions to use their buying power to support five core values: local economies, environmental sustainability, valued workforce, animal welfare, and nutrition. The city is integrating these values into agency food spending, which will ensure that city funds spent on food support individual, community, and planetary health. As of 2024, over 70 institutions (which encompass thousands of individual cafeteria sites, food service operations, and venues) in 25 major U.S. cities are enrolled in the Good Food Purchasing Program, representing over $1.1 billion in annual institutional food purchases. The purpose of NYC's GFP initiative is to increase transparency around the food that NYC agencies buy, prepare, and serve; ensure NYC food spend supports individual, planetary and community health; and drive positive change across local, regional, and global food system with the purchasing power of NYC\n\nMore info: https://www.nyc.gov/site/foodpolicy/good-food-purchasing/good-food-purchasing.page"
2025 Disclosure Cycle,779465,CDP,3422,Greater London Authority,City,UKWW,United Kingdom,Public,Q8.4,Does your jurisdiction have a strategy or standard for reducing emissions from the jurisdiction's procurement and purchase of goods and services?,1,Response,Yes,,"The GLA Group annually procures around 9.5bn worth of products and services. The Mayor is committed to 'leading by example', using the scale and diversity of this public spending to improve the lives of Londoners, by creating a fairer and more environmentally sustainable city. (The GLA Group comprises City Hall, Transport for London, the Metropolitan Police, London Fire Brigade and the London Legacy Development Corporation). This is overseen by the GLA Group Responsible Procurement Policy, which includes an objective to enhance environmental impacts including whole-life carbon reduction. The GLA Group's Responsible Procurement Delivery Plan (2025-28) seeks to reduce supply chain emissions by requiring suppliers of contracts over £5m to produce emissions Carbon Reduction Statements,; identify carbon-reduction and climate resilience opportunities in carbon-intensive contracts; and reducing emissions from suppliers' plant equipment and vehicle deliveries. The Climate and Equalities Tool (the C&E Tool) has been developed by GLA staff in collaboration with staff at the University of Manchester Tyndall Centre's Centre for Climate Change and Social Transformations. The C&E Tool is a simple excel tool that staff are encouraged to use at the start of a new project. It shows the user how to assess the potential climate and equalities impacts of their work, and helps them to strengthen these or avoid unintended negative consequences during project development. The C&E Tool is designed to be applicable to all types and scales of projects, including procurement programmes. The Climate and Equalities teams also provide support, guidance and review to users across the GLA. The C&E Tool has been shared with other functional bodies in the GLA Group, as well as some boroughs and partners. We have published a generalised, public version of the C&E Tool for boroughs and partners https://data.london.gov.uk/dataset/climate---equalities-tool."
2025 Disclosure Cycle,779465,CDP,3429,City of Stockholm,City,Europe,Sweden,Public,Q8.4,Does your jurisdiction have a strategy or standard for reducing emissions from the jurisdiction's procurement and purchase of goods and services?,1,Response,Yes,climate-action-plan-2030.pdf,"The City's Climate Action Plan 2030 has a dedicated transition area called \'Promote consumption with a low carbon impact in the City's own organisation\' with a list of concrete actions. Environmental requirements must always be imposed in purchasing and procurement where justified and should aim to achieve the goals of the City Environment Programme. In addition, in several categories of purchases, the City is such a large purchaser that there are good opportunities to influence the supplier market in a certain direction, which also benefits other consumers. For procured transport services, many recent agreements state 100% renewable fuels as a requirement. The City also co-operates with other local, regional and national actors to align the requirements in order to push the suppliers. One tool the City uses is category-based purchasing, in which the City analyzes both the city's aggregated needs and purchasing patterns and the markets to gain better knowledge before procurement. This is also a way to train the many procurers in the City organisation.Other measures taken are that the City requires information on the total carbon footprint of new buildings, minimizes business travel by air and sets climate requirements for the purchase of food and meals in the City's operations. The foundations are laid down in the City's Purchase Programme."
2025 Disclosure Cycle,779465,CDP,5871,Essex County Council,City,UKWW,United Kingdom,Public,Q8.4,Does your jurisdiction have a strategy or standard for reducing emissions from the jurisdiction's procurement and purchase of goods and services?,1,Response,Yes,,"Procurement is continuing to ensure it is aligned to wider Council objectives and a key priority is to evolve our approach to Social Value and also to embed Climate and Ethical Procurement considerations within Commissioning and Procurement practice. The aim is to maximise every pound spent to benefit the residents and businesses of Essex and to support the organisational goal of reaching net zero by 2030. Essex County Council spends over £1.2bn per annum on goods, services and capital projects in order to run its operations. Working with the Carbon Trust, ECC has baselined these (Scope 3) emissions produced under our Purchased Goods & Services and Capital Goods. ECC has set out a procurement action plan, to gain more detailed measurements, incentivise reduction of emissions and to support our suppliers to understand, set and reach their own climate targets. To date ECC has achieved:•Inclusion of a requirement for climate to be considered in all tenders over £100,000, This may result in the supplier providing a Carbon Reduction Plan (CRP) which meets the requirements of central government's Procurement Policy Note 06/21. To lead by example, ECC will be producing an organisational CRP in line with these requirements. •We take account of Social Value when awarding most contracts. Social Value includes climate measures used to ensure that environmental benefits are taken into account when deciding which bid is successful. These measures have been updated for 2024. These benefit suppliers who support Circular Economy solutions through their supply chains, as well as reducing waste and monitoring fleet emissions. \n•Developing climate transition plans for our key emitting categories (Passenger Transport, Highways, Waste, Nursing & Residential Care, Homecare Services and Facilities Management & Property), as identified in our supplier emissions report. The procurement team will be working with service commissioners to understand the current context of their markets, what legislation will be impactful to drive climate action, key climate targets already in place and contract renewal dates. This will enable each category, or indeed contract, to have a specific action plan to reduce emissions throughout the life of the contracts, ideally by baselining contract specific emissions and allowing prospective suppliers to bid against reducing these. \n•Continuing to baseline contract specific emissions and develop measures to ensure that emissions are reduced throughout the contractual terms, where appropriate. Working with our suppliers, we are creating measurement tools specific to their market sector, running webinars and publishing information to support suppliers' understanding and transition to net zero. \n•Our supplier sustainability charter is being updated with clear targets in the environmental section and our procurement policy is being amended in line with ECC's wider ambitions. •A new environmental policy is being produced. This will cover buying standards as well as expectations for how the organisation meets the climate challenge. \n•Measurement of further Scope 3 emissions (Upstream and Downstream Transportation and Distribution, Waste Generated in Operations, Business Travel and Employee Commuting) will enable us to publish our own Carbon Reduction Plan for these key areas. https://www.essex.gov.uk/sites/default/files/2024-05/Procurement%20Strategy%20-%20April%202024.pdf"
2025 Disclosure Cycle,779465,CDP,10495,"City of Las Vegas, NV",City,North America,United States of America,Public,Q8.4,Does your jurisdiction have a strategy or standard for reducing emissions from the jurisdiction's procurement and purchase of goods and services?,1,Response,No,,
2025 Disclosure Cycle,779465,CDP,10894,"City of Los Angeles, CA",City,North America,United States of America,Public,Q8.4,Does your jurisdiction have a strategy or standard for reducing emissions from the jurisdiction's procurement and purchase of goods and services?,1,Response,Yes,"2025-04-11_FINAL_Analysis of City Expenditure.pdf,2025-06-19_Final Draft_EIOLCA_Task 3.pdf,2025-07-29_GHG Reduction Opportunities_Final.pdf",The City of LA has an Embodied Carbon Study for the procurement of goods and services.
2025 Disclosure Cycle,779465,CDP,11315,City of Manchester,City,UKWW,United Kingdom,Public,Q8.4,Does your jurisdiction have a strategy or standard for reducing emissions from the jurisdiction's procurement and purchase of goods and services?,1,Response,Yes,8.4 Zero Carbon Toolkit for Commissioners and Contract Managers.pdf,"Yes, Manchester City Council (MCC) has a comprehensive strategy and set of standards aimed at reducing emissions from its procurement and purchasing activities. These are embedded within the Council's Climate Change Action Plan (CCAP) 2025-2030 that will be published in October 2025 and supported by practical tools, training, and supplier engagement initiatives.\n\nKey Strategic Actions and Standards\n1. Scope 3 Emissions Baseline and Reduction Planning\na. The Council is currently working\ntowards a full Scope 3 carbon footprint for the Council, including detailed analysis of\nemissions from purchased goods and services.\nb. This work includes prioritisation of Scope 3 categories for decarbonisation and the\ndevelopment of targeted interventions and action plans.\n2. Procurement Weightings and Supplier Requirements\na. All MCC tenders include a 10% weighting specifically for environmental impact, separate\nfrom the 20% social value weighting.\nb. Suppliers are required to provide carbon reduction plans (and when they don't have such\nplan, provide an overview of how they are planning to reduce their carbon emissions in\nthe duration of their contracts) and baseline data, enabling MCC to assess and monitor\nemissions during contract delivery.\n3. Zero Carbon Toolkit and Training\na. MCC has developed a Zero Carbon Toolkit for Commissioners and Contract Managers,\nwhich provides practical guidance on embedding environmental requirements throughout\nthe commissioning cycle—from need definition to contract management (please see\nattached).\nb. An e-learning module has been rolled out to support staff in understanding and applying\nzero carbon principles in procurement. Further workshops will be delivered in September\nand November that will offer a focused recap of the Zero Carbon Toolkit in Commissioning and Procurement, reinforcing the key concepts, tools, and methodologies that support environmentally responsible decision-making across the\ncommissioning cycle.\n4. Contract Management and KPI Monitoring\na. Environmental KPIs are embedded in contracts and tracked via the Council's contract\nmanagement system (Atamis), supporting performance monitoring and Scope 3\nreporting.\n5. Supplier Engagement and Circular Economy\na. MCC works with suppliers, including SMEs and VCFSEs, to support carbon reduction\nand circular economy practices.\nb. A supplier toolkit is being developed in partnership with the Growth Company to help\nsuppliers understand and meet sustainability expectations. This is expected to be\nlaunched in autumn.\n6. CCAP 2025-2030 Commitments. The Council's CCAP includes specific procurement actions such as:\na. Maximising the impact of environmental weighting in tenders.\nb. Embedding zero carbon priorities in service design and contract specifications.\nc. Monitoring supplier performance on environmental KPIs.\nd. Promoting sustainable materials and reducing single-use plastics.\n"
2025 Disclosure Cycle,779465,CDP,13067,"City of New Orleans, LA",City,North America,United States of America,Public,Q8.4,Does your jurisdiction have a strategy or standard for reducing emissions from the jurisdiction's procurement and purchase of goods and services?,1,Response,No,,
2025 Disclosure Cycle,779465,CDP,13113,Newcastle City Council,City,UKWW,United Kingdom,Public,Q8.4,Does your jurisdiction have a strategy or standard for reducing emissions from the jurisdiction's procurement and purchase of goods and services?,1,Response,Yes,"NCC Carbon Baseline Report 2023-24.pdf,Net Zero Newcastle - 2030 Action Plan_0.pdf","The Net Zero Action Plan 2030 covers a specific action which states that Newcastle will produce a Green and Sustainable Procurement guidance document for our city's businesses.\n\nIn addition Newcastle City Council commissioned Smart Carbon to carry out an emissions inventory analysis including a detailed overview of our scope 3 supply chain emissions. This is primarily City Council focused however we are working with our partners across the city, a number of which use Smart Carbon, to tackle scope 3 emissions derived from goods and services. Our first baseline for 2023/4 has been completed and we are now working on a number of interventions which aim to reduce emissions from our own consumption"
2025 Disclosure Cycle,779465,CDP,13506,Nottingham City Council,City,UKWW,United Kingdom,Public,Q8.4,Does your jurisdiction have a strategy or standard for reducing emissions from the jurisdiction's procurement and purchase of goods and services?,1,Response,Yes,"187637.pdf,NTU-Net-Zero-Carbon-case-study.pdf,final-commercial-and-procurement-strategy-2025-29-version-71.pdf","https://www.nottinghamcity.gov.uk/media/2619917/2028-carbon-neutral-action-plan-v2-160620.pdf Nottingham's ambitious Carbon Neutral Action Plan includes a section around consumption and making consumption more sustainable. Key objectives are to increase local and low-carbon production, reduce the consumption of high carbon products, encourage more low carbon cooking and meals and to reduce local waste and link all remaining waste to energy, composting and a circular economy. These objectives each have a series of actions to realise them.\n\nNottingham's Green Partnership formed in 1992 and is now made up of over 30 organisations across Nottingham, including large and small businesses, public sector organisations, the third sector and both universities. The organisations are working together to tackle the city's environmental challenges and to minimise its environmental impact. \n\nSome examples from across Nottingham:\n\nfinal-commercial-and-procurement-strategy-2025-29-version-71.pdf Nottingham City Council's Procurement Strategy (2025 - 2029) aims to maximise local spend ensuring local growth and job creation. The newly implemented strategy prioritises sustainable and fair procurement as one of it's key aims. To achieve this, it aims to set appropriate carbon emissions reduction requirements in tenders, ask suppliers to submit their carbon emissions data and a carbon reduction plan, and to consider holding carbon footprint and target setting workshops for smaller suppliers alongside a phased introduction of tender requirements over time. The policy also sets out to identify areas of climate risk in their supply chains and ask contractors to tell them how they will manage possible risks arising due to extreme weather and climate change. Finally, it looks to minimise any negative environmental impacts of procuring goods, services and works through considering impacts to air quality and climate change, resource efficiency, waste reduction, and product lifespan. \n\nNTU-Net-Zero-Carbon-case-study.pdf Nottingham Trent University (27,000 students, 1150 staff) have employed a Sustainable Procurement Project Manager and Sustainable Procurement Project Assistant to aid in decarbonising their supply chain. They have developed a Net Zero Carbon Supplier Tool, enabling the collation of suppliers' Scope 1 and 2 carbon emissions. Using this tool, they have enabled over 400 SME's to create bespoke carbon reduction plans. \n\n187637.pdf Nottingham Trent University has received the Silver 'Food for Life' award, recognising the sustainable sourcing of ingredients in their catering (22% local, 72% UK-based, and 11% organic). Their procurement team have ensured sustainability questions are now embedded in the majority of tenders that are sent to potential suppliers.\n\nSustainable procurement - The University of Nottingham The University of Nottingham (over 45,000 students and over 7000 staff) have developed a Responsible Procurement Policy. This policy has key objectives to specify sustainable environmentally friendly products wherever appropriate and ensure where appropriate sustainable environmental criteria are used in the award of contracts.\n"
2025 Disclosure Cycle,779465,CDP,14088,Oslo Municipality,City,Europe,Norway,Public,Q8.4,Does your jurisdiction have a strategy or standard for reducing emissions from the jurisdiction's procurement and purchase of goods and services?,1,Response,Yes,,"Yes. \nEnglish version of the City of Oslo's procurement strategy, politically adopted in 2017: https://sustainable-procurement.org/fileadmin/templates/sp_platform/lib/sp_platform_resources/tools/push_resource_file.php?uid=71f3f1e2\nA number of processes have been initiated to reduce emissions resulting from the municipality's procurements. The municipality has developed a guide for reduced and smarter use of plastic in procurements, along with a guide to the circular economy in procurements. The latter explains how the municipal entities can contribute to sustainable and reduced consumption through measures such as prioritising reuse, repair and upgrading over new purchases. \nOslo has an Action plan for sustainable, healthy and more plant-based food in the City of Oslo. The main objective of the action plan is that the City of Oslo's food consumption contributes to good public health and animal welfare, while indirect greenhouse gas emissions and negative impacts on the environment and society is significantly reduced. One of the goals in the action plan is to develop the supplier market for sustainable food and emphasize animal welfare and working conditions through the procurement and consumption of food and drink.\nThe City of Oslo has adopted standard climate and environmental requirements for procurement of transport (in procurements of goods and services) and procurements of building and construction sites. Both of these standard requirements were revised in 2025, and will be translated into English in the near future. The former standard requirements from 2019 are available in the links below. \n* Standard requirements transport (2019): https://www.klimaoslo.no/collection/standard-climate-and-environmental-requirements-for-transport-for-the-city-of-oslos-goods-and-services-procurements/ \n\n* Standard requirements building and construction sites (2019): https://www.klimaoslo.no/rapport/climate-requirements-construction-sites/ \n\nThe revised standard requirements for transport, building and construction adopted in 2025, follows up market development and increases the focus on emission-free solutions, both for vehicles and machinery. Emission free machines are now the minimum requirement. 85% of energy use on our building and construction sites was emission free in 2024. \nWe are currently working on increasing the scope to include embodied emissions from building and construction materials. \nRegarding social and ethical procurement practices: \nThe City of Oslo continues to be at the forefront fighting work-related crime, and ensuring decent labour conditions for workers in our domestic and global supply chains. In 2017 the City of Oslo adopted the Oslo Model - a comprehensive framework of measures and requirements to help combat social dumping and to promote decent working conditions, using public procurement as a strategic tool. The model was revised and adopted in May 2023. One of the main changes is requirements for suppliers to work with due diligence for responsible business conduct, included in global supply chains. \nThere is high risk of human rights breeches in many categories, among them, batteries and ICT-equipments, food and beverages and textiles. \nAnother key instrument to work towards fair procurements, beside standard criteria, is use of fair labels certifications. \nThe City of Oslo is a Fairtrade-city. A Steering Committee comprised of representatives from the municipality, business enterprises and NGOs is established and is taking actions to promote fair trade in the central functions of the city, including in procurement, and among the citizens. The most important step in this area in the past few years is the joint agreements in the food sector combined with category management to increase the share of fairtrade certified goods. \nMore info on procurement practices and indicators is outlined in the different categories of goods and services listed above. Indicators for Scope 3 emissions from procurement are available here (this will be updated with improved calculations due to a newly purchased emissions calculator and a current project on data quality): https://www.klimaoslo.no/klimabarometeret/indirekte-utslipp/indirekte-utslipp-fra-kommunens-innkjop/ (in Norwegian)\n"
2025 Disclosure Cycle,779465,CDP,14874,"City of Portland, OR",City,North America,United States of America,Public,Q8.4,Does your jurisdiction have a strategy or standard for reducing emissions from the jurisdiction's procurement and purchase of goods and services?,1,Response,Yes,,"The City of Portland has a sustainable procurement policy and program, attached. \nhttps://www.portland.gov/procurement/sustainable-procurement-program\n\nThe City of Portland's 2016 Sustainable Supply Chain Analysis identified construction services as the top spend category contributing to the City's supply chain greenhouse gas (GHG) emissions. Within construction services, concrete is one of the most GHG-intensive materials typically used on City construction projects. As a result, in 2019, after gathering both internal and external stakeholder input, the City established its Low-Carbon Concrete Initiative to reduce the overall carbon intensity of the concrete mixes used on City projects. From 2019 to early 2022, the Initiative involved: 1) establishing a product-specific Environmental Product Declaration (EPD) requirement for concrete mixes used on City projects; 2) conducting pilot tests of lower-embodied carbon concrete mixes; and 3) defining Global Warming Potential (GWP) Thresholds for concrete mixes. Based on the same supply chain analysis we also piloted warm mix asphalt: https://www.portlandoregon.gov/brfs/article/368274\n\nA variety of our case studies on sustainable procurement can be found here: https://www.portlandoregon.gov/brfs/article/368274\n\nRegarding vehicle and fuel purchasing, the fleet procurement team is incorporating a carbon shadow price into lifecycle cost assessments for new vehicles, which supports accelerated adoption of EV and alternative fuel vehicles. "
2025 Disclosure Cycle,779465,CDP,16581,"City of Seattle, WA",City,North America,United States of America,Public,Q8.4,Does your jurisdiction have a strategy or standard for reducing emissions from the jurisdiction's procurement and purchase of goods and services?,1,Response,Yes,,"The City is committed to promoting environmental stewardship and reducing greenhouse gas emissions when buying goods, materials, services and capital improvements. The Green Purchasing Program is a cooperative effort among City departments. Staff from City departments strategize, promote and review outcomes, identifying market transformation opportunities, developing specifications and selection criteria, and educating vendors and end users. Seattle Public Utilities Waste Reduction Program provides environmental technical assistance.The Green Purchasing Program supports several City policies and goals, and provides tools for City departments to be a model for local citizens, businesses and other governmental agencies. For more info please review: https://seattle.gov/purchasing-and-contracting/purchasing/green-purchasing"
2025 Disclosure Cycle,779465,CDP,19233,Municipality of Torres Vedras,City,Europe,Portugal,Public,Q8.4,Does your jurisdiction have a strategy or standard for reducing emissions from the jurisdiction's procurement and purchase of goods and services?,1,Response,Yes,,"A redução de emissões através das compras públicas está a ser trabalhada em diversas áreas, estando refletida nos seguintes planos:\n\nPlano Municipal de Ação Climática - ações de mitigação (ver 2.1.1 questionário CDP)\n\nPrograma de Sustentabilidade na Alimentação Escolar (ver 8.2 questionário CDP)\n\nPlano de Eficiência e Descarbonização (ver 8.2 questionário CDP)\n\nDe destacar que o Município de Torres Vedras recebeu, pela Agência Portuguesa do Ambiente, o Galardão de Embaixador Compras Públicas Ecológicas 2023, distinguindo-o como vencedor do 2º prémio ECO360 na categoria “Entidade da Administração Local”."
2025 Disclosure Cycle,779465,CDP,20113,"City of Vancouver, BC",City,North America,Canada,Public,Q8.4,Does your jurisdiction have a strategy or standard for reducing emissions from the jurisdiction's procurement and purchase of goods and services?,1,Response,Yes,,https://vancouver.ca/doing-business/sustainable-procurement.aspx
2025 Disclosure Cycle,779465,CDP,31009,Copenhagen Municipality,City,Europe,Denmark,Public,Q8.4,Does your jurisdiction have a strategy or standard for reducing emissions from the jurisdiction's procurement and purchase of goods and services?,1,Response,Yes,KK indkøbspolitik tilgængelig.pdf,"The procurement policy has five themes, where environmental sustainability, and reducing climate impact are two. It does not, however, have specific actions or goals. Requiring green vehicles from suppliers and buying ecolabelled products are two specific actions that the city works with in this regard. The political adoption of the 2035 climate strategy for the city of Copenhagen in Q3 of 2025, includes public procurement as part of the strategy. The political ambition is a 50% reduction of emissions in 2035, and 25% reduction of emissions in 2030, but specific annual goals and actions have yet to be set. The city of Copenhagen has developed a climate-monitoring-model and is now monitoring the climate impact from procurement. Specific actions are being developed throughout 2025 as input to the first of three climate actions plans (2026-2028) under the 2035 climate strategy. "
2025 Disclosure Cycle,779465,CDP,31051,Coventry City Council,City,UKWW,United Kingdom,Public,Q8.4,Does your jurisdiction have a strategy or standard for reducing emissions from the jurisdiction's procurement and purchase of goods and services?,1,Response,Yes,,"Links\nClimate Change Strategy - https://www.coventry.gov.uk/climate-change/climate-change-strategy \nClimate Change Action Plan - https://www.coventry.gov.uk/climate-change/climate-change-action-plan\nSocial Value & Sustainability Policy - https://www.coventry.gov.uk/strategies-plans-policies/social-value-1\n\nThe Action Plan includes actions related to procurement which includes: \n\nCCC27 - Scope 1 and 2 Emissions Reporting Require supply chain to disclose annual Scope 1 & 2 emissions. Potentially do in partnership at a regional level to ensure compliance and help set standards. This will be delivered by organisations whose goods and services are procured by CCC\n\nCCC28 - Sustainability in Corporate Procurement Policy Update the Council's Central Management Framework, review Procurement Strategy and Social Value policy, and produce clear guidance on things to consider when drafting future contract specifications which addresses sustainability and climate change considerations. This will be delivered by the Council. \n\nCE14 - Development Council procurement policy to include circularity criteria in contracts for future projects, alongside embodied carbon to encourage more suppliers to adopt a more circular approach to waste and energy. This is something that could be adopted by other organisations across the city.\nCriteria could include traceable recycled material content, use of low emission suppliers, evidence of design for circularity, disassembly or sustainable disposal and evidence of material minimisation and not overdesign. Embodied emissions can be calculated to demonstrate the environmental benefits of future projects that adopt a more circular approach to waste. \n\nSocial Value & Sustainability Policy: \nVision: \nCoventry City Council recognises the potential and impact of embedding Social Value in our procurement processes and contracts with third parties, as well as in our work with partner organisations and communities. Our vision is to ensure that Coventry as a city embeds the social value ethos, to consider activities holistically, taking account of the wider economic, social and environmental effects. This will enable us to challenge inequalities and promote inclusion, deliver sustainability, support the local economy and work with the local community."
2025 Disclosure Cycle,779465,CDP,31055,Glasgow City Council,City,UKWW,United Kingdom,Public,Q8.4,Does your jurisdiction have a strategy or standard for reducing emissions from the jurisdiction's procurement and purchase of goods and services?,1,Response,Yes,Glasgow City Council's Sustainable Procurement Strategy 2023 - 2027.pdf,Glasgow City Council's Sustainable Procurement Strategy (approved at the City Administration Committee in March 2023) sets out how it intends to ensure that its procurement activity delivers value for money and contributes to the authority's broader aims and objectives such as the 2030 Net Zero Carbon target.\n\nhttps://www.glasgow.gov.uk/article/11399/Sustainable-Procurement
2025 Disclosure Cycle,779465,CDP,31090,"District of Columbia, DC",City,North America,United States of America,Public,Q8.4,Does your jurisdiction have a strategy or standard for reducing emissions from the jurisdiction's procurement and purchase of goods and services?,1,Response,Yes,,"The District's first step in reducing emissions from procurement is with food and beverage purchasing, to meet a 25% reduction target by 2030. The District's baseline assessment and report on best practices to pursue to meet that target was published in 2023 and is available at: https://doee.dc.gov/sites/default/files/dc/sites/doee/service_content/attachments/FY2023%20Green%20Food%20Report.pdf. The most recent report builds on the baseline report and includes food procurement data from 2022 and 2023: https://doee.dc.gov/sites/default/files/dc/sites/doee/service_content/attachments/Green%20Food%20Report%202025.pdf\n\nWhile the District has emissions reduction targets for food and beverage procurement, the city is also working to procure environmentally preferable products and services (EPPS) to the maximum extent practicable, where emissions/embodied carbon may be one contributing factor. The District has sustainable purchasing specifications for 15 categories currently and is working to continually updated and improve the guidance to assist District agencies in their procurement: https://doee.dc.gov/service/sustainable-purchasing"
2025 Disclosure Cycle,779465,CDP,31109,City of Melbourne,City,South East Asia & Oceania,Australia,Public,Q8.4,Does your jurisdiction have a strategy or standard for reducing emissions from the jurisdiction's procurement and purchase of goods and services?,1,Response,Yes,esg-procurement-framework.pdf,"The City of Melbourne's ESG Procurement Framework embeds environmental, social and governance principles into every purchasing decision, with a strong focus on reducing carbon emissions. All staff involved in procurement are expected to apply these principles, ensuring every purchase considers its environmental impact across the full lifecycle of goods and services. The framework requires the use of positive and negative screening, where suppliers must declare any associations with harmful industries such as fossil fuels, and preference is given to those demonstrating low-carbon operations, renewable energy use, sustainable materials, and circular economy practices. To reinforce this commitment, a mandatory 10% weighting for ESG is applied in all procurement processes, ensuring sustainability and emissions reduction are consistently factored into decision making. This approach makes carbon-conscious procurement business as usual at the City of Melbourne and supports Council's target of achieving net zero emissions by 2040. Sustainability is also actively managed through our Supplier Relationship Management (SRM) program, where we work closely with suppliers to deliver the best long-term environmental outcomes."
2025 Disclosure Cycle,779465,CDP,31110,City of Rome,City,Europe,Italy,Public,Q8.4,Does your jurisdiction have a strategy or standard for reducing emissions from the jurisdiction's procurement and purchase of goods and services?,1,Response,Yes,,"Institution of a dedicated team for “green” purchasing in Roma Capitale. Link at https://www.comune.roma.it/web/it/notizia.page?contentId=NWS1028431. Moreover, when possible, Rome ensures the inclusion in public procurements of LCA protocols in order to have a real impact over the emissions, for example through the implementation of LEED and GBC certified interventions."
2025 Disclosure Cycle,779465,CDP,31111,Tokyo Metropolitan Government,City,Japan,Japan,Public,Q8.4,Does your jurisdiction have a strategy or standard for reducing emissions from the jurisdiction's procurement and purchase of goods and services?,1,Response,Yes,,"東京都では、購入の必要性を十分に考慮し、品質や価格だけでなく環境の事を考え、環境負荷ができるだけ小さい製品やサービスを、環境負荷の低減に努める事業者から優先して購入するグリーン購入に率先して取り組んでいる。これにより、サプライチェーン全体の観点から、都の調達行動を起点として、環境配慮型製品の市場を拡大し、製造者等の製品の開発や供給における環境負荷の低減に向けた取組を後押ししている。また、都民・事業者や他自治体による環境配慮型製品の購入を更に喚起し、持続可能な社会の実現を積極的に推進している。\nThe Tokyo Metropolitan Government (TMG) is forging ahead with green purchasing, giving priority to the purchase of products and services with the lowest possible environmental impact from businesses that strive to reduce their environmental impact, considering the necessity of purchasing and also taking into account not only quality and price but also the environment. Considering its procurement activities as a starting point from the perspective of the supply chain, TMG is expanding the market for environmentally friendly products and encouraging efforts by manufacturers to reduce the environmental load of product development and supply. We are actively promoting the realization of a sustainable society by further encouraging the purchase of environmentally friendly products by Tokyo residents, businesses, and other local governments.\n\nhttps://www.kankyo.metro.tokyo.lg.jp/policy_others/tokyo_green/tokyo_green/"
2025 Disclosure Cycle,779465,CDP,31112,Kaohsiung City Government,City,China,East Asia,Public,Q8.4,Does your jurisdiction have a strategy or standard for reducing emissions from the jurisdiction's procurement and purchase of goods and services?,1,Response,Yes,8-4-2_GreenProcurement.pdf,"https://ksepb.kcg.gov.tw/uploadplugin/getFile?file=sOjXwICtS7Yu9vcwdug2Cc3Nv4%2BuF%2FYQE4G08fg3kPT260fhvCYxkpbgp6B0GPEK 1. Green Consumption1.1. Encouraging people to prioritize the selection of green products with lower environmental impact and providing guidance to green businesses to report the sales amount of green products. In 2022, the total reported sales amount of green products from registered green shops in the city was approximately 560 million NTD.1.2. Promoting leasing and green procurement by government agencies: Promoting the use of products with eco-labels through leasing, and government agencies leading the way in implementing \'lease-to-own\' practices to achieve a zero-carbon green lifestyle and environmental goals.2. Promoting Green Restaurants and Eco-friendly HotelsEncouraging people to choose green restaurants and eco-friendly hotels for accommodation and dining, promoting environmentally friendly and low-carbon practices in dining and lodging, and reducing the environmental impact."
2025 Disclosure Cycle,779465,CDP,31113,City of Yokohama,City,Japan,Japan,Public,Q8.4,Does your jurisdiction have a strategy or standard for reducing emissions from the jurisdiction's procurement and purchase of goods and services?,1,Response,Yes,8.4 greenprocurement.pdf,横浜市グリーン購入の推進に関する基本方針https://www.city.yokohama.lg.jp/kurashi/machizukuri-kankyo/ondanka/etc/shiyakusho/green.html 　このほかに、横浜市グリーン購入の推進を図るための調達方針、横浜型グリーン電力調達制度がある。
2025 Disclosure Cycle,779465,CDP,31114,City of Sydney,City,South East Asia & Oceania,Australia,Public,Q8.4,Does your jurisdiction have a strategy or standard for reducing emissions from the jurisdiction's procurement and purchase of goods and services?,1,Response,No,,
2025 Disclosure Cycle,779465,CDP,31115,City of Johannesburg,City,UKWW,South Africa,Public,Q8.4,Does your jurisdiction have a strategy or standard for reducing emissions from the jurisdiction's procurement and purchase of goods and services?,1,Response,No,,
2025 Disclosure Cycle,779465,CDP,31117,"City of Toronto, ON",City,North America,Canada,Public,Q8.4,Does your jurisdiction have a strategy or standard for reducing emissions from the jurisdiction's procurement and purchase of goods and services?,1,Response,Yes,,"In 2007, an Environmentally Responsible Procurement policy was created to increase the development, awareness and purchase of environmentally preferred products (EPP) and services. PMMD is developing a Sustainable Procurement Policy that will replace a number of existing procurement policies, including the Environmentally Responsible Procurement Policy.\n\nLink to EPP: https://www.toronto.ca/wp-content/uploads/2017/08/8e27-environment_procurement.pdf\n\nReview of the City's Environmentally Responsible Procurement Practices. Date: September 21, 2009 https://www.toronto.ca/legdocs/mmis/2009/ex/bgrd/backgroundfile-23749.pdf\n\n\nCircular Procurement:\n\nCircular procurement is widely recognized as a key urban policy lever to achieve waste reduction and sustainable consumption goals by leveraging public sector spending to increase the supply of innovative goods and services. The City of Toronto developed a Circular Procurement Framework and Implementation Plan in 2018 to support its efforts to transition to a circular economy. The Framework outlines how circular economy principles will be applied to the City's purchasing processes to drive waste reduction, economic growth, and social prosperity. Implementing circular procurement will advance the City's efforts to maximize the value of existing resources and reduce waste. This, in turn, help reduce GHG emissions and move the City closer to achieving its TransformTO' s goals.\n\nCircular Procurement Implementation Plan and Framework: https://www.toronto.ca/legdocs/mmis/2018/gm/bgrd/backgroundfile-115664.pdf\n\nOn May 30, 2023, the City has awarded RFP 3743044527 to Sysco Toronto for the supply and delivery of groceries for Seniors Services and Long-Term Care Division, Shelter Support and Housing Administration Division and Children's Services Division (2023.GG4.20). During the RFP process, existing public procurement documents from the City were modified to incorporate the Cool Food Pledge requirement in measuring and quantifying emissions associated with the City's food procurement. The scoring criteria to evaluate proposals from potential Vendors also incorporated the Cool Food Pledge requirement.\n\nhttps://secure.toronto.ca/council/agenda-item.do?item=2023.GG4.20\n\nRecent updates and future directions:\n\nReview of Procurement Bylaw:Toronto's Procurement Bylaw was reviewed in 2023, with amendments taking effect on July 1, 2024.\nPolicy updates:Revisions to the Procurement Processes Policy and the Social Procurement Policy are underway to align with the bylaw amendments and the TransformTO strategy.\nFuture reports:The Chief Procurement Officer is expected to report back in the first quarter of 2025 with further updates on how the procurement process can advance TransformTO objectives.\nToronto Green Standard: An update to the Toronto Green Standard, including revised greenhouse gas emission limits, is targeted for the fourth quarter of 2025, after the second phase of the Net Zero Transition Study is completed, according to the City of Toronto.\n\nKey aspects of the policy:\n\nEncouraging an Environmentally Responsible Procurement :The policy encourages bidders to offer environmentally preferred products and services, which are defined as those that are more energy-efficient, water-efficient, reduce waste, and minimize environmental impact.\nIntegrating environmental criteria: The policy aims to incorporate environmental performance criteria into supply chain procedures and processes.\nConsidering life-cycle costs: Environmentally responsible procurement considers the total cost of ownership, including environmental impacts over the product's entire life cycle.\nAlignment with City goals: The ERP policy supports the city's broader environmental objectives, such as the TransformTO Net Zero Strategy, which aims to reduce greenhouse gas emissions.\nFocus on waste reduction and the circular economy: The policy is also viewed as a means to advance waste reduction and promote the circular economy, aligning with the provincial goal of a waste-free future.\n\n "
2025 Disclosure Cycle,779465,CDP,31146,Addis Ababa City Administration,City,UKWW,Ethiopia,Public,Q8.4,Does your jurisdiction have a strategy or standard for reducing emissions from the jurisdiction's procurement and purchase of goods and services?,1,Response,Yes,,https://drive.google.com/drive/u/0/folders/1iAvFyY6k99kqsekvnDlU64aT6FjWA4-I
2025 Disclosure Cycle,779465,CDP,31149,Municipality of Athens,City,Europe,Greece,Public,Q8.4,Does your jurisdiction have a strategy or standard for reducing emissions from the jurisdiction's procurement and purchase of goods and services?,1,Response,Yes,ΚΥΑ-14900-04.02.2021-ΦΕΚ-466-08.02.2021-τεύχος-Β-3-80.pdf,"The Municipality of Athens has procurement strategies aimed at reducing emissions from transportation and public lighting and follows the National Green Public Procurements (GPP) law in Greece . The transportation strategy is aimed at active replacement of the existing municipal and public diesel fleet with an electrical fleet, as well as encouraging the private purchasing of electric vehicles through lowering the purchasing costs and providing sufficient and accessible charging stations. OASA (Athens Urban Transport Organisation), the organisation responsible for public transport within the boundaries of the Municipality, aims to fully upgrade its diesel buses with high efficiency vehicles. The public lighting strategy is aimed at upgrading the lighting of streets and squares, through the replacement of current bulbs with energy efficient LEDs, the supply and installation of wireless lighting controllers for street lighting control, the adjustment of lighting levels and programming of the IOT platform, as well as the maintenance of the street lighting system. The relevant actions are listed below :Climate Action Plan: 100% replacement of public lighting fixtures with LEDs by 2030; 100% LED and lighting automation in the new projects; Creation of 650 electric vehicle charging stations in the public spaces; 30% of the municipal fleet electric by 2030Electric Vehicle Charging Plan: install one charging station per 1000 inhabitants (a total of 664 stations). Already, 25 have been installed and are free to use in order to promote the public usage of electric vehicles"
2025 Disclosure Cycle,779465,CDP,31150,Bangkok Metropolitan Administration,City,South East Asia & Oceania,Thailand,Public,Q8.4,Does your jurisdiction have a strategy or standard for reducing emissions from the jurisdiction's procurement and purchase of goods and services?,1,Response,Yes,คู่มือฯ สำนักงานสีเขียวกรุงเทพมหานคร.pdf,We operates green procurement under the project of BMA green office . The evaluation criteria for green procurement have been set for organizations within BMA. This is to promote using and purchasing the environmentally friendly materials. It is also a policy of BMA.
2025 Disclosure Cycle,779465,CDP,31153,City-State of Berlin,City,Europe,Germany,Public,Q8.4,Does your jurisdiction have a strategy or standard for reducing emissions from the jurisdiction's procurement and purchase of goods and services?,1,Response,Yes,vwvbu_verordnungstext.pdf,"The City of Berlin procures supplies, construction and services for four to five billion euros every year. This entails great market power and a high level of responsibility on the part of the public sector. For this reason, the state of Berlin pays special attention to environmentally sound procurement. According to §7 of the Berlin Tendering and Award Act, public contracting authorities are obliged to \'take ecological criteria into account when awarding contracts.\' The Administrative Regulation on Procurement and the Environment (VwVBU) focuses on ecological criteria. The life cycle costs, i.e. the costs incurred over the entire lifetime of a product, from acquisition to disposal. If a product is based on this calculation, it has clear ecological and economic advantages."
2025 Disclosure Cycle,779465,CDP,31154,Bogotá Distrito Capital,City,Latin America,Colombia,Public,Q8.4,Does your jurisdiction have a strategy or standard for reducing emissions from the jurisdiction's procurement and purchase of goods and services?,1,Response,Do not know,,
2025 Disclosure Cycle,779465,CDP,31155,City of Buenos Aires,City,Latin America,Argentina,Public,Q8.4,Does your jurisdiction have a strategy or standard for reducing emissions from the jurisdiction's procurement and purchase of goods and services?,1,Response,Yes,,"Las guías de recomendaciones para la compra pública sustentables son herramientas que brindan apoyo técnico en áreas específicas, que contienen información esencial en lenguaje accesible, permiten incorporar criterios de sustentabilidad y orientan sobre mecanismos de verificación y son confeccionados por expertos en cada tema. Dentro de las desarrolladas con criterios de sustentabilidad se puede mencionar: \nGuía de eficiencia energética https://buenosaires.gob.ar/sites/default/files/media/document/2021/07/18/77cd644bab4eb9083bf4ecb865e79084b16b0ab3.pdf\nGuía para la incorporación de criterios de sustentabilidad con enfoque de género en la contratación pública de bienes y servicios, https://buenosaires.gob.ar/sites/default/files/2023-03/Guia_de_Recomendaciones-ICEGCPBS.pdf\nGuía para la compra pública sustentable de indumentaria textil, https://buenosaires.gob.ar/sites/default/files/media/document/2022/04/06/fe98bf189e4b3c2ebe8bbecc572cf135ceb57472.pdf\nGuía para la promoción de la Economía Social y Popular en la contratación pública de bienes y servicios,https://buenosaires.gob.ar/sites/default/files/media/document/2022/11/03/9f149dd4955352b8f39f9da22f0a644afa6092fd.pdf\nGuía de Recomendaciones para el Consumo y Compra Responsable de Papel https://buenosaires.gob.ar/sites/default/files/media/document/2022/04/06/187fce149b613de3a071a4efec96e55cc0107ecf.pdf \n"
2025 Disclosure Cycle,779465,CDP,31156,Municipality of Curitiba,City,Latin America,Brazil,Public,Q8.4,Does your jurisdiction have a strategy or standard for reducing emissions from the jurisdiction's procurement and purchase of goods and services?,1,Response,Yes,Decreto 1346 2023 de Curitiba PR.pdf,Decreto Municipal nº 1346/2023.Curitiba faz parte do Programa de Cargas Emissões Zero que tem como foco a inserção de veículos elétricos em sua frota por meios de contratos públicos.
2025 Disclosure Cycle,779465,CDP,31163,Istanbul Metropolitan Municipality,City,UKWW,Türkiye,Public,Q8.4,Does your jurisdiction have a strategy or standard for reducing emissions from the jurisdiction's procurement and purchase of goods and services?,1,Response,Yes,,"Reducing emissions from the procurement and purchase of our goods and services are listed below;\n\n- The Directorate of Logistics Management and Terminals issues 'route usage permits' to freight transport vehicles. The fee for the 'Commercial Lorry Truck (N1 Class) Permit Certificate' applied by pickup trucks is halved if the vehicle is electric.\n\n- While creating value for our world and our country, we support sustainable and integrated urban public transportation policies with environmentally sensitive, innovative projects, as expressed in our mission and core values, while keeping our environmental responsibilities at the forefront. We meet the requirements of ISO 14001 Environmental Management System and ISO 50001 Energy Management System, for which we were certified in 2011. In order to reduce energy consumption, risks and opportunities related to energy saving were evaluated and necessary actions were planned.\n\n- IETT (bus company of IMM) have been awarded the ISO 14064-1 Greenhouse Gas Management Standard certificate. Within the scope of this study, an institutional greenhouse gas inventory was prepared. The calculations also take into account the activities of our organisation in three administration and service buildings and 16 parks and maintenance and repair garages. Emissions from the daily travelling of IETT's vehicles were also included in the calculation. IETT have own ISO 14064-1 Greenhouse Gas Management Standard certificate verified by accredited organisations every two years.\n\n- Şehir Hatları: If the fleet becomes electric, it is aimed to reduce the purchase of fossil fuels.\n\n- Metro İstanbul: \n\nEvaluation of energy demands of rentable areas.\nImplementation of efficiency criteria in the design of newly constructed lines.\n"
2025 Disclosure Cycle,779465,CDP,31164,Ho Chi Minh City,City,South East Asia & Oceania,Viet Nam,Public,Q8.4,Does your jurisdiction have a strategy or standard for reducing emissions from the jurisdiction's procurement and purchase of goods and services?,1,Response,Yes,,Requirement on encourage using unburnt bricks in construction of State projects in Ho Chi Minh City.
2025 Disclosure Cycle,779465,CDP,31165,City of Heidelberg,City,Europe,Germany,Public,Q8.4,Does your jurisdiction have a strategy or standard for reducing emissions from the jurisdiction's procurement and purchase of goods and services?,1,Response,Yes,,"Specific measures include requirements for the procurement of building materials in civil engineering, requirements for catering at municipal events, recycling of furniture, shorter renewal times for hardware such as computers or laptops, and requirements in the entire office supplies area.Special emphasis is placed on employee mobility. Promotion of cycling and bus or rail among city employees is being greatly expanded. This includes making parking fees more expensive, subsidies for the job ticket and vouchers for bicycle use."
2025 Disclosure Cycle,779465,CDP,31166,Jakarta City Government,City,South East Asia & Oceania,Indonesia,Public,Q8.4,Does your jurisdiction have a strategy or standard for reducing emissions from the jurisdiction's procurement and purchase of goods and services?,1,Response,No,,
2025 Disclosure Cycle,779465,CDP,31167,City of Lagos,City,UKWW,Nigeria,Public,Q8.4,Does your jurisdiction have a strategy or standard for reducing emissions from the jurisdiction's procurement and purchase of goods and services?,1,Response,No,,
2025 Disclosure Cycle,779465,CDP,31168,City District Government Karachi,City,UKWW,Pakistan,Public,Q8.4,Does your jurisdiction have a strategy or standard for reducing emissions from the jurisdiction's procurement and purchase of goods and services?,1,Response,Yes,,https://transkarachi.pk/
2025 Disclosure Cycle,779465,CDP,31169,Government of Hong Kong Special Administrative Region,City,China,"China, Hong Kong Special Administrative Region",Public,Q8.4,Does your jurisdiction have a strategy or standard for reducing emissions from the jurisdiction's procurement and purchase of goods and services?,1,Response,Yes,,"Links: \nGreen Procurement Information Portal -\nhttps://www.eeb.gov.hk/en/susdev/green_procure/green_procure.html\n\nGovernment Circular on “Green Procurement in the Government” -\nhttps://www.eeb.gov.hk/en/susdev/green_procure/scr/ENB_CM_1-2021.pdf\n\nElectronic systems:\n\nhttps://www1.ets.gov.hk/eTp_ext/views/index.zul\nhttps://pcms2.gld.gov.hk/iprod/#/home\nhttps://www.gov.hk/tc/theme/eprocurement/eppp/\n\n\nSpecific actions:\n1. The Government has all along led by example by adopting green procurement for implementation of the concept of environmental protection. The Government's Stores and Procurement Regulations require bureaux and departments (B/Ds) to take environmental factors into consideration in drawing up tender specifications, so as to allow for fair competition of compliant products and services on a cost-effective basis, thereby promoting green procurement while ensuring the prudent use of public funds. \n\nHaving regard to the practices and standards generally adopted in the market, the Government has developed a set of green specifications and guidelines for the products and services commonly used by the Government, so that B/Ds may practise green procurement in accordance with the relevant specifications. The Government reviews the green procurement list and relevant specifications from time to time to keep abreast of the latest market development and the procurement needs of B/Ds. In July 2021, the Government expanded the green procurement list from 150 to 183 items, updating the specifications for each product and providing additional tips for green procurement. In February 2024, the Government updated the green procurement circular to set electric vehicles as the standard for the procurement or replacement of all government private cars as far as possible. Recently, the Government further updated the green specifications for the procurement of LED lamps with motion sensor function and filtered water dispensers. In 2024, the Government procured green products and services with a total value of $8.42 billion, which is an increase of about 19.3% as compared to $7.06 billion in 2023. The Government will continue to promote green procurement by disseminating the latest green procurement list, relevant specifications, tips and both local and international best practices online for public reference.\n\n\n2. The Environmental Protection Department is using the electronic procurement system to handle the quotation exercises. The Environmental Protection Department also adopts the electronic tendering system for processing tendering matters and receiving electronic submission of offer. The subject teams of the Environmental Protection Department are required to adopt the green procurement practice with details as stipulated in the Environment Bureau Circular Memorandum No. 1/2021."
2025 Disclosure Cycle,779465,CDP,31170,Metropolitan Municipality of Lima,City,Latin America,Peru,Public,Q8.4,Does your jurisdiction have a strategy or standard for reducing emissions from the jurisdiction's procurement and purchase of goods and services?,1,Response,Yes,RGMM-073-DIRECTIVA-SOBRE-MEDIDAS-DE-ECOEFICIENCIA.pdf,"Mediante RESOLUCIÓN DE GERENCIA MUNICIPAL METROPOLITANA N° 073-19- MML/GMM se aprobó la Directiva N° 001-2019-MML-GA, en la cual se contempla los Lineamientos para la implementación de Medidas de Ecoeficiencia en la Municipalidad Metropolitana de Lima, tales como: \n\n- Elaborar una programación de mejora de equipos de iluminación, a fin que éstos sean\nreemplazados progresivamente por lámparas ahorradoras y dispositivos que maximicen la luminosidad y, que cuenten en lo posible, con la\netiqueta de 'eficiencia energética' conforme a la Guía de la Etiqueta de Eficiencia Energética recomendada por el Ministerio de Energía y Minas.\n- Reemplazar progresivamente los equipos de cómputo, obsoletos е ineficientes, por otros con tecnología avanzada y ahorro en el consumo\nde energía. \n-El área correspondiente deberá emitir, a través de un informe técnico, la posibilidad que los vehículos que utilicen gasohol 90 y 95 o petróleo\ndiesel, puedan cambiar de forma progresiva a Gas Natural Vehicular (GNV), Gas Licuado de Petróleo (GLP) o electricidad, o la incorporación\ngradual de catalizadores dentro de los tanques de combustible, que permitan reducir los gases contaminantes al ambiente. Para el caso de las nuevas adquisiciones, sólo deberán incorporarse vehículos que utilicen GNV y/o dual. Además, deberán solicitar lo mismo para los vehículos de las empresas que presten servicios a la MML.\n-Los colaboradores de cada órgano o unidad orgánica, deben contribuir en la recolección del material reciclable, depositando los residuos\nsólidos en los lugares establecidos. Dichos residuos serán reciclados por el grupo de recicladores del programa \'Segrega Lima\', quienes se encargarán de la recolección y selección de los residuos sólidos reciclables desde los puntos de acopio de cada oficina.\n\n\nAdicional a ello, se implementó LA PLATAFORMA VIRTUAL \'LIMA COMPRA\'\nEsta plataforma permite que las personas naturales o jurídicas que quieran ofertar sus bienes y/o servicios, de acuerdo a las convocatorias publicadas por la Municipalidad Metropolitana de Lima para contrataciones por montos menores o iguales a ocho (08) Unidades Impositivas Tributarias, disminuyendo así el consumo de recursos necesarios para dichos trámites. \nhttps://limacompra.munlima.gob.pe/\n"
2025 Disclosure Cycle,779465,CDP,31171,City of Madrid,City,Europe,Spain,Public,Q8.4,Does your jurisdiction have a strategy or standard for reducing emissions from the jurisdiction's procurement and purchase of goods and services?,1,Response,Yes,"AIR QUALITY AND SUSTAINABILITY MUNICIPAL BYLAW.pdf,Diagnóstico contratación publica ecológica Madrid 2023.pdf,EASSM-Plan-de-Accion-2022_2023.pdf,Estrategia alimentacion sostenible 2022 2025.pdf,Herramienta HC_ Versión Abierta 1.0.xlsx","Acording to the municipal strategy on environmental procurement, Madrid City Council has aproved a municipal catalog of eco-friendly products and services. This handbook has structured the municipal procurement process into 8 big areas and provides city officers advise on sustainable procurement. This document provides and specification of clauses to be used in orden to use in the procedures to reach common criteria. It is a way of stardarize purchasing with environmental criteria. A Municipal Bylaw on Air Quality and Sustainability has implemented restriccions on events held within the city. Events over 5,000 visitors are requiered to stimate their carbon foot print and to compensate their emissions taking part in reforestation projects withing the city. To support city officers the Climate Change Department has designed an specific Carbon footprint Calculator for Events.\nMadrid City Council also launched in 2022 an strategy to promote healthy and sustainable food systems"
2025 Disclosure Cycle,779465,CDP,31172,Mexico City,City,Latin America,Mexico,Public,Q8.4,Does your jurisdiction have a strategy or standard for reducing emissions from the jurisdiction's procurement and purchase of goods and services?,1,Response,Yes,Líneamientos de Adquisiciones CDMX.pdf,"El Gobierno de la Ciudad de México, publicó los \'Lineamientos Generales para la Adquisición de Bienes, Características y Especificaciones de Menor Grado de Impacto Ambiental\' con el objetivo de que la Administración Pública(AP), adopte en sus actividades cotidianas acciones sustentables que contribuyan a mitigar las emisiones de gases de efecto invernadero, causantes del cambio climático.\nEn el documento se establecen las características y especificaciones de compra de bienes, esto a fin de que el gobierno considere el impacto que tienen los productos en el medio ambiente a lo largo de su ciclo de vida (desde los materiales utilizados durante su fabricación, hasta la manera en que son usados, así como su disposición final).\nLa adquisición de bienes de menor impacto ambiental o “compras verdes”, promueve un modelo de eficiencia al interior de la AP con principios de sustentabilidad."
2025 Disclosure Cycle,779465,CDP,31173,City of Milan,City,Europe,Italy,Public,Q8.4,Does your jurisdiction have a strategy or standard for reducing emissions from the jurisdiction's procurement and purchase of goods and services?,1,Response,Yes,,"In the CAP one of the actions is about GPP. Accordingly, in line with the Italian GPP regulation and the recently updated Procurement Code, we adopted purchasing procedures that apply 'green' criteria in selected sectors of the Municipal Administration and of the in-house companies; we would like to extend the field of action to products and services that are not yet regulated. We aim at promoting supply chains with a lower overall environmental impact and lower environmental emissions of pollutants and carbon footprint. Sectors covered are buildings, office goods and services, food, electricity, events, etc. As of year 2022, we are monitoring goods and services tenders and contracts on the real implementation of the GPP requirements. In 2024 a special effort was done on GPP for public events has been introduced with the intent to engage also organisers of private events hold in public spaces (e.g. open air concerts) or sponsored by the municipality"
2025 Disclosure Cycle,779465,CDP,31175,City of Paris,City,Europe,France,Public,Q8.4,Does your jurisdiction have a strategy or standard for reducing emissions from the jurisdiction's procurement and purchase of goods and services?,1,Response,Yes,2e Schema parisien de la commande publique responsable.pdf,"Following a first public procurement scheme from 2016 to 2020, the Paris City Council adopted a new responsible public procurement scheme (SPASER) in December 2021. With 1.6 billion euros in annual public contracts and a total turnover of over 1.4 billion euros per year for concession contracts an ambitious responsible purchasing policy is an important lever to promote social inclusion social and solidarity economy (SSE) and to meet the ecological transition commitments outlined in the City's Climate Plan. This includes aiming for 75% and 50% of contracts respectively incorporating provisions favorable to the circular economy and biodiversity. \n(https://cdn.paris.fr/paris/2021/12/20/3acce5e0b9de3a605f0a1ef85fd4a5fc.pdf)\n\nIn addition to its SPASER, the City of Paris conducts a yearly climate assessment of the local government budget by public policy. The climate assessment of the City of Paris budget is based on a methodology developed by the Institute for Climate Economics (I4CE) It categorizes the operating and investment expenses of the local government based on their impact favorable unfavorable neutral or undefined on greenhouse gas (GHG) emissions mitigation. First conducted in 2020 for the 2019 financial statement the climate assessment has been carried out annually since then. The results are published each year on Paris.fr in the financial report of the previous years financial statement. The climate assessment for the 2024 financial statement was conducted on an analysis scope of €8,215 million. Expenses that are strictly financial remain excluded from the analysis scope. \n\nThe results obtained in 2024 confirm the trends observed in previous years. According to the methodology, a significant proportion of expenses are classified as neutral in terms of GHG emissions mitigation 79,6%. A continued reduction in the share of expenses with an undefined impact decreasing from 17.2% in 2020 to 2,3% in 2022. This phenomenon can be explained with an increase of positive impact projects and a shift of certain operational costs (such as the City 100% renewable electricity contract). \n\n"
2025 Disclosure Cycle,779465,CDP,31176,Prefeitura do Rio de Janeiro,City,Latin America,Brazil,Public,Q8.4,Does your jurisdiction have a strategy or standard for reducing emissions from the jurisdiction's procurement and purchase of goods and services?,1,Response,Yes,,"Em 2023, a Prefeitura começou a comprar eletricidade no Ambiente de Contratação Livre para abastecer sua sede. Para esta nova fase do projeto, foram realizadas licitações de compra de energia limpa direta com as geradoras, pelo período de 60 meses, para abastecer 20 unidades de saúde, como os hospitais Miguel Couto, Albert Schweitzer, Rocha Faria, Lourenço Jorge, e Pedro II, além do Centro de Operações Rio (COR). https://doweb.rio.rj.gov.br/portal/visualizacoes/pdf/6629#/p:1/e:6629?find=mercado%20livre \nTambém foi estabelecida uma lei municipal que obriga que toda a frota de ônibus seja elétrica até 2024."
2025 Disclosure Cycle,779465,CDP,31178,City of Mumbai,City,India,India,Public,Q8.4,Does your jurisdiction have a strategy or standard for reducing emissions from the jurisdiction's procurement and purchase of goods and services?,1,Response,Yes,,"Maharashtra EV Policy 2021 describes - Starting 1st April 2022, all new govt. /semi govt./ urban local bodies / govt. funded organizations vehicles operating within the cities to be battery electric vehicles. All vehicles leased for Govt. official purpose shall be battery electric vehicles.The Brihanmumbai Electricity Supply and Transport Undertaking (BEST) aims to make its fleet 50% electric by the end of 2023--which means over 2,000 electric buses, including electric double-deckers. It has targeted to have almost 100% electric fleet before the end of 2027"
2025 Disclosure Cycle,779465,CDP,31179,Municipality of Rotterdam,City,Europe,Netherlands,Public,Q8.4,Does your jurisdiction have a strategy or standard for reducing emissions from the jurisdiction's procurement and purchase of goods and services?,1,Response,Yes,CE_Delft_220119_Impactanalyse_MVI_Rotterdam_Samenvatting_Openbaar-1-1.pdf,Link: https://www.rotterdam.nl/inkoop-en-aanbesteding \n\ne.g. we have mapped the CO2 footprint of our procurement ( https://ce.nl/publicaties/impactanalyse-mvi-rotterdam/ ) and award progressive emission reduction when purchasing goods and services \n\n
2025 Disclosure Cycle,779465,CDP,31180,Región Metropolitana de Santiago,City,Latin America,Chile,Public,Q8.4,Does your jurisdiction have a strategy or standard for reducing emissions from the jurisdiction's procurement and purchase of goods and services?,1,Response,Yes,R.e.3921-politica-ambiental.pdf,"El Gobierno de Chile a implementado el sistema Estado Verde, el cual es un programa de acreditación que desarrolla el Ministerio del Medio Ambiente, y su objetivo es incorporar buenas prácticas ambientales en el quehacer diario de los órganos del Estado, mediante un proceso de acreditación que certifica que las entidades suscriptoras desarrollan distintas medidas de sostenibilidad interna.El programa Sistema Estado Verde, cuenta con cinco etapas de acreditación: Pre-Acreditación, Acreditación Nivel Básico; Acreditación Nivel Intermedio; Acreditación Nivel de Excelencia y Acreditación Nivel Excelencia Sobresaliente.Actualmente el Gobierno Regional ha iniciado el proceso de acreditación en su primera etapa: Pre-Acreditación, la cual se logra cumpliendo exigencias como:-Creación de Comité Interno Estado Verde. (Res. Ex. 711/28.04.23)-Elaboración del diagnóstico ambiental y de un Plan de Gestión Ambiental.(deberá estar elaborado a diciembre 2023)-Diseño de una campaña comunicacional y de sensibilización interna.-Elaboración de un cronograma para implementar las medidas propuestas.(Res. Ex3921/2024)"
2025 Disclosure Cycle,779465,CDP,31181,"City of Philadelphia, PA",City,North America,United States of America,Public,Q8.4,Does your jurisdiction have a strategy or standard for reducing emissions from the jurisdiction's procurement and purchase of goods and services?,1,Response,No,,
2025 Disclosure Cycle,779465,CDP,31182,"City of San Francisco, CA",City,North America,United States of America,Public,Q8.4,Does your jurisdiction have a strategy or standard for reducing emissions from the jurisdiction's procurement and purchase of goods and services?,1,Response,Yes,,"In 2005, Chapter 2 of the San Francisco Environment Code set a comprehensive system for the City to identify, purchase, and use environmentally preferred products. This ordinance was strengthened by executive directive in 2008 and created the SF Approved service operated by the San Francisco Environment Department. SF Approved provides a list of products that have been screened for environmental benefits, cost, reduced toxicity, and performance. Categories include, but are not limited to, janitorial cleaners, office paper, disposable food containers and utensils, building supplies, furniture, electronics, lighting, and landscaping products. The City has also implemented a 'Green Technology Policy' that requires the Department of Environment to spend no less than 90% of purchase dollars on compliant technology products including personal computers, servers, imaging equipment, televisions and large displays. \n\nIn 2024, San Francisco Environment Department began to work with its infrastructure agencies including SFO, Port, and Public Works to develop progressive design and construction standards. These standards will result in the reduction of embodied carbon starting with pilots on municipal vertical and non-vertical projects that encourage the procurement of low carbon materials whether sourced from existing building materials deconstructed and reused or, if new, assembled from low carbon materials such as for concrete. In 2025, Public Works' Bureau of Architects and Engineers are modifying master concrete specifications to be low carbon for both structural and non-structural concrete, hence forcing industry to provide low carbon concrete for all municipal projects.\n\nhttps://sfapproved.org/"
2025 Disclosure Cycle,779465,CDP,31184,Prefeitura de São Paulo,City,Latin America,Brazil,Public,Q8.4,Does your jurisdiction have a strategy or standard for reducing emissions from the jurisdiction's procurement and purchase of goods and services?,1,Response,Yes,LEI Nº 17.260 DE 8 DE JANEIRO DE 2020 « Catálogo de Legislação Municipal.pdf,"A Política, instituída pela Lei nº 17.260/2020, disciplina a licitação sustentável para a aquisição de bens, contratação de serviços ou obras pela Administração Pública Municipal direta, autárquica e fundacional, permitindo a adoção de critérios ambientalmente corretos, socialmente justos e economicamente viáveis e dá outras providências que contribuem para redução das emissões na jurisdição. Vale destacar que a Lei poderia ser revisada com o objetivo de incorporar critérios mais específicos para a reduzir as emissões. Pode ser acessada a partir do link: https://legislacao.prefeitura.sp.gov.br/leis/lei-17260-de-8-de-janeiro-de-2019/consolidado"
2025 Disclosure Cycle,779465,CDP,31185,City of Warsaw,City,Europe,Poland,Public,Q8.4,Does your jurisdiction have a strategy or standard for reducing emissions from the jurisdiction's procurement and purchase of goods and services?,1,Response,No,,
2025 Disclosure Cycle,779465,CDP,31186,Changwon City,City,South East Asia & Oceania,Korea (The Republic of),Public,Q8.4,Does your jurisdiction have a strategy or standard for reducing emissions from the jurisdiction's procurement and purchase of goods and services?,1,Response,Yes,창원시 기후위기 대응을 위한 탄소중립ㆍ녹색성장 기본 조례(경상남도 창원시조례)(제1712호)(20221115).pdf,"「창원시 기후위기 대응을 위한 탄소중립ㆍ녹색성장 기본 조례(제1712호)」 제17조는 시장이 자동차를 구매할 때 전기자동차, 태양광자동차, 수소전기자동차(“친환경차”)를 우선적으로 구매·공급해야 함을 명확히 규정합니다.\n\n<조례 제17조(친환경차 보급 확대) 주요 내용>\n1)시장은 「환경친화적 자동차의 개발 및 보급 촉진에 관한 법률」에서 정의한 ▲전기자동차 ▲태양광자동차 ▲수소전기자동차 등 친환경차를 우선적으로 구매해야 합니다.\n2)창원시는 행정기관, 공공기관, 산하 기관 차량도 신규 또는 교체 시 친환경차 도입을 원칙으로 하고, 친환경차 공급 확대에 적극 노력해야 합니다.\n3)이 조항은 공공부문의 모범적 역할을 통해 민간 부문으로의 저탄소차량 보급 확대도 유도한다는 정책적 의미를 가집니다.\n\n<연계 정책 및 이행내용>\n1)창원시는 해당 조례와 연동해 매년 전기차·수소차, 충전 인프라 보급사업을 적극 추진하고 있으며, 2025년에도 다수의 전기차, 수소차, 충전소 지원사업을 실시 중입니다.\n2)“친환경차 의무구매 조항”은 모든 공공조달, 구매사업 정책의 필수 준수사항입니다.\n3)즉, 창원시의 친환경차 우선 구매·보급은 조례에 명확히 규정된 행정책임이며, 시장은 법적 근거를 토대로 친환경차 확대와 온실가스 저감의 이행 주체 역할을 수행해야 합니다."
2025 Disclosure Cycle,779465,CDP,31187,Seoul Metropolitan Government,City,South East Asia & Oceania,Korea (The Republic of),Public,Q8.4,Does your jurisdiction have a strategy or standard for reducing emissions from the jurisdiction's procurement and purchase of goods and services?,1,Response,Yes,"2025년 서울시 녹색제품 구매이행계획(최종).xlsx,붙임 1. 2024년 서울시 녹색제품 구매이행계획.xlsx","The Green Product Pre-Review System has been implemented. All procurement-related contracts require prior approval from the Head of the Governance and Implementation Team. Through this process, the existence of certified green products is reviewed before the contract is finalized, ensuring that green products are mandatorily purchased for project implementation."
2025 Disclosure Cycle,779465,CDP,31446,Taipei City Government,City,China,East Asia,Public,Q8.4,Does your jurisdiction have a strategy or standard for reducing emissions from the jurisdiction's procurement and purchase of goods and services?,1,Response,No,,
2025 Disclosure Cycle,779465,CDP,32480,City of Adelaide,City,South East Asia & Oceania,Australia,Public,Q8.4,Does your jurisdiction have a strategy or standard for reducing emissions from the jurisdiction's procurement and purchase of goods and services?,1,Response,Yes,City of Adelaide Integrated Climate Strategy 2030.pdf,"The Integrated Climate Strategy 2030 includes a priority of \'Procurement decisions that localise supply, prioritise reuse and drive green industries\' and a target to \'Increase sustainable supply chains commonly used by City of Adelaide\'. A baseline for the number of sustainable supply chains is being developed in FY2025/26."
2025 Disclosure Cycle,779465,CDP,32550,"City of Denver, CO",City,North America,United States of America,Public,Q8.4,Does your jurisdiction have a strategy or standard for reducing emissions from the jurisdiction's procurement and purchase of goods and services?,1,Response,Yes,,See Memorandum 123-D The City's environmentally preferable purchasing (EPP) policy applies to the procurement of goods and services by all agencies under the Mayor. All other City-related entities should purchase environmentally preferable goods and services wherever possible
2025 Disclosure Cycle,779465,CDP,35268,"City of Boston, MA",City,North America,United States of America,Public,Q8.4,Does your jurisdiction have a strategy or standard for reducing emissions from the jurisdiction's procurement and purchase of goods and services?,1,Response,Yes,DOC080223.pdf,"Renew Boston Trust (RBT) began in 2017. It is a City program that conducts energy audits and invests in conservation upgrades for municipal buildings. In 2022, Renew Boston Trust extended its scope to include an energy audit of all exterior City-owned lighting to accelerate the transition away from gas-powered lighting. This program is an important tool for the City as it leads by example in reaching carbon neutrality and becoming a Green New Deal city. https://www.boston.gov/departments/environment/renew-boston-trust\nIn 2023, Mayor Michelle Wu signed “An Executive Order Eliminating the Use of Fossil Fuels in New Construction and Major\nRenovations of City Buildings” to move City buildings away from on-site fuel consumption."
2025 Disclosure Cycle,779465,CDP,35449,City of Zürich,City,Europe,Switzerland,Public,Q8.4,Does your jurisdiction have a strategy or standard for reducing emissions from the jurisdiction's procurement and purchase of goods and services?,1,Response,Yes,,"Currently, there is a team tasked with forming a strategy for sustainable procurement of goods and services int the city. A strategy is therefore in the works but not currently published."
2025 Disclosure Cycle,779465,CDP,35475,"City of Calgary, AB",City,North America,Canada,Public,Q8.4,Does your jurisdiction have a strategy or standard for reducing emissions from the jurisdiction's procurement and purchase of goods and services?,1,Response,Yes,"8.4 Benefit Driven Procurement-Strategy.pdf,8.4 City of Calgary Procurement policy.pdf","The City of Calgary (“The City”) recognizes all its procurement creates public value. Through intentional and strategic procurement decision-making in accordance with public procurement law, The City is committed to creating additional public value impact to improve community outcomes for Calgarians. \n\nPublic value includes The City's intentional investment through procurement activities in economic, socio-cultural, environmental, and political outcomes valued by citizens and businesses in Calgary. \n\nOne of the tools under this Policy is the Social Procurement Program and the Social Procurement Questionaire that is used on all over threshold competitive procurements. The questionaire has a section on Climate and Environment where the following questions are asked: \n4.1 Climate or Environmental Policy \nReference guide (for context): The purpose of The City of Calgary is set out in legislation of the Government of Alberta (Municipal Government Act R.S.A. 2000 Chapter M-26). The City's purpose includes providing \'good government and to foster the well-being of the environment\'. \n\nThe City of Calgary has approved an Environment Strategy and a Climate Strategy which requires commitment not only from our own organization as demonstrated in our Environmental Policy, but depend on the collective contribution by those we interact and do business with in order to achieve results. \n\nQuestion: Does your company have a climate or environmental policy? If yes, please provide evidence of your policies or strategies. \nNo \nYes \n\n 4.2 Climate or Environmental Targets \nReference guide (for context): Companies have an important role in addressing the climate and environmental challenges. \n\nQuestion: Does your company have climate or environmental targets? \nNo \nYes \n\nPlease select the target types and attach evidence that includes the target value. \nEnvironmental Target \nClimate Target \nGreenhouse Reduction Target \nOther related-targets \n \nPotential Suppliers that have their own climate and environmental policy along with specific targets receive a competitive advantage in winning City contracts. \n\n\n"
2025 Disclosure Cycle,779465,CDP,35852,Ankara Metropolitan Municipality,City,UKWW,Türkiye,Public,Q8.4,Does your jurisdiction have a strategy or standard for reducing emissions from the jurisdiction's procurement and purchase of goods and services?,1,Response,Yes,"ANKARA CLIMATE CHANGE ACTION PLAN.pdf,Ankara Green City Action Plan.pdf,CIRIS Tables.xlsx,SECAP.pdf,SECAP.pdf","Ankara Metropolitan Municipality (ABB) has recognized that procurement and purchasing processes represent one of the most powerful levers available to local governments for driving systemic change toward low-carbon, resource-efficient, and socially responsible economic development. While the direct greenhouse gas (GHG) emissions of municipal operations are significant, the indirect emissions embedded in purchased goods, contracted services, outsourced infrastructure, and long-term supply agreements are often several times larger. For this reason, ABB has formally integrated sustainable procurement principles into its climate strategy, aligning with the guidance of the Global Covenant of Mayors (GCoM), the European Commission's Green Public Procurement framework, and best practices from ICLEI's Procura+ network.\n\nThe Sustainable Procurement Guidelines adopted by ABB are designed to reduce the carbon intensity of municipal purchases while also delivering multiple co-benefits such as cost savings, improved health outcomes, local job creation, and enhanced transparency. The approach is comprehensive, spanning the entire procurement cycle—from needs assessment and tender preparation, to supplier evaluation, contract management, and post-contract performance monitoring.\n\nKey elements of the strategy include:\n\nLife-Cycle Costing and Emission Accounting:\nRather than focusing solely on the upfront purchase price, ABB evaluates bids based on life-cycle costs, including acquisition, energy use, maintenance, and end-of-life disposal. This methodology incorporates the carbon footprint of materials and services, encouraging bidders to demonstrate how their products minimize embedded emissions. For example, in construction projects, tender documents explicitly request information on embodied carbon in cement and steel, incentivizing suppliers who can provide certified low-carbon alternatives.\n\nPriority Sectors:\nABB has identified high-impact categories where procurement choices can deliver significant GHG reductions:\n\nConstruction materials: Prioritizing recycled aggregates, low-carbon concrete, and sustainable timber.\n\nTransportation: Requiring low-emission vehicles in municipal fleets and mandating Euro 6 or electric buses in public transport tenders.\n\nEnergy supply: Procuring renewable electricity through power purchase agreements and ensuring municipal buildings progressively transition to 100% clean energy.\n\nICT and electronics: Applying “right to repair” principles, energy efficiency criteria, and end-of-life recycling obligations for purchased IT equipment.\n\nCleaning services and chemicals: Favoring biodegradable, non-toxic cleaning products to minimize both emissions and public health risks.\n\nSupplier Engagement and Capacity Building:\nABB acknowledges that small and medium-sized enterprises (SMEs) form the backbone of the local economy, and that strict sustainability requirements can pose challenges. Therefore, ABB provides technical guidance, workshops, and pre-tender consultations to suppliers. This ensures that sustainability criteria are transparent and achievable, while also motivating suppliers to invest in innovation and align with low-carbon business models.\n\nVerification and Standards:\nWhere possible, ABB requires suppliers to certify compliance with internationally recognized sustainability standards. For carbon-related criteria, this includes ISO 14064 GHG accounting standards, Environmental Product Declarations (EPDs), and eco-labels recognized by the EU. Verification mechanisms are embedded into contracts, and penalties are stipulated for non-compliance.\n\nSocial Co-Benefits and Fair Procurement:\nProcurement is also used as a tool to promote equity and resilience. ABB's tenders give preference to suppliers who demonstrate social responsibility, such as fair labor practices, gender equality, and local employment. In particular, projects that support vulnerable groups or promote circular economy initiatives are given higher weighting. By linking climate action with social inclusion, ABB ensures that the benefits of the low-carbon transition are shared across communities.\n\nMonitoring, Reporting, and Continuous Improvement:\nAll major procurement projects are tracked through ABB's internal climate governance system. Procurement officers must report on sustainability outcomes, including estimated GHG reductions, cost savings, and qualitative benefits. Lessons learned from each procurement cycle are integrated into future tenders, allowing for continuous refinement of criteria. ABB intends to publish annual procurement sustainability reports starting in 2025, providing transparency for citizens and accountability for suppliers.\nThrough its sustainable procurement strategy, ABB demonstrates leadership in aligning public spending with climate objectives. By systematically integrating life-cycle thinking, emissions accounting, supplier engagement, and verification mechanisms."
2025 Disclosure Cycle,779465,CDP,35853,"City of Baltimore, MD",City,North America,United States of America,Public,Q8.4,Does your jurisdiction have a strategy or standard for reducing emissions from the jurisdiction's procurement and purchase of goods and services?,1,Response,No,,
2025 Disclosure Cycle,779465,CDP,35856,Busan Metropolitan City,City,South East Asia & Oceania,Korea (The Republic of),Public,Q8.4,Does your jurisdiction have a strategy or standard for reducing emissions from the jurisdiction's procurement and purchase of goods and services?,1,Response,Do not know,,
2025 Disclosure Cycle,779465,CDP,35858,City of Cape Town,City,UKWW,South Africa,Public,Q8.4,Does your jurisdiction have a strategy or standard for reducing emissions from the jurisdiction's procurement and purchase of goods and services?,1,Response,Yes,"City of Cape Town Green Procurment Action Plan - Final_2020.pdf,Supply Chain Management Policy.pdf","The City of Cape Town (the City) has a long history of implementing green procurement in its operations and large capital project. See the City's Global Lead City Network on Sustainable Procurement profile for a more detailed overview: https://glcn-on-sp.org/fileadmin/user_upload/Cape_Town/GLCN_city_profile_City_of_Cape_Town_2021.pdf. The City has committed to implementing green procurement in various high-level policies and strategies including, the Environmental, Resilience, Climate Change Strategy and Inclusive Economic Growth strategies as well as the Supply Chain Management Policy and adopted a Green Procurement Action Plan in 2020 to give effect to that commitment. \n\nThe action plan defines a set of principles to guide green procurement decision-making, defines a set of desired objectives and outcomes, and lay out the specific actions required to effectively transition towards green procurement in all of the City's operations and purchasing decisions, with the following objectives: \n\n• 1: Ensure that the City has in place appropriate policies to support green procurement, including associated administrative tools \n• 2: Maximise the City's sourcing and purchasing of sustainable products \n• 3: Maximise the City's sourcing and purchasing of sustainable services \n• 4: Increase the number of green/sustainable buildings built by the City, with a long-term aim of a complete transition to green/sustainable building \n• 5: Incorporate green procurement into the City's large capital projects \n• 6: Communicate effectively with the public, City contractors and City staff regarding green procurement \n• 7: Monitor and evaluate the City's performance in terms of green procurement \n\nDuring this reporting period (2024/25) the City continued implementation of short-medium term actions of the Green Procurement Action Plan. Priority Actions undertaken included: \n•\tContinued to develop draft specifications for various material categories. \n•\tIn collaboration with the Sustainable Energy Markets) Department, Risk and Resilience Department, and the Urban Sustainability Unit, it was determined that a directive be developed for green new City buildings, aligned with the City's Net-Zero built environment commitments. Work is ongoing in this regard. \n•\tDrafted sustainable design principles for various types of capital/infrastructure projects.\n•\tContinued drafting set of guidelines for the use of recycled building materials in City capital projects. \n•\tInput into various policy and tender specification processes to ensure incorporation of green procurement principles. \n•\tCompleted a pilot for adopting green cleaning products at the City's Smart Living Centre. Based on the success of the project, it is planned to roll-out the initiative across directorates.\n•\tSupported and facilitated internal training and communication on the City's green procurement programme and Action Plan through workshops and presentations. \n•\tSupported research on replacement of glyphosate used as an herbicide in City operations. \n\nVarious partnerships are also in place since 2023 to support the implementation of the Green Procurement Action Plan. (EDP). Examples include:\n\n•In 2023/24, the City completed a partnership project with GreenCape, for 'Technical support in the implementation of the City's Green Procurement Action Plan'. The project included workshops and other engagements, culminating in the finalisation of a set of 'Guidelines for Greening Large Capital Projects' and an accompanying framework/process-flow to mainstream greening of infrastructure projects. This is intended to support the City's Infrastructure Planning and Delivery Framework.\n\n•In 2024/25 the City commenced a partnership project with the Economic Development Partnership, building on the GreenCape project mentioned above, intended to support green procurement in the Urban Mobility directorate's capital pipeline, as a basis/pilot for future engagement across other capital sectors. This project included multiple workshops, engagements and the development of a project steering committee and culminated in an action-learning report for greening urban mobility infrastructure. The approach and successful delivery of the intended outcomes of the 2024/25 project provides a strong basis to consolidate and expand the project and the partnership. The project team intends to focus on the Human Settlements Directorate within the 2025/26 project cycle.\n\n•The City's Environmental Management Department continues to develop case studies of successful green procurement in projects and tenders and aims to publish these in the upcoming edition of the Mayor's Portfolio of Urban Sustainability (2026). \n\n•The City also continued its participation in regional, national and international green procurement initiatives and partnerships, including: collaboration with the Ellen MacArthur Foundation and ongoing engagement as a founding member of the Global Lead Cities Network on Sustainable Public Procurement."
2025 Disclosure Cycle,779465,CDP,35859,"City of Cleveland, OH",City,North America,United States of America,Public,Q8.4,Does your jurisdiction have a strategy or standard for reducing emissions from the jurisdiction's procurement and purchase of goods and services?,1,Response,No,,
2025 Disclosure Cycle,779465,CDP,35860,"City of Dallas, TX",City,North America,United States of America,Public,Q8.4,Does your jurisdiction have a strategy or standard for reducing emissions from the jurisdiction's procurement and purchase of goods and services?,1,Response,Yes,City of Dallas Comprehensive Environmental and Climate Action Plan (CECAP).pdf,p. 114 states one of the city's CECAP targets is to develop a comprehensive green procurement plan for city operations and establish a sustainable procurement policy (several related policies attached) 
2025 Disclosure Cycle,779465,CDP,35863,eThekwini Municipality,City,UKWW,South Africa,Public,Q8.4,Does your jurisdiction have a strategy or standard for reducing emissions from the jurisdiction's procurement and purchase of goods and services?,1,Response,No,,
2025 Disclosure Cycle,779465,CDP,35864,Ekurhuleni Metropolitan Municipality,City,UKWW,South Africa,Public,Q8.4,Does your jurisdiction have a strategy or standard for reducing emissions from the jurisdiction's procurement and purchase of goods and services?,1,Response,No,,
2025 Disclosure Cycle,779465,CDP,35865,Municipality of Fortaleza,City,Latin America,Brazil,Public,Q8.4,Does your jurisdiction have a strategy or standard for reducing emissions from the jurisdiction's procurement and purchase of goods and services?,1,Response,Yes,"Lei Ordinária nº 11.324, de 21 de dezembro de 2022.pdf,plano_de_metas_para_reducao_dos_gases_do_efeito_estufa.pdf,plano_local_de_acao_climatica_de_fortaleza_2020 (1).pdf","[FORTALEZA LIMPA] Regulamentado pela LEI Nº 11.324, DE 21 DE DEZEMBRO DE 2022. Dentre outras pautas trata da obrigatoriedade de reciclagem nos órgãos públicos, que está em projeto piloto, no momento. Outras iniciativas que podem ser citadas são a instalação de 97 biodigestores em escolas municipais para redução dos resíduos orgânicos e as Escolas PEV, que viabilizam descarte correto de recicláveis nas escolas participantes, reduzindo o envio de resíduos aos aterros. O arquivo anexo é referente a lei geral do Fortaleza Limpa e a algumas iniciativas relacionadas à resíduos orgânicos em andamento na cidade, tendo em vista que os documentos abaixo já foram submetidos em outros itens.\n\n[PLAC - METAS ENERGIA] Contratar energia fotovoltaica para suprimento das instituições públicas, visando suprir 30% do consumo até 2030; 40% até 2040; e 50% até 2050; Licitações e PMIs para produção de Energia Limpa em prédios públicos, com foco em escolas;a parceria público-privada (PPP) executada para a instalação de painéis solares em instituições públicas de ensino da capital; \n\n[REDUÇÃO DAS PEGADAS DE CARBONO - METAS ÓRGÃOS PÚBLICOS] - Eficiência energética e modernização na iluminação - LED (lâmpadas de Fortaleza);- Retrofit/modernização energética em edifícios públicos;- Contratação da energia solar para suprir as instituições públicas;- Utilizar sensores de ocupação para economizar energia e aumentar a eficiência energética nos edifícios públicos;- Os processos devem ser digitalizados para reduzir o papel, energia, tinta de impressora, num tempo até que os gastos sejam reduzidos;- Substituição de reuniões presenciais por teleconferências;- Substituição de combustível para veículos da frota oficial para gás natural, biocombustíveis (bioetanol);- Construção verde em edificios públicos - Uso de insumos e materiais sustentáveis (reciclados) na cadeia de construção dos edifícios públicos.\n"
2025 Disclosure Cycle,779465,CDP,35867,Region Metropolitana de Guadalajara,City,Latin America,Mexico,Public,Q8.4,Does your jurisdiction have a strategy or standard for reducing emissions from the jurisdiction's procurement and purchase of goods and services?,1,Response,Yes,ley_de_compras_gubernamentales_enajenaciones_y_contratacion_de_servicios_del_estado_de_jalisco_y_sus_municipios-200223.pdf,"La Ley de Compras Gubernamentales, Enajenaciones y Contratación de Servicios\ndel Estado de Jalisco y sus Municipios, prevee en su Artículo 49:\n1. Los entes públicos, en sus procesos de adquisiciones y arrendamientos de bienes muebles, y contratación de servicios que requieran, deberán de observar que al menos el 80% de estos se adquieran a proveedores locales y de ese porcentaje al menos el 10% deberá ser para empresas locales en consolidación.\n2. Si existen dos o más proposiciones que en cuanto a precio tengan una diferencia entre sí que no sea superior al dos por ciento, el contrato debe adjudicarse de acuerdo con los siguientes criterios de preferencia, aplicados en este orden:\n[...]\nIV. A los proveedores que presenten mejor grado de protección al medio ambiente;\n\nSe puede consultar también en el siguiente enlace: https://info.jalisco.gob.mx/sites/default/files/leyes/ley_de_compras_gubernamentales_enajenaciones_y_contratacion_de_servicios_del_estado_de_jalisco_y_sus_municipios-200223.pdf\n\nDe manera adicional, como parte del programa UCAP CAI de C40, en la Acción de Alto Impacto 02: Eficiencia Energética en Edificaciones Públicas, el municipio de Guadalajara contempla la modificación de su Reglamento de Adquisiciones para incorporar criterios de eficiencia energética como elemento deseable para las compras gubernamentales."
2025 Disclosure Cycle,779465,CDP,35870,"City of Miami, FL",City,North America,United States of America,Public,Q8.4,Does your jurisdiction have a strategy or standard for reducing emissions from the jurisdiction's procurement and purchase of goods and services?,1,Response,Yes,"Miami, FL Code of Ordinances - Chapter 22.5, Article III.pdf","The City of Miami's Municipal Code (Chapter 22.5, Article III - Environmentally Preferable Purchasing) provides the framework to reduce negative impacts to human health and the environment through environmentally preferable purchasing in order to:(1) Increase purchases of environmentally preferable products and services to achieve the city's mission, while maintaining performance and availability and remaining cost effective, with continual improvement. (2) Reduce occupational health hazards for city staff and reduce exposure of city residents and visitors to potentially toxic chemicals by purchasing environmentally sensitive, sustainable goods for use, or identifying products to be used by service providers that do not harm human health or the environment. (3) Reduce the city's contribution to global climate change by purchasing goods and services that lead to a reduction in greenhouse gas emissions from commodities. (4) Improve the air quality for city residents and visitors by purchasing commodities that minimize emissions of air pollutants. (5) Protect the quality of the city's ground and surface waters by eliminating the use of chemicals known to contaminate local water resources and ecological systems through toxicity, bioaccumulation, or persistence. (6) Preserve resources locally and globally through purchasing practices that include: a. Maximizing the use of water and energy efficient products; b. Maximizing post-consumer recycled content and readily recyclable or compostable materials; c. Reducing the use or creation of landfilled materials; d. Favoring long-term product use through durability, repairability, and reuse; e. Considering life-cycle analysis of products consisting of, but not limited to, manufacture, transportation, use, and disposal; f. Supporting strong recycling markets; g. Creating a [finance] model for successfully purchasing environmentally preferable products that encourages other purchasers or consumers in our community to adopt similar practices.\n\nhttps://library.municode.com/fl/miami/codes/code_of_ordinances?nodeId=PTIITHCO_CH22.5GRIN_ARTIIIENPRPU"
2025 Disclosure Cycle,779465,CDP,35871,City of Monterrey,City,Latin America,Mexico,Public,Q8.4,Does your jurisdiction have a strategy or standard for reducing emissions from the jurisdiction's procurement and purchase of goods and services?,1,Response,No,,
2025 Disclosure Cycle,779465,CDP,35872,Municipality of Recife,City,Latin America,Brazil,Public,Q8.4,Does your jurisdiction have a strategy or standard for reducing emissions from the jurisdiction's procurement and purchase of goods and services?,1,Response,Do not know,,
2025 Disclosure Cycle,779465,CDP,35873,Medellín,City,Latin America,Colombia,Public,Q8.4,Does your jurisdiction have a strategy or standard for reducing emissions from the jurisdiction's procurement and purchase of goods and services?,1,Response,Yes,"a_conmed_0016_2020.pdf,d_alcamed_0310_2022.pdf","La jurisdicción aplica lineamientos de Compra Pública Innovadora, Sostenible y Socialmente Responsable del Distrito de Medellín y su conglomerado y se dictan otras disposiciones en la adquisición y compra de bienes y servicios de acuerdo con lo definido en los instrumentos normativos adoptados. Medellín aplica dichos lineamientos en todos sus procesos contractuales. Además, la entidad cuenta con un plan de gestión de emisiones a escala corporativa. "
2025 Disclosure Cycle,779465,CDP,35874,"City of Phoenix, AZ",City,North America,United States of America,Public,Q8.4,Does your jurisdiction have a strategy or standard for reducing emissions from the jurisdiction's procurement and purchase of goods and services?,1,Response,Yes,,"The city has a sustainable purchasing policy that encourages the purchase of products and services for municipal operations that have a reduced effect on human health and the environment compared to competing products or services that serve the same purpose, while remaining fiscally responsible. Being fiscally responsible requires the City to consider full life cycle analysis of the cost of materials (this includes initial cost, transportation cost, energy cost, maintenance cost, replacement cost, disposal cost, and resale value). A consumption-based emissions inventory has been reported for the local food system and water system, with a full consumption based inventory to be completed once C40 Cities establishes related reporting protocols and requirements. Phoenix has been a member of C40's Consumption Based Emissions Workgroup along with other members across the world. Regarding implementation, the Phoenix City Council voted to transition the City's heavy-duty bus fleet to zero-emission models by 2040. Phoenix Public Transit provides transit service to about half of the Valley (the Phoenix metropolitan area), including local, commuter, and neighborhood circulator service. The department's fleet is currently made up of about 500 buses, which operate on compressed natural gas or diesel. Transit's zero emission work supports federal infrastructure modernization and implementation of local plans including the City of Phoenix's Climate Action Plan, Zero Emission Bus Plan, and Transportation Electrification Action Plan (https://www.phoenix.gov/content/dam/phoenix/sustainabilitysite/mediaassets/sustainability/ev-home-page-assets/City%20of%20PHX%20Transportation%20Electrification%20Action%20Plan.pdf). In August 2022, the Federal Transit Administration awarded the Phoenix Public Transit Department a $16.3 million grant for low- and no-emissions buses and supporting infrastructure. The grant is a catalyst for the department to begin transitioning its heavy-duty transit fleet to 100 percent zero-emission buses by 2040. Orders have been placed for 12 battery electric buses (BEB) through 2024, with the first pilot buses scheduled for delivery in 2025. The fleet transition will eventually operate up to 450 fuel cell electric and 50 BEBs. The infrastructure to fuel these 12 BEBs will be in place by the end of 2025. The Transportation Electrification Action Plan calls for investments in publicly available electric vehicle (EV) charging stations and micromobility solutions to promote residents' transition towards electric vehicle use, further reducing fuel consumption. The Transportation Electrification Action Plan, or EV roadmap, was approved by the Phoenix City Council in June of 2022. The City is transitioning its fleet to EVs, with a Phoenix Electric Vehicle implementation strategy goal of 200 EVs in the city fleet by 2030. There are 99 EVs in the city fleet as of summer 2025. The city is always looking for innovative solutions that will not only act as climate actions but also be fiscally responsible. The cool pavement program is one of those solutions, where a lighter colored coating is used on roadways to reduce the urban heat island effect. The City's Cool Pavement Program advanced out of the pilot phase in April 2023 into a full program within the pavement maintenance program, expanding to 11 locations. Phoenix reached its 100th mile of installed cool pavement in June 2023. The WTS Metropolitan Phoenix Chapter recognized the Cool Pavement Program for the 2022 Innovative Transportation Solutions Project of the Year award. One of the benefits of this work is that it appears the pavement will need to be replaced less frequently, reducing associated emissions. The City, in partnership with ASU, continues to evaluate cool pavement performance through scientific testing, resulting in findings that the cool pavement lasts twice as long as traditional blacktop (https://www.phoenix.gov/newsroom/street-transportation-department-news/3248.html). "
2025 Disclosure Cycle,779465,CDP,35877,"City of Pittsburgh, PA",City,North America,United States of America,Public,Q8.4,Does your jurisdiction have a strategy or standard for reducing emissions from the jurisdiction's procurement and purchase of goods and services?,1,Response,Yes,pittsburgh_climate_action_plan_3.0.pdf,"To further promote the purchase of local produce and food products, the City will implement a local food procurement policy for public institutions and government entities that would give preference to local farmers and producers that may otherwise be overshadowed by large corporations. The Los Angeles Unified School District, for example, successfully increased its purchasing of locally produced fruits and vegetables from 9% to 25% after enacting its Good Food Purchasing Program in 2012. Vermont, New Hampshire, and New York City have also enacted local food procurement policies that may serve as models for the creation of a Pittsburgh local food procurement plan. "
2025 Disclosure Cycle,779465,CDP,35883,"City of San José, CA",City,North America,United States of America,Public,Q8.4,Does your jurisdiction have a strategy or standard for reducing emissions from the jurisdiction's procurement and purchase of goods and services?,1,Response,Yes,,The City has an environmentally preferable purchasing policy that requires the City to take environmental impacts including GHG emissions into account when choosing products to purchase: https://www.sanjoseca.gov/your-government/departments-offices/environmental-services/business-school-resources/environmentally-preferable-procurement
2025 Disclosure Cycle,779465,CDP,35884,"City of San Diego, CA",City,North America,United States of America,Public,Q8.4,Does your jurisdiction have a strategy or standard for reducing emissions from the jurisdiction's procurement and purchase of goods and services?,1,Response,Yes,,"The City is pursuing complete, net zero electrification of it's own fleet and buildings.\n\nThe City has procedures in place for purchases of Environmentally Preferable products and services.\n"
2025 Disclosure Cycle,779465,CDP,35885,Tel Aviv-Yafo Municipality,City,UKWW,Israel,Public,Q8.4,Does your jurisdiction have a strategy or standard for reducing emissions from the jurisdiction's procurement and purchase of goods and services?,1,Response,Yes,,"In addition to the required actions spread throughout the mitigation plan, the principle of the municipality leading by example is a part of the mitigation, and a section is dedicated to reducing emissions and making the necessary behavioral changes within the municipality. \nThis section addresses energy, transportation, and waste management, with forthcoming steps also focusing on the green economy.\n\nThe municipality's mitigation targets include achieving 100% renewable energy by 2030 in municipal facilities, a 25% improvement in energy efficiency by 2030, transitioning the vehicle fleet to low-carbon vehicles, expanding activities to reduce single-use items, and prioritizing green local procurement in tenders. Naturally, adopting green building policies also applies to new municipal buildings.\n"
2025 Disclosure Cycle,779465,CDP,35886,City of Turin,City,Europe,Italy,Public,Q8.4,Does your jurisdiction have a strategy or standard for reducing emissions from the jurisdiction's procurement and purchase of goods and services?,1,Response,No,,
2025 Disclosure Cycle,779465,CDP,35894,"Ville de Montreal, QC",City,North America,Canada,Public,Q8.4,Does your jurisdiction have a strategy or standard for reducing emissions from the jurisdiction's procurement and purchase of goods and services?,1,Response,Yes,,"Related to Action 39 of Climat Plan\n\n** Decarbonation of procurement first steps 2024-2025\n\n. Planning\nThe Responsible Procurement Action Plan (PAR) 2020-2030, unveiled at the 2024 Montreal Climate Summit, does not include specific strategies or standards to reduce GHG emissions related to procurement (Scope 3, Category 1).\nHowever, GHG emissions are identified as a cross-cutting priority in the PAR.\n\n. Awareness\nCreation of a SharePoint site dedicated to responsible procurement.\nEstablishment of a monitoring channel for best practices.\nECPAR training sessions: Scope 3 workshops, legal aspects module.\n\n. Data Inventory\nUpdated data collection and analysis of goods and services procurement from 2018 to 2024.\nGHG Reduction Strategy\nPreliminary prioritization of three high-impact categories (Scope 3, Category 1).\nDevelopment of a Scope 3 decarbonization pathway, inspired by the Carbon Disclosure Project.\n\n. Pilot Projects Implementation\n\nFood\nIntegration of the goal of 75% vegetarian meals in procurement specifications for (Events, Vending machines, Concessionaires)\nCreation of a “Responsible Food Services” factsheet for meetings and events\nDevelopment of standardized specifications for food concessions and events organized by external providers\nCreation of a compliance validation tool\n\n. Concrete (Embodied Carbon)\n\nImplementation of two enhanced corporate agreements for concrete procurement in 2024 (with added glass powder).\nPotential use of 24,152 m³ of concrete.\nEstimated reduction of 4,758 tonnes of CO₂ equivalent over three years (i.e., 1,586 t CO₂ eq/year).\n\n. Information and Communication Technologies (ICT)\n\nData collection on IT equipment purchases.\nIntegration of a carbon criterion in the selection process for ICT procurement\nFacilitation of a pilot project with CIRODD (DIGIPACT platform) to reduce the environmental impact of IT systems"
2025 Disclosure Cycle,779465,CDP,35898,Greater Manchester Combined Authority,City,UKWW,United Kingdom,Public,Q8.4,Does your jurisdiction have a strategy or standard for reducing emissions from the jurisdiction's procurement and purchase of goods and services?,1,Response,Yes,,"GMCA has appointed a consultant to undertake a review of the organisation's Scope 3 carbon emissions, provide an in-depth analysis to the CA's spend and investment profile and then produce recommendations and an action plan or toolkit to help reduce our emissions over time. \n\nhttps://democracy.greatermanchester-ca.gov.uk/documents/s22021/20A%20Sustainability%20Strategy.pdf"
2025 Disclosure Cycle,779465,CDP,35993,Singapore Government,City,South East Asia & Oceania,Singapore,Public,Q8.4,Does your jurisdiction have a strategy or standard for reducing emissions from the jurisdiction's procurement and purchase of goods and services?,1,Response,Yes,,"Since 2007, the Government has introduced resource efficiency and environmental sustainability requirements for the goods and services we buy. We have done so for purchases across nine categories: \na. Accommodation and event venues \nb. Building design and building products \nc. Electrical and electronic equipment \nd. Information and communications technology (“ICT”) equipment \ne. Landscaping \nf. Printing paper \ng. Public waste collection and cleaning services \nh. Vehicles \ni. Water fittings and equipment\n\nOur goal is to include environmental sustainability considerations in all Government procurement by 2028.\n\n\nhttps://greenplan.gov.sg/key-focus-areas/green-government/"
2025 Disclosure Cycle,779465,CDP,36004,City of Abidjan,City,UKWW,Côte d'Ivoire,Public,Q8.4,Does your jurisdiction have a strategy or standard for reducing emissions from the jurisdiction's procurement and purchase of goods and services?,1,Response,Yes,,la loi n° 2013-662 relative à la concurrence et aux procédure d'achat des biens et services\n\n\ndécret n°2017-792 portant limitation de l'Age des véhicules d'occasion importées
2025 Disclosure Cycle,779465,CDP,36032,Ville de Dakar,City,UKWW,Senegal,Public,Q8.4,Does your jurisdiction have a strategy or standard for reducing emissions from the jurisdiction's procurement and purchase of goods and services?,1,Response,Do not know,,
2025 Disclosure Cycle,779465,CDP,36037,Santiago de Cali,City,Latin America,Colombia,Public,Q8.4,Does your jurisdiction have a strategy or standard for reducing emissions from the jurisdiction's procurement and purchase of goods and services?,1,Response,Yes,Guia Compras Sostenibles Cali.pdf,https://www.cali.gov.co/documentos/2948/guias-emitidas-por-el-dacp/?utm_source=chatgpt.com
2025 Disclosure Cycle,779465,CDP,36039,Accra Metropolitan Assembly,City,UKWW,Ghana,Public,Q8.4,Does your jurisdiction have a strategy or standard for reducing emissions from the jurisdiction's procurement and purchase of goods and services?,1,Response,No,,
2025 Disclosure Cycle,779465,CDP,36045,Santiago de Guayaquil,City,Latin America,Ecuador,Public,Q8.4,Does your jurisdiction have a strategy or standard for reducing emissions from the jurisdiction's procurement and purchase of goods and services?,1,Response,No,,
2025 Disclosure Cycle,779465,CDP,36152,City of Tallinn,City,Europe,Estonia,Public,Q8.4,Does your jurisdiction have a strategy or standard for reducing emissions from the jurisdiction's procurement and purchase of goods and services?,1,Response,No,,
2025 Disclosure Cycle,779465,CDP,36159,City of Lisbon,City,Europe,Portugal,Public,Q8.4,Does your jurisdiction have a strategy or standard for reducing emissions from the jurisdiction's procurement and purchase of goods and services?,1,Response,Yes,,"Since the end of 2022, Lisbon City Council is the first organization - public and private - in Portugal to obtain recognition for the implementation of the Sustainable Procurement system through the ISO20400 Standard.Purchasing Sustainable is, above all, consuming responsibly and assessing the need to purchase. It means integrating sustainability into all phases of public procurement, through the inclusion of environmental, social and economic sustainability criteria in procedural documents.With the approval of article 19 of the 2023 Municipal Budget regulation, and a set of structuring documents, our Sustainable Procurement Strategy sets the following goals:1.Increase information on the acquisition processes of Sustainable Public Procurement;2.Increased use of the Procurement Planning Platform as defined in the Budget (article 18);3.Use of sustainability criteria in public procurement, whenever possible and applicable;4.Alignment of the sustainability criteria applied to purchases with the material themes defined annually, whenever possible and applicable;5.Inclusion of the Code of Conduct for Suppliers and information from the Helpline in all Sustainable Public Procurement processes;6.Alignment of Sustainable Public Procurement (with sustainability criteria applied) with the Sustainable Development Goals, whenever possible and applicable;7.Implementation of the Sustainable Procurement Supplier Badge;8.Alignment of Sustainable Public Procurement processes with European recommendations and directives, national legislation and commitments assumed;9.Contribute to the creation of a National Network of Sustainable Public Procurement;10.Community of Practices and Technical Consultative Support Group for Sustainable Procurement;11.Implementation of the continuous monitoring and learning system;12.Implementation of a savings strategy in the year 2024.Further info on governance model for Sustainable Procurement\n: https://www.lisboa.pt/fileadmin/portal/municipio/organizacao/financas/contratacao_publica/Politica_de_Compras_Sustentaveis.pdf"
2025 Disclosure Cycle,779465,CDP,36218,Fukuoka City,City,Japan,Japan,Public,Q8.4,Does your jurisdiction have a strategy or standard for reducing emissions from the jurisdiction's procurement and purchase of goods and services?,1,Response,Yes,,1市自らが消費者としてグリーン購入の意義を認識し、その取組みを推進するため、市において調達を推進すべき環境物品等及びその調達目標について定めている。2福岡市が調達する電力契約において、小売電気事業者の環境配慮の状況を評価し、その評価結果が基準を満たしていることを入札参加資格の要件とするもの。3福岡市発注の公共工事において、脱炭素に関する取組みを行った場合、工事成績評定で加点評価を行うもの。4企業の社会や市・地域への貢献活動を評価し、当該社会貢献活動の促進及び本市事業の推進を図ることを目的として、社会貢献度の高い地場企業に対しては優先指名する等の優遇制度を設けているもの。
2025 Disclosure Cycle,779465,CDP,36219,City of Sapporo,City,Japan,Japan,Public,Q8.4,Does your jurisdiction have a strategy or standard for reducing emissions from the jurisdiction's procurement and purchase of goods and services?,1,Response,Yes,"01,02_「札幌市の環境方針」及び「札幌市グリーン購入ガイドライン」.pdf,03_札幌市電力の調達に係る環境配慮要綱.pdf,04,05_「札幌市公用車の次世代自動車導入指針」及び「要領」.pdf,06_札幌市発注工事におけるゼロカーボン推進に資する取り組み.pdf",(1)　札幌市の環境方針 全ての部局は、所管する事務事業について、環境に関する法令を遵守することはもとより、SDGsの視点も踏まえながら環境配慮取組を推進し、脱炭素社会の実現に向けて、以下の項目に重点的に取り組みます。 https://www.city.sapporo.jp/kankyo/management/ems_torikumi/houshin.html \n\n (2)　札幌市グリーン購入ガイドライン 札幌市では、環境方針に掲げる「環境負荷の少ない製品やサービスの利用の推進」に向け、『札幌市グリーン購入ガイドライン』を定め、環境に配慮した物品及び役務の調達（レンタル・リースを含む）に取り組んでいます。 https://www.city.sapporo.jp/kankyo/management/ems_torikumi/green.html\n\n(3)　札幌市電力の調達に係る環境配慮要綱 札幌市では、2050年に温室効果ガス排出量の実質ゼロを目指す「ゼロカーボンシティ」を宣言するとともに、2030年についても高い目標を掲げて温室効果ガスの排出削減に取り組むこととしており、温室効果ガスの排出削減につながる環境配慮の取組を促す「札幌市電力の調達に係る環境配慮要綱」を制定しております。 \nhttps://www.city.sapporo.jp/kankyo/management/ems_jyorei/documents/r7youkou.pdf\n\n(4)　札幌市公用車の次世代自動車導入指針 本市独自の指針に基づき次世代自動車の導入を進めています。 https://www.city.sapporo.jp/kankyo/management/ems_torikumi/green.html \n\n(5)　札幌市公用車の次世代自動車導入指針に関する要領 本市独自の指針に基づき次世代自動車の導入を進めています。 https://www.city.sapporo.jp/kankyo/management/ems_torikumi/green.html\n\n(6)　札幌市発注工事におけるゼロカーボン推進に資する取り組み 「ゼロカーボン都市」の実現に向けて、 北海道開発局・北海道と連携し「ゼロカーボン推進に資する取り組み」を札幌市発注工事で実施しています。 https://www.city.sapporo.jp/zaisei/kojikansa/kantoku/kantoku_kensa.html#zerocarbon
2025 Disclosure Cycle,779465,CDP,36285,City of Florence,City,Europe,Italy,Public,Q8.4,Does your jurisdiction have a strategy or standard for reducing emissions from the jurisdiction's procurement and purchase of goods and services?,1,Response,Yes,,the city is committed with the European Energy Award for the continuous improvement of its climate performances also in procurement procedures (www.european-energy-award.org ). Moreover it is committed to follow the newest Environmental Criteria in public procurement adopted at national level (https://gpp.mase.gov.it/CAM-vigenti ).\nThe DNSH approach is in use for any new project (https://www.italiadomani.gov.it/it/Interventi/dnsh.html) following the environmental ministry guidelines (last update at https://www.mase.gov.it/pagina/pnrr/la-guida-operativa-mef-rgs-sull-applicazione-del-dnsh)
2025 Disclosure Cycle,779465,CDP,36410,"City of Memphis, TN",City,North America,United States of America,Public,Q8.4,Does your jurisdiction have a strategy or standard for reducing emissions from the jurisdiction's procurement and purchase of goods and services?,1,Response,No,,
2025 Disclosure Cycle,779465,CDP,36501,City of Prato,City,Europe,Italy,Public,Q8.4,Does your jurisdiction have a strategy or standard for reducing emissions from the jurisdiction's procurement and purchase of goods and services?,1,Response,Yes,CAM 2022.pdf,"The CAMs in general are based on the principles and development models of the circular economy, in harmony with the most recent community guidelines, and are consistent with a bio-eco-sustainable architecture approach, thus allowing the contracting authorities to reduce the environmental impacts generated by the works for the maintenance, renovation and construction of public buildings and by the management of the related construction sites."
2025 Disclosure Cycle,779465,CDP,37261,City of Pietermaritzburg,City,UKWW,South Africa,Public,Q8.4,Does your jurisdiction have a strategy or standard for reducing emissions from the jurisdiction's procurement and purchase of goods and services?,1,Response,Do not know,,
2025 Disclosure Cycle,779465,CDP,42120,City of Salvador,City,Latin America,Brazil,Public,Q8.4,Does your jurisdiction have a strategy or standard for reducing emissions from the jurisdiction's procurement and purchase of goods and services?,1,Response,Yes,,"Salvador ainda não dispõe de uma norma municipal específica aprovada que regule a redução das emissões de gases de efeito estufa associadas à aquisição de bens e serviços pela administração pública. No entanto, o município vem avançando em estratégias para incorporar critérios de sustentabilidade e economia circular nas compras públicas, por meio de ações coordenadas principalmente pela SECIS.\nUm dos principais marcos nesse processo é o desenvolvimento de um Projeto de Lei que visa introduzir critérios circulares nas aquisições realizadas pelo poder público municipal. Essa proposta busca orientar os processos de compra para que considerem aspectos como durabilidade, reaproveitamento, reciclabilidade e eficiência no uso de recursos, promovendo práticas que reduzam impactos ambientais e emissões associadas ao ciclo de vida dos produtos e serviços adquiridos.\nComo suporte a essa transição, a Prefeitura lançou a plataforma “Seja Circular”, que reúne conteúdos informativos, estudos de caso e diretrizes para fomentar a economia circular em Salvador. Essa iniciativa tem como objetivo apoiar tanto os órgãos públicos quanto o setor privado no desenvolvimento de práticas mais sustentáveis."
2025 Disclosure Cycle,779465,CDP,42178,Distrito Metropolitano de Quito,City,Latin America,Ecuador,Public,Q8.4,Does your jurisdiction have a strategy or standard for reducing emissions from the jurisdiction's procurement and purchase of goods and services?,1,Response,Yes,Ley organica de competitividad energética.pdf,"La ciudad no tiene una estrategia para reducir las emisiones provenientes de la adquisición de bienes que son parte de la jurisdicción; sin embargo, está sujeta a las regulaciones nacionales como es el caso de la Ley Orgánica de Competitividad Energética, que establece: A partir del año 2030\ntodos los vehículos que se incorporen al servicio de transporte público urbano e interparroquial, así como, comercial en el Ecuador continental, deberán ser únicamente de medio motriz 100 % eléctrico o de cero emisiones. A partir del año 2024 los GAD en coordinación con el Comité Nacional de Eficiencia Eléctrica, de manera obligatoria, desarrollarán los estudios e implementación de la infraestructura necesaria para garantizar lo descrito en el presente artículo. En el caso de la región Insular, esta medida será evaluada por el precitado Comité."
2025 Disclosure Cycle,779465,CDP,43907,"City of Indianapolis, IN",City,North America,United States of America,Public,Q8.4,Does your jurisdiction have a strategy or standard for reducing emissions from the jurisdiction's procurement and purchase of goods and services?,1,Response,No,,
2025 Disclosure Cycle,779465,CDP,43908,"City of Milwaukee, WI",City,North America,United States of America,Public,Q8.4,Does your jurisdiction have a strategy or standard for reducing emissions from the jurisdiction's procurement and purchase of goods and services?,1,Response,No,,
2025 Disclosure Cycle,779465,CDP,43909,"City of Orlando, FL",City,North America,United States of America,Public,Q8.4,Does your jurisdiction have a strategy or standard for reducing emissions from the jurisdiction's procurement and purchase of goods and services?,1,Response,Yes,GreenWorks_MunicipalSustainabilityPlan_2017.pdf,"Goal 7: 100% of municipal materials meet environmentally-preferential purchasing (EPP) and disposal standards by 2030. Benchmarks: 2010 purchasing contracts issued that meet EPP standards: None; 2010 reams of paper purchased: 17,000 reams; 2010 products in city stores catalog that meet EPP: 41 of 1131 products; 2010 City Hall recycling rate: 38%. Objective: Ensure 50% of materials purchased follow Environmentally Preferential Purchasing guidelines by 2017; 50% reduction in paper by 2017; Achieve 60% recycling rate at all city facilities and benchmark at all major facilities. The city purchases large quantities of cleaning supplies, paper products, and computers. Ensuring that these products meet sustainable criteria sends signals to the marketplace that sustainable product demand exists. As the city reduces the amount of products purchased and promotes greater recycling participation, costs will be reduced, and other organizations can adopt best practices based on the city's experiences. The city will reduce the amount of purchases that it makes through more efficient use of products, reduce the environmental impacts of the products it purchases by developing an Environmentally Preferential Purchasing (EPP) policy and ensure that all discarded material is recycled. In order to accomplish this goal, each department must conserve and utilize existing materials and consistently choose more sustainable new products. https://www.orlando.gov/Our-Government/Departments-Offices/Executive-Offices/CAO/Sustainability-Resilience/2017-Municipal-Operations-Sustainability-Plan#section-8"
2025 Disclosure Cycle,779465,CDP,43910,"City of Columbus, OH",City,North America,United States of America,Public,Q8.4,Does your jurisdiction have a strategy or standard for reducing emissions from the jurisdiction's procurement and purchase of goods and services?,1,Response,Yes,8.4 Procurement 329.17.pdf,"329.17 - Environmentally preferable purchasing.The city recognizes that the products and services the city buys have inherent social, health, and environmental impacts, and that the city should make procurement decisions that further the city's commitment to sustainability. Effective January 1, 2018, Chapter 329 of the Columbus City Code was amended to improve the implementation of policies and procedures designed to require the procurement of materials, supplies, equipment, construction and services that have a lesser or reduced negative impact on human health and the environment when compared to competing materials, supplies, equipment, construction and services that serve the same purpose.The Code requires City agencies to develop specifications for the purchase of environmentally preferable products or services (“EPPS”) unless a determination is made there is not an acceptable EPPS for such good or services. https://library.municode.com/oh/columbus/codes/code_of_ordinances?nodeId=TIT3FITACO_CH329PRGOSEALPR_329.17ENPRPU"
2025 Disclosure Cycle,779465,CDP,43911,"City of Ottawa, ON",City,North America,Canada,Public,Q8.4,Does your jurisdiction have a strategy or standard for reducing emissions from the jurisdiction's procurement and purchase of goods and services?,1,Response,No,,
2025 Disclosure Cycle,779465,CDP,43912,"City of Edmonton, AB",City,North America,Canada,Public,Q8.4,Does your jurisdiction have a strategy or standard for reducing emissions from the jurisdiction's procurement and purchase of goods and services?,1,Response,Yes,C556B.pdf,"The City integrates economic, quality, environmental and social value considerations into procurement processes for goods, services and construction projects, to the extent permitted by the City's trade agreement obligations. The Sustainable procurement Policy provides a framework for our purchasing activities in order to create intentional positive environmental, social, and economic impacts, while maintaining open, fair and transparent procurement processes."
2025 Disclosure Cycle,779465,CDP,43914,"City of Charlotte, NC",City,North America,United States of America,Public,Q8.4,Does your jurisdiction have a strategy or standard for reducing emissions from the jurisdiction's procurement and purchase of goods and services?,1,Response,Yes,Charlotte-Mecklenburg Environmental Purchasing Policy.pdf,"The purpose of the Sustainable Purchasing Policy is to establish the framework for an environmental sustainability-based purchasing program for the City of Charlotte. This Policy is intended to identify environmental, social and fiscal factors that shall be incorporated into procurement decisions; create a model for purchasing environmentally responsible products; encourage other government agencies, citizens and businesses in our community to adopt similar goals, which will help generate the demand for environmentally responsible products; educate city employees and vendors; and complement other city policies, procedures and goals related to environmental responsibility and sustainability. Some specific actions include:-All janitorial paper products shall be 100% recycled content, with 20%postconsumer recycled content, processed-chlorine free and/or be certified by a third party organization-All cleaning products shall be biodegradable and certified under Green Seal standard GS-37, and not be formulated with carcinogens, ammonia, or ozone-depleting compounds-All eligible office electronics and lighting purchased or leased to the City shall meet ENERGY STAR certification. Also, department directors are advised that the purchase of some environmentally responsible products may exceed the cost of a comparable product. This factor alone shouldn't determine whether an environmentally responsible product should be purchased."
2025 Disclosure Cycle,779465,CDP,43917,Capital Municipality of Sofia,City,Europe,Bulgaria,Public,Q8.4,Does your jurisdiction have a strategy or standard for reducing emissions from the jurisdiction's procurement and purchase of goods and services?,1,Response,Do not know,,
2025 Disclosure Cycle,779465,CDP,43920,City of Ljubljana,City,Europe,Slovenia,Public,Q8.4,Does your jurisdiction have a strategy or standard for reducing emissions from the jurisdiction's procurement and purchase of goods and services?,1,Response,Yes,URED7202_NPB4.pdf,"https://www.gov.si/teme/zeleno-javno-narocanje/\n\nThe City of Ljubljana takes multiple actions to ensure green public procurement, including promoting low-carbon options and prioritizing local producers where possible (food for kindergartens and schools). Slovenian Green Public Procurement (GPP) regulations set guidelines to consider environmental factors when purchasing products, services, or works. These requirements help minimize environmental impact across 22 categories, including vehicles, office equipment, furniture, and construction projects. The regulation aims to encourage using sustainable materials like wood, energy-efficient technologies, and reduced environmental impacts throughout the life cycle of procured goods and services. Examples of specific procurement practices include prioritizing electric vehicles, sustainable office supplies, and energy-efficient appliances. For a detailed overview of green public procurement practices in Slovenia, you can visit the official government page and see the Decree. "
2025 Disclosure Cycle,779465,CDP,43926,City of Mannheim,City,Europe,Germany,Public,Q8.4,Does your jurisdiction have a strategy or standard for reducing emissions from the jurisdiction's procurement and purchase of goods and services?,1,Response,Yes,"attachment_Approval of measures for catering in municipal daycare facilities for children from 2024.pdf,attachment_Approval of measures for lunchtime catering at Mannheim schools from the 2023 2024 school year.pdf,attachment_Ecologically and socially sustainable procurement at the city administration.pdf","With its Mannheim 2030 mission statement, the City of Mannheim has set itself the goal of promoting global justice and taking responsibility for environmentally and climate-friendly action. In order to meet this goal, the city administration weights social and ecological criteria in the procurement of goods and services with at least 30 percent (see V271/2022 - Ecologically and socially sustainable procurement at the city administration).\nProcurement practice in Mannheim is thus already making a contribution to promoting fair trade, fair wages and working conditions as well as climate, environmental and resource protection, but must continue to be systematically expanded across all departments.\n\nIn 2023, new public tendering and award criteria were adopted for Mannheim daycare centers (crèche, kindergarten, after-school care) and schools. For example, the proportion of organic food components in lunchtime meals will be increased from the previous 40% to 50% of the total food input; dairy products and eggs will continue to be exclusively organic. The remaining required organic percentage can extend to product groups such as potatoes, pasta, rice, pulses, vegetables or salad. The use of fair trade quality products is also required. Selected convenience products will be deliberately avoided in future.\n\nA new addition is the even better consideration of age-specific requirements for nursery catering in the form of a nursery-appropriate ovo-lacto-vegetarian menu line and a menu line with ovo-lacto-vegetarian food for nursery and after-school care. A balanced lunch supports educational success.\n\nFurther information can be found in the two draft resolutions V697/2022 and V103/2023.\n\nV271/2022 : https://buergerinfo.mannheim.de/buergerinfo/getfile.asp?id=8174405&type=do\n\nV697/2022: https://buergerinfo.mannheim.de/buergerinfo/getfile.asp?id=8183154&type=do\n\nV103/2023: https://buergerinfo.mannheim.de/buergerinfo/getfile.asp?id=8186443&type=do\n"
2025 Disclosure Cycle,779465,CDP,43930,Municipality of The Hague,City,Europe,Netherlands,Public,Q8.4,Does your jurisdiction have a strategy or standard for reducing emissions from the jurisdiction's procurement and purchase of goods and services?,1,Response,Yes,,"https://denhaag.raadsinformatie.nl/modules/13/Overige%20bestuurlijke%20stukken/952649\n\nPolicy plan that sets out the preconditions for procurement and payment of goods. These include international justice, social inclusion, local economy and sustainability. These parameters are aligned with other municipal policies. "
2025 Disclosure Cycle,779465,CDP,43932,Auckland Council,City,South East Asia & Oceania,New Zealand,Public,Q8.4,Does your jurisdiction have a strategy or standard for reducing emissions from the jurisdiction's procurement and purchase of goods and services?,1,Response,Yes,"acp-progress-report-sept-2022.pdf,procurement-sustainable-framework.pdf","The aim of our Sustainable Procurement Framework is to drive positive change within our communities and provide council with a significant lever to achieve better outcomes for Aucklanders (https://www.aucklandcouncil.govt.nz/plans-projects-policies-reports-bylaws/our-policies/docsprocurement/procurement-sustainable-framework.pdf).\nAuckland Council - sustainable buildings and infrastructure (https://www.aucklandcouncil.govt.nz/plans-projects-policies-reports-bylaws/our-plans-strategies/topic-based-plans-strategies/environmental-plans-strategies/aucklands-climate-plan/Documents/acp-progress-report-sept-2022.pdf). In October 2021, Auckland Council adopted the Sustainable Asset Policy. The policy, which aims to improve the sustainability of Auckland Council's Community Facilities, sets minimum requirements for sustainability ratings and carbon neutral operation for new buildings and infrastructure. Community Facilities has projects underway that the Sustainable Asset Policy applies to, these include:  The Scott Point Sustainable Sport Park development that achieved an Infrastructure Sustainability (IS) Leading Design Rating in 2021, the highest rating possible. The sports park is currently under construction and targeting a Leading as-built rating.  Te Whau Pathway, where the IS Essentials Rating tool is being piloted. This is a version of the IS rating tool that targets smaller infrastructure projects. A gold rating is being pursued and establishment works are underway for the first sections.  The Avondale Community Centre is currently being designed and is targeting a minimum 5 Green Star rating and net zero energy.  The Kaipātiki Eco Hub, which is under construction and is targeting a Zero Energy Certification under the Living Building Challenge. In addition to these projects in Community Facilities, for Auckland Council's new Albany Hub corporate office, the Corporate Property department is targeting a 6 Green Star interior rating. For the building itself, where Auckland Council is a tenant, 5 Green Star and 5 Star NABERSNZ ratings are being targeted."
2025 Disclosure Cycle,779465,CDP,43937,Wellington City Council,City,South East Asia & Oceania,New Zealand,Public,Q8.4,Does your jurisdiction have a strategy or standard for reducing emissions from the jurisdiction's procurement and purchase of goods and services?,1,Response,Yes,"Economic Wellbeing Strategy-WCC.pdf,NZ-CS-1-Jan23.pdf","https://wellington.govt.nz/-/media/your-council/plans-policies-and-bylaws/plans-and-policies/a-to-z/economicwellbeing/economicwellbeingstrategy-pdf-version-j014844.pdf\n\nHere are some of the key actions directly related to reducing emissions from consumption:\n\n- Work with business sectors to develop a plan for the sector to transition to a circular economy.\n- Promote product design for recyclability, reuse, and collective use.\n- Support zero waste hubs for community recycling, repair, reuse services, composting, product stewardship takeback, and behaviour change.\n- Ensure the council's procurement strategies are supporting the delivery of the Economic Wellbeing Strategy and help build an economic system that is socially and environmentally resilient and adaptable."
2025 Disclosure Cycle,779465,CDP,43938,"Environment and Climate Change Authority, Govt of Dubai",City,UKWW,United Arab Emirates,Public,Q8.4,Does your jurisdiction have a strategy or standard for reducing emissions from the jurisdiction's procurement and purchase of goods and services?,1,Response,No,,
2025 Disclosure Cycle,779465,CDP,43940,City of Malmö,City,Europe,Sweden,Public,Q8.4,Does your jurisdiction have a strategy or standard for reducing emissions from the jurisdiction's procurement and purchase of goods and services?,1,Response,Yes,"Klimatomställning Malmö - Färdplan för klimatsmart konsumtion 2024.pdf,Malmö stad inköpspolicy.pdf","Malmö has an extensive ongoing work with sustainable and circular procurement. Since 2010 the purchasing of food has been monitored and the carbon emission from food decreased by 30% (baseline 1990), mainly by a shift to more plant based meals. Since 2019 the City has a contract for reused furniture (new contact began in 2023) which has led to about 200 tons less CO2-emissions per year. Over 20% of the office furniture bough be the city is reused. The city is incorporating transport criteria in all procurement where it is possible to lower the impact from transports. Circular criteria has also been broadly implemented in many procurements like ITC, signs, baby strollers, catering and single use products like plastics. During the year, a roadmap for the City of Malmö's work to achieve net-zero emissions has been developed. The goal of achieving net-zero emissions includes Scope 1-3 emissions. The roadmap is based on current knowledge about the transition area and focus on which measures are important to prioritize to achieve the goal of net-zero emissions. Firstly, the organization must utilize already existing resources that do not generate new emissions. Thereafter, products, materials, and services with the lowest possible climate impact are chosen. By making changes in procurement through, for example, setting requirements, as well as in purchasing behaviors and management, the organization can reduce its climate impact. Transitioning to a more circular system is fundamental for the organization to succeed in its ambitious goal. The roadmap work is carried out jointly across administrative boundaries, and the implementation of measures takes place within the departments. The roadmap is a tool to support that points out a common direction and helps us to prioritize. https://malmo.se/Om-Malmo-stad/Inkop-och-leverantorer/Upphandling-i-Malmo-stad/Malmo-stads-inkopspolicy.html "
2025 Disclosure Cycle,779465,CDP,43970,Alcaldía Distrital de Barranquilla,City,Latin America,Colombia,Public,Q8.4,Does your jurisdiction have a strategy or standard for reducing emissions from the jurisdiction's procurement and purchase of goods and services?,1,Response,Do not know,,
2025 Disclosure Cycle,779465,CDP,44076,Bursa Metropolitan Municipality,City,UKWW,Türkiye,Public,Q8.4,Does your jurisdiction have a strategy or standard for reducing emissions from the jurisdiction's procurement and purchase of goods and services?,1,Response,No,,
2025 Disclosure Cycle,779465,CDP,44080,City of Kitakyushu,City,Japan,Japan,Public,Q8.4,Does your jurisdiction have a strategy or standard for reducing emissions from the jurisdiction's procurement and purchase of goods and services?,1,Response,No,,
2025 Disclosure Cycle,779465,CDP,44082,Surabaya City Municipality,City,South East Asia & Oceania,Indonesia,Public,Q8.4,Does your jurisdiction have a strategy or standard for reducing emissions from the jurisdiction's procurement and purchase of goods and services?,1,Response,Yes,,https://bappedalitbang.surabaya.go.id/dokumen/jangka-menengah/2025-08-23/peraturan-daerah-kota-surabaya-no-8-tahun-2025-tentang-rencana-pembangunan-jangka-menengah-daerah-rpjmd-2025-2029
2025 Disclosure Cycle,779465,CDP,44180,Daegu Metropolitan City,City,South East Asia & Oceania,Korea (The Republic of),Public,Q8.4,Does your jurisdiction have a strategy or standard for reducing emissions from the jurisdiction's procurement and purchase of goods and services?,1,Response,Yes,2025년 녹색제품 구매 촉진 계획.pdf,"In Daegu Metropolitan City, the promotion of green product purchases helps prevent resource waste and environmental pollution, while contributing to the achievement of carbon neutrality and the sustainable development of the national economy. In 2024, Daegu purchased approximately 51,888 million KRW worth of green products, accounting for 50% of total product purchases."
2025 Disclosure Cycle,779465,CDP,44181,Gwangju Metropolitan City,City,South East Asia & Oceania,Korea (The Republic of),Public,Q8.4,Does your jurisdiction have a strategy or standard for reducing emissions from the jurisdiction's procurement and purchase of goods and services?,1,Response,No,,
2025 Disclosure Cycle,779465,CDP,44184,Ulsan Metropolitan City,City,South East Asia & Oceania,Korea (The Republic of),Public,Q8.4,Does your jurisdiction have a strategy or standard for reducing emissions from the jurisdiction's procurement and purchase of goods and services?,1,Response,No,,
2025 Disclosure Cycle,779465,CDP,44185,Suwon City,City,South East Asia & Oceania,Korea (The Republic of),Public,Q8.4,Does your jurisdiction have a strategy or standard for reducing emissions from the jurisdiction's procurement and purchase of goods and services?,1,Response,Yes,제1차 수원시 탄소중립 녹색성장 기본계획(2025~2034).pdf,"수원시는 녹색제품을 지속적으로 구매하며, 2025년 55% 달성 후 매년 3%씩 상향하여 2030년에는 70% 달성을 계획하고 있다.\n- 녹색제품: 에너지 효율이 높고, 제품의 생산, 유통, 폐기, 재활용 등 전주기(LCA) 과정에서 온실가스 배출량이 적은 제품"
2025 Disclosure Cycle,779465,CDP,44187,Goyang City,City,South East Asia & Oceania,Korea (The Republic of),Public,Q8.4,Does your jurisdiction have a strategy or standard for reducing emissions from the jurisdiction's procurement and purchase of goods and services?,1,Response,Yes,고양시 녹색제품 구매촉진 조례.pdf,"www.elis.go.kr/allalr/selectAlrBdtOne?alrNo=41470148311012&histNo=009&menuNm=main\n\nGoyang City is making efforts to reduce carbon emissions in the procurement and purchase of goods and services by the local government in the following ways:\n\nFirst, Goyang City enacted an ordinance to purchase eco-friendly products for the city hall and public institutions in 2015. \n\nAt the beginning of each year, Goyang City establishes a green product purchase plan for each department and an affiliated organization, and at the end of the year, it conducts an implementation evaluation by the department and provides incentives to outstanding departments to increase the proportion of green purchases. \n\nIn addition, Goyang City is purchasing an all-electric fleet of city-operated vehicles.\n\nSwitching to Low-Emission Official Vehicles: Official vehicles have been replaced with low-emission vehicles to reduce transportation-related carbon emissions.\n\n\n"
2025 Disclosure Cycle,779465,CDP,44191,Ansan City,City,South East Asia & Oceania,Korea (The Republic of),Public,Q8.4,Does your jurisdiction have a strategy or standard for reducing emissions from the jurisdiction's procurement and purchase of goods and services?,1,Response,No,,
2025 Disclosure Cycle,779465,CDP,44194,Jeonju City,City,South East Asia & Oceania,Korea (The Republic of),Public,Q8.4,Does your jurisdiction have a strategy or standard for reducing emissions from the jurisdiction's procurement and purchase of goods and services?,1,Response,No,,
2025 Disclosure Cycle,779465,CDP,44205,Gwangmyeong City,City,South East Asia & Oceania,Korea (The Republic of),Public,Q8.4,Does your jurisdiction have a strategy or standard for reducing emissions from the jurisdiction's procurement and purchase of goods and services?,1,Response,No,,
2025 Disclosure Cycle,779465,CDP,44299,Dangjin City,City,South East Asia & Oceania,Korea (The Republic of),Public,Q8.4,Does your jurisdiction have a strategy or standard for reducing emissions from the jurisdiction's procurement and purchase of goods and services?,1,Response,Do not know,,
2025 Disclosure Cycle,779465,CDP,46263,Amdavad Municipal Corporation (Ahmedabad),City,India,India,Public,Q8.4,Does your jurisdiction have a strategy or standard for reducing emissions from the jurisdiction's procurement and purchase of goods and services?,1,Response,No,,
2025 Disclosure Cycle,779465,CDP,46470,Municipality of Vitoria-Gasteiz,City,Europe,Spain,Public,Q8.4,Does your jurisdiction have a strategy or standard for reducing emissions from the jurisdiction's procurement and purchase of goods and services?,1,Response,Yes,,"Campaña Circular retail para el fomento de hábitos de consumo circular, y la reducción, por lo tanto, de las emisiones debidas al consumo:\n\nhttps://www.vitoria-gasteiz.org/wb021/was/contenidoAction.do?idioma=es&uid=u_259a244f_195609a0fad__6826\n\nY para las emisiones debidas al consumo de energía:\nhttps://www.vitoria-gasteiz.org/wb021/was/contenidoAction.do?idioma=es&uid=u_41c26a8e_18bcc3cf4f4__142c\n"
2025 Disclosure Cycle,779465,CDP,46473,Municipality of Zaragoza (Spain),City,Europe,Spain,Public,Q8.4,Does your jurisdiction have a strategy or standard for reducing emissions from the jurisdiction's procurement and purchase of goods and services?,1,Response,Yes,Compra pública responsable_carta de Zaragoza.pdf,
2025 Disclosure Cycle,779465,CDP,46514,City of Porto,City,Europe,Portugal,Public,Q8.4,Does your jurisdiction have a strategy or standard for reducing emissions from the jurisdiction's procurement and purchase of goods and services?,1,Response,Yes,,"A new sustainable procurement policy is being developed that will support the implementation of concrete actions, setting, among other things, a target of reducing direct and indirect emissions by 50% by 2030. \n\nNevertheless, the municipality has already in place some specific measures on its procurements. Some of the most impactful public procurement contracts to reduce emissions from consumption in 2021-2023: Acquisition of surveillance services and human security with reports in digital format; Acquisition of supply of LED technology luminaires with energy efficiency of LED technology achieving 100% LED street lighting in the city; Acquisition of cleaning services requiring waste forwarding, practices aimed at ensuring the protection of the environment, prevention/reduction of noise pollution, waste and energy consumption, reduction in water use, privilege for the use of electric/hybrid vehicles or public transport, respect for the use of products that respect the environmental standards in force, privilege to recycled/reusable packaging; Acquisition and renting of electric vehicles; Acquisition of electric Energy Supply with consumption reports sent in digital format, with decrease in reactive energy and from renewable energy source; All the energy consumed by the municipality of Porto and its municipal companies is 100% renewable, a situation that is contractually defined and planned in the procurement; Porto Ambiente, the waste and urban cleaning municipal company, won 1st place in the \'Green Public Procurement Award in Public Administration\' in the Public Companies category. This initiative, organized by the Portuguese Environment Agency (APA), recognizes local and central government entities, as well as public companies, that have included environmental criteria in their procurement processes, promoting more sustainable consumption and production practices. \n\nThe Municipality of Porto has increased substantially its investment in LED technology luminaires, which, in 2024, represented 93% of the total number of luminaires in the city. This has, therefore, contributed to the decrease in the consumption of electricity by almost 50% between 2022 and 2024 (https://www.cm-porto.pt/files/uploads/cms/Relatorio_Desenvolvimento_Sustentavel_2024_Porto_Futuro_PT.pdf) representing, consequently, a reduction of 4742 tCO2e of emissions in this period: https://www.porto.pt/pt/noticia/iluminacao-publica-esta-30-mil-vezes-mais-sustentavel "
2025 Disclosure Cycle,779465,CDP,49326,"Ville de Quebec, QC",City,North America,Canada,Public,Q8.4,Does your jurisdiction have a strategy or standard for reducing emissions from the jurisdiction's procurement and purchase of goods and services?,1,Response,Yes,politique-approvisionnement-durable-finale.pdf,"https://www.ville.quebec.qc.ca/gens_affaires/fournisseur/politiques_documents.aspx#:~:text=La%20Politique%20d'approvisionnement%20durable,%C3%A0%20la%20gestion%20des%20inventaires.\n\n\'avoir des pratiques d'approvisionnement durable qui considèrent notamment la\nréduction des gaz à effet de serre (GES) dans la chaîne logistique, les emballages\ndans le transport et l'entreposage ainsi que la manutention minimisée à l'interne\'"
2025 Disclosure Cycle,779465,CDP,49330,"Kansas City, MO",City,North America,United States of America,Public,Q8.4,Does your jurisdiction have a strategy or standard for reducing emissions from the jurisdiction's procurement and purchase of goods and services?,1,Response,Yes,AR 5-06 Green and Sustainable Procurement.pdf,"The City established Green and Sustainable Procurement (AR 5-06), effective in 2016, to set standards and responsibilities for sustainable procurement in City operations. The rule includes components such as authorization for Department Directors to implement green purchasing policies and a procedure to consider environmental impacts like greenhouse gas emissions in procurement decisions. \nThe City has several additional projects that reduce emissions from City services, such as working to purchase renewable wind energy to power city facilities, LED Streetlight conversion, and City fleet conversion to electric vehicles"
2025 Disclosure Cycle,779465,CDP,49333,"City of Louisville, KY",City,North America,United States of America,Public,Q8.4,Does your jurisdiction have a strategy or standard for reducing emissions from the jurisdiction's procurement and purchase of goods and services?,1,Response,No,,
2025 Disclosure Cycle,779465,CDP,49335,"Metropolitan Government of Nashville and Davidson County, TN",City,North America,United States of America,Public,Q8.4,Does your jurisdiction have a strategy or standard for reducing emissions from the jurisdiction's procurement and purchase of goods and services?,1,Response,No,,
2025 Disclosure Cycle,779465,CDP,49346,"City of Allentown, PA",City,North America,United States of America,Public,Q8.4,Does your jurisdiction have a strategy or standard for reducing emissions from the jurisdiction's procurement and purchase of goods and services?,1,Response,No,,
2025 Disclosure Cycle,779465,CDP,49347,"City of Omaha, NE",City,North America,United States of America,Public,Q8.4,Does your jurisdiction have a strategy or standard for reducing emissions from the jurisdiction's procurement and purchase of goods and services?,1,Response,No,,
2025 Disclosure Cycle,779465,CDP,49360,City of Tshwane,City,UKWW,South Africa,Public,Q8.4,Does your jurisdiction have a strategy or standard for reducing emissions from the jurisdiction's procurement and purchase of goods and services?,1,Response,Yes,SUSTAINABLE PROCUREMENT STRATEGY final 20170217.pdf,"Since the finalization of the SPP strategy the city has been very slow in implementing the Sustainable Public Procurement initiative due to various local factors. However, there are sporadic activities initiated like development of the guideline for the procurement of the city fleet and ICT. Recently the city is investing in the energy efficiency lighting, the issue of water saving measures have also been given attention, The city is also actively involved in the green building initiatives. "
2025 Disclosure Cycle,779465,CDP,49367,Freetown City,City,UKWW,Sierra Leone,Public,Q8.4,Does your jurisdiction have a strategy or standard for reducing emissions from the jurisdiction's procurement and purchase of goods and services?,1,Response,Yes,Freetown Climate Action Plan.pdf,https://drive.google.com/file/d/1uqwlqsql6cwhGxUS7l9fBWqoPGPabjnr/view?usp=drive_link\n
2025 Disclosure Cycle,779465,CDP,49385,Bandung City,City,South East Asia & Oceania,Indonesia,Public,Q8.4,Does your jurisdiction have a strategy or standard for reducing emissions from the jurisdiction's procurement and purchase of goods and services?,1,Response,Do not know,,
2025 Disclosure Cycle,779465,CDP,49389,Kyoto City,City,Japan,Japan,Public,Q8.4,Does your jurisdiction have a strategy or standard for reducing emissions from the jurisdiction's procurement and purchase of goods and services?,1,Response,Yes,,本市における電力調達の際に、温室効果ガスの排出の削減に配慮した契約を推進
2025 Disclosure Cycle,779465,CDP,50154,City of Turku,City,Europe,Finland,Public,Q8.4,Does your jurisdiction have a strategy or standard for reducing emissions from the jurisdiction's procurement and purchase of goods and services?,1,Response,Yes,,"https://www.turku.fi/sites/default/files/document/turun_kaupungin_hankintastrategia_kh_25.10.2021_ss_484_002.pdf (only in Finnish)\n\nThe procurement strategy was prepared in 2021 to support the carbon neutrality and biodiversity targets. The criteria and directions are developed for each product and service category together with other actors in the region and nationwide. In addition to the actual strategy, its implementation is reported annually."
2025 Disclosure Cycle,779465,CDP,50203,Gaziantep Metropolitan Municipality,City,UKWW,Türkiye,Public,Q8.4,Does your jurisdiction have a strategy or standard for reducing emissions from the jurisdiction's procurement and purchase of goods and services?,1,Response,Yes,TR-ETS Yonetmelik Taslagi (Temiz versiyon)(1).docx,"The climate law was published in the Official Gazette on July 9, 2025, and entered into force. Of particular importance, regulations regarding the Emissions Trading System are being prepared under the climate law, which also considers \'direct emissions arising from the production process of a product and indirect emissions resulting from the use of energy such as electricity, heat, steam, cooling, and compressed air during the production process.\' Following the publication of the draft regulations in the Official Gazette, they will begin to be implemented nationwide.\n"
2025 Disclosure Cycle,779465,CDP,50235,City of Kraków,City,Europe,Poland,Public,Q8.4,Does your jurisdiction have a strategy or standard for reducing emissions from the jurisdiction's procurement and purchase of goods and services?,1,Response,No,,
2025 Disclosure Cycle,779465,CDP,50355,Ayuntamiento de Tijuana,City,Latin America,Mexico,Public,Q8.4,Does your jurisdiction have a strategy or standard for reducing emissions from the jurisdiction's procurement and purchase of goods and services?,1,Response,No,,
2025 Disclosure Cycle,779465,CDP,50357,Ciudad de Mendoza,City,Latin America,Argentina,Public,Q8.4,Does your jurisdiction have a strategy or standard for reducing emissions from the jurisdiction's procurement and purchase of goods and services?,1,Response,No,,
2025 Disclosure Cycle,779465,CDP,50361,Ayuntamiento de Hermosillo,City,Latin America,Mexico,Public,Q8.4,Does your jurisdiction have a strategy or standard for reducing emissions from the jurisdiction's procurement and purchase of goods and services?,1,Response,Yes,CDP estrategia-transicion-energetica.pdf,"The city has established the “Municipal Energy Transition Strategy 2024-2030,” a decisive step toward shifting Hermosillo from fossil fuel use to renewable energy, especially solar power. In addition to being a technical document, this strategy represents a shared vision to ensure the well-being of current and future generations.\n\nWith a social focus, gender perspective, and clear goals, the government has invited the entire population, institutions, and productive sectors to join this fair, clean, and participatory energy transformation.\n\nThe strategy is organized around five strategic pillars aligned with the Sustainable Development Goals:\n\n1. Solar energy for a sustainable future\n2. Energy transformation through efficiency\n3. Accessible, sustainable, and smart electric mobility\n4. Inclusive energy future (cross-cutting pillar)\n5. Local energy future (cross-cutting pillar)\n\nIt includes:\n\n· 25 strategic programs\n· 22 lines of action\n· 21 short-and medium-term measurable goals\n· 80 indicators (economic, social, and environmental)\n\nOn August 1, 2025, the national agency CENACE formally authorized Hermosillo's commercial participation in the wholesale electricity market. This agreement also ensures that the energy is primarily clean and renewable, marking a major step toward energy independence and reduced reliance on fossil fuels.\n\nAs a result, the water utility “Agua de Hermosillo” will acquire clean energy through a qualified supplier other than the Federal Electricity Commission (CFE), generating estimated annual savings of up to 30 million pesos.\n\nAfter four years of technical procedures, negotiations with the Energy Regulatory Commission (CRE), now the National Energy Commission (CNE), coordination with the National Energy Control Center (CENACE), and a public bidding process, the Hermosillo City Council was officially notified as a renewable energy purchaser through Ric Energy México, S.A.P.I. de C.V.\n\nAdditional details:\nhttps://www.elimparcial.com/son/hermosillo/2025/08/04/hermosillo-primer-municipio-del-pais-en-operar-organismo-de-agua-con-energia-solar/"
2025 Disclosure Cycle,779465,CDP,50368,Municipalidad de Provincial de Arequipa,City,Latin America,Peru,Public,Q8.4,Does your jurisdiction have a strategy or standard for reducing emissions from the jurisdiction's procurement and purchase of goods and services?,1,Response,Do not know,,
2025 Disclosure Cycle,779465,CDP,50371,Municipalidad de Córdoba,City,Latin America,Argentina,Public,Q8.4,Does your jurisdiction have a strategy or standard for reducing emissions from the jurisdiction's procurement and purchase of goods and services?,1,Response,No,,
2025 Disclosure Cycle,779465,CDP,50373,Municipalidad de Rosario,City,Latin America,Argentina,Public,Q8.4,Does your jurisdiction have a strategy or standard for reducing emissions from the jurisdiction's procurement and purchase of goods and services?,1,Response,No,,
2025 Disclosure Cycle,779465,CDP,50374,Alcaldia Distrital de Cartagena de Indias,City,Latin America,Colombia,Public,Q8.4,Does your jurisdiction have a strategy or standard for reducing emissions from the jurisdiction's procurement and purchase of goods and services?,1,Response,No,,
2025 Disclosure Cycle,779465,CDP,50381,Municipio de Torreón,City,Latin America,Mexico,Public,Q8.4,Does your jurisdiction have a strategy or standard for reducing emissions from the jurisdiction's procurement and purchase of goods and services?,1,Response,No,,
2025 Disclosure Cycle,779465,CDP,50382,Municipio de Mérida,City,Latin America,Mexico,Public,Q8.4,Does your jurisdiction have a strategy or standard for reducing emissions from the jurisdiction's procurement and purchase of goods and services?,1,Response,No,,
2025 Disclosure Cycle,779465,CDP,50383,Prefeitura de Sorocaba,City,Latin America,Brazil,Public,Q8.4,Does your jurisdiction have a strategy or standard for reducing emissions from the jurisdiction's procurement and purchase of goods and services?,1,Response,Do not know,,
2025 Disclosure Cycle,779465,CDP,50390,Prefeitura de Teresina,City,Latin America,Brazil,Public,Q8.4,Does your jurisdiction have a strategy or standard for reducing emissions from the jurisdiction's procurement and purchase of goods and services?,1,Response,Yes,202310_TERESINA_PROD4_PLANO_ACAO_CLIMATICA_VF.pdf,"https://drive.google.com/file/d/1JOB0lWtCWjpDIEhCbEfOdd4IdCsL1uIC/view\n\nAo incorporar novos conceitos de compras, a cidade de Teresina pode se tornar uma\ncatalisadora que impulsiona uma economia mais verde e estimula a criação de empregos na\nárea. Dessa forma, a cidade tem a oportunidade de priorizar fornecedores e produtos que\nadotem práticas ambientalmente responsáveis em suas cadeias de produção. Isso pode incluir\ncritérios como a utilização de materiais reciclados ou de origem sustentável, a redução do\nconsumo de água e energia durante a produção, a minimização de resíduos e a adoção de\nembalagens biodegradáveis. Pode incluir também aspectos relacionados à inovação, assim\ncomo a nova Lei de Licitações e Contratos (Lei 14.133/2021) explicita como um dos objetivos\ndo processo licitatório. Adicionalmente, ao privilegiar produtos com menor pegada de carbono\ne que promovam a conservação de recursos naturais, a ação contribui para a redução das\nemissões de gases de efeito estufa e a preservação dos ecossistemas locais. Essa\nabordagem incentiva a adoção de práticas mais sustentáveis pelos fornecedores locais e\nestimula a inovação e o desenvolvimento de negócios verdes na região, na medida em que\nempresas que possuem práticas sustentáveis ou que buscam se adaptar a esses critérios\nterão uma vantagem competitiva ao participar dos processos licitatórios."
2025 Disclosure Cycle,779465,CDP,50397,Presidencia Municipal de Saltillo,City,Latin America,Mexico,Public,Q8.4,Does your jurisdiction have a strategy or standard for reducing emissions from the jurisdiction's procurement and purchase of goods and services?,1,Response,Do not know,,
2025 Disclosure Cycle,779465,CDP,50540,"City of Albuquerque, NM",City,North America,United States of America,Public,Q8.4,Does your jurisdiction have a strategy or standard for reducing emissions from the jurisdiction's procurement and purchase of goods and services?,1,Response,No,,
2025 Disclosure Cycle,779465,CDP,50550,"City of Buffalo, NY",City,North America,United States of America,Public,Q8.4,Does your jurisdiction have a strategy or standard for reducing emissions from the jurisdiction's procurement and purchase of goods and services?,1,Response,No,,
2025 Disclosure Cycle,779465,CDP,50555,"City of Hamilton, ON",City,North America,Canada,Public,Q8.4,Does your jurisdiction have a strategy or standard for reducing emissions from the jurisdiction's procurement and purchase of goods and services?,1,Response,No,,
2025 Disclosure Cycle,779465,CDP,50558,"City of London, ON",City,North America,Canada,Public,Q8.4,Does your jurisdiction have a strategy or standard for reducing emissions from the jurisdiction's procurement and purchase of goods and services?,1,Response,Yes,,"https://london.ca/council-policies/procurement-goods-services-policy\nOctober 1, 2025 there will be a new procurement by-law in effect which builds on the previous by-law's approach but puts more onus on the leading division to identify key sustainable purchasing elements and corresponding KPIs. The Climate Change and Environmental Stewardship group is currently assisting the Purchasing team with implementation tools to guide other City staff engaging with the new by-law on how to comply with the sustainable purchasing components of the by-law. This work is closely related to the Climate Lens Framework that has been discussed previously in this submission. "
2025 Disclosure Cycle,779465,CDP,50568,"City of Saskatoon, SK",City,North America,Canada,Public,Q8.4,Does your jurisdiction have a strategy or standard for reducing emissions from the jurisdiction's procurement and purchase of goods and services?,1,Response,No,,
2025 Disclosure Cycle,779465,CDP,50579,"City of Winnipeg, MB",City,North America,Canada,Public,Q8.4,Does your jurisdiction have a strategy or standard for reducing emissions from the jurisdiction's procurement and purchase of goods and services?,1,Response,Yes,," Some implementations include policies and guidance on procurement around 'Green Meetings', and the Sustainable Procurement Policy (No. F1-003)."
2025 Disclosure Cycle,779465,CDP,50664,Municipality of Almada,City,Europe,Portugal,Public,Q8.4,Does your jurisdiction have a strategy or standard for reducing emissions from the jurisdiction's procurement and purchase of goods and services?,1,Response,Do not know,,
2025 Disclosure Cycle,779465,CDP,50669,Municipality of Matosinhos,City,Europe,Portugal,Public,Q8.4,Does your jurisdiction have a strategy or standard for reducing emissions from the jurisdiction's procurement and purchase of goods and services?,1,Response,Yes,PCPC Ecologicas_vFINAL.pdf,"O Município de Matosinhos integra o projeto INTERREG-POCTEP em Economia Circular no espaço\nNoroeste Ibérico - CIRCULAR ECOSYSTEMS, Ecossistemas territoriais e soluções sistémicas de\neconomia circular para prevenir a contaminação. Este projeto tem como objetivo principal elaborar\nEstratégias e Planos de Ação para a Economia Circular para cada território envolvido, de modo a\ncapacitá-los para o desenvolvimento de soluções sistémicas em economia circular que contribuam\npara minimizar a utilização dos recursos e acelerar a transição para o resíduo zero, eliminando os\nproblemas de contaminação originados pelos resíduos. "
2025 Disclosure Cycle,779465,CDP,50673,Municipality of Faro,City,Europe,Portugal,Public,Q8.4,Does your jurisdiction have a strategy or standard for reducing emissions from the jurisdiction's procurement and purchase of goods and services?,1,Response,Do not know,,
2025 Disclosure Cycle,779465,CDP,50680,Municipality of Cascais,City,Europe,Portugal,Public,Q8.4,Does your jurisdiction have a strategy or standard for reducing emissions from the jurisdiction's procurement and purchase of goods and services?,1,Response,No,,
2025 Disclosure Cycle,779465,CDP,51075,City of Shenzhen,City,China,China,Public,Q8.4,Does your jurisdiction have a strategy or standard for reducing emissions from the jurisdiction's procurement and purchase of goods and services?,1,Response,Yes,,推进多式联运发展，提升城市物流配送效率，减少运输配送产生的碳排放
2025 Disclosure Cycle,779465,CDP,52896,"City of Fort Lauderdale, FL",City,North America,United States of America,Public,Q8.4,Does your jurisdiction have a strategy or standard for reducing emissions from the jurisdiction's procurement and purchase of goods and services?,1,Response,No,,
2025 Disclosure Cycle,779465,CDP,53829,"City of Kingston, ON",City,North America,Canada,Public,Q8.4,Does your jurisdiction have a strategy or standard for reducing emissions from the jurisdiction's procurement and purchase of goods and services?,1,Response,No,,
2025 Disclosure Cycle,779465,CDP,53931,"City of Alexandria, VA",City,North America,United States of America,Public,Q8.4,Does your jurisdiction have a strategy or standard for reducing emissions from the jurisdiction's procurement and purchase of goods and services?,1,Response,No,,
2025 Disclosure Cycle,779465,CDP,54029,"City of Spokane, WA",City,North America,United States of America,Public,Q8.4,Does your jurisdiction have a strategy or standard for reducing emissions from the jurisdiction's procurement and purchase of goods and services?,1,Response,No,,
2025 Disclosure Cycle,779465,CDP,54030,"City of Little Rock, AR",City,North America,United States of America,Public,Q8.4,Does your jurisdiction have a strategy or standard for reducing emissions from the jurisdiction's procurement and purchase of goods and services?,1,Response,Do not know,,
2025 Disclosure Cycle,779465,CDP,54088,"City of Peterborough, ON",City,North America,Canada,Public,Q8.4,Does your jurisdiction have a strategy or standard for reducing emissions from the jurisdiction's procurement and purchase of goods and services?,1,Response,Yes,,"The climate change staff review all Requests for Initation on behalf of the Procurement division for new projects using a climate lens. The review will assess whether the procurement faces any climate risks and potential opportunities to act on climate change mitigation and adaptation. Project managers will read the initial climate lens feedback and incorporate as many recommendations into the final Request for Proposals document before its publication for bidders. \n\nCurrently, this is not a formalized process for addressing procurement and is being treated as a pilot to determine how to improve outcomes to embed climate action into projects. "
2025 Disclosure Cycle,779465,CDP,54096,"City of Saint John, NB",City,North America,Canada,Public,Q8.4,Does your jurisdiction have a strategy or standard for reducing emissions from the jurisdiction's procurement and purchase of goods and services?,1,Response,No,,
2025 Disclosure Cycle,779465,CDP,54104,"City of Boulder, CO",City,North America,United States of America,Public,Q8.4,Does your jurisdiction have a strategy or standard for reducing emissions from the jurisdiction's procurement and purchase of goods and services?,1,Response,Yes,,"The city maintains a list of products that must be purchased as recycled content, and which may not be bought in virgin form; it's called our \'procurement requirements\'. For services and/or goods not on the restricted list, departments consider the following: \n• Make vendors aware of our environmental values by making sure all bid documents have information about the City's environmental goals, as well as our hope to use more recycled and environmentally preferable products. \n• Purchasing agents can: Accept a bid which is not the lowest if a) the lowest bid is for a non-recycled product and b) a recycled content product meets the performance criteria specified, or c) a bid other than the lowest bid meets the criteria for environmentally preferable products or services or d) a cost analysis conducted over the life and disposal of the product reveals lower total costs than are reflected in short-term analysis. \n• Unless otherwise specified, bidders and contractors should use recycled paper and double-sided copying for the production of all printed and photocopied documents related to the fulfillment of City contracts and shall otherwise fully comply with the provisions of this policy. \n\nThe city is establishing a new city purchasing policy that promotes racial equity, advances environmental sustainability, and ensures the city is a good steward of taxpayer and fee payer dollars. Potential elements of this project include but are not limited to: subcontracting policy, certification requirements, business licensing process, permit processes, RFP requirements, small business goals (race neutral), minority owned business goals (race conscious), definition of small business, definition of minority owned business, local preference, climate action targets/indicators, enhance data availability. \n"
2025 Disclosure Cycle,779465,CDP,54105,"City of Duluth, MN",City,North America,United States of America,Public,Q8.4,Does your jurisdiction have a strategy or standard for reducing emissions from the jurisdiction's procurement and purchase of goods and services?,1,Response,No,,
2025 Disclosure Cycle,779465,CDP,54109,"City of Bloomington, IN",City,North America,United States of America,Public,Q8.4,Does your jurisdiction have a strategy or standard for reducing emissions from the jurisdiction's procurement and purchase of goods and services?,1,Response,No,,
2025 Disclosure Cycle,779465,CDP,54114,"City of Asheville, NC",City,North America,United States of America,Public,Q8.4,Does your jurisdiction have a strategy or standard for reducing emissions from the jurisdiction's procurement and purchase of goods and services?,1,Response,No,,
2025 Disclosure Cycle,779465,CDP,54116,"City of Dubuque, IA",City,North America,United States of America,Public,Q8.4,Does your jurisdiction have a strategy or standard for reducing emissions from the jurisdiction's procurement and purchase of goods and services?,1,Response,Yes,Equitable and Sustainable Procurement_Best Practices Guide.pdf,
2025 Disclosure Cycle,779465,CDP,54144,City of Yarra,City,South East Asia & Oceania,Australia,Public,Q8.4,Does your jurisdiction have a strategy or standard for reducing emissions from the jurisdiction's procurement and purchase of goods and services?,1,Response,Yes,Yarra Procurement Policy May 2025.pdf,"Procurement Manual 2025:\n\'Council's procurement activities will be carried out on the basis of obtaining Value for Money. This means minimising the total cost of ownership over the lifetime of the requirement consistent with acceptable quality, reliability and delivery considerations. Lowest price is not the sole determinant of Value for Money.\nIn assessing Value for Money, staff are responsible for giving due consideration to:\n• Whole-of-life monetary cost, i.e.\no procurement price;\no operating and maintenance costs; and\no cost of environmentally responsible disposal or recycling/re-use/re-sale of the product;\n• Non-monetary impacts (both negative and positive) over the life of the product or service; including\no environmental impacts;\no social impacts - particularly on marginalised or vulnerable people; and\no impacts on other Council priorities \'\n\n8. Sustainability & Social Procurement\nCouncil is committed to procuring products and services in alignment with its values of environmental, social, economic and cultural sustainability. This section details the specific policy and operational implications of such considerations. Overall, tender documents or Requests for Quotation should contain:\n• Clauses and weightings to assess environmental and social costs and benefits;\n• Appropriately designed response statements to allow suppliers to clearly articulate how they will \naddress social and environmental impacts; and\n• Clauses that are framed as measurable deliverables rather than aspirations with regard to \nenvironmental, social, economic and cultural sustainability.\nA pre-tender briefing could be used to explain the detail of such clauses, particularly if they refer to \ncomplex matters with which mainstream suppliers may not be familiar.\n\n8.1 Environmental Sustainability\n8.1.1 Sustainable procurement statement\nCouncil is committed to addressing the climate emergency to the strongest degree possible. \nCouncil's adopted Climate Emergency Plan sets out our role in responding to this unprecedented \nchallenge, and includes the following key objectives:\n• achieve zero-net emissions across the entire Yarra community by 2030, and accelerate the removal of excess carbon emissions;\n• activate our community to take effective climate action - pushing for urgent change and changing the way we live and work;\n• ensure our community is safe, healthy and resilient - especially those most vulnerable to severe climate impacts;\n• create a city that continues to adapt to a changing climate and is ecologically healthy for all species; and\n• collaborate and advocate with others in the climate emergency movement to increase our impact.\nYarra Council was one of the first local governments in the world to declare a climate emergency, acknowledging both the scale and urgency of action needed to avoid the catastrophic impacts of global \nheating.\nEffectively responding to the climate emergency requires transformational societal and economic \nchange. It will require changing our resource intensive and high consuming ways of life, as well as adapting to living on a hotter planet. \nProcurement choices which respond proportionately to the climate emergency will contribute to the \nrapid reduction in carbon emissions in order to restore a safe climate. A key aspect of sustainable procurement is the application of circular economy principles (in which finite resources are valued and kept circulating within it) and lifecycle approaches to consider the full environmental impact of products and services, including embodied emissions. \n\nCity of Yarra \nCouncil purchases environmentally preferable products and services whenever they meet Council's needs and are available at a competitive price. Council's sustainable procurement practices demonstrate to the community that Council is responding to the climate emergency at commensurate urgency and scale and supporting the circular economy by \nstimulating the market for environmentally preferable products."
2025 Disclosure Cycle,779465,CDP,54277,New Plymouth District Council,City,South East Asia & Oceania,New Zealand,Public,Q8.4,Does your jurisdiction have a strategy or standard for reducing emissions from the jurisdiction's procurement and purchase of goods and services?,1,Response,Yes,ECM_9513709_v1_Proposed NPDC Procurement Strategy June 2025.docx,"Procurement Strategy adopted 12 August 2025. Includes focus on environment, including emissions reduction"
2025 Disclosure Cycle,779465,CDP,54290,Qingdao Municipal Government,City,China,China,Public,Q8.4,Does your jurisdiction have a strategy or standard for reducing emissions from the jurisdiction's procurement and purchase of goods and services?,1,Response,Yes,,《国家碳达峰试点（青岛）实施方案》：构建绿色制造体系。推进绿色工厂梯度培育和动态管理。鼓励绿色工厂对标国际国内先进水平，开展提标改造。发挥行业龙头企业核心引领作用，推广绿色采购、绿色物流、绿色回收机制，打造绿色供应链管理企业，推动供应链绿色低碳协同发展。推动一批重点企业加强减污降碳协同，加快技术突破、管理优化、制度创新，提升企业清洁生产水平。到2025年，新培育绿色工厂、绿色供应链管理企业等30家以上。
2025 Disclosure Cycle,779465,CDP,54293,People's Government of Guangzhou Municipality,City,China,China,Public,Q8.4,Does your jurisdiction have a strategy or standard for reducing emissions from the jurisdiction's procurement and purchase of goods and services?,1,Response,Yes,,https://www.gz.gov.cn/gfxwj/sbmgfxwj/gzssthjj/content/post_8783592.html\nhttps://sthjj.gz.gov.cn/gkmlpt/content/9/9964/post_9964420.html#634\n
2025 Disclosure Cycle,779465,CDP,54298,Dalian Municipal People's Government,City,China,China,Public,Q8.4,Does your jurisdiction have a strategy or standard for reducing emissions from the jurisdiction's procurement and purchase of goods and services?,1,Response,No,,
2025 Disclosure Cycle,779465,CDP,54305,Rajkot Municipal Corporation,City,India,India,Public,Q8.4,Does your jurisdiction have a strategy or standard for reducing emissions from the jurisdiction's procurement and purchase of goods and services?,1,Response,No,,
2025 Disclosure Cycle,779465,CDP,54306,Medan City Government,City,South East Asia & Oceania,Indonesia,Public,Q8.4,Does your jurisdiction have a strategy or standard for reducing emissions from the jurisdiction's procurement and purchase of goods and services?,1,Response,No,,
2025 Disclosure Cycle,779465,CDP,54310,Government of Palembang,City,South East Asia & Oceania,Indonesia,Public,Q8.4,Does your jurisdiction have a strategy or standard for reducing emissions from the jurisdiction's procurement and purchase of goods and services?,1,Response,No,,
2025 Disclosure Cycle,779465,CDP,54327,Semarang City Government,City,South East Asia & Oceania,Indonesia,Public,Q8.4,Does your jurisdiction have a strategy or standard for reducing emissions from the jurisdiction's procurement and purchase of goods and services?,1,Response,No,,
2025 Disclosure Cycle,779465,CDP,54328,City of Niigata,City,Japan,Japan,Public,Q8.4,Does your jurisdiction have a strategy or standard for reducing emissions from the jurisdiction's procurement and purchase of goods and services?,1,Response,Yes,,原則としてグリーン購入法と同等の基準を満たす物品を購入している。\nhttps://www.city.niigata.lg.jp/shisei/seisaku/seisaku/keikaku/kankyo/green/greenR6.html
2025 Disclosure Cycle,779465,CDP,54329,Bogor City Government,City,South East Asia & Oceania,Indonesia,Public,Q8.4,Does your jurisdiction have a strategy or standard for reducing emissions from the jurisdiction's procurement and purchase of goods and services?,1,Response,No,,
2025 Disclosure Cycle,779465,CDP,54330,City of Kawasaki,City,Japan,Japan,Public,Q8.4,Does your jurisdiction have a strategy or standard for reducing emissions from the jurisdiction's procurement and purchase of goods and services?,1,Response,Yes,"川崎市グリーン購入推進方針.pdf,川崎市環境配慮契約推進方針.pdf",https://www.city.kawasaki.jp/300/page/0000013867.html\n川崎市グリーン購入推進方針\n\nhttps://www.city.kawasaki.jp/300/page/0000175278.html\n川崎市環境配慮契約推進方針
2025 Disclosure Cycle,779465,CDP,54335,Government of the City of Yogyakarta,City,South East Asia & Oceania,Indonesia,Public,Q8.4,Does your jurisdiction have a strategy or standard for reducing emissions from the jurisdiction's procurement and purchase of goods and services?,1,Response,No,,
2025 Disclosure Cycle,779465,CDP,54337,Greater Amman Municipality,City,UKWW,Jordan,Public,Q8.4,Does your jurisdiction have a strategy or standard for reducing emissions from the jurisdiction's procurement and purchase of goods and services?,1,Response,Yes,,Instructions for the national mechanism's application of the principle of extended product liability to address its negative effects 2020\n(the document is in Arabic and aligned with the national climate change law and waste management national law)
2025 Disclosure Cycle,779465,CDP,54339,Denpasar City Government,City,South East Asia & Oceania,Indonesia,Public,Q8.4,Does your jurisdiction have a strategy or standard for reducing emissions from the jurisdiction's procurement and purchase of goods and services?,1,Response,Yes,1. LAPORAN INDUK KLHS RPJMD DENPASAR_VALIDASI_TTD.pdf,https://bit.ly/KLHSRPJMDDENPASAR
2025 Disclosure Cycle,779465,CDP,54341,Toyama City,City,Japan,Japan,Public,Q8.4,Does your jurisdiction have a strategy or standard for reducing emissions from the jurisdiction's procurement and purchase of goods and services?,1,Response,No,,
2025 Disclosure Cycle,779465,CDP,54345,City Government of Davao,City,South East Asia & Oceania,Philippines,Public,Q8.4,Does your jurisdiction have a strategy or standard for reducing emissions from the jurisdiction's procurement and purchase of goods and services?,1,Response,Yes,"Davao City 10-Year ESWM Plan (2018-2027)-final.pdf,LCCAP 2024-2026 (1).pdf",http://pdp.depdev.gov.ph/philippine-development-plan-2023-2028/
2025 Disclosure Cycle,779465,CDP,54348,The Local Government of Quezon City,City,South East Asia & Oceania,Philippines,Public,Q8.4,Does your jurisdiction have a strategy or standard for reducing emissions from the jurisdiction's procurement and purchase of goods and services?,1,Response,Yes,SP-3107-S-2021_QC GPP Ordinance.pdf,"Quezon City enacted Ordinance No. SP - 3107, Series of 2021 or the Quezon City Green Public Procurement Ordinance of 2021"
2025 Disclosure Cycle,779465,CDP,54349,Balikpapan City Government,City,South East Asia & Oceania,Indonesia,Public,Q8.4,Does your jurisdiction have a strategy or standard for reducing emissions from the jurisdiction's procurement and purchase of goods and services?,1,Response,No,,
2025 Disclosure Cycle,779465,CDP,54354,City Government of Makati,City,South East Asia & Oceania,Philippines,Public,Q8.4,Does your jurisdiction have a strategy or standard for reducing emissions from the jurisdiction's procurement and purchase of goods and services?,1,Response,Yes,"2018-007.pdf,Eco-friendly Packaging.pdf,HRDO_Memo_Tumbler.pdf,OM_Memo_Tumbler.pdf,OM_Paper Reuse.pdf","Makati City incorporates green procurement principles and practices into its overall procurement processes and policies, aligning with national initiatives and global sustainability goals. This is achieved by integrating environmentally preferable criteria into the design and specifications of procurement projects, aiming for sustainable public procurement that considers the entire life cycle of goods and services. \n\nHere's a breakdown of how Makati City approaches green procurement:\n\n1. Alignment with National Policies:\n\nGPPB Roadmap:\nMakati City's efforts are guided by the national Green Public Procurement (GPP) Roadmap, which aims to integrate sustainable practices into government procurement. Further, the New Government Procurement Act (NGPA), Republic Act No. 12009, promotes sustainable and green practices in government procurement. It aims to integrate environmental, social, and economic considerations into the design and implementation of government projects, minimizing negative environmental impacts and promoting long-term sustainability. \n\nSources:\nhttps://www.officialgazette.gov.ph/downloads/2025/02feb/20250210-IRR-RA-12009-FRM.pdf\n\nhttps://www.gppb.gov.ph/wp-content/uploads/2023/06/GPP_roadmap_print.pdf\n\nhttps://ngpa.gppb.gov.ph/New-Government-Procurement-Act-RA-12009.pdf\n\nSustainable Development Goals:\nMakati's green procurement aligns with the broader Sustainable Development Goals (SDGs), particularly those related to environmental sustainability and responsible consumption and production. \n\n2. Key Aspects of Green Procurement in Makati:\n\nPrioritizing Environmentally Friendly Products:\nMakati City prioritizes purchasing goods and services that are energy-efficient, made from recycled materials, or have a lower carbon footprint. \n\nLife Cycle Assessment:\nProcurement decisions consider the environmental impact of products from their creation to disposal, including factors like resource consumption, emissions, and waste generation. \n\nPromoting Green Markets:\nBy adopting green procurement practices, Makati City aims to drive market demand for sustainable products and services, encouraging businesses to develop more environmentally friendly solutions. \n\nSocial and Economic Benefits:\nGreen procurement is recognized for its potential to improve public health, support fair labor practices, and promote local sourcing, contributing to positive social and economic outcomes. \n\n3. Specific Actions and Initiatives:\nTechnical Specifications:\nMakati City incorporates green criteria into the technical specifications of procurement projects, ensuring that potential environmental impacts are considered. For example, city government packed meals should be:\n- served on an Oxo-biodegradable container\n- served with appropriate eco-friendly recyclable utensils, napkins and toothpicks\n- drinks are served in eco-friendly recyclable paper cups (with at least 500ml consumption per serving).\n\nRegular Updates of Green Product Lists:\nThe city collaborates with the Philippine Government Electronic Procurement System (PhilGEPS) to regularly publish and update lists of sustainable goods and services. \n\nIntegration into Existing Frameworks:\nGreen procurement practices are being integrated into existing procurement processes rather than creating separate procedures. \n\n4. Examples of Green Procurement in Practice:\nEnergy Efficiency: Prioritizing energy-efficient appliances and equipment in government buildings and operations. For example, procurement of energy efficient appliances and office equipment such as AC unit, printers, photo copier machines, computers, etc. Higher stars as per DOE EEC rating.\nWaste Reduction: Implementing measures to reduce waste generation and promote recycling and reuse. For example, the Paperless Policy of the City.\nSustainable Materials: Using eco-friendly materials in construction and other projects. For example, distribution and promotion of the use of tumblers.\n\n5. Overall Goal:\nThe goal of green procurement in Makati City is to achieve value for money while minimizing environmental impact and contributing to a more sustainable future. By integrating green principles into its procurement practices, Makati City aims to lead by example and encourage wider adoption of sustainable practices across the public and private sectors. "
2025 Disclosure Cycle,779465,CDP,54361,Petaling Jaya City Council,City,South East Asia & Oceania,Malaysia,Public,Q8.4,Does your jurisdiction have a strategy or standard for reducing emissions from the jurisdiction's procurement and purchase of goods and services?,1,Response,Yes,"NLCCM document with ISBN_160721.pdf,[FINAL] 202303_GCoM_CAP_Report_Petaling Jaya.pdf","Petaling Jaya City Council was selected as a pilot project for implementing Government Green Procurement (GGP 3.0) on six procurement categories of cleaning services, papers, printing machines, indoor and street lights, ICT appliances and food catering. \n\nPetaling Jaya does not have its own distinct \'Green Procurement\' program, but is subject to Malaysia's national Government Green Procurement (GGP) initiative, which mandates the integration of environmental considerations into the purchasing practices of all government agencies, including those in Petaling Jaya. This national GGP program focuses on conserving natural resources and minimizing environmental impacts by encouraging the use of eco-friendly products and services through various ministries and government agencies, aligning with the country's sustainable development goals."
2025 Disclosure Cycle,779465,CDP,54386,Tainan City Government,City,China,East Asia,Public,Q8.4,Does your jurisdiction have a strategy or standard for reducing emissions from the jurisdiction's procurement and purchase of goods and services?,1,Response,Yes,,業者每年度線上申報綠色採購至民間企業綠色採購申報平臺，申報當年度所採購環境保護產品之數量及金額。臺南市連續11年獲得政府機關綠色採購評比特優，指定採購項目達100%。綠色辦公全數完成響應，除各級機關學校力行綠色採購外，更推廣至民間企業及團體。\n2021年公佈「臺南市環境保護計畫」，在永續夥伴面向，訂定了「民間企業及團體綠色採購金額」目標，2023 年度提報綠色採購輔導家數 284 家，總計金額達 81.64 億元。(https://w3fs.tainan.gov.tw/001/Upload/159/ebook/ebook_757476//pdf/full.pdf)
2025 Disclosure Cycle,779465,CDP,54388,Iskandar Regional Development Authority,City,South East Asia & Oceania,Malaysia,Public,Q8.4,Does your jurisdiction have a strategy or standard for reducing emissions from the jurisdiction's procurement and purchase of goods and services?,1,Response,Yes,"GP-CONSTRUCTION-WEB.pdf,Johor Green Deal 2023.pdf","Government Green Procurement (GGP) is defined as procurement of products, services and works that take into account environmental criteria and standards for protecting the environment and natural resources and minimize or mitigate the negative effects of human activities. Malaysia Green Technology and Climate Change has launched an eBook that content the list out the green product or services. "
2025 Disclosure Cycle,779465,CDP,54389,Taichung City Government,City,China,East Asia,Public,Q8.4,Does your jurisdiction have a strategy or standard for reducing emissions from the jurisdiction's procurement and purchase of goods and services?,1,Response,Yes,上傳_8.4_關於綠生活_ok.pdf,"1. Strengthening Green Procurement in Government Agencies\n\nAll government agencies continue to implement green procurement policies, actively selecting products and services with environmentally friendly features such as environmental labels, carbon footprints, and energy savings. In 2024, the government achieved a green procurement achievement rate of 99.46%, earning it the designation of \'Excellent High-Performing Agency\' by the Ministry of Environment, demonstrating the government's strong execution.\n\n2. Promoting Green Procurement in the Private Sector\n\nTo maximize the effectiveness of green procurement policies, the Environmental Protection Bureau actively held information sessions in 2024 to encourage private businesses and community groups to embrace green procurement. Through continued promotion and outreach, the total green procurement value of private businesses in Taipei reached NT$6 billion in 2024, demonstrating the growing importance of environmental responsibility and sustainable development within the business community. By prioritizing products and services with environmentally friendly features such as environmental labels, carbon footprints, and energy savings, businesses not only promote low-carbon consumption patterns but also contribute to the green transformation of the industrial chain and carbon emissions reduction, laying a solid foundation for Taipei's goal of achieving net-zero carbon emissions.\n\n1. Strengthening Green Procurement in Government Agencies\nAll government agencies continue to implement green procurement policies, actively selecting products and services with environmentally friendly features such as environmental labels, carbon footprints, and energy savings. In 2024, the government achieved a green procurement achievement rate of 99.46%, earning it the designation of \'Excellent High-Performing Agency\' by the Ministry of Environment, demonstrating the government's strong execution.\n\n2. Promoting Green Procurement in the Private Sector\nTo maximize the effectiveness of green procurement policies, the Environmental Protection Bureau actively held information sessions in 2024 to encourage private businesses and community groups to embrace green procurement. Through continued promotion and outreach, the total green procurement value of private businesses in Taipei reached NT$6 billion in 2024, demonstrating the growing importance of environmental responsibility and sustainable development within the business community. By prioritizing products and services with environmentally friendly features such as environmental labels, carbon footprints, and energy savings, businesses not only promote low-carbon consumption patterns but also contribute to the green transformation of the industrial chain and carbon emissions reduction, laying a solid foundation for Taipei's goal of achieving net-zero carbon emissions.\n\n"
2025 Disclosure Cycle,779465,CDP,54395,Taoyuan City Government,City,China,East Asia,Public,Q8.4,Does your jurisdiction have a strategy or standard for reducing emissions from the jurisdiction's procurement and purchase of goods and services?,1,Response,Yes,Taoyuan City Green Procurement Program 2024.xlsx,"In line with the Ministry of Environment's Green Procurement Program for Private Enterprises and Organizations, Taoyuan City has promoted green procurement since 2016, incorporating local self-government regulations. All government agencies, schools, and enterprises above a designated scale are required to implement green procurement practices, supporting the city's net-zero and sustainable living policies by prioritizing low-carbon, sustainable products. The defined categories of enterprises include:\n1. Enterprises: Companies, businesses, private factories, mines, salt works, farms, ranches, forestry operations, tea farms, media, cultural, public welfare, and cooperative enterprises located in the city with more than 500 employees.\n2. Tourism hotels: Tourist hotels located within the city.\n3. Hotels: Hotel operators within the city with more than 80 guest rooms.\n4. Hospitals: Hospitals located in the city.\nTo encourage enterprises to continue implementing green procurement and to reinforce their role as pioneers in sustainability, the Department of Environmental Protection, Taoyuan City Government annually commends those reporting green procurement expenditures exceeding NT$5 million in the previous year. Starting in 2025, additional recognition will be awarded to companies that have continuously reported green procurement for ten consecutive years. These measures aim to safeguard global sustainability and reinforce corporate social responsibility."
2025 Disclosure Cycle,779465,CDP,54402,City of Lahti,City,Europe,Finland,Public,Q8.4,Does your jurisdiction have a strategy or standard for reducing emissions from the jurisdiction's procurement and purchase of goods and services?,1,Response,Yes,,City of Lahti follows and works on increasing the share of requests of proposals that support the city's carbon neutrality target. \nLink to Lahti's procurement instructions (in Finnish): https://www.lahti.fi/tiedostot/hankintaohjelma/
2025 Disclosure Cycle,779465,CDP,54403,City of Tampere,City,Europe,Finland,Public,Q8.4,Does your jurisdiction have a strategy or standard for reducing emissions from the jurisdiction's procurement and purchase of goods and services?,1,Response,Yes,Climate_Neutral_Tampere_2030_Roadmap_2024.pdf,"See Climate Neutral Tampere 2030 Roadmap (2024), Theme 0 - Climate Leadership and Stakeholder Collaboration, Measure Package 0.4 Sustainable procurement:\n0.4.1 Communications and market dialogue on the environmental objectives of procurement.\n0.4.2 Use of environmental criteria in procurement.\n0.4.3 Developing procurement competence.\n0.4.4 Cooperation in sustainable procurement.\n0.4.5 Environmental objectives of procurement categories.\n0.4.6 Environmental issues and energy efficiency will be addressed as part of the cloud transition of ICT services. \n0.4.7 Sustainable infrastructure service and information system procurement.\n0.4.8 Sustainable ICT equipment procurement.\n\n"
2025 Disclosure Cycle,779465,CDP,54408,Aarhus Municipality,City,Europe,Denmark,Public,Q8.4,Does your jurisdiction have a strategy or standard for reducing emissions from the jurisdiction's procurement and purchase of goods and services?,1,Response,Yes,CO2 Shadow pricing.pdf,https://aarhus.dk/media/fa0p5z4g/fakta-om-klimaafgiften-og-skyggepriser_nov_22.pdf?format=noformat\n
2025 Disclosure Cycle,779465,CDP,54439,City of Münster,City,Europe,Germany,Public,Q8.4,Does your jurisdiction have a strategy or standard for reducing emissions from the jurisdiction's procurement and purchase of goods and services?,1,Response,Yes,,"Policy Statement environmentally friendly and low\nemission procurement. The city of Münster has a policy statement on environmentally friendly and low-emission procurement. This includes climatefriendly building materials (no tropical wood, no PVC, etc.) and working materials (paper, electrical devices, etc.) as well as the procurement of electric vehicles."
2025 Disclosure Cycle,779465,CDP,54459,City of Reykjavík,City,Europe,Iceland,Public,Q8.4,Does your jurisdiction have a strategy or standard for reducing emissions from the jurisdiction's procurement and purchase of goods and services?,1,Response,Yes,"Innkaupastefna Reykjavíkurborgar - DROG.pdf,Innkaupastefna_Reykjav_kurborgar_Sam_ykkt___borgarstj_rn_15.3.2011.pdf","In the rules for purchase, sustainability is on of the criteria of purchase. \n\nThe car fleet is electric or metan when possible.\nIt is one of the main actions in the Climate action plan (nr 12, page 4) to reduce emissions from the car fleet:\nFossil fuel free by 2025\nCars and equipment powered by fossil fuels will not be procured by the city as of 2021 and the cars and equipment that is already possessed will be replaced before the year 2025.\nThis has been in execution since 2021 and "
2025 Disclosure Cycle,779465,CDP,54467,Municipality of Eindhoven,City,Europe,Netherlands,Public,Q8.4,Does your jurisdiction have a strategy or standard for reducing emissions from the jurisdiction's procurement and purchase of goods and services?,1,Response,Yes,"Klimaatplan 2026-2030.pdf,Whitepaper Circulair Asfalt gemeente Eindhoven.pdf,inkoop.pdf",https://www.opwegnaarseb.nl/documenten/2024/11/04/convenant-seb
2025 Disclosure Cycle,779465,CDP,54484,Stavanger Municipality,City,Europe,Norway,Public,Q8.4,Does your jurisdiction have a strategy or standard for reducing emissions from the jurisdiction's procurement and purchase of goods and services?,1,Response,Yes,,"The municipality's action plan for climate and environment must be seen in conjunction with the adopted climate and environmental plan for the municipality (both attached under 7.1). The purpose of the climate and environment action plan is to specify which measures we plan to implement to achieve the goals in the climate and environment plan. The municipality's procurements must contribute to meet these climate and environmental targets. Focus areas for procurements are \'transport and mobility\', \'energy and material use\', \'consumption, reuse, recycling and waste treatment\' and \'agriculture\'. The sum of the measures under these areas should contribute to reduce the emissions linked to the municipality's procurements. Furthermore, the municipality is concerned with setting relevant requirements, qualification requirements, contract terms and award criteria for the individual procurement. From the 1st of January 2024, a new amendment regulation came into force which the municipality must follow. The amendment regulations mean that all the municipality's procurements must, as a general rule, weight climate and the environment by 30%. This can contribute to further reduce of the emissions linked to the municipality's procurements."
2025 Disclosure Cycle,779465,CDP,54488,Trondheim Municipality,City,Europe,Norway,Public,Q8.4,Does your jurisdiction have a strategy or standard for reducing emissions from the jurisdiction's procurement and purchase of goods and services?,1,Response,Yes,,"In the Municipal Procurement Strategy for 2023-2030 (link: https://drive.google.com/file/d/1vO_PRmNAMEJaHjylVNYp6f5qflPoKzOt/view), the sustainability perspective is one of the five focus areas. Issues such as climate footprint and other environmental impacts are relevant in the procurement practices and routines. The Environmental Strategy for Buildlings and Constructions is also to raise sector standards. The municipality has actively used its procurement power to promote low emission solutions. \nThe City Council has decided to make zero-emission technology the standard for all its building and construction projects, starting from December 1, 2025. However, the decision also outlines five potential exceptions, such as when there is no access to power, if suitable machinery is unavailable, or if costs or delays become prohibitive. The exceptions shall be updated and gradually tightened as the market and infrastructure develops. \nStatus for emission-free building and construction sites, and for emission-free goods and services, shall be included in the annual report. This includes transport to and from construction sites but applies to all goods and service deliveries.\nAs a result of a collaboration between several municipal departments (procurement, climate & environment and business development) and local schools which aims to increase the sourcing of local food, the City Council has decided in July 2025 to launch a pilot project for a logistics center. This initiative will be carried out in partnership with private actors and contribute also to implementation of the municipal food strategy."
2025 Disclosure Cycle,779465,CDP,54509,Jönköping Municipality,City,Europe,Sweden,Public,Q8.4,Does your jurisdiction have a strategy or standard for reducing emissions from the jurisdiction's procurement and purchase of goods and services?,1,Response,Yes,,
2025 Disclosure Cycle,779465,CDP,54510,Umeå Municipality,City,Europe,Sweden,Public,Q8.4,Does your jurisdiction have a strategy or standard for reducing emissions from the jurisdiction's procurement and purchase of goods and services?,1,Response,Do not know,,
2025 Disclosure Cycle,779465,CDP,54513,Uppsala Municipality,City,Europe,Sweden,Public,Q8.4,Does your jurisdiction have a strategy or standard for reducing emissions from the jurisdiction's procurement and purchase of goods and services?,1,Response,Yes,"_-ksn-2024-02481-25-bilaga-1-riktlinje-for-upphandling-och-inkop-2198085_2_.pdf,policy-f_r-upphandling-och-ink_p.pdf",https://www.uppsala.se/contentassets/c9b7d3ceba9e4b0bb4825c3bfc33841b/_-ksn-2024-02481-25-bilaga-1-riktlinje-for-upphandling-och-inkop-2198085_2_1.pdf\n\nhttps://www.uppsala.se/contentassets/e32b60700c1846668b196eb40daaa2d9/policy-f_r-upphandling-och-ink_p.pdf
2025 Disclosure Cycle,779465,CDP,54516,Norrköping Municipality,City,Europe,Sweden,Public,Q8.4,Does your jurisdiction have a strategy or standard for reducing emissions from the jurisdiction's procurement and purchase of goods and services?,1,Response,No,,
2025 Disclosure Cycle,779465,CDP,54518,City of Helsingborg,City,Europe,Sweden,Public,Q8.4,Does your jurisdiction have a strategy or standard for reducing emissions from the jurisdiction's procurement and purchase of goods and services?,1,Response,Yes,"Samordning och Färdplan Offentlig konsumtion september 2025.pptx,policy-for-inkop-och-upphandling.pdf,riktlinjer-for-inkop-och-upphandling__.pdf",https://helsingborgsstad.sharepoint.com/sites/dw001084/Lists/Frdplan utslppsminskning/offentlig konsumtion.aspx?isSPOFile=1&OR=Teams%2DHL&CT=1742981839933
2025 Disclosure Cycle,779465,CDP,54519,Lund Municipality,City,Europe,Sweden,Public,Q8.4,Does your jurisdiction have a strategy or standard for reducing emissions from the jurisdiction's procurement and purchase of goods and services?,1,Response,Yes,,https://lund.se/download/18.44e3ea617a09053813609ec/1631608660726/Ink%C3%B6ps-%20och%20upphandlingspolicy%20f%C3%B6r%20Lunds%20kommun.pdf and https://lund.se/download/18.44e3ea617a09053813609f0/1631608660903/Riktlinje%20f%C3%B6r%20upphandling.pdf Procurment has been an efficient tool to make the city operations 99 percent fossil fuel free (2021). This includes school shuttles and travel services purchased from operators outside the municipal organisation.
2025 Disclosure Cycle,779465,CDP,54529,City of Leicester,City,UKWW,United Kingdom,Public,Q8.4,Does your jurisdiction have a strategy or standard for reducing emissions from the jurisdiction's procurement and purchase of goods and services?,1,Response,Yes,8.4 LCC Environmental Policy 2021.pdf,The council has an internal set of Sustainable Procurement Guidelines for use in procurement exercises to reduce emissions from the goods and services it buys.\n\nThese guidelines are based upon our Environmental Policy: \n\nhttps://www.leicester.gov.uk/your-council/policies-plans-and-strategies/environment-and-sustainability/climate-ready-leicester/our-climate-action/environmental-policy/
2025 Disclosure Cycle,779465,CDP,54537,Sunderland City Council,City,UKWW,United Kingdom,Public,Q8.4,Does your jurisdiction have a strategy or standard for reducing emissions from the jurisdiction's procurement and purchase of goods and services?,1,Response,Yes,oce22135_Sunderland_Low_Carbon_Action_Plan_A4_2022_154cod7kbye7t.pdf,"The 'Our Policies and Operational Practices' strategic priority within Sunderland City Council's Low Carbon Action Plan aims to adapt its policies and operational practices to embrace and support carbon reduction initiatives. This includes an objective to embed carbon reduction into procurement opportunities from pre-procurement to contract management and monitoring. \nSunderland is supporting the development of a North East regional Environmental, Social, Governance (ESG) procurement model led by North East Procurement Organisation (NEPO) which considers carbon reduction. The Council is reviewing Low Carbon goals and Corporate Procurement processes to establish a system to identify and assess appropriate low carbon contract obligations as well as Social Value measures from suppliers. \nIt is important to engage with suppliers at an early stage when embedding decarbonisation into purchased goods and services. Because of this, Sunderland City Council aim to follow a 3-step engagement framework from procurement to catalyse efficient supply chain decarbonisation: \n1.\tListen to supplier views regarding sustainability through the roll out of the Sunderland Low Carbon Business Toolkit (more info in 0.5).\n2.\tProvide a support package to suppliers and businesses generally - including information and webinars via the Low Carbon Business toolkit and Sunderland green business network. \n3.\tEncourage suppliers to join the Sunderland Green Business network, publish a carbon reduction plan to reduce their carbon footprints and increase their sustainability, in line with the Council's 2030 target. "
2025 Disclosure Cycle,779465,CDP,54608,Alcaldia de Montería,City,Latin America,Colombia,Public,Q8.4,Does your jurisdiction have a strategy or standard for reducing emissions from the jurisdiction's procurement and purchase of goods and services?,1,Response,Yes,ACUERDO N° 001 DE MARZO 10 DEL 2020.pdf,"Acuerdo 001 de 2020 \'Por el cual se prohíbe los plásticos de un solo uso en la contratación pública del municipio de Montería\'.\n\nEl municipio de Montería, aplica actualmente criterios de contratación pública verde o compras sostenibles específicas para incorporar la huella de carbono asociada a proveedores o suministros.\nEn el ámbito general en Colombia existen iniciativas como la Contratación sostenible o la compra circular, promoviendo criterios ambientales, sociales y económicos en contrataciones públicas, pero no hay constancia pública de que Montería las haya adoptado corporativamente.\nMontería ha diseñado e implementado el Plan Maestro de Cambio Climático «Montería Ciudad Verde 2019», con metas como reducir emisiones de GEI en un 20 % respecto a 2009 hacia 2019, especialmente en sectores como movilidad urbana, eficiencia energética, manejo de residuos, agricultura sostenible y desarrollo urbano resiliente.\nA través de este plan se han desarrollado acciones en eficiencia energética, iluminación pública, energías renovables y movilidad urbana sostenible \nEn su estructura institucional, Montería creada una Oficina de Ciudad Verde, adscrita a la Secretaría de Planeación, encargada de transversalizar políticas ambientales y climáticas en la administración local \nTambién se cuenta con comités técnicos de cambio climático integrando entidades locales, universidades, gremios y autoridades ambientales, aunque su operación ha sido limitada por restricciones presupuestales\n"
2025 Disclosure Cycle,779465,CDP,54617,Alcaldia de Pereira,City,Latin America,Colombia,Public,Q8.4,Does your jurisdiction have a strategy or standard for reducing emissions from the jurisdiction's procurement and purchase of goods and services?,1,Response,No,,
2025 Disclosure Cycle,779465,CDP,54637,Alcaldía de Cuenca,City,Latin America,Ecuador,Public,Q8.4,Does your jurisdiction have a strategy or standard for reducing emissions from the jurisdiction's procurement and purchase of goods and services?,1,Response,No,,
2025 Disclosure Cycle,779465,CDP,54638,Prefeitura de Louveira,City,Latin America,Brazil,Public,Q8.4,Does your jurisdiction have a strategy or standard for reducing emissions from the jurisdiction's procurement and purchase of goods and services?,1,Response,No,,
2025 Disclosure Cycle,779465,CDP,54650,Prefeitura de Palmas,City,Latin America,Brazil,Public,Q8.4,Does your jurisdiction have a strategy or standard for reducing emissions from the jurisdiction's procurement and purchase of goods and services?,1,Response,Yes,RELATÓRIO REVISADO INTEGRADO PALMAS - ESTUDO DE MITIGAÇÃO.pdf,"Sim, a jurisdição dispõe de uma estratégia para a redução de emissões na aquisição de bens e serviços. Essa estratégia é implementada não por uma lei geral única, mas de forma aplicada, incluindo cláusulas e critérios de sustentabilidade e eficiência energética nos editais de licitação e contratos estratégicos, como os da iluminação pública, transporte coletivo e suprimento de energia para os prédios públicos."
2025 Disclosure Cycle,779465,CDP,54699,Prefeitura Municipal de Barueri,City,Latin America,Brazil,Public,Q8.4,Does your jurisdiction have a strategy or standard for reducing emissions from the jurisdiction's procurement and purchase of goods and services?,1,Response,Yes,"Lei 2.664_2019_Dispoe Captacao de Energia Solar e Aguas Pluviais.pdf,Lei Ordinária 2661 2018 de Barueri SP - Licitação Sustentável.pdf","\nThe municipality has legislation on sustainable public procurement, which requires the execution of works and services using clean energy for water heating. Furthermore, the municipality requires public buildings to use solar energy. These measures can reduce GHG emissions by utilizing alternative sources."
2025 Disclosure Cycle,779465,CDP,55161,City of Iida,City,Japan,Japan,Public,Q8.4,Does your jurisdiction have a strategy or standard for reducing emissions from the jurisdiction's procurement and purchase of goods and services?,1,Response,Yes,,環境に配慮した物品の調達を行うため、飯田市グリーン購入調達基本方針を定め、運用しています。\nhttps://www.city.iida.lg.jp/uploaded/attachment/26719.pdf
2025 Disclosure Cycle,779465,CDP,55180,City of Shizuoka,City,Japan,Japan,Public,Q8.4,Does your jurisdiction have a strategy or standard for reducing emissions from the jurisdiction's procurement and purchase of goods and services?,1,Response,No,,
2025 Disclosure Cycle,779465,CDP,55317,County Galway,City,Europe,Ireland,Public,Q8.4,Does your jurisdiction have a strategy or standard for reducing emissions from the jurisdiction's procurement and purchase of goods and services?,1,Response,Yes,,N/A
2025 Disclosure Cycle,779465,CDP,55324,Municipality of Guimarães,City,Europe,Portugal,Public,Q8.4,Does your jurisdiction have a strategy or standard for reducing emissions from the jurisdiction's procurement and purchase of goods and services?,1,Response,Yes,,"Em 2022, através dos critérios GPP, adquirimos um fator de emissão baseado no mercado para fornecimento de energia com 100% de energia renovável para edifícios municipais com a maior potência contratada (80% de consumo). Além disso, impulsionamos a recuperação económica verde e a autonomia estratégica aberta em Tecnologias Digitais Estratégicas por meio de compras pré-comerciais - Circular PSP (Public Service Platforms for Circular).\n\nhttps://guimaraes2030.pt/projetos/circularpsp/\nhttps://labpaisagem.pt/projetos/circular-psp/\nhttps://circularpsp.eu/ "
2025 Disclosure Cycle,779465,CDP,55334,Municipality of Braga,City,Europe,Portugal,Public,Q8.4,Does your jurisdiction have a strategy or standard for reducing emissions from the jurisdiction's procurement and purchase of goods and services?,1,Response,Yes,v1.2. Plano Estratégico para o Desenvolvimento Sustentabilidade 2030.pdf,"No Plano Estratégico para o Desenvolvimento Sustentável 2030 do Município de Braga, há uma abordagem clara para reduzir as emissões associadas à aquisição e compra de bens e serviços. Uma das medidas principais é a implementação de uma política de compras sustentáveis.\n\nEsta política visa alinhar as compras municipais com critérios de sustentabilidade, que incluem a redução de emissões e a promoção de práticas ambientalmente responsáveis. O objetivo é que, até 2026, mais de 50% das compras municipais estejam alinhadas com essa política de sustentabilidade, que estabelece diretrizes específicas para garantir que as aquisições do Município contribuam para a redução do impacto ambiental, incluindo as emissões de gases com efeito de estufa.\n\nAlém disso, o plano inclui medidas de incentivo a práticas sustentáveis no setor empresarial local, o que ajuda a fortalecer uma cadeia de fornecedores comprometidos com a sustentabilidade. Esses incentivos incluem parcerias estratégicas e incentivos fiscais para promover a adoção de soluções inovadoras e sustentáveis nas áreas de bens e serviços."
2025 Disclosure Cycle,779465,CDP,56276,New Taipei City Government,City,China,East Asia,Public,Q8.4,Does your jurisdiction have a strategy or standard for reducing emissions from the jurisdiction's procurement and purchase of goods and services?,1,Response,Yes,"「新北市氣候變遷因應行動自治條例」草案.pdf,新北市政府推動各機關學校綠色採購實施要點.pdf","New Taipei City has been responding to the \'Government Procurement Act\' implemented by the central government since 1999, which stipulates that government agencies should give priority to purchasing environmentally friendly products. In 2006, the city formulated the \'Implementation Guidelines for Green Procurement by Government Agencies and Schools in New Taipei City,\' which requires that the procurement ratio of eco-label products in designated categories should exceed 95% for all agencies and schools in the city. \n\n1.Promoting green procurement: In 2024, the total amount of green procurement exceeded NT$3.8 billion across various units: \n(1)Green procurement by government agencies: New Taipei City has established the \'Implementation Guidelines for Green Procurement by Government Agencies and Schools in New Taipei City,\' which regulates and manages the green procurement performance of various agencies. The largest categories of procurement include photocopiers, toner cartridges, air conditioners, and office paper. \n(2) Promoting green procurement by private enterprises and organizations: Guidance is provided to encourage businesses, communities, and residents to prioritize the selection of products with green labels in their procurement processes. Public recognition and awards are given to encourage the involvement of businesses or private organizations. For example, \'Taiwan Cement Corporation Taipei Cement Plant\' purchases cement raw materials with environmental labels to reduce environmental impact. \'Cheng Loong Corp.\' has been continuously purchasing pulp that is environmentally friendly and certified by FSC. \n\n2.Assisting service providers in transitioning to low-carbon operations: Guidance is provided to help businesses transform their products or services into low-carbon alternatives. This includes the following two aspects: \n(1) Assisting restaurants in not providing disposable tableware proactively, prioritizing the use of seasonal local ingredients, and promoting food waste reduction, thus becoming eco-friendly restaurants. \n(2) Assisting service-oriented businesses in applying for environmental labels if they have the potential, such as hotels, travel agencies, or recreational venues. This encourages them to reduce carbon emissions and waste in their operations, management, and facilities. \n\n3.Promoting green consumption to the public: The city government collaborates with businesses, community organizations, civic activities, and other counties and cities to organize online or offline events that promote the concept of green living to the public. This includes concepts such as sharing, renting instead of buying, sustainable consumption, and second-hand exchanges. The aim is to encourage people to change their consumption habits and stimulate businesses to provide green products and services. \n\nLink: \n1. New Taipei Achieves NT$3.8B in Green Procurement with Joint Efforts Toward Sustainability\nhttps://www.epd.ntpc.gov.tw/Article/Info?ID=11813\n\n2.The Environmental Protection Administration Green Procurement Website: https://greenlifestyle.moenv.gov.tw/greenPurChase \n\nThe New Taipei City government has established the \'New Taipei City Climate Change Response Action Autonomy Ordinance (Draft),\' which is currently under legislative review. The ordinance includes provisions aimed at reducing consumption emissions, as outlined below: \n1. Public works within the city's jurisdiction should prioritize planning, design, construction, and use of waste resource products as materials or additives. \n2. The tourism and hotel industries within the city's jurisdiction are prohibited from providing disposable items for free and should actively promote consumers bringing their own non-disposable items. \n3. Designated public and private dining establishments in New Taipei City are prohibited from providing disposable utensils for dine-in customers and should offer incentives for takeout customers who bring their own containers. \n4. Designated public and private establishments should establish a circulating system for borrowing, returning, and cleaning reusable containers (referred to as \'circular containers\'). \n5. E-commerce platforms designated by the New Taipei City government, when selling goods to the city, should use environmentally friendly packaging and shock-resistant materials. \n6. Plastic shopping bags sold by designated public and private establishments should be dual-purpose bags that can also be used as garbage bags, as produced by the city government. \n7. Designated public and private establishments should implement measures or facilities for reducing and reusing food waste. \n8. Government agencies, schools, and designated businesses within the city's jurisdiction should implement green procurement and use products certified with environmental labels, water and energy-saving labels, green building materials, carbon labels, or carbon reduction labels."
2025 Disclosure Cycle,779465,CDP,57347,Pingtung County Government,City,China,East Asia,Public,Q8.4,Does your jurisdiction have a strategy or standard for reducing emissions from the jurisdiction's procurement and purchase of goods and services?,1,Response,Yes,琉行杯_離島綜合建設實施方案.pdf,"結合小琉球當地飲料店、便利商店、免稅商店、電動機車出租店及民宿等當地商家設置環保杯租借/歸還站。並營運「琉行杯清洗站」及相關物流系統，建立「琉行杯共享行動循環系統平台」，推動小琉球一次用飲料杯及寶特瓶減量，另與當地導覽團體合作，將琉行杯共享行動納入小琉球生態導覽，建立環境友善的低碳永續經營模式，帶動小琉球無塑低碳觀光旅遊，創造經濟成長與生態保護的雙贏局面。Pingtung County government keeps cooperating with local shops, including local beverage shops, convenience stores, duty-free shops, electric two-wheel vehicle rental shops, and hotels in Liuqui, to set up cup-sharing stations. Residents and tourists can rent cups for free and get discount when buying drinks. After using the cups, people can return the cups to the shops which are listed in Liuqui Cup Sharing Action Circulation System Platform and the used cups will be sent to “Cup Cleaning Station.” More and more cups are borrowed in Liuqui island, and it is estimated that 100,000 cups will be borrowed in 2025. Liuqui island is famous for its beautiful beach and sea. By reducing disposable beverage cups and PET bottles, Liuqui island can not only reduce waste to lower greenhouse gas emission, but also protect marine life to make Liuqui a beautiful island forever. "
2025 Disclosure Cycle,779465,CDP,57408,Çanakkale Municipality,City,UKWW,Türkiye,Public,Q8.4,Does your jurisdiction have a strategy or standard for reducing emissions from the jurisdiction's procurement and purchase of goods and services?,1,Response,No,,
2025 Disclosure Cycle,779465,CDP,58513,"City of Medford, MA",City,North America,United States of America,Public,Q8.4,Does your jurisdiction have a strategy or standard for reducing emissions from the jurisdiction's procurement and purchase of goods and services?,1,Response,Yes,"City of Medford Energy Policy - FINAL SIGNED.pdf,City of Medford Energy Policy - FINAL SIGNED.pdf","The Energy & Resource Efficiency Policy addresses fuel efficient vehicles, office equipment, building new construction, and more. "
2025 Disclosure Cycle,779465,CDP,58595,Municipalidad de Belén,City,Latin America,Costa Rica,Public,Q8.4,Does your jurisdiction have a strategy or standard for reducing emissions from the jurisdiction's procurement and purchase of goods and services?,1,Response,No,,
2025 Disclosure Cycle,779465,CDP,58616,Vijayawada Municipal Corporation,City,India,India,Public,Q8.4,Does your jurisdiction have a strategy or standard for reducing emissions from the jurisdiction's procurement and purchase of goods and services?,1,Response,No,,
2025 Disclosure Cycle,779465,CDP,58671,Helsingør Municipality,City,Europe,Denmark,Public,Q8.4,Does your jurisdiction have a strategy or standard for reducing emissions from the jurisdiction's procurement and purchase of goods and services?,1,Response,Yes,Udbuds_Indkøbspolitik_2024_Acess2_pref.pdf,"https://www.helsingor.dk/Media/638439427389707673/Udbuds_Indk%C3%B8bspolitik_2024_Acess2_pref.pdf\nSustainable procurement: The municipality focuses on setting sustainable requirements for suppliers, covering the entire product life cycle, including raw material extraction, production, distribution, usage, and disposal.\n\nClimate and environmental requirements in tenders: For each tender, sustainable criteria are evaluated, and Helsingør Municipality chooses solutions that reduce environmental and climate impact. They also work with eco-labels and requirements for organic food.\n\nCO2 reduction: The municipality aims to make all deliveries fossil-free by 2030. Additionally, they plan to reduce the number of deliveries by consolidating purchases and minimizing packaging use.\n\nCircular economy: Efforts are made to promote circular business models, such as leasing agreements, material recycling, and donating replaced equipment.\n\nFossil-free transport: The municipality requires that goods and services be delivered with the lowest possible CO2 emissions, including from local suppliers, which reduces transportation distances."
2025 Disclosure Cycle,779465,CDP,58866,Beşiktaş Municipality,City,UKWW,Türkiye,Public,Q8.4,Does your jurisdiction have a strategy or standard for reducing emissions from the jurisdiction's procurement and purchase of goods and services?,1,Response,No,,
2025 Disclosure Cycle,779465,CDP,58871,"City of Salem, MA",City,North America,United States of America,Public,Q8.4,Does your jurisdiction have a strategy or standard for reducing emissions from the jurisdiction's procurement and purchase of goods and services?,1,Response,Yes,"Memo - Buy Recycled 2025.docx,Sustainable Purchasing Policy.docx",
2025 Disclosure Cycle,779465,CDP,59166,Municipalidad de Independencia,City,Latin America,Chile,Public,Q8.4,Does your jurisdiction have a strategy or standard for reducing emissions from the jurisdiction's procurement and purchase of goods and services?,1,Response,Yes,PACCC Independencia.pdf,"Las principales estrategias y medidas relacionadas con la reducción de emisiones se encuentran en la Estrategia de Mitigación y Reducción de Emisiones. En particular, respecto de las emisiones asociadas a la adquisición y compra de bienes y servicios, destacan las siguientes:\n\nEn primer lugar, el eje estratégico de gestión de residuos, que contempla el desarrollo del modelo de gestión de residuos orgánicos y la instalación de infraestructura para la recolección y almacenamiento de reciclaje (puntos verdes y puntos limpios), con el objetivo de disminuir las emisiones asociadas a los residuos generados por los ciudadanos de la comuna de Independencia.\n\nEn segundo lugar, el eje estratégico de autonomía energética, que considera la implementación de paneles solares fotovoltaicos en edificios municipales y viviendas.\n\nFinalmente, el eje estratégico de movilidad y espacio público, que incluye la elaboración del Plan Maestro de Movilidad, orientado a incentivar el uso de transportes bajos en emisiones, así como la adquisición de vehículos eléctricos para la municipalidad.\n\nEn conjunto, estas medidas buscan disminuir las emisiones tanto a nivel institucional como comunal, considerando los bienes y servicios adquiridos."
2025 Disclosure Cycle,779465,CDP,59167,Municipalidad de Providencia,City,Latin America,Chile,Public,Q8.4,Does your jurisdiction have a strategy or standard for reducing emissions from the jurisdiction's procurement and purchase of goods and services?,1,Response,No,,
2025 Disclosure Cycle,779465,CDP,59537,"City of Denton, TX",City,North America,United States of America,Public,Q8.4,Does your jurisdiction have a strategy or standard for reducing emissions from the jurisdiction's procurement and purchase of goods and services?,1,Response,No,,
2025 Disclosure Cycle,779465,CDP,59538,"City of Mississauga, ON",City,North America,Canada,Public,Q8.4,Does your jurisdiction have a strategy or standard for reducing emissions from the jurisdiction's procurement and purchase of goods and services?,1,Response,Yes,03-06-09-Sustainable-Procurement.pdf,"https://www.mississauga.ca/publication/sustainable-procurement-policy/. Through this policy the City is considering both the lifecycle impacts of the Goods and Services that are purchased, as well as the sustainability practices of its suppliers."
2025 Disclosure Cycle,779465,CDP,59572,"District of Saanich, BC",City,North America,Canada,Public,Q8.4,Does your jurisdiction have a strategy or standard for reducing emissions from the jurisdiction's procurement and purchase of goods and services?,1,Response,Yes,,"Saanich Local Food Procurement Policy:\nhttps://www.saanich.ca/assets/Local~Government/Documents/Bylaws~and~Policies/local-food-procurement-policy.pdf\n\nIn 2024 the District started a low carbon food pilot with Greener by Default. The pilot has led to lower carbon food options being offered at Saanich events, public open houses, staff meetings, and at recreation centres. Findings from the pilot will inform updates to procurement guideline and resources for staff, encouraging staff to consider plant-based food options when buying food for District events and operations. \n\nThe District also has a sustainable purchasing program, which ensures that the District buys quality products, services and works at competitive prices while considering key environmental and social benefits over \nthe entire life-cycle of the product, service or work. See section 14 (Sustainable Purchasing) here: http://elink/intranet/includes/secure_file.cfm?ID=567&menuID=21"
2025 Disclosure Cycle,779465,CDP,59609,"City of Concord, CA",City,North America,United States of America,Public,Q8.4,Does your jurisdiction have a strategy or standard for reducing emissions from the jurisdiction's procurement and purchase of goods and services?,1,Response,Yes,Environmental Purchasing Policy (PDF).pdf,Environmental Purchasing Policy Guidelines: https://www.cityofconcord.org/DocumentCenter/View/970/Environmental-Purchasing-Policy-PDF?bidId=
2025 Disclosure Cycle,779465,CDP,59678,"City of Evanston, IL",City,North America,United States of America,Public,Q8.4,Does your jurisdiction have a strategy or standard for reducing emissions from the jurisdiction's procurement and purchase of goods and services?,1,Response,No,,
2025 Disclosure Cycle,779465,CDP,59696,"City of Longmont, CO",City,North America,United States of America,Public,Q8.4,Does your jurisdiction have a strategy or standard for reducing emissions from the jurisdiction's procurement and purchase of goods and services?,1,Response,Yes,Sustainable_Procurement_Policy.pdf,"In 2025, the City implemented a sustainable procurement policy that focused on applying multiple sustainability factors into procurement decisions. This effort is not solely focused on greenhouse gas emissions.\n"
2025 Disclosure Cycle,779465,CDP,59708,"City of Bethlehem, PA",City,North America,United States of America,Public,Q8.4,Does your jurisdiction have a strategy or standard for reducing emissions from the jurisdiction's procurement and purchase of goods and services?,1,Response,Do not know,,
2025 Disclosure Cycle,779465,CDP,59956,Banda Aceh City Government,City,South East Asia & Oceania,Indonesia,Public,Q8.4,Does your jurisdiction have a strategy or standard for reducing emissions from the jurisdiction's procurement and purchase of goods and services?,1,Response,Yes,edaran walikota_label_hemat energi.pdf,This a recommendation letter from the Mayor of Banda Aceh to implement the regulation related to purchasing some low-energy consumption electronic goods with a low energy label published by the Ministry of Energy and Mineral Resources. The link of the letter is below:\nhttps://drive.google.com/file/d/17aPtezFDob-GgGBnMR5cEiMEsXSUWdoN/view?usp=drive_link
2025 Disclosure Cycle,779465,CDP,59957,Samarinda City Government,City,South East Asia & Oceania,Indonesia,Public,Q8.4,Does your jurisdiction have a strategy or standard for reducing emissions from the jurisdiction's procurement and purchase of goods and services?,1,Response,Yes,4. Perwali No 55_2021_Samarinda.pdf,"From the attachment submitted in the form of Samarinda Mayor Regulation Number 55 of 2021 concerning the efficiency of electrical energy use and water use efficiency in buildings, it is hoped that a reduction in emission intensity will be achieved, especially from the energy sector, from saving energy use by purchasing and using energy-efficient, environmentally friendly electronics, or using new renewable energy such as solar energy, converting energy-saving lamps, recycling water, and developing water-saving technology."
2025 Disclosure Cycle,779465,CDP,59985,City of Puerto Princesa,City,South East Asia & Oceania,Philippines,Public,Q8.4,Does your jurisdiction have a strategy or standard for reducing emissions from the jurisdiction's procurement and purchase of goods and services?,1,Response,No,,
2025 Disclosure Cycle,779465,CDP,59996,Batangas City,City,South East Asia & Oceania,Philippines,Public,Q8.4,Does your jurisdiction have a strategy or standard for reducing emissions from the jurisdiction's procurement and purchase of goods and services?,1,Response,Yes,"BatangasCity - GHG Mgt Framework Plan.pdf,BatangasCity - GHG Mgt Framework Plan.pdf",GHG Management Framework Plan\n\nhttps://drive.google.com/drive/folders/1-V2IXChY_Y8tKlAx2K3dwaGVTdEuurBj?usp=sharing
2025 Disclosure Cycle,779465,CDP,59997,City of Iloilo,City,South East Asia & Oceania,Philippines,Public,Q8.4,Does your jurisdiction have a strategy or standard for reducing emissions from the jurisdiction's procurement and purchase of goods and services?,1,Response,Yes,Iloilo City Community GHG Inventory and Management Plan.pdf,
2025 Disclosure Cycle,779465,CDP,60003,Baguio City,City,South East Asia & Oceania,Philippines,Public,Q8.4,Does your jurisdiction have a strategy or standard for reducing emissions from the jurisdiction's procurement and purchase of goods and services?,1,Response,Yes,"CDP net zero and ce chapter.pdf,Economic Expansion Chaper.pdf",Circular Economy Initiatives (2021); Integrated in CLUP 2023-2032 and Solid & Liquid Waste Management Plan\n\n
2025 Disclosure Cycle,779465,CDP,60007,City of Santa Rosa,City,South East Asia & Oceania,Philippines,Public,Q8.4,Does your jurisdiction have a strategy or standard for reducing emissions from the jurisdiction's procurement and purchase of goods and services?,1,Response,No,,
2025 Disclosure Cycle,779465,CDP,60009,Bacolod City,City,South East Asia & Oceania,Philippines,Public,Q8.4,Does your jurisdiction have a strategy or standard for reducing emissions from the jurisdiction's procurement and purchase of goods and services?,1,Response,Yes,CO-1044 Bacolod City Local Energy Code.pdf,"Bacolod City, with its strategic location on Negros Island (often called the \'Renewable Energy Capital of the Philippines\'), has been taking significant steps to promote and implement renewable energy initiatives. These efforts are driven by the goals of reducing electricity costs, enhancing energy security, and contributing to national and global climate change mitigation.\n\nHere are some of Bacolod's key initiatives and projects in renewable energy:\n\n1. Solarization of Government Buildings: The most prominent initiative is the installation of solar photovoltaic (PV) systems on government buildings. This is a flagship program under the current city administration.\n\nI. Solar Energy Projects\na. Bacolod City Government Center (BCGC): A 400-kilowatt (KW) solar system has been installed and is operational on the rooftop of the BCGC. This project is expected to generate significant cost savings for the city government.\n\nhttps://bacolodcity.gov.ph/bcgs-launches-solar-power-system/\n\nb. Barangay-level Installations: The city has been rolling out solar power installations in public buildings across several barangays. These projects, with a total capacity of 1,340 KW, are projected to reduce the electricity bills of participating barangays by as much as 50%. This not only saves money but also promotes the use of clean energy at the grassroots level.\n\nhttps://bacolodcity.gov.ph/mabbs-solar-energy-project-in-bacolod-city/\n\n2. Bacolod Solar Power Project: Nexif Ratch Energy, a major independent power producer, has developed a 145 MWp (megawatt-peak) ground-mounted solar project that spans parts of Bacolod and nearby Bago City. This utility-scale project is a significant contributor to the grid's renewable energy supply.\n\nhttps://nexifratch.com/project/negros-ph-solar-inc/\n\nII. Establishment of Local Energy Code\nIn line with national laws, the Bacolod City Sangguniang Panlungsod (City Council) has approved a \'Local Energy Code.\' This ordinance is crucial for Policy and Regulation and for Facilitating Projects. \n\nhttps://bacolodcity.gov.ph/wp-content/uploads/2024/04/CO-1044.pdf\n\nIII. Electric Vehicles (E-Jeepneys)\nBacolod has also been at the forefront of the country's public transport modernization program. The city has introduced electric jeepneys (e-jeepneys) to its public transport system. This move supports a transition away from fossil fuels, reducing air pollution and the city's carbon footprint.\n\nhttps://bacolodcity.gov.ph/launching-of-electric-jeepneys-at-bcgc-lobby/\n"
2025 Disclosure Cycle,779465,CDP,60029,City of Cagayan de Oro,City,South East Asia & Oceania,Philippines,Public,Q8.4,Does your jurisdiction have a strategy or standard for reducing emissions from the jurisdiction's procurement and purchase of goods and services?,1,Response,No,,
2025 Disclosure Cycle,779465,CDP,60051,Kakinada Municipal Corporation,City,India,India,Public,Q8.4,Does your jurisdiction have a strategy or standard for reducing emissions from the jurisdiction's procurement and purchase of goods and services?,1,Response,No,,
2025 Disclosure Cycle,779465,CDP,60078,City of Lappeenranta,City,Europe,Finland,Public,Q8.4,Does your jurisdiction have a strategy or standard for reducing emissions from the jurisdiction's procurement and purchase of goods and services?,1,Response,Do not know,,
2025 Disclosure Cycle,779465,CDP,60097,City of Sarajevo,City,Europe,Bosnia and Herzegovina,Public,Q8.4,Does your jurisdiction have a strategy or standard for reducing emissions from the jurisdiction's procurement and purchase of goods and services?,1,Response,No,,
2025 Disclosure Cycle,779465,CDP,60102,Blackpool Council,City,UKWW,United Kingdom,Public,Q8.4,Does your jurisdiction have a strategy or standard for reducing emissions from the jurisdiction's procurement and purchase of goods and services?,1,Response,No,,
2025 Disclosure Cycle,779465,CDP,60113,Dundee City Council,City,UKWW,United Kingdom,Public,Q8.4,Does your jurisdiction have a strategy or standard for reducing emissions from the jurisdiction's procurement and purchase of goods and services?,1,Response,Yes,DCC Corporate Pocurement Strategy 2024-27.pdf,"https://www.dundeecity.gov.uk/sites/default/files/publications/corporate_procurement_strategy_2024-27_3.pdf\n\nDundee City Council's Corporate Procurement Strategy 2024-2027 outlines several specific actions aimed at reducing emissions through procurement. These actions are embedded within a broader sustainability and community wealth building agenda. Here are the key initiatives:\n\nDundee City Council is developing tailored strategies for major procurement categories such as construction, ICT, and fleet. These strategies will assess how carbon emissions are generated—either through manufacturing or logistics—and create action plans to reduce them. This includes changing what is bought and localising supply chains to cut transport-related emissions, aligning with community wealth building goals.\n\nSustainability is embedded in every procurement specification. The Council uses Scottish Government tools to identify environmental risks and opportunities, such as reducing carbon emissions, promoting recycling, and avoiding hazardous materials. Suppliers are encouraged to use net zero toolkits, with links provided in tender documents to support their sustainability efforts.\n\nThe Council has measured Scope 3 emissions—those generated by suppliers—and identified high-emission categories. These will be addressed through category strategies that promote circular economy principles, extend asset life, and assess purchases based on whole life costs rather than upfront price alone.\n\nProcurement specifications are outcome-based, allowing suppliers to propose sustainable delivery methods. All significant contracts include community benefit clauses, and a new Community Wish List initiative enables suppliers to deliver small-scale environmental or social projects as part of their contractual obligations.\n\nTo track progress, the Council has set key performance indicators. One target is to develop three category strategies addressing Scope 3 emissions and local opportunities in the first year, increasing to ten by year three. These strategies will be monitored through annual procurement reports."
2025 Disclosure Cycle,779465,CDP,60126,City of Tartu,City,Europe,Estonia,Public,Q8.4,Does your jurisdiction have a strategy or standard for reducing emissions from the jurisdiction's procurement and purchase of goods and services?,1,Response,No,,
2025 Disclosure Cycle,779465,CDP,60127,Municipality of Thessaloniki,City,Europe,Greece,Public,Q8.4,Does your jurisdiction have a strategy or standard for reducing emissions from the jurisdiction's procurement and purchase of goods and services?,1,Response,Yes,ΠράσινεςΣυμβάσεις.pdf,"Municipalities in Greece are legally obliged to implement Green Public Procurements. The Municipality of Thessaloniki has not quantitatively defined the goals deriving from the law, but there is a specific area in the actions of the Climate Action Plan for the interventions regarding Governance."
2025 Disclosure Cycle,779465,CDP,60142,City of Kisumu,City,UKWW,Kenya,Public,Q8.4,Does your jurisdiction have a strategy or standard for reducing emissions from the jurisdiction's procurement and purchase of goods and services?,1,Response,Do not know,,
2025 Disclosure Cycle,779465,CDP,60178,Linköping Municipality,City,Europe,Sweden,Public,Q8.4,Does your jurisdiction have a strategy or standard for reducing emissions from the jurisdiction's procurement and purchase of goods and services?,1,Response,Yes,Climate roadmap for Linköping Municipality Group 2024-2030.pdf,https://www.linkoping.se/kommun-och-politik/fakta-om-linkoping/regler-och-styrande-dokument/styrande-dokument/handlingsplaner/klimatfardplan-for-linkopings-kommunkoncern-2024-2030/
2025 Disclosure Cycle,779465,CDP,60183,City of Rzeszów,City,Europe,Poland,Public,Q8.4,Does your jurisdiction have a strategy or standard for reducing emissions from the jurisdiction's procurement and purchase of goods and services?,1,Response,No,,
2025 Disclosure Cycle,779465,CDP,60186,Nacka Municipality,City,Europe,Sweden,Public,Q8.4,Does your jurisdiction have a strategy or standard for reducing emissions from the jurisdiction's procurement and purchase of goods and services?,1,Response,Do not know,,
2025 Disclosure Cycle,779465,CDP,60187,City of Solna,City,Europe,Sweden,Public,Q8.4,Does your jurisdiction have a strategy or standard for reducing emissions from the jurisdiction's procurement and purchase of goods and services?,1,Response,Yes,Strategiupphandlinginköp-KSjuni2021.pdf,Strategy for procurement and purchasing: The city's procurement work should also be used as a tool to achieve the city's environmental and climate goals. The city should impose environmental and climate requirements in the procurements where it is deemed possible and relevant.
2025 Disclosure Cycle,779465,CDP,60216,Växjö Municipality,City,Europe,Sweden,Public,Q8.4,Does your jurisdiction have a strategy or standard for reducing emissions from the jurisdiction's procurement and purchase of goods and services?,1,Response,Yes,Policy för upphandling och inköp - Växjö kommunkoncern.pdf,"https://www.vaxjo.se/download/18.41bfdba817ee3ffd56499f31/1699511720955/Policy%20f%C3%B6r%20upphandling%20och%20ink%C3%B6p%20%E2%80%93%20V%C3%A4xj%C3%B6%20kommunkoncern.pdf\nA person from the sustainability unit is working very close to the procurement unit in order to identify what tenders should be in foucs this year, and what requirements should be developed."
2025 Disclosure Cycle,779465,CDP,60226,Luleå Municipality,City,Europe,Sweden,Public,Q8.4,Does your jurisdiction have a strategy or standard for reducing emissions from the jurisdiction's procurement and purchase of goods and services?,1,Response,Yes,,"https://www.lulea.se/download/18.2b7bdc7f183d5df682e42299/1585817916151/H%C3%A5llbara%20ink%C3%B6p,%20riktlinje%202020.pdf\n\nLook at: Ekologisk hållbarhet, where we aim to purchase goods that will increase our energy efficiency and increase the share of sustainable fuels."
2025 Disclosure Cycle,779465,CDP,60236,Trelleborg Municipality,City,Europe,Sweden,Public,Q8.4,Does your jurisdiction have a strategy or standard for reducing emissions from the jurisdiction's procurement and purchase of goods and services?,1,Response,Yes,Upphandlingspolicy Trelleborgs kommun fastställd 2020-02-24 (1).pdf,"The procurement policy does not go into detail on how to reduce emissions. However, it states that sustainability and environmental factors should be a factor in the decision when products or services are being procured"
2025 Disclosure Cycle,779465,CDP,60384,Alcaldía de Yopal,City,Latin America,Colombia,Public,Q8.4,Does your jurisdiction have a strategy or standard for reducing emissions from the jurisdiction's procurement and purchase of goods and services?,1,Response,No,,
2025 Disclosure Cycle,779465,CDP,60385,Alcaldía de Villavicencio,City,Latin America,Colombia,Public,Q8.4,Does your jurisdiction have a strategy or standard for reducing emissions from the jurisdiction's procurement and purchase of goods and services?,1,Response,No,,
2025 Disclosure Cycle,779465,CDP,60400,Municipalidad de Temuco,City,Latin America,Chile,Public,Q8.4,Does your jurisdiction have a strategy or standard for reducing emissions from the jurisdiction's procurement and purchase of goods and services?,1,Response,No,,
2025 Disclosure Cycle,779465,CDP,60407,Municipalidad de Colina,City,Latin America,Chile,Public,Q8.4,Does your jurisdiction have a strategy or standard for reducing emissions from the jurisdiction's procurement and purchase of goods and services?,1,Response,No,,
2025 Disclosure Cycle,779465,CDP,60408,Municipalidad de Talca,City,Latin America,Chile,Public,Q8.4,Does your jurisdiction have a strategy or standard for reducing emissions from the jurisdiction's procurement and purchase of goods and services?,1,Response,Yes,,"No tenemos aun un documento estrategico al respecto. Sin embargo, el PACCC considera las siguientes acciones que buscan mejorar desde ya los mecanismos de compra y licitacion interno: \n- Programa de capacitación interno en temas de cambio climático, eficiencia hídrica, eficiencia energética, gestión de riesgos, huella de carbono, gestión urbana sostenible y economía circular, licitaciones.\n- Ajustar los criterios de compras públicas y contratación de servicios con\naumento de ponderación a criterios de sustentabilidad, adaptación y\nmitigación hacia el cambio climático como criterio de evaluación.\n\n"
2025 Disclosure Cycle,779465,CDP,60410,Municipalidad de Peñalolén,City,Latin America,Chile,Public,Q8.4,Does your jurisdiction have a strategy or standard for reducing emissions from the jurisdiction's procurement and purchase of goods and services?,1,Response,Yes,"8.4 Ley-21634_11-DIC-2023_MODERNIZA LEY COMPRAS PÚBLICAS.pdf,8.4 PPT. Compras sustentables avanzando a un Estado Verde. 2025.pdf,8.4 REGLAMENTO ECONOMÍA CIRCULAR EN COMPRAS DEL ESTADO.pdf,8.4_Instructivo-de-Compras-Públicas-Sustentables.pdf","Existe un estándar nacional en materia de economía circular en la Ley de compras públicas. \n\nAsimismo, se utilizan guías de referencia para integración de criterios de sustentabilidad en las compras y adquisiciones. \n\nEl municipio en los procesos de licitaciones y compras públicas lleva a cabo la incorporación de criterios de sustentabilidad. Algunos ejemplos de ello son: licitación del servicio de flota municipal; alumbrado público eficiente; Parque Oriente, entre otras."
2025 Disclosure Cycle,779465,CDP,60546,Nanjing Municipal People's Government,City,China,China,Public,Q8.4,Does your jurisdiction have a strategy or standard for reducing emissions from the jurisdiction's procurement and purchase of goods and services?,1,Response,Do not know,,
2025 Disclosure Cycle,779465,CDP,60625,Dire Dawa,City,UKWW,Ethiopia,Public,Q8.4,Does your jurisdiction have a strategy or standard for reducing emissions from the jurisdiction's procurement and purchase of goods and services?,1,Response,No,,
2025 Disclosure Cycle,779465,CDP,60892,Municipalidad de Punta Arenas,City,Latin America,Chile,Public,Q8.4,Does your jurisdiction have a strategy or standard for reducing emissions from the jurisdiction's procurement and purchase of goods and services?,1,Response,No,,
2025 Disclosure Cycle,779465,CDP,60905,Municipalidad de Maipú,City,Latin America,Chile,Public,Q8.4,Does your jurisdiction have a strategy or standard for reducing emissions from the jurisdiction's procurement and purchase of goods and services?,1,Response,No,,
2025 Disclosure Cycle,779465,CDP,60906,Municipalidad de Vitacura,City,Latin America,Chile,Public,Q8.4,Does your jurisdiction have a strategy or standard for reducing emissions from the jurisdiction's procurement and purchase of goods and services?,1,Response,No,,
2025 Disclosure Cycle,779465,CDP,62171,Metropolitan Municipality of Rouen,City,Europe,France,Public,Q8.4,Does your jurisdiction have a strategy or standard for reducing emissions from the jurisdiction's procurement and purchase of goods and services?,1,Response,No,,
2025 Disclosure Cycle,779465,CDP,62791,City of Botoșani,City,Europe,Romania,Public,Q8.4,Does your jurisdiction have a strategy or standard for reducing emissions from the jurisdiction's procurement and purchase of goods and services?,1,Response,No,,
2025 Disclosure Cycle,779465,CDP,62793,City of Ploiești,City,Europe,Romania,Public,Q8.4,Does your jurisdiction have a strategy or standard for reducing emissions from the jurisdiction's procurement and purchase of goods and services?,1,Response,No,,
2025 Disclosure Cycle,779465,CDP,62795,City of Brașov,City,Europe,Romania,Public,Q8.4,Does your jurisdiction have a strategy or standard for reducing emissions from the jurisdiction's procurement and purchase of goods and services?,1,Response,No,,
2025 Disclosure Cycle,779465,CDP,62800,City of Bistrița,City,Europe,Romania,Public,Q8.4,Does your jurisdiction have a strategy or standard for reducing emissions from the jurisdiction's procurement and purchase of goods and services?,1,Response,No,,
2025 Disclosure Cycle,779465,CDP,63608,City of Melville,City,South East Asia & Oceania,Australia,Public,Q8.4,Does your jurisdiction have a strategy or standard for reducing emissions from the jurisdiction's procurement and purchase of goods and services?,1,Response,No,,
2025 Disclosure Cycle,779465,CDP,63836,Vadodara Municipal Corporation,City,India,India,Public,Q8.4,Does your jurisdiction have a strategy or standard for reducing emissions from the jurisdiction's procurement and purchase of goods and services?,1,Response,No,,
2025 Disclosure Cycle,779465,CDP,63941,"Broward County, FL",City,North America,United States of America,Public,Q8.4,Does your jurisdiction have a strategy or standard for reducing emissions from the jurisdiction's procurement and purchase of goods and services?,1,Response,Yes,MuniCode - Procurement and Purchase of Goods and Services.pdf,"21.18. - Environmentally Preferable Specifications. It is the policy of the County to purchase environmentally preferable goods and services when such purchases are cost effective and consistent with the County's operational needs. Using Agencies shall review specifications for the procurement of goods and services to ensure that this policy is being met. Environmentally preferable goods and services are those that: \n(a) Are within the top twenty-five percent (25%) of energy efficiency as established by Energy Star certification or Federal Energy Management Program designation for similar products; \n(b) Meet the specifications of the United States Environmental Protection Agency for water efficiency and performance (i.e., WaterSense labeling criteria); \n(c) Are included in the United States General Services Administration's Green Procurement Compilation; or\n(d)Are otherwise consistent with the Federal Energy Management Program's Contracting for Efficiency: A Best Practices Guide for Energy-Efficient Product Procurement. \n(2021-085, 2-23-21)"
2025 Disclosure Cycle,779465,CDP,68384,Prefeitura de Engenheiro Coelho,City,Latin America,Brazil,Public,Q8.4,Does your jurisdiction have a strategy or standard for reducing emissions from the jurisdiction's procurement and purchase of goods and services?,1,Response,Do not know,,
2025 Disclosure Cycle,779465,CDP,69849,Santa Cruz de Galápagos,City,Latin America,Ecuador,Public,Q8.4,Does your jurisdiction have a strategy or standard for reducing emissions from the jurisdiction's procurement and purchase of goods and services?,1,Response,Yes,ORDENANZA-Codificacion_Nro. 01 y 02-CGREG-2016(Reglamento_de_Vehiculos).pdf,"Con el objetivo de reducir las emisiones derivadas de la adquisición y uso de vehículos en la provincia de Galápagos, la Ordenanza 02-CGREG-2016 establece como acción específica el ingreso permanente de vehículos eléctricos de uso particular, siempre que cumplan con los requisitos técnicos y ambientales establecidos. Esta medida busca reemplazar progresivamente los vehículos de combustión interna por vehículos eléctricos, optimizando la eficiencia energética y disminuyendo las emisiones de gases de efecto invernadero asociadas al transporte terrestre en el archipiélago, contribuyendo así a la conservación de los ecosistemas y al desarrollo sostenible de la región."
2025 Disclosure Cycle,779465,CDP,73413,Commune de Cocody,City,UKWW,Côte d'Ivoire,Public,Q8.4,Does your jurisdiction have a strategy or standard for reducing emissions from the jurisdiction's procurement and purchase of goods and services?,1,Response,No,,
2025 Disclosure Cycle,779465,CDP,73645,KwaDukuza,City,UKWW,South Africa,Public,Q8.4,Does your jurisdiction have a strategy or standard for reducing emissions from the jurisdiction's procurement and purchase of goods and services?,1,Response,Yes,SCMP 2023-2024 - EFFECTIVE 25 JANUARY 24.pdf,
2025 Disclosure Cycle,779465,CDP,73666,"Cuyahoga County, OH",City,North America,United States of America,Public,Q8.4,Does your jurisdiction have a strategy or standard for reducing emissions from the jurisdiction's procurement and purchase of goods and services?,1,Response,No,,
2025 Disclosure Cycle,779465,CDP,73737,"City of Naga, Camarines Sur",City,South East Asia & Oceania,Philippines,Public,Q8.4,Does your jurisdiction have a strategy or standard for reducing emissions from the jurisdiction's procurement and purchase of goods and services?,1,Response,No,,
2025 Disclosure Cycle,779465,CDP,73742,City of Catbalogan,City,South East Asia & Oceania,Philippines,Public,Q8.4,Does your jurisdiction have a strategy or standard for reducing emissions from the jurisdiction's procurement and purchase of goods and services?,1,Response,Yes,LEECP Resolution.pdf,"While Catbalogan City has not yet adopted a stand-alone green procurement policy, emission reduction measures are already embedded in the implementation of the Local Energy Efficiency and Conservation Plan (LEECP). The city government undertakes monthly monitoring of energy use across its offices and facilities to track performance and identify areas for improvement. In addition, energy efficiency metrics are applied in the procurement of equipment and appliances, prioritizing models that meet higher energy performance standards. Local infrastructure projects also integrate provisions of the Revised Catbalogan City Building Code, which includes green design standards such as improved ventilation, natural lighting, and restrictions on construction in hazard-prone areas. Together, these measures ensure that the city's procurement and operations gradually shift toward low-emission, climate-smart practices."
2025 Disclosure Cycle,779465,CDP,73746,Probolinggo,City,South East Asia & Oceania,Indonesia,Public,Q8.4,Does your jurisdiction have a strategy or standard for reducing emissions from the jurisdiction's procurement and purchase of goods and services?,1,Response,No,,
2025 Disclosure Cycle,779465,CDP,73750,Tarakan City,City,South East Asia & Oceania,Indonesia,Public,Q8.4,Does your jurisdiction have a strategy or standard for reducing emissions from the jurisdiction's procurement and purchase of goods and services?,1,Response,No,,
2025 Disclosure Cycle,779465,CDP,73752,Bontang City,City,South East Asia & Oceania,Indonesia,Public,Q8.4,Does your jurisdiction have a strategy or standard for reducing emissions from the jurisdiction's procurement and purchase of goods and services?,1,Response,Do not know,,
2025 Disclosure Cycle,779465,CDP,73755,Legazpi City,City,South East Asia & Oceania,Philippines,Public,Q8.4,Does your jurisdiction have a strategy or standard for reducing emissions from the jurisdiction's procurement and purchase of goods and services?,1,Response,No,,
2025 Disclosure Cycle,779465,CDP,73758,Mataram City,City,South East Asia & Oceania,Indonesia,Public,Q8.4,Does your jurisdiction have a strategy or standard for reducing emissions from the jurisdiction's procurement and purchase of goods and services?,1,Response,Yes,,1. Free school transportation service cooperation\n2. Procurement of LED street lights\n3. Procurement of electric office motorcycles\n
2025 Disclosure Cycle,779465,CDP,73759,Jambi City,City,South East Asia & Oceania,Indonesia,Public,Q8.4,Does your jurisdiction have a strategy or standard for reducing emissions from the jurisdiction's procurement and purchase of goods and services?,1,Response,No,,
2025 Disclosure Cycle,779465,CDP,73763,San Carlos City,City,South East Asia & Oceania,Philippines,Public,Q8.4,Does your jurisdiction have a strategy or standard for reducing emissions from the jurisdiction's procurement and purchase of goods and services?,1,Response,Yes,Bike Lane Ordinance.pdf,n/a
2025 Disclosure Cycle,779465,CDP,73782,Thimphu,City,India,Bhutan,Public,Q8.4,Does your jurisdiction have a strategy or standard for reducing emissions from the jurisdiction's procurement and purchase of goods and services?,1,Response,No,,
2025 Disclosure Cycle,779465,CDP,73810,"Miami-Dade, FL",City,North America,United States of America,Public,Q8.4,Does your jurisdiction have a strategy or standard for reducing emissions from the jurisdiction's procurement and purchase of goods and services?,1,Response,Yes,," ==> reduce greenhouse gas (GHG) emissions to combat climate change,==> decrease the use of hazardous materials to improve community and environmental health, and==> decrease waste and inefficiencies in electricity, fuel, paper, water, and other consumption to relieve pressure on natural resources."
2025 Disclosure Cycle,779465,CDP,74296,Pekalongan,City,South East Asia & Oceania,Indonesia,Public,Q8.4,Does your jurisdiction have a strategy or standard for reducing emissions from the jurisdiction's procurement and purchase of goods and services?,1,Response,Do not know,,
2025 Disclosure Cycle,779465,CDP,74302,Bandar Lampung City,City,South East Asia & Oceania,Indonesia,Public,Q8.4,Does your jurisdiction have a strategy or standard for reducing emissions from the jurisdiction's procurement and purchase of goods and services?,1,Response,No,,
2025 Disclosure Cycle,779465,CDP,74325,Pontianak,City,South East Asia & Oceania,Indonesia,Public,Q8.4,Does your jurisdiction have a strategy or standard for reducing emissions from the jurisdiction's procurement and purchase of goods and services?,1,Response,Yes,"LAPORAN FINAL RAD GRK PONTIANAK 2020-2030.pdf,Perwa No 6 Tahun 2019 ttg Pengurangan Kantong Plastik.pdf",Mayor Of Pontianak Regulation Number 6 Of 2019 concerning The Reduction Of Plastic Bag Usage
2025 Disclosure Cycle,779465,CDP,74332,Manado City,City,South East Asia & Oceania,Indonesia,Public,Q8.4,Does your jurisdiction have a strategy or standard for reducing emissions from the jurisdiction's procurement and purchase of goods and services?,1,Response,Yes,"LAPORAN AKHIR EMISI GRK FIX.pdf,LAPORAN AKHIR KARBON_BAPPEDA.pdf",https://bit.ly/laporan_akhir_bapperida\n
2025 Disclosure Cycle,779465,CDP,74334,Cirebon City,City,South East Asia & Oceania,Indonesia,Public,Q8.4,Does your jurisdiction have a strategy or standard for reducing emissions from the jurisdiction's procurement and purchase of goods and services?,1,Response,No,,
2025 Disclosure Cycle,779465,CDP,74346,Bengkulu City,City,South East Asia & Oceania,Indonesia,Public,Q8.4,Does your jurisdiction have a strategy or standard for reducing emissions from the jurisdiction's procurement and purchase of goods and services?,1,Response,No,,
2025 Disclosure Cycle,779465,CDP,74350,Jayapura City,City,South East Asia & Oceania,Indonesia,Public,Q8.4,Does your jurisdiction have a strategy or standard for reducing emissions from the jurisdiction's procurement and purchase of goods and services?,1,Response,Do not know,,
2025 Disclosure Cycle,779465,CDP,74371,Himeji,City,Japan,Japan,Public,Q8.4,Does your jurisdiction have a strategy or standard for reducing emissions from the jurisdiction's procurement and purchase of goods and services?,1,Response,Yes,,姫路市環境アクション　https://www.city.himeji.lg.jp/kurashi/0000002710.html
2025 Disclosure Cycle,779465,CDP,74391,Ternate,City,South East Asia & Oceania,Indonesia,Public,Q8.4,Does your jurisdiction have a strategy or standard for reducing emissions from the jurisdiction's procurement and purchase of goods and services?,1,Response,Do not know,,
2025 Disclosure Cycle,779465,CDP,74462,"Village of Oak Park, IL",City,North America,United States of America,Public,Q8.4,Does your jurisdiction have a strategy or standard for reducing emissions from the jurisdiction's procurement and purchase of goods and services?,1,Response,No,,
2025 Disclosure Cycle,779465,CDP,74531,"Santa Fe County, NM",City,North America,United States of America,Public,Q8.4,Does your jurisdiction have a strategy or standard for reducing emissions from the jurisdiction's procurement and purchase of goods and services?,1,Response,No,,
2025 Disclosure Cycle,779465,CDP,74540,"Village of Hastings-on-Hudson, NY",City,North America,United States of America,Public,Q8.4,Does your jurisdiction have a strategy or standard for reducing emissions from the jurisdiction's procurement and purchase of goods and services?,1,Response,Yes,Green Procurement Policy Resolution (see Section 10) (reaffirmed 2023) (PDF).pdf,Green Procurement Policy (reaffirmed 2023): https://portal.laserfiche.com/Portal/DocView.aspx?id=8110&repo=r-a3f8b9e6
2025 Disclosure Cycle,779465,CDP,74575,"Dane County, WI",City,North America,United States of America,Public,Q8.4,Does your jurisdiction have a strategy or standard for reducing emissions from the jurisdiction's procurement and purchase of goods and services?,1,Response,No,,
2025 Disclosure Cycle,779465,CDP,74670,Antalya Metropolitan Municipality,City,UKWW,Türkiye,Public,Q8.4,Does your jurisdiction have a strategy or standard for reducing emissions from the jurisdiction's procurement and purchase of goods and services?,1,Response,No,,
2025 Disclosure Cycle,779465,CDP,74673,İzmir Metropolitan Municipality,City,UKWW,Türkiye,Public,Q8.4,Does your jurisdiction have a strategy or standard for reducing emissions from the jurisdiction's procurement and purchase of goods and services?,1,Response,Do not know,,
2025 Disclosure Cycle,779465,CDP,74680,City of Iași,City,Europe,Romania,Public,Q8.4,Does your jurisdiction have a strategy or standard for reducing emissions from the jurisdiction's procurement and purchase of goods and services?,1,Response,Yes,CCC IASI 02.10.2025 ultima varianta 2025 ACTUALIZAT.pdf,
2025 Disclosure Cycle,779465,CDP,74690,Municipality of L'Hospitalet de Llobregat,City,Europe,Spain,Public,Q8.4,Does your jurisdiction have a strategy or standard for reducing emissions from the jurisdiction's procurement and purchase of goods and services?,1,Response,No,,
2025 Disclosure Cycle,779465,CDP,826208,Junta Intermunicipal de Medio Ambiente de Sierra Occidental y Costa (JISOC),City,Latin America,Mexico,Public,Q8.4,Does your jurisdiction have a strategy or standard for reducing emissions from the jurisdiction's procurement and purchase of goods and services?,1,Response,No,,
2025 Disclosure Cycle,779465,CDP,826217,Prefeitura de Francisco Morato,City,Latin America,Brazil,Public,Q8.4,Does your jurisdiction have a strategy or standard for reducing emissions from the jurisdiction's procurement and purchase of goods and services?,1,Response,No,,
2025 Disclosure Cycle,779465,CDP,826425,Municipality of Caldas da Rainha,City,Europe,Portugal,Public,Q8.4,Does your jurisdiction have a strategy or standard for reducing emissions from the jurisdiction's procurement and purchase of goods and services?,1,Response,No,,
2025 Disclosure Cycle,779465,CDP,826431,Municipality of Loulé,City,Europe,Portugal,Public,Q8.4,Does your jurisdiction have a strategy or standard for reducing emissions from the jurisdiction's procurement and purchase of goods and services?,1,Response,Yes,Política_Missão_Visão_Princípios_SGI_CM Loulé_24-06-2024.pdf,"O Município de Loulé é certificado no Sistema de Gestão da Qualidade (ISO 9001) desde 2008, no Sistema de Gestão Ambiental (ISO 14001) desde 2012, no Sistema de Gestão da Conciliação entre a Vida Profissional, Familiar e Pessoal (NP 4552) desde 2020 e no Sistema de Gestão da Energia (ISO 50001) desde 2024. O Município de Loulé, através da implementação de um Sistema de Gestão Integrado (Qualidade, Ambiente, Conciliação e Energia), reforça o comprometimento na melhoria continua dos serviços, atendendo às necessidades e expetativas das partes interessadas, promovendo a MELHORIA DO DESEMPENHO AMBIENTAL E ENERGÉTICO das atividades do Município e o bem-estar, qualidade de vida e satisfação das pessoas trabalhadoras entre a vida profissional, familiar e pessoal.\nNeste âmbito, podem-se destacar ainda as seguintes iniciativas, medidas e projetos:\n- Desmaterialização e digitalização dos processos e administrativos;- Substituição gradual da frota municipal (substituição dos veículos antigos por veículos novos da mesma gama, mais eficientes e menos poluentes, nomeadamente por veículos elétricos e híbridos);- Disponibilização de bebedouros/pontos de água com ligação à rede de abastecimento em escolas e edifícios e equipamentos municipais; - Disponibilização de cantis e canecas de loiça aos funcionários (para diminuir o consumo de copos descartáveis/uso único);- Nos beberetes e refeições disponibilizadas em eventos é dada primazia aos produtos locais e sazonais;- Dinamização de workshops e sessões de capacitação técnica sobre Compras Públicas Ecológicas;- Utilização de papel reciclado;- Implementação dos Serviços Online do Município de Loulé "
2025 Disclosure Cycle,779465,CDP,826446,City of Bradford,City,UKWW,United Kingdom,Public,Q8.4,Does your jurisdiction have a strategy or standard for reducing emissions from the jurisdiction's procurement and purchase of goods and services?,1,Response,Yes,,https://www.bradford.gov.uk/media/3592/west-yorkshire-low-emission-procurement-guide.pdf
2025 Disclosure Cycle,779465,CDP,831431,Cornwall Council,City,UKWW,United Kingdom,Public,Q8.4,Does your jurisdiction have a strategy or standard for reducing emissions from the jurisdiction's procurement and purchase of goods and services?,1,Response,Yes,Responsible Procurement Policy and Framework.pdf,"Cornwall Council is committed to ensuring that we deliver procurement in a responsible way. The Responsible Procurement policy was updated in April 2021 and sets out our principles to ensure that the council follows the general principles to deliver value for money, meet the needs of residents and achieve additional economic, social and environmental benefits. The Council incorporates value for money of the goods, services and works it procures, reducing our carbon emissions, ethical sourcing and compliance with legislation within our responsible procurement policy. We are also drafting a Supply Chain Decarbonisation Strategy at the moment, set to be introduced in 2026. It is designed to specifically target emissions associated with the goods, works and services the Council purchases and will promote positive impacts wherever practical, and look at whole life costs of delivery. A large proportion of Cornwall's total emissions are outside of our direct control but within our influence, and this includes emissions from our supply chain. Our aim is to facilitate local leadership to influence the action of our partners and suppliers through leveraging the Council's purchasing power to get suppliers to reduce carbon emissions as a competitive part of the tendering process. This will foster a more self-reliant, sustainable and diverse local supply chain. All procurements in scope will require a relevant focus on reducing carbon emissions, which will be monitored inc. vehicle emissions, energy use, embodied carbon within materials and products and planning for a changing environment. The principles of the new Strategy have already been trialled in several procurement and commissioning exercises including with our Homecare provision contract, emissions reductions there focusing on reducing carbon-intensive travel. In addition, in order to support the Council's own service design process category guidance was produced to help to embed targeted carbon objectives within our sourcing process. The documents covered 8 sourcing categories and subcategories and detail specific interventions for each."
2025 Disclosure Cycle,779465,CDP,831812,Municipalidad de Puerto Barrios,City,Latin America,Guatemala,Public,Q8.4,Does your jurisdiction have a strategy or standard for reducing emissions from the jurisdiction's procurement and purchase of goods and services?,1,Response,No,,
2025 Disclosure Cycle,779465,CDP,831952,Municipalidad de Portoviejo,City,Latin America,Ecuador,Public,Q8.4,Does your jurisdiction have a strategy or standard for reducing emissions from the jurisdiction's procurement and purchase of goods and services?,1,Response,No,,
2025 Disclosure Cycle,779465,CDP,831999,Municipalidad de Monteverde,City,Latin America,Costa Rica,Public,Q8.4,Does your jurisdiction have a strategy or standard for reducing emissions from the jurisdiction's procurement and purchase of goods and services?,1,Response,No,,
2025 Disclosure Cycle,779465,CDP,832610,"Orange County, NC",City,North America,United States of America,Public,Q8.4,Does your jurisdiction have a strategy or standard for reducing emissions from the jurisdiction's procurement and purchase of goods and services?,1,Response,Yes,"Orange-County-NC-2023-Climate-Action-Plan 4.19.24_202404190833351639 (1).pdf,Orange-County-NC-2023-Climate-Action-Plan 4.19.24_202404190833351639 (1).pdf","Transition at least one procurement item annually to a recyclable, compostable, non landfill option through 2030 \n\nEstablish Sustainable Materials\nPurchasing Guidelines with a list\nof construction materials with low\nembodied GHG emissions- \n\nEliminate purchasing of disposable or\nsingle-use plastics for nonessential\nuses for County operations \n\np.61 of the Climate Action Plan describes these strategies.\n\n"
2025 Disclosure Cycle,779465,CDP,833284,West Midlands Combined Authority,City,UKWW,United Kingdom,Public,Q8.4,Does your jurisdiction have a strategy or standard for reducing emissions from the jurisdiction's procurement and purchase of goods and services?,1,Response,Yes,,"The WMCA uses the Social Value Portal's TOMs Framework to maximise social value (including carbon reduction) generation from its procurement activity. In 2023, the WMCA convened public sector partners in a task and finish group to outline a regional approach to the decarbonisation of procured goods and services. In 2024 the WMCA conducted a scope 3 carbon assessment of its own scope 3 footprint which provided the organisation with a scope 3 carbon baseline, and highlighted particular areas of the organisation's scope 3 footprint to focus on. As a result of this work the WMCA is currently in the process of developing and implementing an ambitious approach to managing the decarbonisation of its procurement activity. Additionally, the WMCA is commit to embedding a more deliberate and socially purposeful model of economic growth - measured not only by how fast or aggressive it is; but also, by how well it is created and shared across the whole population and place, and by the social and environmental outcomes it realises for our people. This is the West Midlands Combined Authority definition of Inclusive Growth. Inclusive Growth is largely about recognising the wider impacts that a project has or could have beyond its primary aims, outputs and outcomes. Inclusive Growth has eight fundamentals which officers are asked to consider when developing an intervention. To support the embedding of Inclusive Growth across the organisation, the WMCA has developed an Inclusive Growth Implementation Toolkit (ITK). The ITK is a self-service survey-based toolkit for members of staff which provides tailored feedback on how well projects align with the eight fundamentals of Inclusive Growth. The ITK also provides recommendations for how to boost the alignment of the project. The ITK has been developed to be used at the design, decision making and evaluation stage of the development of all projects. This supports officers in reducing emissions from their project's procurement and purchase of goods and services, as well as the broader emissions associated with projects.\n"
2025 Disclosure Cycle,779465,CDP,834058,Bogor Regency,City,South East Asia & Oceania,Indonesia,Public,Q8.4,Does your jurisdiction have a strategy or standard for reducing emissions from the jurisdiction's procurement and purchase of goods and services?,1,Response,Do not know,,
2025 Disclosure Cycle,779465,CDP,834094,City of Ligao,City,South East Asia & Oceania,Philippines,Public,Q8.4,Does your jurisdiction have a strategy or standard for reducing emissions from the jurisdiction's procurement and purchase of goods and services?,1,Response,No,,
2025 Disclosure Cycle,779465,CDP,834120,City of Tanjungpinang,City,South East Asia & Oceania,Indonesia,Public,Q8.4,Does your jurisdiction have a strategy or standard for reducing emissions from the jurisdiction's procurement and purchase of goods and services?,1,Response,No,,
2025 Disclosure Cycle,779465,CDP,834126,Dobong-gu District of Seoul,City,South East Asia & Oceania,Korea (The Republic of),Public,Q8.4,Does your jurisdiction have a strategy or standard for reducing emissions from the jurisdiction's procurement and purchase of goods and services?,1,Response,No,,
2025 Disclosure Cycle,779465,CDP,834161,Kinmen County Government,City,China,East Asia,Public,Q8.4,Does your jurisdiction have a strategy or standard for reducing emissions from the jurisdiction's procurement and purchase of goods and services?,1,Response,No,,
2025 Disclosure Cycle,779465,CDP,834261,Municipality of Irapuato,City,Latin America,Mexico,Public,Q8.4,Does your jurisdiction have a strategy or standard for reducing emissions from the jurisdiction's procurement and purchase of goods and services?,1,Response,No,,
2025 Disclosure Cycle,779465,CDP,834273,Municipality of Lautaro,City,Latin America,Chile,Public,Q8.4,Does your jurisdiction have a strategy or standard for reducing emissions from the jurisdiction's procurement and purchase of goods and services?,1,Response,No,,
2025 Disclosure Cycle,779465,CDP,834339,Odawara City,City,Japan,Japan,Public,Q8.4,Does your jurisdiction have a strategy or standard for reducing emissions from the jurisdiction's procurement and purchase of goods and services?,1,Response,Yes,,物品を調達する際は、小田原市グリーン購入推進ガイドラインおよびグリーン購入の推進に関する基本方針\n\nhttps://www.city.odawara.kanagawa.jp/field/envi/environ/measures/green_procurement.html\n
2025 Disclosure Cycle,779465,CDP,834347,Seberang Perai Municipal Council,City,South East Asia & Oceania,Malaysia,Public,Q8.4,Does your jurisdiction have a strategy or standard for reducing emissions from the jurisdiction's procurement and purchase of goods and services?,1,Response,No,,
2025 Disclosure Cycle,779465,CDP,834382,City of Trollhättan,City,Europe,Sweden,Public,Q8.4,Does your jurisdiction have a strategy or standard for reducing emissions from the jurisdiction's procurement and purchase of goods and services?,1,Response,No,,
2025 Disclosure Cycle,779465,CDP,834515,Şanlıurfa Metropolitan Municipality,City,UKWW,Türkiye,Public,Q8.4,Does your jurisdiction have a strategy or standard for reducing emissions from the jurisdiction's procurement and purchase of goods and services?,1,Response,No,,
2025 Disclosure Cycle,779465,CDP,838937,Mersin Metropolitan Municipality,City,UKWW,Türkiye,Public,Q8.4,Does your jurisdiction have a strategy or standard for reducing emissions from the jurisdiction's procurement and purchase of goods and services?,1,Response,No,,
2025 Disclosure Cycle,779465,CDP,838939,Kocaeli Metropolitan Municipality,City,UKWW,Türkiye,Public,Q8.4,Does your jurisdiction have a strategy or standard for reducing emissions from the jurisdiction's procurement and purchase of goods and services?,1,Response,No,,
2025 Disclosure Cycle,779465,CDP,839666,Municipio de Escuintla,City,Latin America,Guatemala,Public,Q8.4,Does your jurisdiction have a strategy or standard for reducing emissions from the jurisdiction's procurement and purchase of goods and services?,1,Response,No,,
2025 Disclosure Cycle,779465,CDP,839668,Municipio de Iztapa,City,Latin America,Guatemala,Public,Q8.4,Does your jurisdiction have a strategy or standard for reducing emissions from the jurisdiction's procurement and purchase of goods and services?,1,Response,No,,
2025 Disclosure Cycle,779465,CDP,839669,Municipio de San Jose,City,Latin America,Guatemala,Public,Q8.4,Does your jurisdiction have a strategy or standard for reducing emissions from the jurisdiction's procurement and purchase of goods and services?,1,Response,No,,
2025 Disclosure Cycle,779465,CDP,840024,Perth and Kinross,City,UKWW,United Kingdom,Public,Q8.4,Does your jurisdiction have a strategy or standard for reducing emissions from the jurisdiction's procurement and purchase of goods and services?,1,Response,Yes,Sustainable_procurement_policy.pdf,"https://www.pkc.gov.uk/media/38287/Sustainable-procurement-policy/pdf/Sustainable_procurement_policy.pdf?m=1479746149220\n\nThis Sustainable Procurement Policy has been developed in line with the\nthree Tayside Councils key Procurement Strategy and in response to the\nScottish Government's Sustainable Procurement Action Plan. The aim of the\nSustainable Procurement Policy is to embed sustainable development\nprinciples (social, economic and environmental) into all procurement within\nthe three Councils and Tayside Contracts.\n\nOur key sustainability objectives\nSustainable procurement can offer whole life cost efficiency, supports our\ncommitment to Corporate Social Responsibility, evidences that we are a\nresponsible public body and can promote health improvements amongst all\nour stakeholders.\nThe Council will, through their procurement activities and using appropriate\nand effective evaluation techniques, strive to:\n Promote use of local products and services\n Create job opportunities for local people, and increase the number\nof apprentices in employment\n Engage effectively with the third sector and SMEs\n Influence the supply chain to promote sustainable procurement\n Reduce greenhouse gas emissions and mitigate the impacts of\nClimate Change\n Increase our use of renewable energy and energy efficient products\n Increase the percentage of reused, recycled and sustainable or\nethically sourced materials, resources and products\n Reduce the percentage of waste to landfill\n\nThe Council's Climate Change Strategy and Action Plan also includes a number of Governance related actions to reduce emissions from purchased goods and services. These include:\nAction G2 - Mainstream climate change into committee procedures and council operations\nAction G8 - Ensure climate change considerations are embedded at the outset of and during the life cycle of strategic planning process.\nAction G10 - Develop tool for whole life carbon decision making\nAction G12 - Identifying a climate change champion in each Service or key Team\nAction G14 - Reduce unnecessary end of year IT purchasing though December 31 spend ban\n"
2025 Disclosure Cycle,779465,CDP,840105,Samdrup Jongkhar Municipality,City,India,Bhutan,Public,Q8.4,Does your jurisdiction have a strategy or standard for reducing emissions from the jurisdiction's procurement and purchase of goods and services?,1,Response,No,,
2025 Disclosure Cycle,779465,CDP,840113,Bhavnagar Municipal Corporation,City,India,India,Public,Q8.4,Does your jurisdiction have a strategy or standard for reducing emissions from the jurisdiction's procurement and purchase of goods and services?,1,Response,No,,
2025 Disclosure Cycle,779465,CDP,840155,Calapan City,City,South East Asia & Oceania,Philippines,Public,Q8.4,Does your jurisdiction have a strategy or standard for reducing emissions from the jurisdiction's procurement and purchase of goods and services?,1,Response,No,,
2025 Disclosure Cycle,779465,CDP,840158,"City of San Fernando, La Union",City,South East Asia & Oceania,Philippines,Public,Q8.4,Does your jurisdiction have a strategy or standard for reducing emissions from the jurisdiction's procurement and purchase of goods and services?,1,Response,Yes,AIP_CENRO_approved.pdf,N/A
2025 Disclosure Cycle,779465,CDP,840161,Municipality of Del Carmen,City,South East Asia & Oceania,Philippines,Public,Q8.4,Does your jurisdiction have a strategy or standard for reducing emissions from the jurisdiction's procurement and purchase of goods and services?,1,Response,No,,
2025 Disclosure Cycle,779465,CDP,840170,Nowon-gu Municipal Government of Seoul,City,South East Asia & Oceania,Korea (The Republic of),Public,Q8.4,Does your jurisdiction have a strategy or standard for reducing emissions from the jurisdiction's procurement and purchase of goods and services?,1,Response,Yes,공표현황_20250902.xlsx,"Nowon-gu establishes and publishes a Green Product Procurement Implementation Plan within two months of the start of each fiscal year. Beginning in 2025, the district is also providing green procurement training for all departmental purchasing officers. In addition, the jurisdiction is considering the introduction of a green product pre-review system for items purchased through the national procurement platform (Nara Marketplace). If adopted, this system would require review by the environmental department during the contract process, which is expected to increase the overall green product purchase rate."
2025 Disclosure Cycle,779465,CDP,840194,Tepebaşi Municipality,City,UKWW,Türkiye,Public,Q8.4,Does your jurisdiction have a strategy or standard for reducing emissions from the jurisdiction's procurement and purchase of goods and services?,1,Response,No,,
2025 Disclosure Cycle,779465,CDP,840195,Laholm Municipality,City,Europe,Sweden,Public,Q8.4,Does your jurisdiction have a strategy or standard for reducing emissions from the jurisdiction's procurement and purchase of goods and services?,1,Response,No,,
2025 Disclosure Cycle,779465,CDP,840269,"Town of Whitby, ON",City,North America,Canada,Public,Q8.4,Does your jurisdiction have a strategy or standard for reducing emissions from the jurisdiction's procurement and purchase of goods and services?,1,Response,No,,
2025 Disclosure Cycle,779465,CDP,840313,Municipalidad de Cerro Navia,City,Latin America,Chile,Public,Q8.4,Does your jurisdiction have a strategy or standard for reducing emissions from the jurisdiction's procurement and purchase of goods and services?,1,Response,Yes,Plan-Accion-Comunal-Cambio-Climatico-OK.pdf,"En general en las medidas 6 y 7 del Plan de Acción Comunal de Cambio Climático de Cerro Navia se busca incorporar criterios verdes en las inversiones comunales y en la asignación de recursos presupuestarios, y a su vez establecer criterios de compras públicas sostenibles en la gestión interna del municipio, lo que permitiría a partir del año 2026 poder reducir las emisiones provenientes de la adquisición de bienes y servicios desde el municipio."
2025 Disclosure Cycle,779465,CDP,840492,City of Malolos,City,South East Asia & Oceania,Philippines,Public,Q8.4,Does your jurisdiction have a strategy or standard for reducing emissions from the jurisdiction's procurement and purchase of goods and services?,1,Response,No,,
2025 Disclosure Cycle,779465,CDP,840515,Tangerang Selatan City,City,South East Asia & Oceania,Indonesia,Public,Q8.4,Does your jurisdiction have a strategy or standard for reducing emissions from the jurisdiction's procurement and purchase of goods and services?,1,Response,Yes,"PERDA 1 TAHUN 2023.pdf,PERDA 1 TAHUN 2023.pdf",
2025 Disclosure Cycle,779465,CDP,840521,City of Denizli,City,UKWW,Türkiye,Public,Q8.4,Does your jurisdiction have a strategy or standard for reducing emissions from the jurisdiction's procurement and purchase of goods and services?,1,Response,Do not know,,
2025 Disclosure Cycle,779465,CDP,840926,Prefeitura de Serra Talhada,City,Latin America,Brazil,Public,Q8.4,Does your jurisdiction have a strategy or standard for reducing emissions from the jurisdiction's procurement and purchase of goods and services?,1,Response,No,,
2025 Disclosure Cycle,779465,CDP,840927,Prefeitura de São Cristóvão,City,Latin America,Brazil,Public,Q8.4,Does your jurisdiction have a strategy or standard for reducing emissions from the jurisdiction's procurement and purchase of goods and services?,1,Response,No,,
2025 Disclosure Cycle,779465,CDP,841955,Hammersmith and Fulham London Borough Council,City,UKWW,United Kingdom,Public,Q8.4,Does your jurisdiction have a strategy or standard for reducing emissions from the jurisdiction's procurement and purchase of goods and services?,1,Response,Yes,"WLA Low Carbon Procurement Charter for Supplier Signature.docx,WLA Low Carbon Procurement Charter for Supplier Signature.pdf,WLA Low Carbon Procurement Charter for Supplier Signature.pdf,WLA Low Carbon Procurement Toolkit Part 2.xlsx","In 2022, H&F adopted a low carbon procurement policy establishing general principles for H&F to follow across all our procurement and commissioning activities: https://democracy.lbhf.gov.uk/documents/s119810/WLA%20low-carbon%20procurement%20policy.pdf\n\nWe developed this in collaboration with other boroughs in west London to ensure a consistent approach across the sub-region. The policy is accompanied by a charter for suppliers to sign and a toolkit for officers to use during the tender stage. The toolkit is a self-assessment to help officers think about how their projects, procurements, commissioning, and services align with H&F's net zero carbon target. The charter asks suppliers to set out actions they will take to reduce their organisation's carbon emissions. Both documents encourage procurement officers and account managers to embed climate considerations during the tender stage.\n\nFurthermore, all procurement decision reports and strategies require the author to consider and include Climate Implications, which are signed off by a senior member of the climate team. Decision reports, a key aspect of the council's governance processes, set out the details, reasoning and impacts of a proposed decision or project. Finalised reports are reviewed by Cabinet members and other senior officials before a decision is made. All decision reports setting out procurement strategies require the inclusion of Climate Implications, which officers should determine using a dedicated Climate Implications Toolkit: https://democracy.lbhf.gov.uk/documents/s122999/Appendix%204.pdf \nThis seeks to ensure that climate change impacts are considered when the council procures goods and services."
2025 Disclosure Cycle,779465,CDP,841976,Dhulikhel Municipality,City,India,Nepal,Public,Q8.4,Does your jurisdiction have a strategy or standard for reducing emissions from the jurisdiction's procurement and purchase of goods and services?,1,Response,No,,
2025 Disclosure Cycle,779465,CDP,842167,Sakarya,City,UKWW,Türkiye,Public,Q8.4,Does your jurisdiction have a strategy or standard for reducing emissions from the jurisdiction's procurement and purchase of goods and services?,1,Response,No,,
2025 Disclosure Cycle,779465,CDP,847922,Junta Municipal de Medio Ambiente Lagunas (JIMAL),City,Latin America,Mexico,Public,Q8.4,Does your jurisdiction have a strategy or standard for reducing emissions from the jurisdiction's procurement and purchase of goods and services?,1,Response,No,,
2025 Disclosure Cycle,779465,CDP,848122,Alajuela,City,Latin America,Costa Rica,Public,Q8.4,Does your jurisdiction have a strategy or standard for reducing emissions from the jurisdiction's procurement and purchase of goods and services?,1,Response,No,,
2025 Disclosure Cycle,779465,CDP,848125,Oreamuno,City,Latin America,Costa Rica,Public,Q8.4,Does your jurisdiction have a strategy or standard for reducing emissions from the jurisdiction's procurement and purchase of goods and services?,1,Response,Yes,Programa_Anual_Compras Sostenibles.xlsx,https://www.oreamuno.go.cr/articulo/106/gestion-ambiental
2025 Disclosure Cycle,779465,CDP,848126,La Democracia,City,Latin America,Guatemala,Public,Q8.4,Does your jurisdiction have a strategy or standard for reducing emissions from the jurisdiction's procurement and purchase of goods and services?,1,Response,No,,
2025 Disclosure Cycle,779465,CDP,848135,San Pedro de la Paz,City,Latin America,Chile,Public,Q8.4,Does your jurisdiction have a strategy or standard for reducing emissions from the jurisdiction's procurement and purchase of goods and services?,1,Response,No,,
2025 Disclosure Cycle,779465,CDP,848568,"Metropolitan Council, Twin Cities",City,North America,United States of America,Public,Q8.4,Does your jurisdiction have a strategy or standard for reducing emissions from the jurisdiction's procurement and purchase of goods and services?,1,Response,Yes,,"https://metrocouncil.org/Planning/Climate/Climate-Action-Work-Plan.aspx. The Metropolitan Council is committed to reducing operational emissions with the goal of carbon neutrality through multiple strategies, including making buildings more energy efficient, purchasing and generating renewable energy, transitioning government fleets to electric and alternative fuel vehicles, and attempting energy and resource recovery from wastewater treatment. \n\nThe Met Council reports annually to the Minnesota Office of Enterprise Sustainability about our procurement practices. We procure pool fleet vehicles through the state cooperative contract, in which we are required to purchase electric or hybrid vehicles if they can fulfill the purpose of the vehicle and only purchase internal combustion vehicles if a reasonable EV or hybrid is not available. \n\nThe Council also has a program to procure used products. Metro Transit has a refurbish and vendor exchange program in place and has found significant sustainability savings by refurbishing in house or having outside vendors rebuild and repair unserviceable parts. Our Wastewater Treatment plants utilize auctions to buy products and will also auction items to be reused instead of being trashed. \n\nIn terms of office supplies and janitorial products, the Council purchases paper that is certified by the Forest Stewardship Council (FSC) or the Sustainability Forestry Initiative (SFI) and is at least 30% recycled. Our vendor Toshiba provides high-yield toners for all devices. The Council also purchases janitorial paper products that are certified by the Sustainability Forestry Initiative (SFI)."
2025 Disclosure Cycle,779465,CDP,848950,Ushuaia,City,Latin America,Argentina,Public,Q8.4,Does your jurisdiction have a strategy or standard for reducing emissions from the jurisdiction's procurement and purchase of goods and services?,1,Response,Do not know,,
2025 Disclosure Cycle,779465,CDP,848981,City of Ormoc,City,South East Asia & Oceania,Philippines,Public,Q8.4,Does your jurisdiction have a strategy or standard for reducing emissions from the jurisdiction's procurement and purchase of goods and services?,1,Response,Yes,,
2025 Disclosure Cycle,779465,CDP,854042,Metropolitan Municipality of Milan,City,Europe,Italy,Public,Q8.4,Does your jurisdiction have a strategy or standard for reducing emissions from the jurisdiction's procurement and purchase of goods and services?,1,Response,No,,
2025 Disclosure Cycle,779465,CDP,856655,Cardiff Capital Region,City,UKWW,United Kingdom,Public,Q8.4,Does your jurisdiction have a strategy or standard for reducing emissions from the jurisdiction's procurement and purchase of goods and services?,1,Response,Yes,welsh-public-sector-net-zero-carbon-reporting-guide.pdf," Welsh Government has set an ambition for the public sector in Wales to be Carbon Neutral by 2030. This includes measuring and reducing Scope 3 activities including Purchased Goods and Services. The 10 Local Authorities that make up the City Region, along with other public bodies such as Health Boards are annually reporting consumption emissions using the Welsh Government guidance and methodology. Work is ongoing to both improved reporting methodologies to ensure reductions in emissions from PG&S can be captured and dedicated efforts with supply chains to reduce emissions are acknowledged.\nAs a statutory public body, CCR CJC are also preparing their own operational carbon footprint this year to report into Welsh Government for the FY25 period. This includes an assessment of Purchased Goods and Services. The annual (voluntary) public sector reporting categories required by Welsh Government include; Scope 1, 2 and 3 (Purchased goods and services, business travel, staff commuting, waste and water).\nThe footprint prepared for FY25 will form the basis of a Carbon Reduction Plan for Cardiff Capital Regions own activities, including engagement with suppliers to reduce the impact of emissions from purchased goods and services. \n"
2025 Disclosure Cycle,779465,CDP,859097,Yamato City,City,Japan,Japan,Public,Q8.4,Does your jurisdiction have a strategy or standard for reducing emissions from the jurisdiction's procurement and purchase of goods and services?,1,Response,Yes,,物品の調達時に、環境への負荷が少ない物品等を優先的に購入する「グリーン購入」を実施しています。\nhttps://www.city.yamato.lg.jp/material/files/group/24/R7green.pdf\n
2025 Disclosure Cycle,779465,CDP,860640,Junta Intermunicipal de Medio Ambiente Altos Norte (JIAN),City,Latin America,Mexico,Public,Q8.4,Does your jurisdiction have a strategy or standard for reducing emissions from the jurisdiction's procurement and purchase of goods and services?,1,Response,No,,
2025 Disclosure Cycle,779465,CDP,861779,Järfälla Municipality,City,Europe,Sweden,Public,Q8.4,Does your jurisdiction have a strategy or standard for reducing emissions from the jurisdiction's procurement and purchase of goods and services?,1,Response,Yes,"Inköps- och upphandlingsstrategi.pdf,Miljöplan 2023-2030.pdf","Järfälla's Environmental plan 2023-2030 has a target for decreased climate impact from procurement. The target states that procured transports shall be powered by renewable energy to 80 percent by 2025 and 95 percent by 2030.\n\nThe environmental plan also states that when procuring goods, services and contracts within the municipality and companies, relevant climate and environmental requirements at an advanced level shall be set. Environmental, human health, animal welfare, social and labor law aspects shall always be taken into account with regard to the purpose of the procurement. \n\nFurthermore, Järfälla also has a purchasing and procurement strategy that further specifies how sustainability aspects should be taken into account in procurement and purchasing."
2025 Disclosure Cycle,779465,CDP,862419,Sumbawa Regency,City,South East Asia & Oceania,Indonesia,Public,Q8.4,Does your jurisdiction have a strategy or standard for reducing emissions from the jurisdiction's procurement and purchase of goods and services?,1,Response,No,,
2025 Disclosure Cycle,779465,CDP,862480,Ibarra,City,Latin America,Ecuador,Public,Q8.4,Does your jurisdiction have a strategy or standard for reducing emissions from the jurisdiction's procurement and purchase of goods and services?,1,Response,No,,
2025 Disclosure Cycle,779465,CDP,862520,Surrey County Council,City,UKWW,United Kingdom,Public,Q8.4,Does your jurisdiction have a strategy or standard for reducing emissions from the jurisdiction's procurement and purchase of goods and services?,1,Response,No,,
2025 Disclosure Cycle,779465,CDP,862673,"City of Selkirk, MB",City,North America,Canada,Public,Q8.4,Does your jurisdiction have a strategy or standard for reducing emissions from the jurisdiction's procurement and purchase of goods and services?,1,Response,No,,
2025 Disclosure Cycle,779465,CDP,862909,"Blaine County, ID",City,North America,United States of America,Public,Q8.4,Does your jurisdiction have a strategy or standard for reducing emissions from the jurisdiction's procurement and purchase of goods and services?,1,Response,No,,
2025 Disclosure Cycle,779465,CDP,862946,Manta,City,Latin America,Ecuador,Public,Q8.4,Does your jurisdiction have a strategy or standard for reducing emissions from the jurisdiction's procurement and purchase of goods and services?,1,Response,No,,
2025 Disclosure Cycle,779465,CDP,862948,Municipalidad de Sucre,City,Latin America,Ecuador,Public,Q8.4,Does your jurisdiction have a strategy or standard for reducing emissions from the jurisdiction's procurement and purchase of goods and services?,1,Response,No,,
2025 Disclosure Cycle,779465,CDP,862949,Latacunga,City,Latin America,Ecuador,Public,Q8.4,Does your jurisdiction have a strategy or standard for reducing emissions from the jurisdiction's procurement and purchase of goods and services?,1,Response,No,,
2025 Disclosure Cycle,779465,CDP,863000,Lo Barnechea,City,Latin America,Chile,Public,Q8.4,Does your jurisdiction have a strategy or standard for reducing emissions from the jurisdiction's procurement and purchase of goods and services?,1,Response,Yes,MEMO_DCGC_473592_0075__11-04-2025__.pdf,
2025 Disclosure Cycle,779465,CDP,863190,Renca,City,Latin America,Chile,Public,Q8.4,Does your jurisdiction have a strategy or standard for reducing emissions from the jurisdiction's procurement and purchase of goods and services?,1,Response,No,,
2025 Disclosure Cycle,779465,CDP,863201,Sanggau Regency,City,South East Asia & Oceania,Indonesia,Public,Q8.4,Does your jurisdiction have a strategy or standard for reducing emissions from the jurisdiction's procurement and purchase of goods and services?,1,Response,Yes,Laporan Akhir IGRK - Draft.pdf,"The Sanggau Regency Government, through the Sanggau Regency Environmental Agency, is preparing a Greenhouse Gas Inventory Document, which is an activity to periodically obtain data and information on the level, status, and trends of changes in GHG emissions from various energy sources and their absorption. This document was prepared with the involvement of various stakeholders and considering the characteristics, emission potential, and priorities of regional development plans."
2025 Disclosure Cycle,779465,CDP,863202,Trenggalek Regency,City,South East Asia & Oceania,Indonesia,Public,Q8.4,Does your jurisdiction have a strategy or standard for reducing emissions from the jurisdiction's procurement and purchase of goods and services?,1,Response,No,,
2025 Disclosure Cycle,779465,CDP,863206,Langsa City,City,South East Asia & Oceania,Indonesia,Public,Q8.4,Does your jurisdiction have a strategy or standard for reducing emissions from the jurisdiction's procurement and purchase of goods and services?,1,Response,No,,
2025 Disclosure Cycle,779465,CDP,863224,East Central Florida Regional Planning Council,City,North America,United States of America,Public,Q8.4,Does your jurisdiction have a strategy or standard for reducing emissions from the jurisdiction's procurement and purchase of goods and services?,1,Response,Yes,Compiled All Strategies and Actions FINAL.docx,"There are several actions included in the R2C's drafted strategies and actions for the CCAP that recommend emission-reducing procurement strategies for our partners. E.g. alternative fuel and EV fleet procurement, green purchasing measures and deliberate material sourcing in local procurement policies."
2025 Disclosure Cycle,779465,CDP,863405,"City of Boca Raton, FL",City,North America,United States of America,Public,Q8.4,Does your jurisdiction have a strategy or standard for reducing emissions from the jurisdiction's procurement and purchase of goods and services?,1,Response,No,,
2025 Disclosure Cycle,779465,CDP,863419,"Town of New Glasgow, NS",City,North America,Canada,Public,Q8.4,Does your jurisdiction have a strategy or standard for reducing emissions from the jurisdiction's procurement and purchase of goods and services?,1,Response,Yes,,Our procurement policy is under review for an update that would prioritize procurement locally. 
2025 Disclosure Cycle,779465,CDP,863469,San Bernardo,City,Latin America,Chile,Public,Q8.4,Does your jurisdiction have a strategy or standard for reducing emissions from the jurisdiction's procurement and purchase of goods and services?,1,Response,No,,
2025 Disclosure Cycle,779465,CDP,863470,Lago Agrio (Nueva Loja),City,Latin America,Ecuador,Public,Q8.4,Does your jurisdiction have a strategy or standard for reducing emissions from the jurisdiction's procurement and purchase of goods and services?,1,Response,No,,
2025 Disclosure Cycle,779465,CDP,863533,San Antonio,City,Latin America,Chile,Public,Q8.4,Does your jurisdiction have a strategy or standard for reducing emissions from the jurisdiction's procurement and purchase of goods and services?,1,Response,No,,
2025 Disclosure Cycle,779465,CDP,866887,"City of Bexley, OH",City,North America,United States of America,Public,Q8.4,Does your jurisdiction have a strategy or standard for reducing emissions from the jurisdiction's procurement and purchase of goods and services?,1,Response,No,,
2025 Disclosure Cycle,779465,CDP,866900,Delicias,City,Latin America,Mexico,Public,Q8.4,Does your jurisdiction have a strategy or standard for reducing emissions from the jurisdiction's procurement and purchase of goods and services?,1,Response,No,,
2025 Disclosure Cycle,779465,CDP,884005,Dhaka South City,City,India,Bangladesh,Public,Q8.4,Does your jurisdiction have a strategy or standard for reducing emissions from the jurisdiction's procurement and purchase of goods and services?,1,Response,Yes,Public-Procurement-Rules-2008-English.pdf,https://oldweb.lged.gov.bd/UploadedDocument/ProcurmentPlan/Public-Procurement-Rules-2008-English.pdf
2025 Disclosure Cycle,779465,CDP,895653,North Minahasa,City,South East Asia & Oceania,Indonesia,Public,Q8.4,Does your jurisdiction have a strategy or standard for reducing emissions from the jurisdiction's procurement and purchase of goods and services?,1,Response,No,,
2025 Disclosure Cycle,779465,CDP,895654,Segamat,City,South East Asia & Oceania,Malaysia,Public,Q8.4,Does your jurisdiction have a strategy or standard for reducing emissions from the jurisdiction's procurement and purchase of goods and services?,1,Response,No,,
2025 Disclosure Cycle,779465,CDP,895681,Majlis Bandaraya Iskandar Puteri,City,South East Asia & Oceania,Malaysia,Public,Q8.4,Does your jurisdiction have a strategy or standard for reducing emissions from the jurisdiction's procurement and purchase of goods and services?,1,Response,No,,
2025 Disclosure Cycle,779465,CDP,895694,Municipalidad de Quilicura,City,Latin America,Chile,Public,Q8.4,Does your jurisdiction have a strategy or standard for reducing emissions from the jurisdiction's procurement and purchase of goods and services?,1,Response,No,,
2025 Disclosure Cycle,779465,CDP,900978,Manzanillo,City,Latin America,Cuba,Public,Q8.4,Does your jurisdiction have a strategy or standard for reducing emissions from the jurisdiction's procurement and purchase of goods and services?,1,Response,No,,
2025 Disclosure Cycle,779465,CDP,917927,North Yorkshire Council,City,UKWW,United Kingdom,Public,Q8.4,Does your jurisdiction have a strategy or standard for reducing emissions from the jurisdiction's procurement and purchase of goods and services?,1,Response,Yes,Creating-a-competitive-carbon-neutral-circular-economy-in-York-and-North-Yorkshire.pdf,"The document titled “Creating a competitive carbon neutral circular economy in York and North Yorkshire” explores how York and North Yorkshire are going to work toward transforming the jurisdictions into supporting circular and local economies. It aims to help develop a thriving economy that creates business opportunities, a sustainable environment and social wellbeing, by keeping products and materials in use; eliminating waste and pollution; and regenerating natural systems. The Council's procurement team are also working collaboratively with suppliers to deliver efficiencies, value for money and sustainable quality through a proactive commercial approach to procurement and commissioning for communities. The procurement strategy is cross cutting, assessing all areas of the Council and how they can all work together to achieve the Council's plan for a sustainable future."
2025 Disclosure Cycle,779465,CDP,918239,City of Reșița,City,Europe,Romania,Public,Q8.4,Does your jurisdiction have a strategy or standard for reducing emissions from the jurisdiction's procurement and purchase of goods and services?,1,Response,No,,
2025 Disclosure Cycle,779465,CDP,918254,Skellefteå Municipality,City,Europe,Sweden,Public,Q8.4,Does your jurisdiction have a strategy or standard for reducing emissions from the jurisdiction's procurement and purchase of goods and services?,1,Response,Yes,MILJ-O~1.PDF,"Skellefteå municipality has an established goal to reduce emissions from procurement through its Environmental and Climate Programme, specifically Milestone Goal 2: \'Use procurement for efficient resource use and reduced environmental and climate impact.\' This goal aims to minimize hazardous substances in procured goods, services, and contracts, and to increase the share of circular purchases.\n\nTo support this, the municipality has implemented a sustainability analysis for all investments over SEK 20 million, where climate impacts during both construction and operational phases must be addressed. This ensures that emission reductions are considered early in procurement and investment planning.\n\nA comprehensive climate analysis shows that indirect emissions from procurement, particularly construction and service contracts, constitute the majority of municipal emissions. Therefore, reducing emissions from purchased goods and services is a strategic priority in achieving Skellefteå's climate neutrality goal by 2030."
2025 Disclosure Cycle,779465,CDP,918264,Municipality of Ilion,City,Europe,Greece,Public,Q8.4,Does your jurisdiction have a strategy or standard for reducing emissions from the jurisdiction's procurement and purchase of goods and services?,1,Response,Yes,,"Though we do not have a specific strategy or standards for reducing emissions from the jurisdiction's procurement and purchase of goods and services, the competent municipal department for procurements and purchase of goods/ services is conducting annually two competitive bidding processes to reduce waste materials concerning a) \'Removal by sale of waste materials (SCRAP) from the construction sites of Ilion Municipality and b) sale of abandoned vehicles."
2025 Disclosure Cycle,779465,CDP,918366,City of Gradiška,City,Europe,Bosnia and Herzegovina,Public,Q8.4,Does your jurisdiction have a strategy or standard for reducing emissions from the jurisdiction's procurement and purchase of goods and services?,1,Response,No,,
2025 Disclosure Cycle,779465,CDP,918783,City of Békéscsaba,City,Europe,Hungary,Public,Q8.4,Does your jurisdiction have a strategy or standard for reducing emissions from the jurisdiction's procurement and purchase of goods and services?,1,Response,No,,
2025 Disclosure Cycle,779465,CDP,918804,City of Budaörs,City,Europe,Hungary,Public,Q8.4,Does your jurisdiction have a strategy or standard for reducing emissions from the jurisdiction's procurement and purchase of goods and services?,1,Response,No,,
2025 Disclosure Cycle,779465,CDP,918805,City of Ajka,City,Europe,Hungary,Public,Q8.4,Does your jurisdiction have a strategy or standard for reducing emissions from the jurisdiction's procurement and purchase of goods and services?,1,Response,No,,
2025 Disclosure Cycle,779465,CDP,919723,Alvesta Municipality,City,Europe,Sweden,Public,Q8.4,Does your jurisdiction have a strategy or standard for reducing emissions from the jurisdiction's procurement and purchase of goods and services?,1,Response,Yes,Inkops-och-upphandlingspolicy.pdf,Policy for purchasing and procurement \n\nhttps://www.alvesta.se/wp-content/uploads/2023/08/Inkops-och-upphandlingspolicy.pdf\n\nThe municipality's departments and companies' procurements shall contribute to sustainable development with low environmental impact. Procurements carried out shall work to ensure that the municipality's strategic direction and decisions made regarding environmental considerations are fulfilled. Procurements carried out shall in a relevant manner follow the environmental and climate strategy adopted by the municipal council with the associated action plan.\n\n\nThe municipality corporation is working to update its purchasing policy and guidelines.
2025 Disclosure Cycle,779465,CDP,919724,Gällivare Municipality,City,Europe,Sweden,Public,Q8.4,Does your jurisdiction have a strategy or standard for reducing emissions from the jurisdiction's procurement and purchase of goods and services?,1,Response,No,,
2025 Disclosure Cycle,779465,CDP,919730,Lambeth Council,City,UKWW,United Kingdom,Public,Q8.4,Does your jurisdiction have a strategy or standard for reducing emissions from the jurisdiction's procurement and purchase of goods and services?,1,Response,No,,
2025 Disclosure Cycle,779465,CDP,923490,Frutillar,City,Latin America,Chile,Public,Q8.4,Does your jurisdiction have a strategy or standard for reducing emissions from the jurisdiction's procurement and purchase of goods and services?,1,Response,No,,
2025 Disclosure Cycle,779465,CDP,924780,City of Butuan,City,South East Asia & Oceania,Philippines,Public,Q8.4,Does your jurisdiction have a strategy or standard for reducing emissions from the jurisdiction's procurement and purchase of goods and services?,1,Response,Yes,"CPMD-Green-Public-Procurement-v2.pdf,MEALS-AND-SNACKS-4.xlsx","The City Government of Butuan through the City Procurement Management Department strictly impose the \'No straws, no plastic/disposable cups in the coffee/tea station, no plastic stirrers policy\' as stipulated in the PROCUREMENT TECHNICAL REQUIREMENTS AND CONDITIONS for all the procurement request under trainings, conference and etc."
2025 Disclosure Cycle,779465,CDP,929491,Municipalidad de San Lucas Sacatepéquez,City,Latin America,Guatemala,Public,Q8.4,Does your jurisdiction have a strategy or standard for reducing emissions from the jurisdiction's procurement and purchase of goods and services?,1,Response,No,,
2025 Disclosure Cycle,779465,CDP,929627,Lima Puluh Kota Regency,City,South East Asia & Oceania,Indonesia,Public,Q8.4,Does your jurisdiction have a strategy or standard for reducing emissions from the jurisdiction's procurement and purchase of goods and services?,1,Response,No,,
2025 Disclosure Cycle,779465,CDP,929630,Pasaman Regency,City,South East Asia & Oceania,Indonesia,Public,Q8.4,Does your jurisdiction have a strategy or standard for reducing emissions from the jurisdiction's procurement and purchase of goods and services?,1,Response,No,,
2025 Disclosure Cycle,779465,CDP,929965,Çorlu Belediyesi,City,UKWW,Türkiye,Public,Q8.4,Does your jurisdiction have a strategy or standard for reducing emissions from the jurisdiction's procurement and purchase of goods and services?,1,Response,No,,
2025 Disclosure Cycle,779465,CDP,929994,Uskudar Municipality,City,UKWW,Türkiye,Public,Q8.4,Does your jurisdiction have a strategy or standard for reducing emissions from the jurisdiction's procurement and purchase of goods and services?,1,Response,Yes,Sürdürülebilir Enerji ve İklim Değişikliği Planı (2023-2030) Türkçe.pdf,"With this report explaining the actions it will take to reduce CO2 emissions, which are also what is causing the current climate crisis, Üsküdar Municipality has shown that it is highly concerned about social, environmental, and economic issues that the world is likely to suffer even more intensely as the crisis intensifies, and such issues are mainly projected as starvation, migration, disasters, and drought. Also, the report contains the values determined as BAU in the absence of these actions.\nThe so-called term \'Business as Usual\' (BAU) scenario refers to a scenario in which normal conditions are anticipated to remain unchanged or in which there are no substantial changes to technology, the economy, or governmental practices. According to the report's predictions, Üsküdar will emit 1,538,870.05 tons of CO2 equivalent in 2021 and 2,079,384.65 tons in 2030. A 40% decrease from the base year level is the target for 2030, using base year emissions as a base.\nAnalysis show that the average temperature changes in the region, including Üsküdar will occur as an increase of 0.5°C in average temperature in the stabilization scenario and, additionally, a 1.25°C average temperature increase in the worst-case scenario that are projected in the period of 2041-2080 compared to the period of 2022-2040. The stabilization scenario shows a very slight increase in the period 2081-2098 compared to the prior period of 2041-2080, a worst-case increase of 1.25°C, and an increase of 2.5°C compared to the period 2022-2040.\nOne of the most significant findings in the report, which applies to Üsküdar, is that the increase, which is now near to 1°C, may sometimes reach up to 2°C and disproportionately reduce close to 2°C. The activities specified in the report should be performed in any case in the upcoming periods as this shifting pattern is often in the trend of rise.\nIn Üsküdar, the quantity of CO2 equivalent emissions falls from 2079.38 tons to 923.32 tons CO2 equivalent with a 40% reduction if nothing is changed, when compared to 2030 BAU with a 40% reduction from the base year in total emissions, whereas the quantity of CO2 equivalent emissions per person drops from 3.96 tons without any action to 1.76 tons CO2 equivalent per person in the comparison of the 2030 BAU also with a 40% reduction in total emissions from the base year.\nAs can be seen in the report, most of the action plans include activities that fall under the responsibility of the municipality or that the municipality is expected to coordinate; hence it clearly demonstrates that Üsküdar Municipality gives great importance on the process of implementing the actions put forward. In addition to that, Üsküdar Municipality places a great emphasis on ensuring that all stakeholders are involved in the process accordingly.\n\nHere is the link: https://www.uskudar.bel.tr/userfiles/files/S%C3%BCrd%C3%BCr%C3%BClebilir%20Enerji%20ve%20I%CC%87klim%20Deg%CC%86is%CC%A7iklig%CC%86i%20Plan%C4%B1%20(2023-2030).pdf"
2025 Disclosure Cycle,779465,CDP,930073,Quang Binh Province,City,South East Asia & Oceania,Viet Nam,Public,Q8.4,Does your jurisdiction have a strategy or standard for reducing emissions from the jurisdiction's procurement and purchase of goods and services?,1,Response,No,,
2025 Disclosure Cycle,779465,CDP,930254,Thua Thien Hue Province,City,South East Asia & Oceania,Viet Nam,Public,Q8.4,Does your jurisdiction have a strategy or standard for reducing emissions from the jurisdiction's procurement and purchase of goods and services?,1,Response,Yes,"Ke-hoach-491-kh-Circular economy.pdf,Rác thải nhựa.pdf,Xe điện.pdf","Thua Thien Hue province has a strategy for green procurement and purchase of goods and services, primarily as part of its broader initiatives on circular economy, green growth, and climate change adaptation. While there might not be a single document titled \'Green Procurement Strategy,\' the province's actions and policies demonstrate a clear commitment to this principle.\nKey Initiatives and Evidence\nCircular Economy Action Plan: In July 2025, the province adopted Decision No. 284/KH-UBND, which outlines a plan for implementing the National Action Plan on a Circular Economy by 2035 in Hue City. This plan specifically mentions \'mainstream[ing] circular procurement\' as a key intervention. This means the province is actively working to integrate the purchase of goods and services that minimize waste and maximize resource value into its official procurement processes.\nGreen Transportation and Public Services: Thua Thien Hue has implemented several projects to reduce emissions from public services. These include:\nPiloting the use of electric vehicles for waste collection, with electric trucks now in use by the Hue Urban Environment and Public Works Joint Stock Company (HEPCO). This is a direct example of the government procuring low-emission vehicles for public services.\nProviding preferential loans for individuals to purchase electric vehicles, a policy that indirectly influences the market toward greener goods.\nWaste Reduction and Management: The province has a strong focus on reducing plastic waste, particularly in the tourism sector. This includes initiatives to promote \'green shopping\' and discourage single-use plastics, which impacts the types of goods and services that businesses and the public purchase.\nIntegration with Broader Goals: The province's efforts are aligned with national strategies and the goal of becoming a \'green, smart, and environmentally friendly\' city. By promoting green growth and sustainable development, the province inherently includes green procurement as a tool to achieve its larger environmental and economic objectives.\nAdditionally, broader provincial initiatives, like the Hue GrEEEn City Action Plan (supported by ADB) and climate adaptation projects (e.g., CARe Hue funded by the Green Climate Fund), reinforce these standards by emphasizing green public procurement in sectors like tourism, agriculture, and infrastructure. For instance, pilots for electric vehicles in waste collection and low-emission zones in tourist areas extend to procurement criteria for services and goods.\nWhile no standalone \'emissions-only\' procurement law exists at the provincial level, these elements form a cohesive strategy embedded in national and local planning, with ongoing implementation as of 2025.\nLink:\nhttps://vneconomy.vn/hue-phat-trien-tram-sac-thuc-day-xe-dien-van-tai.htm\n\nhttps://tuoitre.vn/xe-buyt-dau-tu-moi-o-hue-phai-chuyen-sang-xe-dien-20250717100817202.htm\n\nhttps://thuvienphapluat.vn/van-ban/Thuong-mai/Ke-hoach-491-KH-UBND-2022-trien-khai-Quyet-dinh-687-QD-TTg-Thua-Thien-Hue-549730.aspx\n\nhttps://thuvienphapluat.vn/van-ban/Tai-nguyen-Moi-truong/Chi-thi-09-CT-UBND-2021-tai-che-xu-ly-va-giam-thieu-chat-thai-nhua-tinh-Thua-Thien-Hue-467275.aspx\n"
2025 Disclosure Cycle,779465,CDP,930257,Municipalidad de Puyo,City,Latin America,Ecuador,Public,Q8.4,Does your jurisdiction have a strategy or standard for reducing emissions from the jurisdiction's procurement and purchase of goods and services?,1,Response,No,,
2025 Disclosure Cycle,779465,CDP,930270,Ilustre Municipalidad de Ancud,City,Latin America,Chile,Public,Q8.4,Does your jurisdiction have a strategy or standard for reducing emissions from the jurisdiction's procurement and purchase of goods and services?,1,Response,Yes,DECRETO EXT 1578 Compras Sustentables.pdf,Protocolo de Compras Sustentables
2025 Disclosure Cycle,779465,CDP,930413,Municipio de Santa Elena,City,Latin America,Ecuador,Public,Q8.4,Does your jurisdiction have a strategy or standard for reducing emissions from the jurisdiction's procurement and purchase of goods and services?,1,Response,No,,
2025 Disclosure Cycle,779465,CDP,930502,San Francisco del Rincón,City,Latin America,Mexico,Public,Q8.4,Does your jurisdiction have a strategy or standard for reducing emissions from the jurisdiction's procurement and purchase of goods and services?,1,Response,No,,
2025 Disclosure Cycle,779465,CDP,2012299,Warwick District Council,City,UKWW,United Kingdom,Public,Q8.4,Does your jurisdiction have a strategy or standard for reducing emissions from the jurisdiction's procurement and purchase of goods and services?,1,Response,Yes,,"\'Support the Council in delivering its social priorities by capitalising on supplier Corporate Social Responsibility (CSR) offerings, by:\n-Supporting the Council to deliver its climate ambitions.\n-Undertaking sustainable sourcing wherever possible.\n-Develop contracted suppliers and their supply chains to support them in becoming net zero carbon.\n-Introduce performance management measures for supplier and supply chain carbon emissions by utilising carbon monitoring tools and carbon action plans.\'\nfrom the Procurement Strategy"
2025 Disclosure Cycle,779465,CDP,2027109,Ilustre Municipalidad De El Quisco,City,Latin America,Chile,Public,Q8.4,Does your jurisdiction have a strategy or standard for reducing emissions from the jurisdiction's procurement and purchase of goods and services?,1,Response,No,,
2025 Disclosure Cycle,779465,CDP,2027854,"City of Lafayette, IN",City,North America,United States of America,Public,Q8.4,Does your jurisdiction have a strategy or standard for reducing emissions from the jurisdiction's procurement and purchase of goods and services?,1,Response,No,,
2025 Disclosure Cycle,779465,CDP,2027876,Tual City,City,South East Asia & Oceania,Indonesia,Public,Q8.4,Does your jurisdiction have a strategy or standard for reducing emissions from the jurisdiction's procurement and purchase of goods and services?,1,Response,No,,
2025 Disclosure Cycle,779465,CDP,2027926,Salinas,City,Latin America,Ecuador,Public,Q8.4,Does your jurisdiction have a strategy or standard for reducing emissions from the jurisdiction's procurement and purchase of goods and services?,1,Response,No,,
2025 Disclosure Cycle,779465,CDP,2027928,La Joya de los Sachas,City,Latin America,Ecuador,Public,Q8.4,Does your jurisdiction have a strategy or standard for reducing emissions from the jurisdiction's procurement and purchase of goods and services?,1,Response,No,,
2025 Disclosure Cycle,779465,CDP,2027930,Ahome,City,Latin America,Mexico,Public,Q8.4,Does your jurisdiction have a strategy or standard for reducing emissions from the jurisdiction's procurement and purchase of goods and services?,1,Response,No,,
2025 Disclosure Cycle,779465,CDP,2044300,Laoag City,City,South East Asia & Oceania,Philippines,Public,Q8.4,Does your jurisdiction have a strategy or standard for reducing emissions from the jurisdiction's procurement and purchase of goods and services?,1,Response,Yes,,
2025 Disclosure Cycle,779465,CDP,2044301,Tayabas City,City,South East Asia & Oceania,Philippines,Public,Q8.4,Does your jurisdiction have a strategy or standard for reducing emissions from the jurisdiction's procurement and purchase of goods and services?,1,Response,No,,
2025 Disclosure Cycle,779465,CDP,2044302,Oroquieta City,City,South East Asia & Oceania,Philippines,Public,Q8.4,Does your jurisdiction have a strategy or standard for reducing emissions from the jurisdiction's procurement and purchase of goods and services?,1,Response,No,,
2025 Disclosure Cycle,779465,CDP,2044700,Municipality of Escobar,City,Latin America,Argentina,Public,Q8.4,Does your jurisdiction have a strategy or standard for reducing emissions from the jurisdiction's procurement and purchase of goods and services?,1,Response,Do not know,,
2025 Disclosure Cycle,779465,CDP,2044708,Municipality of Otavalo,City,Latin America,Ecuador,Public,Q8.4,Does your jurisdiction have a strategy or standard for reducing emissions from the jurisdiction's procurement and purchase of goods and services?,1,Response,Yes,"INFORME TECNICO GADM OTAVALO MAR 2025-signed.pdf,Informe Calidad de Aire Ambiente RS Carbuela marzo - 2025 v0-signed.pdf,Informe Calidad de Aire Ambiente Selva Alegre - 2025 v0-signed.pdf,Informe Calidad de Aire Ambiente Terminal Terrestre marzo - 2025 v0-signed.pdf","El GAD Municipal del cantón Otavalo, desarrolla el proyecto “Regulación, control y seguimiento ambiental de actividades, obras y proyectos propuestos por la Municipal”, en el cual establece entre sus objetivos específicos “Disponer de una línea base de indicadores ambientales en el cantón empezado por el levantamiento de información sobre la calidad de ambiental del aire de la ciudad de Otavalo”, se realizó el análisis de sitios para monitorear la calidad del aire y ruido ambiental diurno en el área urbana de la ciudad de Otavalo, como insumo para diagnosticar de forma general las condiciones ambientales actuales y puntuales del cantón; para lo cual se realizaron monitores en:\nRelleno Sanitario de Carabuela (medición de calidad de aire, ruido ambiental diurno, calidad suelo, lixiviados, calidad de agua).\nCelda de disposición de Selva Alegre (meidición de calidad de aire, ruido ambiental diruno y lixiviados)\nCamal Municipal (ruido ambiental diurno, ruido ambiental nocturno, calidad de agua).\nMercado Municipal 24 de Mayo (ruido ambiental diurno, ruido ambiental nocturno, calidad de agua).\nMercado de Animales (ruido ambiental diurno, ruido ambiental nocturno, calidad de agua).\nMercado Copacabana (ruido ambiental diurno, ruido ambiental nocturno, calidad de agua).\nMercado Centenario (ruido ambiental diurno, ruido ambiental nocturno, calidad de agua).\nMercado Imbaya (ruido ambiental diurno, ruido ambiental nocturno, calidad de agua)\n\n"
2025 Disclosure Cycle,779465,CDP,2044709,Municipality of Pasaje,City,Latin America,Ecuador,Public,Q8.4,Does your jurisdiction have a strategy or standard for reducing emissions from the jurisdiction's procurement and purchase of goods and services?,1,Response,No,,
2025 Disclosure Cycle,779465,CDP,2044711,Municipality of Riobamba,City,Latin America,Ecuador,Public,Q8.4,Does your jurisdiction have a strategy or standard for reducing emissions from the jurisdiction's procurement and purchase of goods and services?,1,Response,No,,
2025 Disclosure Cycle,779465,CDP,2044723,Municipality of Gualán,City,Latin America,Guatemala,Public,Q8.4,Does your jurisdiction have a strategy or standard for reducing emissions from the jurisdiction's procurement and purchase of goods and services?,1,Response,No,,
2025 Disclosure Cycle,779465,CDP,2044725,Municipality of Choloma,City,Latin America,Honduras,Public,Q8.4,Does your jurisdiction have a strategy or standard for reducing emissions from the jurisdiction's procurement and purchase of goods and services?,1,Response,Do not know,,
2025 Disclosure Cycle,779465,CDP,2044738,City of Balanga,City,South East Asia & Oceania,Philippines,Public,Q8.4,Does your jurisdiction have a strategy or standard for reducing emissions from the jurisdiction's procurement and purchase of goods and services?,1,Response,No,,
2025 Disclosure Cycle,779465,CDP,2044739,City of Carmona,City,South East Asia & Oceania,Philippines,Public,Q8.4,Does your jurisdiction have a strategy or standard for reducing emissions from the jurisdiction's procurement and purchase of goods and services?,1,Response,No,,
2025 Disclosure Cycle,779465,CDP,2044740,City of Samal,City,South East Asia & Oceania,Philippines,Public,Q8.4,Does your jurisdiction have a strategy or standard for reducing emissions from the jurisdiction's procurement and purchase of goods and services?,1,Response,Yes,"3. SWM plan - IGACos 2024-2034 - new- EMB reviewed.pdf,3. SWM plan - IGACos 2024-2034 - new- EMB reviewed.pdf","The jurisdiction is developing and implementing a Green Public Procurement policy, aligned with RA 12009 (New Government Procurement Act, July 2024), which mandates integrating environmental sustainability, life-cycle costing, and green product specifications into all public procurement for goods, infrastructure, and services. Under RA 12009, “green specifications” must be included in bid design and given greater weight in evaluation. The City has also committed via the Ecological Solid Waste Management Plan 2024-2034 to prepare implementing guidelines and an MO for GPP by 2025. Digitalization/paperless systems and low-carbon supplier preferences are being introduced in procurement tenders. A procurement emissions inventory is also being planned to track Scope 3 / consumption-based emissions."
2025 Disclosure Cycle,779465,CDP,2044749,Kalix Municipality,City,Europe,Sweden,Public,Q8.4,Does your jurisdiction have a strategy or standard for reducing emissions from the jurisdiction's procurement and purchase of goods and services?,1,Response,No,,
2025 Disclosure Cycle,779465,CDP,2044752,Ystad Municipality,City,Europe,Sweden,Public,Q8.4,Does your jurisdiction have a strategy or standard for reducing emissions from the jurisdiction's procurement and purchase of goods and services?,1,Response,Yes,Inköpsstrategi Ystad 2021.pdf,
2025 Disclosure Cycle,779465,CDP,2044754,Karatay Municipality,City,UKWW,Türkiye,Public,Q8.4,Does your jurisdiction have a strategy or standard for reducing emissions from the jurisdiction's procurement and purchase of goods and services?,1,Response,No,,
2025 Disclosure Cycle,779465,CDP,2044758,Cà Mau City,City,South East Asia & Oceania,Viet Nam,Public,Q8.4,Does your jurisdiction have a strategy or standard for reducing emissions from the jurisdiction's procurement and purchase of goods and services?,1,Response,Yes,GREEN GROWTH.pdf,"While a specific, standalone strategy or standard document for reducing emissions from public procurement in Ca Mau Province is not publicly available, the province has integrated this objective into its broader environmental and economic planning. National directives guide Ca Mau, and the province has its own provincial action plan that mandates green public procurement.\nNational Guidance and Provincial Implementation\nVietnam's National Green Growth Strategy for the 2021-2030 period sets a clear direction for sustainable development, including specific targets for green public procurement. This national strategy serves as the foundational framework for all provinces, including Ca Mau.\nIn response, Ca Mau Province has developed and issued its own Green Growth Action Plan for the 2021-2030 period. This plan, enacted on December 14, 2023, outlines the province's commitment to greening its economic sectors and reducing greenhouse gas emissions.\nGreen Public Procurement within the Action Plan\nWithin the framework of implementing the national strategy, the Ca Mau Provincial People's Committee has assigned specific responsibilities to its departments. Notably, the Department of Finance is tasked with the implementation of green public procurement and green public services for state agencies. This indicates a clear intention to incorporate environmental and emission reduction criteria into the province's procurement processes.\nAlthough the full text of Ca Mau's provincial action plan is not widely accessible, its existence and the explicit assignment of green procurement responsibilities confirm that the province is actively pursuing measures to reduce the environmental impact of its procurement activities. This approach aligns with the national goals and reflects a commitment to sustainable development at the provincial level.\nIn summary, while Ca Mau Province may not have a distinct, publicly available document detailing a strategy for emission reduction in procurement, it has formally adopted this goal within its comprehensive Green Growth Action Plan, in line with the national strategy. The implementation of this is a designated responsibility of the provincial Department of Finance.\n\nhttps://camau.gov.vn/van-hoa-xa-hoi/ban-hanh-ke-hoach-hanh-dong-tang-truong-xanh-giai-doan-2021-ndash-2030-222293"
2025 Disclosure Cycle,779465,CDP,2044810,Municipalidad de Cerrillos,City,Latin America,Chile,Public,Q8.4,Does your jurisdiction have a strategy or standard for reducing emissions from the jurisdiction's procurement and purchase of goods and services?,1,Response,No,,
2025 Disclosure Cycle,779465,CDP,2044811,Municipalidad de Cochrane,City,Latin America,Chile,Public,Q8.4,Does your jurisdiction have a strategy or standard for reducing emissions from the jurisdiction's procurement and purchase of goods and services?,1,Response,No,,
2025 Disclosure Cycle,779465,CDP,2044814,Municipalidad de Curanilahue,City,Latin America,Chile,Public,Q8.4,Does your jurisdiction have a strategy or standard for reducing emissions from the jurisdiction's procurement and purchase of goods and services?,1,Response,No,,
2025 Disclosure Cycle,779465,CDP,2044818,Municipalidad de Melipilla,City,Latin America,Chile,Public,Q8.4,Does your jurisdiction have a strategy or standard for reducing emissions from the jurisdiction's procurement and purchase of goods and services?,1,Response,Do not know,,
2025 Disclosure Cycle,779465,CDP,2044842,Municipalidad de Saavedra,City,Latin America,Chile,Public,Q8.4,Does your jurisdiction have a strategy or standard for reducing emissions from the jurisdiction's procurement and purchase of goods and services?,1,Response,No,,
2025 Disclosure Cycle,779465,CDP,2045054,Gunung Kidul Regency,City,South East Asia & Oceania,Indonesia,Public,Q8.4,Does your jurisdiction have a strategy or standard for reducing emissions from the jurisdiction's procurement and purchase of goods and services?,1,Response,No,,
2025 Disclosure Cycle,779465,CDP,2045055,Jayapura Regency,City,South East Asia & Oceania,Indonesia,Public,Q8.4,Does your jurisdiction have a strategy or standard for reducing emissions from the jurisdiction's procurement and purchase of goods and services?,1,Response,Do not know,,
2025 Disclosure Cycle,779465,CDP,2045062,Pemalang Regency,City,South East Asia & Oceania,Indonesia,Public,Q8.4,Does your jurisdiction have a strategy or standard for reducing emissions from the jurisdiction's procurement and purchase of goods and services?,1,Response,No,,
2025 Disclosure Cycle,779465,CDP,2045064,Magelang City,City,South East Asia & Oceania,Indonesia,Public,Q8.4,Does your jurisdiction have a strategy or standard for reducing emissions from the jurisdiction's procurement and purchase of goods and services?,1,Response,No,,
2025 Disclosure Cycle,779465,CDP,2045345,Municipality of Terézváros,City,Europe,Hungary,Public,Q8.4,Does your jurisdiction have a strategy or standard for reducing emissions from the jurisdiction's procurement and purchase of goods and services?,1,Response,No,,
2025 Disclosure Cycle,779465,CDP,2045446,Phu Yen City,City,South East Asia & Oceania,Viet Nam,Public,Q8.4,Does your jurisdiction have a strategy or standard for reducing emissions from the jurisdiction's procurement and purchase of goods and services?,1,Response,No,,
2025 Disclosure Cycle,779465,CDP,2045903,Zugló District XIV of Budapest,City,Europe,Hungary,Public,Q8.4,Does your jurisdiction have a strategy or standard for reducing emissions from the jurisdiction's procurement and purchase of goods and services?,1,Response,Yes,Zuglo_Klimastrategia_2021_06_10.pdf,Zugló's Community Climate Plan containing provisions for developing a framework for sustainable municipal food procurement.\n\nchrome-extension://efaidnbmnnnibpcajpcglclefindmkaj/https://www.zugloklimastrategia.hu/wp-content/uploads/2021/06/Zuglo_Klimastrategia_2021_06_10.pdf
2025 Disclosure Cycle,779465,CDP,35913,City of Nairobi,City,UKWW,Kenya,Public,Q8.4,Does your jurisdiction have a strategy or standard for reducing emissions from the jurisdiction's procurement and purchase of goods and services?,1,Response,Yes,Air-QualityAct.pdf,"The air quality act provides basis for procurement of less emitting appliances ,the city is developing a circularity strategy that will provide framework for green procurement, the city officers also consider sustainability principles while undertaking pro curement"
2025 Disclosure Cycle,779465,CDP,44210,Yeosu City,City,South East Asia & Oceania,Korea (The Republic of),Public,Q8.4,Does your jurisdiction have a strategy or standard for reducing emissions from the jurisdiction's procurement and purchase of goods and services?,1,Response,No,,
2025 Disclosure Cycle,779465,CDP,50543,"Halifax Regional Municipality, NS",City,North America,Canada,Public,Q8.4,Does your jurisdiction have a strategy or standard for reducing emissions from the jurisdiction's procurement and purchase of goods and services?,1,Response,Yes,,https://cdn.halifax.ca/sites/default/files/documents/business/doing-business-halifax/procurement-manual-updated-jan-17-2024.pdf\n
2025 Disclosure Cycle,779465,CDP,55371,Municipalidad de Vicente López,City,Latin America,Argentina,Public,Q8.4,Does your jurisdiction have a strategy or standard for reducing emissions from the jurisdiction's procurement and purchase of goods and services?,1,Response,Do not know,,
2025 Disclosure Cycle,779465,CDP,58485,"Abington Township, PA",City,North America,United States of America,Public,Q8.4,Does your jurisdiction have a strategy or standard for reducing emissions from the jurisdiction's procurement and purchase of goods and services?,1,Response,Yes,Abington Fleet Transition Assessment_20241223.pdf,The Township's 2019 GHG inventory shows the need to fulfill the goal of electrifying its fleet by 2030 in order to reduce the fuel emissions of 2435 CO2e of the inventory (see https://drive.google.com/file/d/11m1hh_sEMAw85s5a98Mmwr1oOfX_D9XB/view?usp=sharing )\n
2025 Disclosure Cycle,779465,CDP,60391,Municipalidad de San Borja,City,Latin America,Peru,Public,Q8.4,Does your jurisdiction have a strategy or standard for reducing emissions from the jurisdiction's procurement and purchase of goods and services?,1,Response,No,,
2025 Disclosure Cycle,779465,CDP,60393,Municipalidad de Santiago,City,Latin America,Chile,Public,Q8.4,Does your jurisdiction have a strategy or standard for reducing emissions from the jurisdiction's procurement and purchase of goods and services?,1,Response,No,,
2025 Disclosure Cycle,779465,CDP,68375,Prefeitura de Abaetetuba,City,Latin America,Brazil,Public,Q8.4,Does your jurisdiction have a strategy or standard for reducing emissions from the jurisdiction's procurement and purchase of goods and services?,1,Response,No,,
2025 Disclosure Cycle,779465,CDP,73533,Intendencia de Canelones,City,Latin America,Uruguay,Public,Q8.4,Does your jurisdiction have a strategy or standard for reducing emissions from the jurisdiction's procurement and purchase of goods and services?,1,Response,No,,
2025 Disclosure Cycle,779465,CDP,73734,Envigado,City,Latin America,Colombia,Public,Q8.4,Does your jurisdiction have a strategy or standard for reducing emissions from the jurisdiction's procurement and purchase of goods and services?,1,Response,No,,
2025 Disclosure Cycle,779465,CDP,73793,La Estrella,City,Latin America,Colombia,Public,Q8.4,Does your jurisdiction have a strategy or standard for reducing emissions from the jurisdiction's procurement and purchase of goods and services?,1,Response,Yes,"5. Anexo 3-1 Perfil Técnico Ambiental - Bolsas plásticas .docx,6. Anexo 3-2 Perfil Técnico Ambiental - Café.docx,9. Anexo 3-5 Perfil Técnico Ambiental - Combustible.docx,Analisis de significancia_2023.xlsx,Informe Herramienta compras sostenibles.xlsx","Desde la Administración se realiza el análisis de significancia de los bienes y servicios (B&S) adquiridos dando un puntaje a las emisiones generadas por el consumo de B&S por medio de variables definidas (magnitud/ volumen de las emisiones , nivel de influencia en fuentes/ sumideros entre otras) con el fin de seleccionar las emisiones mas significativas que son generadas por los B&S consumidos por la administración.\nCon base en este ejercicio se crearon fichas técnicas para estos bienes priorizados, estableciendo criterios de sostenibilidad para la adquisición de los mismos, de esta manera adquirimos un porcentaje de las compras totales de la administración con criterios de sostenibilidad. "
2025 Disclosure Cycle,779465,CDP,826201,Ayuntamiento de Zapopan,City,Latin America,Mexico,Public,Q8.4,Does your jurisdiction have a strategy or standard for reducing emissions from the jurisdiction's procurement and purchase of goods and services?,1,Response,No,,
2025 Disclosure Cycle,779465,CDP,834374,Tagum City,City,South East Asia & Oceania,Philippines,Public,Q8.4,Does your jurisdiction have a strategy or standard for reducing emissions from the jurisdiction's procurement and purchase of goods and services?,1,Response,No,,
2025 Disclosure Cycle,779465,CDP,840915,Prefeitura de Curvelo,City,Latin America,Brazil,Public,Q8.4,Does your jurisdiction have a strategy or standard for reducing emissions from the jurisdiction's procurement and purchase of goods and services?,1,Response,No,,
2025 Disclosure Cycle,779465,CDP,866903,Prefeitura de Itapipoca,City,Latin America,Brazil,Public,Q8.4,Does your jurisdiction have a strategy or standard for reducing emissions from the jurisdiction's procurement and purchase of goods and services?,1,Response,Yes,PLANO DE ADAPTAÇÃO.pdf,Em anexo 
2025 Disclosure Cycle,779465,CDP,2033709,Prefeitura de Altamira,City,Latin America,Brazil,Public,Q8.4,Does your jurisdiction have a strategy or standard for reducing emissions from the jurisdiction's procurement and purchase of goods and services?,1,Response,No,,
