disclosure_cycle,cdp_requesting_org_number,requesting_organization,cdp_requested_org_number,requested_organization,cdp_disclosing_org_number,disclosing_organization,disclosing_org_type,cdp_region,discloser_country_or_area,questionnaire,eligible_pathway,selected_pathway,disclosure_status,public_status,previous_response_status
2025 Disclosure Cycle,779465,CDP,54408,Aarhus Municipality,54408,Aarhus Municipality,City,Europe,Denmark,2025 Questionnaire,Unknown,PATHWAY_1,Submitted,Public,Submitted
2025 Disclosure Cycle,779465,CDP,58485,"Abington Township, PA",58485,"Abington Township, PA",City,North America,United States of America,2025 Questionnaire,Unknown,PATHWAY_2,Submitted,Public,Submitted
2025 Disclosure Cycle,779465,CDP,36039,Accra Metropolitan Assembly,36039,Accra Metropolitan Assembly,City,UKWW,Ghana,2025 Questionnaire,Unknown,PATHWAY_3,Submitted,Public,Submitted
2025 Disclosure Cycle,779465,CDP,31146,Addis Ababa City Administration,31146,Addis Ababa City Administration,City,UKWW,Ethiopia,2025 Questionnaire,Unknown,PATHWAY_3,Submitted,Public,Submitted
2025 Disclosure Cycle,779465,CDP,2027930,Ahome,2027930,Ahome,City,Latin America,Mexico,2025 Questionnaire,Unknown,PATHWAY_1,Submitted,Public,No Response
2025 Disclosure Cycle,779465,CDP,848122,Alajuela,848122,Alajuela,City,Latin America,Costa Rica,2025 Questionnaire,Unknown,PATHWAY_1,Submitted,Public,Submitted
2025 Disclosure Cycle,779465,CDP,50374,Alcaldia Distrital de Cartagena de Indias,50374,Alcaldia Distrital de Cartagena de Indias,City,Latin America,Colombia,2025 Questionnaire,Unknown,PATHWAY_1,Submitted,Public,No Response
2025 Disclosure Cycle,779465,CDP,54608,Alcaldia de Montería,54608,Alcaldia de Montería,City,Latin America,Colombia,2025 Questionnaire,Unknown,PATHWAY_1,Submitted,Public,No Response
2025 Disclosure Cycle,779465,CDP,54617,Alcaldia de Pereira,54617,Alcaldia de Pereira,City,Latin America,Colombia,2025 Questionnaire,Unknown,PATHWAY_1,Submitted,Public,No Response
2025 Disclosure Cycle,779465,CDP,69968,Alcaldia de Rionegro,69968,Alcaldia de Rionegro,City,Latin America,Colombia,2025 Questionnaire,Unknown,PATHWAY_1,Submitted,Public,Submitted
2025 Disclosure Cycle,779465,CDP,54613,Alcaldia de Valdivia,54613,Alcaldia de Valdivia,City,Latin America,Chile,2025 Questionnaire,Unknown,PATHWAY_1,Amended,Public,No Response
2025 Disclosure Cycle,779465,CDP,43970,Alcaldía Distrital de Barranquilla,43970,Alcaldía Distrital de Barranquilla,City,Latin America,Colombia,2025 Questionnaire,Unknown,PATHWAY_3,Submitted,Public,Submitted
2025 Disclosure Cycle,779465,CDP,60381,Alcaldía Distrital de Santa Marta,60381,Alcaldía Distrital de Santa Marta,City,Latin America,Colombia,2025 Questionnaire,Unknown,PATHWAY_1,Submitted,Public,Submitted
2025 Disclosure Cycle,779465,CDP,54637,Alcaldía de Cuenca,54637,Alcaldía de Cuenca,City,Latin America,Ecuador,2025 Questionnaire,Unknown,PATHWAY_2,Submitted,Public,Submitted
2025 Disclosure Cycle,779465,CDP,60385,Alcaldía de Villavicencio,60385,Alcaldía de Villavicencio,City,Latin America,Colombia,2025 Questionnaire,Unknown,PATHWAY_1,Submitted,Public,Submitted
2025 Disclosure Cycle,779465,CDP,60384,Alcaldía de Yopal,60384,Alcaldía de Yopal,City,Latin America,Colombia,2025 Questionnaire,Unknown,PATHWAY_1,Submitted,Public,Submitted
2025 Disclosure Cycle,779465,CDP,929501,Algarrobo,929501,Algarrobo,City,Latin America,Chile,2025 Questionnaire,Unknown,PATHWAY_1,Submitted,Public,Submitted
2025 Disclosure Cycle,779465,CDP,919723,Alvesta Municipality,919723,Alvesta Municipality,City,Europe,Sweden,2025 Questionnaire,Unknown,PATHWAY_1,Submitted,Public,No Response
2025 Disclosure Cycle,779465,CDP,46263,Amdavad Municipal Corporation (Ahmedabad),46263,Amdavad Municipal Corporation (Ahmedabad),City,India,India,2025 Questionnaire,Unknown,PATHWAY_3,Submitted,Public,Submitted
2025 Disclosure Cycle,779465,CDP,35852,Ankara Metropolitan Municipality,35852,Ankara Metropolitan Municipality,City,UKWW,Türkiye,2025 Questionnaire,Unknown,PATHWAY_3,Submitted,Public,No Response
2025 Disclosure Cycle,779465,CDP,44191,Ansan City,44191,Ansan City,City,South East Asia & Oceania,Korea (The Republic of),2025 Questionnaire,Unknown,PATHWAY_3,Submitted,Public,Submitted
2025 Disclosure Cycle,779465,CDP,74670,Antalya Metropolitan Municipality,74670,Antalya Metropolitan Municipality,City,UKWW,Türkiye,2025 Questionnaire,Unknown,PATHWAY_3,Submitted,Public,Submitted
2025 Disclosure Cycle,779465,CDP,43932,Auckland Council,43932,Auckland Council,City,South East Asia & Oceania,New Zealand,2025 Questionnaire,Unknown,PATHWAY_3,Submitted,Public,Submitted
2025 Disclosure Cycle,779465,CDP,50375,Ayuntamiento de Chihuahua,50375,Ayuntamiento de Chihuahua,City,Latin America,Mexico,2025 Questionnaire,Unknown,PATHWAY_2,Submitted,Public,Activated
2025 Disclosure Cycle,779465,CDP,50361,Ayuntamiento de Hermosillo,50361,Ayuntamiento de Hermosillo,City,Latin America,Mexico,2025 Questionnaire,Unknown,PATHWAY_3,Submitted,Public,Submitted
2025 Disclosure Cycle,779465,CDP,826129,Ayuntamiento de Jesús María,826129,Ayuntamiento de Jesús María,City,Latin America,Mexico,2025 Questionnaire,Unknown,PATHWAY_1,Submitted,Public,Submitted
2025 Disclosure Cycle,779465,CDP,50369,Ayuntamiento de San Luis Potosí,50369,Ayuntamiento de San Luis Potosí,City,Latin America,Mexico,2025 Questionnaire,Unknown,PATHWAY_1,Submitted,Public,No Response
2025 Disclosure Cycle,779465,CDP,50355,Ayuntamiento de Tijuana,50355,Ayuntamiento de Tijuana,City,Latin America,Mexico,2025 Questionnaire,Unknown,PATHWAY_3,Amended,Public,Submitted
2025 Disclosure Cycle,779465,CDP,826201,Ayuntamiento de Zapopan,826201,Ayuntamiento de Zapopan,City,Latin America,Mexico,2025 Questionnaire,Unknown,PATHWAY_2,Submitted,Public,Submitted
2025 Disclosure Cycle,779465,CDP,60009,Bacolod City,60009,Bacolod City,City,South East Asia & Oceania,Philippines,2025 Questionnaire,Unknown,PATHWAY_1,Submitted,Public,No Response
2025 Disclosure Cycle,779465,CDP,60003,Baguio City,60003,Baguio City,City,South East Asia & Oceania,Philippines,2025 Questionnaire,Unknown,PATHWAY_1,Submitted,Public,Submitted
2025 Disclosure Cycle,779465,CDP,54349,Balikpapan City Government,54349,Balikpapan City Government,City,South East Asia & Oceania,Indonesia,2025 Questionnaire,Unknown,PATHWAY_1,Submitted,Public,Submitted
2025 Disclosure Cycle,779465,CDP,59956,Banda Aceh City Government,59956,Banda Aceh City Government,City,South East Asia & Oceania,Indonesia,2025 Questionnaire,Unknown,PATHWAY_1,Submitted,Public,Submitted
2025 Disclosure Cycle,779465,CDP,74302,Bandar Lampung City,74302,Bandar Lampung City,City,South East Asia & Oceania,Indonesia,2025 Questionnaire,Unknown,PATHWAY_2,Submitted,Public,No Response
2025 Disclosure Cycle,779465,CDP,49385,Bandung City,49385,Bandung City,City,South East Asia & Oceania,Indonesia,2025 Questionnaire,Unknown,PATHWAY_3,Submitted,Public,No Response
2025 Disclosure Cycle,779465,CDP,31150,Bangkok Metropolitan Administration,31150,Bangkok Metropolitan Administration,City,South East Asia & Oceania,Thailand,2025 Questionnaire,Unknown,PATHWAY_3,Submitted,Public,Submitted
2025 Disclosure Cycle,779465,CDP,73771,Banjarmasin City,73771,Banjarmasin City,City,South East Asia & Oceania,Indonesia,2025 Questionnaire,Unknown,PATHWAY_1,Submitted,Public,No Response
2025 Disclosure Cycle,779465,CDP,2027923,Barva,2027923,Barva,City,Latin America,Costa Rica,2025 Questionnaire,Unknown,PATHWAY_1,Submitted,Public,Submitted
2025 Disclosure Cycle,779465,CDP,59996,Batangas City,59996,Batangas City,City,South East Asia & Oceania,Philippines,2025 Questionnaire,Unknown,PATHWAY_1,Submitted,Public,No Response
2025 Disclosure Cycle,779465,CDP,74698,Beira,74698,Beira,City,UKWW,Mozambique,2025 Questionnaire,Unknown,PATHWAY_1,Submitted,Public,Submitted
2025 Disclosure Cycle,779465,CDP,31054,Belfast City Council,31054,Belfast City Council,City,UKWW,United Kingdom,2025 Questionnaire,Unknown,PATHWAY_1,Submitted,Public,Submitted
2025 Disclosure Cycle,779465,CDP,74346,Bengkulu City,74346,Bengkulu City,City,South East Asia & Oceania,Indonesia,2025 Questionnaire,Unknown,PATHWAY_1,Submitted,Public,No Response
2025 Disclosure Cycle,779465,CDP,54492,Bergen Municipality,54492,Bergen Municipality,City,Europe,Norway,2025 Questionnaire,Unknown,PATHWAY_1,Submitted,Public,Submitted
2025 Disclosure Cycle,779465,CDP,58866,Beşiktaş Municipality,58866,Beşiktaş Municipality,City,UKWW,Türkiye,2025 Questionnaire,Unknown,PATHWAY_2,Submitted,Public,Submitted
2025 Disclosure Cycle,779465,CDP,840113,Bhavnagar Municipal Corporation,840113,Bhavnagar Municipal Corporation,City,India,India,2025 Questionnaire,Unknown,PATHWAY_3,Submitted,Public,Submitted
2025 Disclosure Cycle,779465,CDP,1850,Birmingham City Council,1850,Birmingham City Council,City,UKWW,United Kingdom,2025 Questionnaire,Unknown,PATHWAY_2,Submitted,Public,Submitted
2025 Disclosure Cycle,779465,CDP,841525,Blackburn with Darwen Borough Council,841525,Blackburn with Darwen Borough Council,City,UKWW,United Kingdom,2025 Questionnaire,Unknown,PATHWAY_1,Submitted,Public,Submitted
2025 Disclosure Cycle,779465,CDP,60102,Blackpool Council,60102,Blackpool Council,City,UKWW,United Kingdom,2025 Questionnaire,Unknown,PATHWAY_2,Submitted,Public,Submitted
2025 Disclosure Cycle,779465,CDP,62407,Blacktown City Council,62407,Blacktown City Council,City,South East Asia & Oceania,Australia,2025 Questionnaire,Unknown,PATHWAY_2,Submitted,Public,Submitted
2025 Disclosure Cycle,779465,CDP,862909,"Blaine County, ID",862909,"Blaine County, ID",City,North America,United States of America,2025 Questionnaire,Unknown,PATHWAY_3,Submitted,Public,Submitted
2025 Disclosure Cycle,779465,CDP,54329,Bogor City Government,54329,Bogor City Government,City,South East Asia & Oceania,Indonesia,2025 Questionnaire,Unknown,PATHWAY_1,Submitted,Public,Submitted
2025 Disclosure Cycle,779465,CDP,834058,Bogor Regency,834058,Bogor Regency,City,South East Asia & Oceania,Indonesia,2025 Questionnaire,Unknown,PATHWAY_2,Submitted,Public,No Response
2025 Disclosure Cycle,779465,CDP,31154,Bogotá Distrito Capital,31154,Bogotá Distrito Capital,City,Latin America,Colombia,2025 Questionnaire,Unknown,PATHWAY_3,Submitted,Public,Submitted
2025 Disclosure Cycle,779465,CDP,73752,Bontang City,73752,Bontang City,City,South East Asia & Oceania,Indonesia,2025 Questionnaire,Unknown,PATHWAY_2,Submitted,Public,Submitted
2025 Disclosure Cycle,779465,CDP,74414,"Boulder County, CO",74414,"Boulder County, CO",City,North America,United States of America,2025 Questionnaire,Unknown,PATHWAY_2,Submitted,Public,Submitted
2025 Disclosure Cycle,779465,CDP,917883,Brecon Beacons National Park Authority,917883,Brecon Beacons National Park Authority,City,UKWW,United Kingdom,2025 Questionnaire,Unknown,PATHWAY_2,Submitted,Public,Submitted
2025 Disclosure Cycle,779465,CDP,2012301,Broads National Park Authority,2012301,Broads National Park Authority,City,UKWW,United Kingdom,2025 Questionnaire,Unknown,PATHWAY_2,Submitted,Public,Submitted
2025 Disclosure Cycle,779465,CDP,63941,"Broward County, FL",63941,"Broward County, FL",City,North America,United States of America,2025 Questionnaire,Unknown,PATHWAY_3,Submitted,Public,Submitted
2025 Disclosure Cycle,779465,CDP,917886,Broxtowe Borough Council,917886,Broxtowe Borough Council,City,UKWW,United Kingdom,2025 Questionnaire,Unknown,PATHWAY_1,Submitted,Public,Submitted
2025 Disclosure Cycle,779465,CDP,44076,Bursa Metropolitan Municipality,44076,Bursa Metropolitan Municipality,City,UKWW,Türkiye,2025 Questionnaire,Unknown,PATHWAY_3,Submitted,Public,Submitted
2025 Disclosure Cycle,779465,CDP,35856,Busan Metropolitan City,35856,Busan Metropolitan City,City,South East Asia & Oceania,Korea (The Republic of),2025 Questionnaire,Unknown,PATHWAY_3,Submitted,Public,Submitted
2025 Disclosure Cycle,779465,CDP,840155,Calapan City,840155,Calapan City,City,South East Asia & Oceania,Philippines,2025 Questionnaire,Unknown,PATHWAY_1,Submitted,Public,No Response
2025 Disclosure Cycle,779465,CDP,60104,Cambridge City Council,60104,Cambridge City Council,City,UKWW,United Kingdom,2025 Questionnaire,Unknown,PATHWAY_1,Submitted,Public,Submitted
2025 Disclosure Cycle,779465,CDP,2621,Cambridgeshire County Council,2621,Cambridgeshire County Council,City,UKWW,United Kingdom,2025 Questionnaire,Unknown,PATHWAY_3,Submitted,Public,Submitted
2025 Disclosure Cycle,779465,CDP,43917,Capital Municipality of Sofia,43917,Capital Municipality of Sofia,City,Europe,Bulgaria,2025 Questionnaire,Unknown,PATHWAY_2,Submitted,Public,Submitted
2025 Disclosure Cycle,779465,CDP,856655,Cardiff Capital Region,856655,Cardiff Capital Region,City,UKWW,United Kingdom,2025 Questionnaire,Unknown,PATHWAY_3,Submitted,Public,Submitted
2025 Disclosure Cycle,779465,CDP,2027856,Cañada Rosquín,2027856,Cañada Rosquín,City,Latin America,Argentina,2025 Questionnaire,Unknown,PATHWAY_1,Submitted,Public,No Response
2025 Disclosure Cycle,779465,CDP,849039,Ceres (Argentina),849039,Ceres (Argentina),City,Latin America,Argentina,2025 Questionnaire,Unknown,PATHWAY_1,Submitted,Public,No Response
2025 Disclosure Cycle,779465,CDP,31186,Changwon City,31186,Changwon City,City,South East Asia & Oceania,Korea (The Republic of),2025 Questionnaire,Unknown,PATHWAY_3,Submitted,Public,Submitted
2025 Disclosure Cycle,779465,CDP,73678,Chañar Ladeado,73678,Chañar Ladeado,City,Latin America,Argentina,2025 Questionnaire,Unknown,PATHWAY_1,Submitted,Public,Submitted
2025 Disclosure Cycle,779465,CDP,862505,Cheltenham Borough Council,862505,Cheltenham Borough Council,City,UKWW,United Kingdom,2025 Questionnaire,Unknown,PATHWAY_1,Submitted,Public,Submitted
2025 Disclosure Cycle,779465,CDP,74334,Cirebon City,74334,Cirebon City,City,South East Asia & Oceania,Indonesia,2025 Questionnaire,Unknown,PATHWAY_1,Submitted,Public,No Response
2025 Disclosure Cycle,779465,CDP,31168,City District Government Karachi,31168,City District Government Karachi,City,UKWW,Pakistan,2025 Questionnaire,Unknown,PATHWAY_3,Submitted,Public,Submitted
2025 Disclosure Cycle,779465,CDP,54345,City Government of Davao,54345,City Government of Davao,City,South East Asia & Oceania,Philippines,2025 Questionnaire,Unknown,PATHWAY_2,Submitted,Public,No Response
2025 Disclosure Cycle,779465,CDP,54354,City Government of Makati,54354,City Government of Makati,City,South East Asia & Oceania,Philippines,2025 Questionnaire,Unknown,PATHWAY_1,Submitted,Public,Submitted
2025 Disclosure Cycle,779465,CDP,36004,City of Abidjan,36004,City of Abidjan,City,UKWW,Côte d'Ivoire,2025 Questionnaire,Unknown,PATHWAY_3,Submitted,Public,Submitted
2025 Disclosure Cycle,779465,CDP,32480,City of Adelaide,32480,City of Adelaide,City,South East Asia & Oceania,Australia,2025 Questionnaire,Unknown,PATHWAY_3,Submitted,Public,Submitted
2025 Disclosure Cycle,779465,CDP,918805,City of Ajka,918805,City of Ajka,City,Europe,Hungary,2025 Questionnaire,Unknown,PATHWAY_1,Submitted,Public,Submitted
2025 Disclosure Cycle,779465,CDP,59151,City of Akureyri,59151,City of Akureyri,City,Europe,Iceland,2025 Questionnaire,Unknown,PATHWAY_2,Submitted,Public,Submitted
2025 Disclosure Cycle,779465,CDP,60588,City of Alba Iulia,60588,City of Alba Iulia,City,Europe,Romania,2025 Questionnaire,Unknown,PATHWAY_1,Submitted,Public,No Response
2025 Disclosure Cycle,779465,CDP,54102,"City of Albany, NY",54102,"City of Albany, NY",City,North America,United States of America,2025 Questionnaire,Unknown,PATHWAY_2,Submitted,Public,Submitted
2025 Disclosure Cycle,779465,CDP,50540,"City of Albuquerque, NM",50540,"City of Albuquerque, NM",City,North America,United States of America,2025 Questionnaire,Unknown,PATHWAY_3,Submitted,Public,Submitted
2025 Disclosure Cycle,779465,CDP,53931,"City of Alexandria, VA",53931,"City of Alexandria, VA",City,North America,United States of America,2025 Questionnaire,Unknown,PATHWAY_2,Submitted,Public,Submitted
2025 Disclosure Cycle,779465,CDP,49346,"City of Allentown, PA",49346,"City of Allentown, PA",City,North America,United States of America,2025 Questionnaire,Unknown,PATHWAY_2,Submitted,Public,Submitted
2025 Disclosure Cycle,779465,CDP,50566,"City of Anchorage, AK",50566,"City of Anchorage, AK",City,North America,United States of America,2025 Questionnaire,Unknown,PATHWAY_2,Submitted,Public,Submitted
2025 Disclosure Cycle,779465,CDP,54092,"City of Ann Arbor, MI",54092,"City of Ann Arbor, MI",City,North America,United States of America,2025 Questionnaire,Unknown,PATHWAY_2,Submitted,Public,Submitted
2025 Disclosure Cycle,779465,CDP,36247,City of Arezzo,36247,City of Arezzo,City,Europe,Italy,2025 Questionnaire,Unknown,PATHWAY_2,Submitted,Public,Submitted
2025 Disclosure Cycle,779465,CDP,54114,"City of Asheville, NC",54114,"City of Asheville, NC",City,North America,United States of America,2025 Questionnaire,Unknown,PATHWAY_2,Submitted,Public,Submitted
2025 Disclosure Cycle,779465,CDP,52897,"City of Aspen, CO",52897,"City of Aspen, CO",City,North America,United States of America,2025 Questionnaire,Unknown,PATHWAY_2,Submitted,Public,Submitted
2025 Disclosure Cycle,779465,CDP,1093,"City of Atlanta, GA",1093,"City of Atlanta, GA",City,North America,United States of America,2025 Questionnaire,Unknown,PATHWAY_3,Submitted,Public,Submitted
2025 Disclosure Cycle,779465,CDP,54448,City of Augsburg,54448,City of Augsburg,City,Europe,Germany,2025 Questionnaire,Unknown,PATHWAY_1,Submitted,Public,No Response
2025 Disclosure Cycle,779465,CDP,1184,"City of Austin, TX",1184,"City of Austin, TX",City,North America,United States of America,2025 Questionnaire,Unknown,PATHWAY_3,Submitted,Public,Submitted
2025 Disclosure Cycle,779465,CDP,2044738,City of Balanga,2044738,City of Balanga,City,South East Asia & Oceania,Philippines,2025 Questionnaire,Unknown,PATHWAY_1,Submitted,Public,Unknown
2025 Disclosure Cycle,779465,CDP,35853,"City of Baltimore, MD",35853,"City of Baltimore, MD",City,North America,United States of America,2025 Questionnaire,Unknown,PATHWAY_3,Submitted,Public,Submitted
2025 Disclosure Cycle,779465,CDP,1499,City of Barcelona,1499,City of Barcelona,City,Europe,Spain,2025 Questionnaire,Unknown,PATHWAY_3,Submitted,Public,Submitted
2025 Disclosure Cycle,779465,CDP,59708,"City of Bethlehem, PA",59708,"City of Bethlehem, PA",City,North America,United States of America,2025 Questionnaire,Unknown,PATHWAY_3,Submitted,Public,Submitted
2025 Disclosure Cycle,779465,CDP,866887,"City of Bexley, OH",866887,"City of Bexley, OH",City,North America,United States of America,2025 Questionnaire,Unknown,PATHWAY_1,Submitted,Public,Submitted
2025 Disclosure Cycle,779465,CDP,49345,"City of Birmingham, AL",49345,"City of Birmingham, AL",City,North America,United States of America,2025 Questionnaire,Unknown,PATHWAY_1,Submitted,Public,Submitted
2025 Disclosure Cycle,779465,CDP,62800,City of Bistrița,62800,City of Bistrița,City,Europe,Romania,2025 Questionnaire,Unknown,PATHWAY_1,Submitted,Public,No Response
2025 Disclosure Cycle,779465,CDP,54109,"City of Bloomington, IN",54109,"City of Bloomington, IN",City,North America,United States of America,2025 Questionnaire,Unknown,PATHWAY_2,Submitted,Public,Submitted
2025 Disclosure Cycle,779465,CDP,863405,"City of Boca Raton, FL",863405,"City of Boca Raton, FL",City,North America,United States of America,2025 Questionnaire,Unknown,PATHWAY_3,Submitted,Public,Submitted
2025 Disclosure Cycle,779465,CDP,54125,"City of Boise, ID",54125,"City of Boise, ID",City,North America,United States of America,2025 Questionnaire,Unknown,PATHWAY_2,Submitted,Public,Submitted
2025 Disclosure Cycle,779465,CDP,35268,"City of Boston, MA",35268,"City of Boston, MA",City,North America,United States of America,2025 Questionnaire,Unknown,PATHWAY_3,Submitted,Public,Submitted
2025 Disclosure Cycle,779465,CDP,62791,City of Botoșani,62791,City of Botoșani,City,Europe,Romania,2025 Questionnaire,Unknown,PATHWAY_1,Submitted,Public,No Response
2025 Disclosure Cycle,779465,CDP,54104,"City of Boulder, CO",54104,"City of Boulder, CO",City,North America,United States of America,2025 Questionnaire,Unknown,PATHWAY_3,Submitted,Public,Submitted
2025 Disclosure Cycle,779465,CDP,74594,"City of Boynton Beach, FL",74594,"City of Boynton Beach, FL",City,North America,United States of America,2025 Questionnaire,Unknown,PATHWAY_2,Submitted,Public,Submitted
2025 Disclosure Cycle,779465,CDP,826446,City of Bradford,826446,City of Bradford,City,UKWW,United Kingdom,2025 Questionnaire,Unknown,PATHWAY_2,Submitted,Public,Activated
2025 Disclosure Cycle,779465,CDP,62795,City of Brașov,62795,City of Brașov,City,Europe,Romania,2025 Questionnaire,Unknown,PATHWAY_1,Submitted,Public,No Response
2025 Disclosure Cycle,779465,CDP,54530,City of Brighton & Hove,54530,City of Brighton & Hove,City,UKWW,United Kingdom,2025 Questionnaire,Unknown,PATHWAY_1,Submitted,Public,Submitted
2025 Disclosure Cycle,779465,CDP,918804,City of Budaörs,918804,City of Budaörs,City,Europe,Hungary,2025 Questionnaire,Unknown,PATHWAY_1,Submitted,Public,No Response
2025 Disclosure Cycle,779465,CDP,31155,City of Buenos Aires,31155,City of Buenos Aires,City,Latin America,Argentina,2025 Questionnaire,Unknown,PATHWAY_3,Submitted,Public,Submitted
2025 Disclosure Cycle,779465,CDP,50550,"City of Buffalo, NY",50550,"City of Buffalo, NY",City,North America,United States of America,2025 Questionnaire,Unknown,PATHWAY_3,Submitted,Public,No Response
2025 Disclosure Cycle,779465,CDP,842012,"City of Burlington, ON",842012,"City of Burlington, ON",City,North America,Canada,2025 Questionnaire,Unknown,PATHWAY_2,Submitted,Public,Submitted
2025 Disclosure Cycle,779465,CDP,924780,City of Butuan,924780,City of Butuan,City,South East Asia & Oceania,Philippines,2025 Questionnaire,Unknown,PATHWAY_1,Submitted,Public,No Response
2025 Disclosure Cycle,779465,CDP,918783,City of Békéscsaba,918783,City of Békéscsaba,City,Europe,Hungary,2025 Questionnaire,Unknown,PATHWAY_1,Submitted,Public,Submitted
2025 Disclosure Cycle,779465,CDP,60029,City of Cagayan de Oro,60029,City of Cagayan de Oro,City,South East Asia & Oceania,Philippines,2025 Questionnaire,Unknown,PATHWAY_1,Submitted,Public,No Response
2025 Disclosure Cycle,779465,CDP,35475,"City of Calgary, AB",35475,"City of Calgary, AB",City,North America,Canada,2025 Questionnaire,Unknown,PATHWAY_3,Submitted,Public,Submitted
2025 Disclosure Cycle,779465,CDP,55800,"City of Cambridge, MA",55800,"City of Cambridge, MA",City,North America,United States of America,2025 Questionnaire,Unknown,PATHWAY_2,Submitted,Public,Submitted
2025 Disclosure Cycle,779465,CDP,68250,City of Canada Bay,68250,City of Canada Bay,City,South East Asia & Oceania,Australia,2025 Questionnaire,Unknown,PATHWAY_2,Submitted,Public,Submitted
2025 Disclosure Cycle,779465,CDP,35858,City of Cape Town,35858,City of Cape Town,City,UKWW,South Africa,2025 Questionnaire,Unknown,PATHWAY_3,Submitted,Public,Submitted
2025 Disclosure Cycle,779465,CDP,31052,City of Cardiff,31052,City of Cardiff,City,UKWW,United Kingdom,2025 Questionnaire,Unknown,PATHWAY_1,Submitted,Public,Submitted
2025 Disclosure Cycle,779465,CDP,58413,"City of Carmel, IN",58413,"City of Carmel, IN",City,North America,United States of America,2025 Questionnaire,Unknown,PATHWAY_1,Submitted,Public,No Response
2025 Disclosure Cycle,779465,CDP,2044739,City of Carmona,2044739,City of Carmona,City,South East Asia & Oceania,Philippines,2025 Questionnaire,Unknown,PATHWAY_1,Submitted,Public,Unknown
2025 Disclosure Cycle,779465,CDP,73742,City of Catbalogan,73742,City of Catbalogan,City,South East Asia & Oceania,Philippines,2025 Questionnaire,Unknown,PATHWAY_1,Submitted,Public,No Response
2025 Disclosure Cycle,779465,CDP,43914,"City of Charlotte, NC",43914,"City of Charlotte, NC",City,North America,United States of America,2025 Questionnaire,Unknown,PATHWAY_3,Submitted,Public,Submitted
2025 Disclosure Cycle,779465,CDP,59545,"City of Charlottesville, VA",59545,"City of Charlottesville, VA",City,North America,United States of America,2025 Questionnaire,Unknown,PATHWAY_2,Submitted,Public,Submitted
2025 Disclosure Cycle,779465,CDP,3203,City of Chicago,3203,City of Chicago,City,North America,United States of America,2025 Questionnaire,Unknown,PATHWAY_3,Submitted,Public,Submitted
2025 Disclosure Cycle,779465,CDP,50562,"City of Chula Vista, CA",50562,"City of Chula Vista, CA",City,North America,United States of America,2025 Questionnaire,Unknown,PATHWAY_1,Submitted,Public,Submitted
2025 Disclosure Cycle,779465,CDP,35857,"City of Cincinnati, OH",35857,"City of Cincinnati, OH",City,North America,United States of America,2025 Questionnaire,Unknown,PATHWAY_2,Submitted,Public,Submitted
2025 Disclosure Cycle,779465,CDP,35859,"City of Cleveland, OH",35859,"City of Cleveland, OH",City,North America,United States of America,2025 Questionnaire,Unknown,PATHWAY_2,Submitted,Public,Submitted
2025 Disclosure Cycle,779465,CDP,54100,"City of Columbia, MO",54100,"City of Columbia, MO",City,North America,United States of America,2025 Questionnaire,Unknown,PATHWAY_2,Submitted,Public,Submitted
2025 Disclosure Cycle,779465,CDP,43910,"City of Columbus, OH",43910,"City of Columbus, OH",City,North America,United States of America,2025 Questionnaire,Unknown,PATHWAY_3,Amended,Public,Submitted
2025 Disclosure Cycle,779465,CDP,59609,"City of Concord, CA",59609,"City of Concord, CA",City,North America,United States of America,2025 Questionnaire,Unknown,PATHWAY_2,Submitted,Public,No Response
2025 Disclosure Cycle,779465,CDP,64014,"City of Cupertino, CA",64014,"City of Cupertino, CA",City,North America,United States of America,2025 Questionnaire,Unknown,PATHWAY_2,Submitted,Public,Submitted
2025 Disclosure Cycle,779465,CDP,35860,"City of Dallas, TX",35860,"City of Dallas, TX",City,North America,United States of America,2025 Questionnaire,Unknown,PATHWAY_3,Submitted,Public,Submitted
2025 Disclosure Cycle,779465,CDP,60112,City of Debrecen,60112,City of Debrecen,City,Europe,Hungary,2025 Questionnaire,Unknown,PATHWAY_1,Submitted,Public,Submitted
2025 Disclosure Cycle,779465,CDP,840521,City of Denizli,840521,City of Denizli,City,UKWW,Türkiye,2025 Questionnaire,Unknown,PATHWAY_2,Submitted,Public,Submitted
2025 Disclosure Cycle,779465,CDP,59537,"City of Denton, TX",59537,"City of Denton, TX",City,North America,United States of America,2025 Questionnaire,Unknown,PATHWAY_2,Submitted,Public,Submitted
2025 Disclosure Cycle,779465,CDP,32550,"City of Denver, CO",32550,"City of Denver, CO",City,North America,United States of America,2025 Questionnaire,Unknown,PATHWAY_3,Submitted,Public,Submitted
2025 Disclosure Cycle,779465,CDP,35862,"City of Detroit, MI",35862,"City of Detroit, MI",City,North America,United States of America,2025 Questionnaire,Unknown,PATHWAY_2,Submitted,Public,Activated
2025 Disclosure Cycle,779465,CDP,54116,"City of Dubuque, IA",54116,"City of Dubuque, IA",City,North America,United States of America,2025 Questionnaire,Unknown,PATHWAY_2,Submitted,Public,Submitted
2025 Disclosure Cycle,779465,CDP,54105,"City of Duluth, MN",54105,"City of Duluth, MN",City,North America,United States of America,2025 Questionnaire,Unknown,PATHWAY_2,Submitted,Public,Submitted
2025 Disclosure Cycle,779465,CDP,58590,"City of Easton, PA",58590,"City of Easton, PA",City,North America,United States of America,2025 Questionnaire,Unknown,PATHWAY_2,Submitted,Public,Submitted
2025 Disclosure Cycle,779465,CDP,834083,"City of Eau Claire, WI",834083,"City of Eau Claire, WI",City,North America,United States of America,2025 Questionnaire,Unknown,PATHWAY_1,Submitted,Public,Submitted
2025 Disclosure Cycle,779465,CDP,43912,"City of Edmonton, AB",43912,"City of Edmonton, AB",City,North America,Canada,2025 Questionnaire,Unknown,PATHWAY_3,Submitted,Public,Submitted
2025 Disclosure Cycle,779465,CDP,74401,"City of Encinitas, CA",74401,"City of Encinitas, CA",City,North America,United States of America,2025 Questionnaire,Unknown,PATHWAY_2,Submitted,Public,Submitted
2025 Disclosure Cycle,779465,CDP,59678,"City of Evanston, IL",59678,"City of Evanston, IL",City,North America,United States of America,2025 Questionnaire,Unknown,PATHWAY_3,Submitted,Public,Submitted
2025 Disclosure Cycle,779465,CDP,53959,"City of Fayetteville, AR",53959,"City of Fayetteville, AR",City,North America,United States of America,2025 Questionnaire,Unknown,PATHWAY_2,Submitted,Public,Submitted
2025 Disclosure Cycle,779465,CDP,54113,"City of Flagstaff, AZ",54113,"City of Flagstaff, AZ",City,North America,United States of America,2025 Questionnaire,Unknown,PATHWAY_2,Submitted,Public,Submitted
2025 Disclosure Cycle,779465,CDP,36285,City of Florence,36285,City of Florence,City,Europe,Italy,2025 Questionnaire,Unknown,PATHWAY_1,Submitted,Public,Submitted
2025 Disclosure Cycle,779465,CDP,54066,"City of Fort Collins, CO",54066,"City of Fort Collins, CO",City,North America,United States of America,2025 Questionnaire,Unknown,PATHWAY_2,Submitted,Public,Submitted
2025 Disclosure Cycle,779465,CDP,52896,"City of Fort Lauderdale, FL",52896,"City of Fort Lauderdale, FL",City,North America,United States of America,2025 Questionnaire,Unknown,PATHWAY_3,Submitted,Public,Submitted
2025 Disclosure Cycle,779465,CDP,831234,"City of Fredericton, NB",831234,"City of Fredericton, NB",City,North America,Canada,2025 Questionnaire,Unknown,PATHWAY_2,Submitted,Public,Submitted
2025 Disclosure Cycle,779465,CDP,54124,"City of Fremont, CA",54124,"City of Fremont, CA",City,North America,United States of America,2025 Questionnaire,Unknown,PATHWAY_2,Submitted,Public,Submitted
2025 Disclosure Cycle,779465,CDP,36262,City of Genoa,36262,City of Genoa,City,Europe,Italy,2025 Questionnaire,Unknown,PATHWAY_2,Submitted,Public,Submitted
2025 Disclosure Cycle,779465,CDP,50650,City of Gibraltar,50650,City of Gibraltar,City,Europe,Gibraltar,2025 Questionnaire,Unknown,PATHWAY_2,Submitted,Public,Submitted
2025 Disclosure Cycle,779465,CDP,42123,City of Goiânia,42123,City of Goiânia,City,Latin America,Brazil,2025 Questionnaire,Unknown,PATHWAY_1,Submitted,Public,No Response
2025 Disclosure Cycle,779465,CDP,918366,City of Gradiška,918366,City of Gradiška,City,Europe,Bosnia and Herzegovina,2025 Questionnaire,Unknown,PATHWAY_1,Submitted,Public,No Response
2025 Disclosure Cycle,779465,CDP,54034,"City of Grand Rapids, MI",54034,"City of Grand Rapids, MI",City,North America,United States of America,2025 Questionnaire,Unknown,PATHWAY_2,Submitted,Public,Submitted
2025 Disclosure Cycle,779465,CDP,54060,"City of Greater Sudbury / Grand Sudbury, ON",54060,"City of Greater Sudbury / Grand Sudbury, ON",City,North America,Canada,2025 Questionnaire,Unknown,PATHWAY_2,Submitted,Public,Submitted
2025 Disclosure Cycle,779465,CDP,50541,"City of Greensboro, NC",50541,"City of Greensboro, NC",City,North America,United States of America,2025 Questionnaire,Unknown,PATHWAY_2,Submitted,Public,Submitted
2025 Disclosure Cycle,779465,CDP,54084,"City of Guelph, ON",54084,"City of Guelph, ON",City,North America,Canada,2025 Questionnaire,Unknown,PATHWAY_2,Submitted,Public,Submitted
2025 Disclosure Cycle,779465,CDP,50555,"City of Hamilton, ON",50555,"City of Hamilton, ON",City,North America,Canada,2025 Questionnaire,Unknown,PATHWAY_3,Submitted,Public,Submitted
2025 Disclosure Cycle,779465,CDP,31165,City of Heidelberg,31165,City of Heidelberg,City,Europe,Germany,2025 Questionnaire,Unknown,PATHWAY_3,Submitted,Public,Submitted
2025 Disclosure Cycle,779465,CDP,54518,City of Helsingborg,54518,City of Helsingborg,City,Europe,Sweden,2025 Questionnaire,Unknown,PATHWAY_3,Submitted,Public,No Response
2025 Disclosure Cycle,779465,CDP,50545,"City of Henderson, NV",50545,"City of Henderson, NV",City,North America,United States of America,2025 Questionnaire,Unknown,PATHWAY_2,Submitted,Public,Submitted
2025 Disclosure Cycle,779465,CDP,59532,"City of Hoboken, NJ",59532,"City of Hoboken, NJ",City,North America,United States of America,2025 Questionnaire,Unknown,PATHWAY_2,Submitted,Public,Submitted
2025 Disclosure Cycle,779465,CDP,74680,City of Iași,74680,City of Iași,City,Europe,Romania,2025 Questionnaire,Unknown,PATHWAY_1,Submitted,Public,No Response
2025 Disclosure Cycle,779465,CDP,36036,City of Ibadan,36036,City of Ibadan,City,UKWW,Nigeria,2025 Questionnaire,Unknown,PATHWAY_2,Submitted,Public,Submitted
2025 Disclosure Cycle,779465,CDP,55161,City of Iida,55161,City of Iida,City,Japan,Japan,2025 Questionnaire,Unknown,PATHWAY_3,Submitted,Public,Submitted
2025 Disclosure Cycle,779465,CDP,59997,City of Iloilo,59997,City of Iloilo,City,South East Asia & Oceania,Philippines,2025 Questionnaire,Unknown,PATHWAY_1,Submitted,Public,No Response
2025 Disclosure Cycle,779465,CDP,43907,"City of Indianapolis, IN",43907,"City of Indianapolis, IN",City,North America,United States of America,2025 Questionnaire,Unknown,PATHWAY_3,Submitted,Public,Submitted
2025 Disclosure Cycle,779465,CDP,54111,"City of Iowa City, IA",54111,"City of Iowa City, IA",City,North America,United States of America,2025 Questionnaire,Unknown,PATHWAY_2,Submitted,Public,Submitted
2025 Disclosure Cycle,779465,CDP,31115,City of Johannesburg,31115,City of Johannesburg,City,UKWW,South Africa,2025 Questionnaire,Unknown,PATHWAY_3,Submitted,Public,Submitted
2025 Disclosure Cycle,779465,CDP,54330,City of Kawasaki,54330,City of Kawasaki,City,Japan,Japan,2025 Questionnaire,Unknown,PATHWAY_3,Submitted,Public,Submitted
2025 Disclosure Cycle,779465,CDP,53829,"City of Kingston, ON",53829,"City of Kingston, ON",City,North America,Canada,2025 Questionnaire,Unknown,PATHWAY_3,Submitted,Public,Submitted
2025 Disclosure Cycle,779465,CDP,60142,City of Kisumu,60142,City of Kisumu,City,UKWW,Kenya,2025 Questionnaire,Unknown,PATHWAY_1,Submitted,Public,Submitted
2025 Disclosure Cycle,779465,CDP,44080,City of Kitakyushu,44080,City of Kitakyushu,City,Japan,Japan,2025 Questionnaire,Unknown,PATHWAY_3,Submitted,Public,Submitted
2025 Disclosure Cycle,779465,CDP,59536,"City of Kitchener, ON",59536,"City of Kitchener, ON",City,North America,Canada,2025 Questionnaire,Unknown,PATHWAY_2,Submitted,Public,Activated
2025 Disclosure Cycle,779465,CDP,54048,"City of Knoxville, TN",54048,"City of Knoxville, TN",City,North America,United States of America,2025 Questionnaire,Unknown,PATHWAY_2,Submitted,Public,Submitted
2025 Disclosure Cycle,779465,CDP,50235,City of Kraków,50235,City of Kraków,City,Europe,Poland,2025 Questionnaire,Unknown,PATHWAY_2,Amended,Public,Submitted
2025 Disclosure Cycle,779465,CDP,36469,City of L'Aquila,36469,City of L'Aquila,City,Europe,Italy,2025 Questionnaire,Unknown,PATHWAY_1,Submitted,Public,Submitted
2025 Disclosure Cycle,779465,CDP,73295,"City of La Crosse, WI",73295,"City of La Crosse, WI",City,North America,United States of America,2025 Questionnaire,Unknown,PATHWAY_2,Submitted,Public,Submitted
2025 Disclosure Cycle,779465,CDP,2027854,"City of Lafayette, IN",2027854,"City of Lafayette, IN",City,North America,United States of America,2025 Questionnaire,Unknown,PATHWAY_2,Submitted,Public,Submitted
2025 Disclosure Cycle,779465,CDP,31167,City of Lagos,31167,City of Lagos,City,UKWW,Nigeria,2025 Questionnaire,Unknown,PATHWAY_3,Submitted,Public,Submitted
2025 Disclosure Cycle,779465,CDP,54402,City of Lahti,54402,City of Lahti,City,Europe,Finland,2025 Questionnaire,Unknown,PATHWAY_1,Submitted,Public,Submitted
2025 Disclosure Cycle,779465,CDP,54075,"City of Lakewood, CO",54075,"City of Lakewood, CO",City,North America,United States of America,2025 Questionnaire,Unknown,PATHWAY_2,Submitted,Public,Submitted
2025 Disclosure Cycle,779465,CDP,841965,"City of Lansing, MI",841965,"City of Lansing, MI",City,North America,United States of America,2025 Questionnaire,Unknown,PATHWAY_1,Submitted,Public,Submitted
2025 Disclosure Cycle,779465,CDP,60078,City of Lappeenranta,60078,City of Lappeenranta,City,Europe,Finland,2025 Questionnaire,Unknown,PATHWAY_2,Submitted,Public,Submitted
2025 Disclosure Cycle,779465,CDP,10495,"City of Las Vegas, NV",10495,"City of Las Vegas, NV",City,North America,United States of America,2025 Questionnaire,Unknown,PATHWAY_3,Submitted,Public,Submitted
2025 Disclosure Cycle,779465,CDP,931104,City of Leh,931104,City of Leh,City,India,India,2025 Questionnaire,Unknown,PATHWAY_1,Submitted,Public,Submitted
2025 Disclosure Cycle,779465,CDP,54529,City of Leicester,54529,City of Leicester,City,UKWW,United Kingdom,2025 Questionnaire,Unknown,PATHWAY_3,Submitted,Public,Submitted
2025 Disclosure Cycle,779465,CDP,834094,City of Ligao,834094,City of Ligao,City,South East Asia & Oceania,Philippines,2025 Questionnaire,Unknown,PATHWAY_3,Submitted,Public,No Response
2025 Disclosure Cycle,779465,CDP,36159,City of Lisbon,36159,City of Lisbon,City,Europe,Portugal,2025 Questionnaire,Unknown,PATHWAY_3,Submitted,Public,Submitted
2025 Disclosure Cycle,779465,CDP,54030,"City of Little Rock, AR",54030,"City of Little Rock, AR",City,North America,United States of America,2025 Questionnaire,Unknown,PATHWAY_2,Submitted,Public,Submitted
2025 Disclosure Cycle,779465,CDP,43920,City of Ljubljana,43920,City of Ljubljana,City,Europe,Slovenia,2025 Questionnaire,Unknown,PATHWAY_2,Submitted,Public,Amended
2025 Disclosure Cycle,779465,CDP,919095,City of London (City),919095,City of London (City),City,UKWW,United Kingdom,2025 Questionnaire,Unknown,PATHWAY_1,Submitted,Public,Submitted
2025 Disclosure Cycle,779465,CDP,50558,"City of London, ON",50558,"City of London, ON",City,North America,Canada,2025 Questionnaire,Unknown,PATHWAY_2,Submitted,Public,Submitted
2025 Disclosure Cycle,779465,CDP,50551,"City of Long Beach, CA",50551,"City of Long Beach, CA",City,North America,United States of America,2025 Questionnaire,Unknown,PATHWAY_2,Submitted,Public,Submitted
2025 Disclosure Cycle,779465,CDP,59696,"City of Longmont, CO",59696,"City of Longmont, CO",City,North America,United States of America,2025 Questionnaire,Unknown,PATHWAY_2,Submitted,Public,Submitted
2025 Disclosure Cycle,779465,CDP,10894,"City of Los Angeles, CA",10894,"City of Los Angeles, CA",City,North America,United States of America,2025 Questionnaire,Unknown,PATHWAY_3,Submitted,Public,Submitted
2025 Disclosure Cycle,779465,CDP,49333,"City of Louisville, KY",49333,"City of Louisville, KY",City,North America,United States of America,2025 Questionnaire,Unknown,PATHWAY_3,Submitted,Public,Submitted
2025 Disclosure Cycle,779465,CDP,50401,"City of Madison, WI",50401,"City of Madison, WI",City,North America,United States of America,2025 Questionnaire,Unknown,PATHWAY_2,Submitted,Public,Submitted
2025 Disclosure Cycle,779465,CDP,31171,City of Madrid,31171,City of Madrid,City,Europe,Spain,2025 Questionnaire,Unknown,PATHWAY_3,Submitted,Public,Submitted
2025 Disclosure Cycle,779465,CDP,43940,City of Malmö,43940,City of Malmö,City,Europe,Sweden,2025 Questionnaire,Unknown,PATHWAY_3,Submitted,Public,Submitted
2025 Disclosure Cycle,779465,CDP,840492,City of Malolos,840492,City of Malolos,City,South East Asia & Oceania,Philippines,2025 Questionnaire,Unknown,PATHWAY_1,Submitted,Public,No Response
2025 Disclosure Cycle,779465,CDP,11315,City of Manchester,11315,City of Manchester,City,UKWW,United Kingdom,2025 Questionnaire,Unknown,PATHWAY_2,Submitted,Public,Submitted
2025 Disclosure Cycle,779465,CDP,59653,"City of Manhattan Beach, CA",59653,"City of Manhattan Beach, CA",City,North America,United States of America,2025 Questionnaire,Unknown,PATHWAY_2,Submitted,Public,Submitted
2025 Disclosure Cycle,779465,CDP,43926,City of Mannheim,43926,City of Mannheim,City,Europe,Germany,2025 Questionnaire,Unknown,PATHWAY_2,Submitted,Public,Submitted
2025 Disclosure Cycle,779465,CDP,58513,"City of Medford, MA",58513,"City of Medford, MA",City,North America,United States of America,2025 Questionnaire,Unknown,PATHWAY_3,Submitted,Public,Submitted
2025 Disclosure Cycle,779465,CDP,31109,City of Melbourne,31109,City of Melbourne,City,South East Asia & Oceania,Australia,2025 Questionnaire,Unknown,PATHWAY_3,Submitted,Public,Submitted
2025 Disclosure Cycle,779465,CDP,63608,City of Melville,63608,City of Melville,City,South East Asia & Oceania,Australia,2025 Questionnaire,Unknown,PATHWAY_3,Submitted,Public,Submitted
2025 Disclosure Cycle,779465,CDP,36410,"City of Memphis, TN",36410,"City of Memphis, TN",City,North America,United States of America,2025 Questionnaire,Unknown,PATHWAY_3,Submitted,Public,Submitted
2025 Disclosure Cycle,779465,CDP,35870,"City of Miami, FL",35870,"City of Miami, FL",City,North America,United States of America,2025 Questionnaire,Unknown,PATHWAY_3,Submitted,Public,Submitted
2025 Disclosure Cycle,779465,CDP,31173,City of Milan,31173,City of Milan,City,Europe,Italy,2025 Questionnaire,Unknown,PATHWAY_3,Submitted,Public,Amended
2025 Disclosure Cycle,779465,CDP,43908,"City of Milwaukee, WI",43908,"City of Milwaukee, WI",City,North America,United States of America,2025 Questionnaire,Unknown,PATHWAY_3,Submitted,Public,Submitted
2025 Disclosure Cycle,779465,CDP,59538,"City of Mississauga, ON",59538,"City of Mississauga, ON",City,North America,Canada,2025 Questionnaire,Unknown,PATHWAY_3,Submitted,Public,Submitted
2025 Disclosure Cycle,779465,CDP,74560,"City of Moab, UT",74560,"City of Moab, UT",City,North America,United States of America,2025 Questionnaire,Unknown,PATHWAY_2,Submitted,Public,Submitted
2025 Disclosure Cycle,779465,CDP,35871,City of Monterrey,35871,City of Monterrey,City,Latin America,Mexico,2025 Questionnaire,Unknown,PATHWAY_3,Submitted,Public,Submitted
2025 Disclosure Cycle,779465,CDP,59677,"City of Mountain View, CA",59677,"City of Mountain View, CA",City,North America,United States of America,2025 Questionnaire,Unknown,PATHWAY_1,Submitted,Public,Submitted
2025 Disclosure Cycle,779465,CDP,31178,City of Mumbai,31178,City of Mumbai,City,India,India,2025 Questionnaire,Unknown,PATHWAY_3,Submitted,Public,Submitted
2025 Disclosure Cycle,779465,CDP,54439,City of Münster,54439,City of Münster,City,Europe,Germany,2025 Questionnaire,Unknown,PATHWAY_2,Submitted,Public,Submitted
2025 Disclosure Cycle,779465,CDP,73737,"City of Naga, Camarines Sur",73737,"City of Naga, Camarines Sur",City,South East Asia & Oceania,Philippines,2025 Questionnaire,Unknown,PATHWAY_1,Submitted,Public,No Response
2025 Disclosure Cycle,779465,CDP,35913,City of Nairobi,35913,City of Nairobi,City,UKWW,Kenya,2025 Questionnaire,Unknown,PATHWAY_3,Submitted,Public,Submitted
2025 Disclosure Cycle,779465,CDP,60140,City of Nakuru,60140,City of Nakuru,City,UKWW,Kenya,2025 Questionnaire,Unknown,PATHWAY_1,Submitted,Public,Submitted
2025 Disclosure Cycle,779465,CDP,854050,"City of Nanaimo, BC",854050,"City of Nanaimo, BC",City,North America,Canada,2025 Questionnaire,Unknown,PATHWAY_2,Submitted,Public,Submitted
2025 Disclosure Cycle,779465,CDP,53937,"City of Naperville, IL",53937,"City of Naperville, IL",City,North America,United States of America,2025 Questionnaire,Unknown,PATHWAY_2,Submitted,Public,Submitted
2025 Disclosure Cycle,779465,CDP,58668,"City of New Bedford, MA",58668,"City of New Bedford, MA",City,North America,United States of America,2025 Questionnaire,Unknown,PATHWAY_2,Submitted,Public,Submitted
2025 Disclosure Cycle,779465,CDP,13067,"City of New Orleans, LA",13067,"City of New Orleans, LA",City,North America,United States of America,2025 Questionnaire,Unknown,PATHWAY_3,Submitted,Public,Submitted
2025 Disclosure Cycle,779465,CDP,54328,City of Niigata,54328,City of Niigata,City,Japan,Japan,2025 Questionnaire,Unknown,PATHWAY_3,Submitted,Public,Submitted
2025 Disclosure Cycle,779465,CDP,74539,"City of Oberlin, OH",74539,"City of Oberlin, OH",City,North America,United States of America,2025 Questionnaire,Unknown,PATHWAY_2,Submitted,Public,Submitted
2025 Disclosure Cycle,779465,CDP,49347,"City of Omaha, NE",49347,"City of Omaha, NE",City,North America,United States of America,2025 Questionnaire,Unknown,PATHWAY_2,Submitted,Public,Submitted
2025 Disclosure Cycle,779465,CDP,930332,"City of Orillia, ON",930332,"City of Orillia, ON",City,North America,Canada,2025 Questionnaire,Unknown,PATHWAY_2,Submitted,Public,Submitted
2025 Disclosure Cycle,779465,CDP,43909,"City of Orlando, FL",43909,"City of Orlando, FL",City,North America,United States of America,2025 Questionnaire,Unknown,PATHWAY_3,Submitted,Public,Submitted
2025 Disclosure Cycle,779465,CDP,848981,City of Ormoc,848981,City of Ormoc,City,South East Asia & Oceania,Philippines,2025 Questionnaire,Unknown,PATHWAY_1,Submitted,Public,Submitted
2025 Disclosure Cycle,779465,CDP,43911,"City of Ottawa, ON",43911,"City of Ottawa, ON",City,North America,Canada,2025 Questionnaire,Unknown,PATHWAY_3,Submitted,Public,Submitted
2025 Disclosure Cycle,779465,CDP,54410,City of Oulu,54410,City of Oulu,City,Europe,Finland,2025 Questionnaire,Unknown,PATHWAY_2,Submitted,Public,Submitted
2025 Disclosure Cycle,779465,CDP,862760,"City of Oxford, OH",862760,"City of Oxford, OH",City,North America,United States of America,2025 Questionnaire,Unknown,PATHWAY_2,Submitted,Public,Submitted
2025 Disclosure Cycle,779465,CDP,36496,City of Palermo,36496,City of Palermo,City,Europe,Italy,2025 Questionnaire,Unknown,PATHWAY_2,Submitted,Public,Submitted
2025 Disclosure Cycle,779465,CDP,54119,"City of Palo Alto, CA",54119,"City of Palo Alto, CA",City,North America,United States of America,2025 Questionnaire,Unknown,PATHWAY_2,Submitted,Public,Submitted
2025 Disclosure Cycle,779465,CDP,31175,City of Paris,31175,City of Paris,City,Europe,France,2025 Questionnaire,Unknown,PATHWAY_3,Submitted,Public,Submitted
2025 Disclosure Cycle,779465,CDP,54088,"City of Peterborough, ON",54088,"City of Peterborough, ON",City,North America,Canada,2025 Questionnaire,Unknown,PATHWAY_2,Submitted,Public,Submitted
2025 Disclosure Cycle,779465,CDP,31181,"City of Philadelphia, PA",31181,"City of Philadelphia, PA",City,North America,United States of America,2025 Questionnaire,Unknown,PATHWAY_3,Submitted,Public,Submitted
2025 Disclosure Cycle,779465,CDP,35874,"City of Phoenix, AZ",35874,"City of Phoenix, AZ",City,North America,United States of America,2025 Questionnaire,Unknown,PATHWAY_3,Submitted,Public,Submitted
2025 Disclosure Cycle,779465,CDP,60656,"City of Piedmont, CA",60656,"City of Piedmont, CA",City,North America,United States of America,2025 Questionnaire,Unknown,PATHWAY_2,Submitted,Public,Submitted
2025 Disclosure Cycle,779465,CDP,37261,City of Pietermaritzburg,37261,City of Pietermaritzburg,City,UKWW,South Africa,2025 Questionnaire,Unknown,PATHWAY_2,Submitted,Public,Submitted
2025 Disclosure Cycle,779465,CDP,35877,"City of Pittsburgh, PA",35877,"City of Pittsburgh, PA",City,North America,United States of America,2025 Questionnaire,Unknown,PATHWAY_1,Submitted,Public,Submitted
2025 Disclosure Cycle,779465,CDP,62793,City of Ploiești,62793,City of Ploiești,City,Europe,Romania,2025 Questionnaire,Unknown,PATHWAY_1,Submitted,Public,No Response
2025 Disclosure Cycle,779465,CDP,35274,"City of Portland, ME",35274,"City of Portland, ME",City,North America,United States of America,2025 Questionnaire,Unknown,PATHWAY_2,Submitted,Public,Submitted
2025 Disclosure Cycle,779465,CDP,14874,"City of Portland, OR",14874,"City of Portland, OR",City,North America,United States of America,2025 Questionnaire,Unknown,PATHWAY_3,Submitted,Public,Submitted
2025 Disclosure Cycle,779465,CDP,46514,City of Porto,46514,City of Porto,City,Europe,Portugal,2025 Questionnaire,Unknown,PATHWAY_3,Submitted,Public,Submitted
2025 Disclosure Cycle,779465,CDP,866890,"City of Prairie Village, KS",866890,"City of Prairie Village, KS",City,North America,United States of America,2025 Questionnaire,Unknown,PATHWAY_2,Submitted,Public,Submitted
2025 Disclosure Cycle,779465,CDP,36501,City of Prato,36501,City of Prato,City,Europe,Italy,2025 Questionnaire,Unknown,PATHWAY_1,Amended,Public,Submitted
2025 Disclosure Cycle,779465,CDP,49327,"City of Providence, RI",49327,"City of Providence, RI",City,North America,United States of America,2025 Questionnaire,Unknown,PATHWAY_1,Amended,Public,Activated
2025 Disclosure Cycle,779465,CDP,59985,City of Puerto Princesa,59985,City of Puerto Princesa,City,South East Asia & Oceania,Philippines,2025 Questionnaire,Unknown,PATHWAY_1,Submitted,Public,Submitted
2025 Disclosure Cycle,779465,CDP,54040,"City of Regina, SK",54040,"City of Regina, SK",City,North America,Canada,2025 Questionnaire,Unknown,PATHWAY_2,Submitted,Public,Submitted
2025 Disclosure Cycle,779465,CDP,54128,"City of Reno, NV",54128,"City of Reno, NV",City,North America,United States of America,2025 Questionnaire,Unknown,PATHWAY_2,Submitted,Public,Submitted
2025 Disclosure Cycle,779465,CDP,54459,City of Reykjavík,54459,City of Reykjavík,City,Europe,Iceland,2025 Questionnaire,Unknown,PATHWAY_1,Submitted,Public,Submitted
2025 Disclosure Cycle,779465,CDP,918239,City of Reșița,918239,City of Reșița,City,Europe,Romania,2025 Questionnaire,Unknown,PATHWAY_1,Submitted,Public,No Response
2025 Disclosure Cycle,779465,CDP,49334,"City of Richmond, VA",49334,"City of Richmond, VA",City,North America,United States of America,2025 Questionnaire,Unknown,PATHWAY_2,Submitted,Public,Submitted
2025 Disclosure Cycle,779465,CDP,49342,"City of Rochester, NY",49342,"City of Rochester, NY",City,North America,United States of America,2025 Questionnaire,Unknown,PATHWAY_1,Submitted,Public,Submitted
2025 Disclosure Cycle,779465,CDP,31110,City of Rome,31110,City of Rome,City,Europe,Italy,2025 Questionnaire,Unknown,PATHWAY_3,Submitted,Public,Submitted
2025 Disclosure Cycle,779465,CDP,60183,City of Rzeszów,60183,City of Rzeszów,City,Europe,Poland,2025 Questionnaire,Unknown,PATHWAY_2,Submitted,Public,Submitted
2025 Disclosure Cycle,779465,CDP,35878,"City of Sacramento, CA",35878,"City of Sacramento, CA",City,North America,United States of America,2025 Questionnaire,Unknown,PATHWAY_1,Submitted,Public,Activated
2025 Disclosure Cycle,779465,CDP,54331,City of Sagamihara,54331,City of Sagamihara,City,Japan,Japan,2025 Questionnaire,Unknown,PATHWAY_2,Submitted,Public,Submitted
2025 Disclosure Cycle,779465,CDP,54096,"City of Saint John, NB",54096,"City of Saint John, NB",City,North America,Canada,2025 Questionnaire,Unknown,PATHWAY_1,Submitted,Public,Submitted
2025 Disclosure Cycle,779465,CDP,50572,"City of Saint Paul, MN",50572,"City of Saint Paul, MN",City,North America,United States of America,2025 Questionnaire,Unknown,PATHWAY_2,Submitted,Public,Submitted
2025 Disclosure Cycle,779465,CDP,58871,"City of Salem, MA",58871,"City of Salem, MA",City,North America,United States of America,2025 Questionnaire,Unknown,PATHWAY_3,Submitted,Public,Submitted
2025 Disclosure Cycle,779465,CDP,42120,City of Salvador,42120,City of Salvador,City,Latin America,Brazil,2025 Questionnaire,Unknown,PATHWAY_3,Submitted,Public,Submitted
2025 Disclosure Cycle,779465,CDP,2044740,City of Samal,2044740,City of Samal,City,South East Asia & Oceania,Philippines,2025 Questionnaire,Unknown,PATHWAY_1,Submitted,Public,Unknown
2025 Disclosure Cycle,779465,CDP,43905,"City of San Antonio, TX",43905,"City of San Antonio, TX",City,North America,United States of America,2025 Questionnaire,Unknown,PATHWAY_3,Submitted,Public,Submitted
2025 Disclosure Cycle,779465,CDP,35884,"City of San Diego, CA",35884,"City of San Diego, CA",City,North America,United States of America,2025 Questionnaire,Unknown,PATHWAY_3,Submitted,Public,Submitted
2025 Disclosure Cycle,779465,CDP,840158,"City of San Fernando, La Union",840158,"City of San Fernando, La Union",City,South East Asia & Oceania,Philippines,2025 Questionnaire,Unknown,PATHWAY_3,Submitted,Public,No Response
2025 Disclosure Cycle,779465,CDP,31182,"City of San Francisco, CA",31182,"City of San Francisco, CA",City,North America,United States of America,2025 Questionnaire,Unknown,PATHWAY_3,Submitted,Public,Submitted
2025 Disclosure Cycle,779465,CDP,35883,"City of San José, CA",35883,"City of San José, CA",City,North America,United States of America,2025 Questionnaire,Unknown,PATHWAY_3,Submitted,Public,Submitted
2025 Disclosure Cycle,779465,CDP,59633,"City of Santa Cruz, CA",59633,"City of Santa Cruz, CA",City,North America,United States of America,2025 Questionnaire,Unknown,PATHWAY_2,Submitted,Public,Submitted
2025 Disclosure Cycle,779465,CDP,54110,"City of Santa Monica, CA",54110,"City of Santa Monica, CA",City,North America,United States of America,2025 Questionnaire,Unknown,PATHWAY_2,Submitted,Public,Submitted
2025 Disclosure Cycle,779465,CDP,60007,City of Santa Rosa,60007,City of Santa Rosa,City,South East Asia & Oceania,Philippines,2025 Questionnaire,Unknown,PATHWAY_1,Submitted,Public,No Response
2025 Disclosure Cycle,779465,CDP,36219,City of Sapporo,36219,City of Sapporo,City,Japan,Japan,2025 Questionnaire,Unknown,PATHWAY_3,Submitted,Public,Submitted
2025 Disclosure Cycle,779465,CDP,60097,City of Sarajevo,60097,City of Sarajevo,City,Europe,Bosnia and Herzegovina,2025 Questionnaire,Unknown,PATHWAY_1,Submitted,Public,Submitted
2025 Disclosure Cycle,779465,CDP,50568,"City of Saskatoon, SK",50568,"City of Saskatoon, SK",City,North America,Canada,2025 Questionnaire,Unknown,PATHWAY_2,Submitted,Public,Submitted
2025 Disclosure Cycle,779465,CDP,16581,"City of Seattle, WA",16581,"City of Seattle, WA",City,North America,United States of America,2025 Questionnaire,Unknown,PATHWAY_3,Submitted,Public,Submitted
2025 Disclosure Cycle,779465,CDP,862673,"City of Selkirk, MB",862673,"City of Selkirk, MB",City,North America,Canada,2025 Questionnaire,Unknown,PATHWAY_3,Submitted,Public,Submitted
2025 Disclosure Cycle,779465,CDP,51075,City of Shenzhen,51075,City of Shenzhen,City,China,China,2025 Questionnaire,Unknown,PATHWAY_3,Submitted,Public,Submitted
2025 Disclosure Cycle,779465,CDP,55180,City of Shizuoka,55180,City of Shizuoka,City,Japan,Japan,2025 Questionnaire,Unknown,PATHWAY_3,Submitted,Public,Submitted
2025 Disclosure Cycle,779465,CDP,74568,"City of Shoreline, WA",74568,"City of Shoreline, WA",City,North America,United States of America,2025 Questionnaire,Unknown,PATHWAY_2,Submitted,Public,Submitted
2025 Disclosure Cycle,779465,CDP,60187,City of Solna,60187,City of Solna,City,Europe,Sweden,2025 Questionnaire,Unknown,PATHWAY_1,Submitted,Public,No Response
2025 Disclosure Cycle,779465,CDP,63562,"City of South Bend, IN",63562,"City of South Bend, IN",City,North America,United States of America,2025 Questionnaire,Unknown,PATHWAY_2,Submitted,Public,Submitted
2025 Disclosure Cycle,779465,CDP,54029,"City of Spokane, WA",54029,"City of Spokane, WA",City,North America,United States of America,2025 Questionnaire,Unknown,PATHWAY_3,Submitted,Public,Submitted
2025 Disclosure Cycle,779465,CDP,930758,City of Srebrenik,930758,City of Srebrenik,City,Europe,Bosnia and Herzegovina,2025 Questionnaire,Unknown,PATHWAY_3,Submitted,Public,No Response
2025 Disclosure Cycle,779465,CDP,50559,"City of St Catharines, ON",50559,"City of St Catharines, ON",City,North America,Canada,2025 Questionnaire,Unknown,PATHWAY_2,Submitted,Public,Submitted
2025 Disclosure Cycle,779465,CDP,54027,"City of St. John's, NL",54027,"City of St. John's, NL",City,North America,Canada,2025 Questionnaire,Unknown,PATHWAY_2,Submitted,Public,Submitted
2025 Disclosure Cycle,779465,CDP,49172,"City of St. Petersburg, FL",49172,"City of St. Petersburg, FL",City,North America,United States of America,2025 Questionnaire,Unknown,PATHWAY_2,Submitted,Public,Submitted
2025 Disclosure Cycle,779465,CDP,3429,City of Stockholm,3429,City of Stockholm,City,Europe,Sweden,2025 Questionnaire,Unknown,PATHWAY_3,Submitted,Public,Submitted
2025 Disclosure Cycle,779465,CDP,50569,"City of Stockton, CA",50569,"City of Stockton, CA",City,North America,United States of America,2025 Questionnaire,Unknown,PATHWAY_1,Submitted,Public,Submitted
2025 Disclosure Cycle,779465,CDP,54080,"City of Sunnyvale, CA",54080,"City of Sunnyvale, CA",City,North America,United States of America,2025 Questionnaire,Unknown,PATHWAY_3,Submitted,Public,No Response
2025 Disclosure Cycle,779465,CDP,31114,City of Sydney,31114,City of Sydney,City,South East Asia & Oceania,Australia,2025 Questionnaire,Unknown,PATHWAY_3,Submitted,Public,Submitted
2025 Disclosure Cycle,779465,CDP,54026,"City of Tacoma, WA",54026,"City of Tacoma, WA",City,North America,United States of America,2025 Questionnaire,Unknown,PATHWAY_2,Submitted,Public,Submitted
2025 Disclosure Cycle,779465,CDP,59563,"City of Takoma Park, MD",59563,"City of Takoma Park, MD",City,North America,United States of America,2025 Questionnaire,Unknown,PATHWAY_2,Submitted,Public,Submitted
2025 Disclosure Cycle,779465,CDP,36152,City of Tallinn,36152,City of Tallinn,City,Europe,Estonia,2025 Questionnaire,Unknown,PATHWAY_3,Submitted,Public,Submitted
2025 Disclosure Cycle,779465,CDP,35882,"City of Tampa, FL",35882,"City of Tampa, FL",City,North America,United States of America,2025 Questionnaire,Unknown,PATHWAY_2,Submitted,Public,Submitted
2025 Disclosure Cycle,779465,CDP,54403,City of Tampere,54403,City of Tampere,City,Europe,Finland,2025 Questionnaire,Unknown,PATHWAY_3,Submitted,Public,Submitted
2025 Disclosure Cycle,779465,CDP,834120,City of Tanjungpinang,834120,City of Tanjungpinang,City,South East Asia & Oceania,Indonesia,2025 Questionnaire,Unknown,PATHWAY_1,Submitted,Public,Submitted
2025 Disclosure Cycle,779465,CDP,60126,City of Tartu,60126,City of Tartu,City,Europe,Estonia,2025 Questionnaire,Unknown,PATHWAY_1,Submitted,Public,Submitted
2025 Disclosure Cycle,779465,CDP,53921,"City of Tempe, AZ",53921,"City of Tempe, AZ",City,North America,United States of America,2025 Questionnaire,Unknown,PATHWAY_2,Submitted,Public,Submitted
2025 Disclosure Cycle,779465,CDP,55468,"City of Thousand Oaks, CA",55468,"City of Thousand Oaks, CA",City,North America,United States of America,2025 Questionnaire,Unknown,PATHWAY_2,Submitted,Public,Submitted
2025 Disclosure Cycle,779465,CDP,54098,"City of Thunder Bay, ON",54098,"City of Thunder Bay, ON",City,North America,Canada,2025 Questionnaire,Unknown,PATHWAY_1,Submitted,Public,Submitted
2025 Disclosure Cycle,779465,CDP,50565,"City of Toledo, OH",50565,"City of Toledo, OH",City,North America,United States of America,2025 Questionnaire,Unknown,PATHWAY_2,Submitted,Public,Submitted
2025 Disclosure Cycle,779465,CDP,31117,"City of Toronto, ON",31117,"City of Toronto, ON",City,North America,Canada,2025 Questionnaire,Unknown,PATHWAY_3,Submitted,Public,Submitted
2025 Disclosure Cycle,779465,CDP,36517,City of Treviso,36517,City of Treviso,City,Europe,Italy,2025 Questionnaire,Unknown,PATHWAY_2,Submitted,Public,Submitted
2025 Disclosure Cycle,779465,CDP,834382,City of Trollhättan,834382,City of Trollhättan,City,Europe,Sweden,2025 Questionnaire,Unknown,PATHWAY_1,Submitted,Public,No Response
2025 Disclosure Cycle,779465,CDP,49360,City of Tshwane,49360,City of Tshwane,City,UKWW,South Africa,2025 Questionnaire,Unknown,PATHWAY_3,Submitted,Public,Submitted
2025 Disclosure Cycle,779465,CDP,863412,"City of Tumwater, WA",863412,"City of Tumwater, WA",City,North America,United States of America,2025 Questionnaire,Unknown,PATHWAY_2,Submitted,Public,Submitted
2025 Disclosure Cycle,779465,CDP,35886,City of Turin,35886,City of Turin,City,Europe,Italy,2025 Questionnaire,Unknown,PATHWAY_1,Submitted,Public,Submitted
2025 Disclosure Cycle,779465,CDP,50154,City of Turku,50154,City of Turku,City,Europe,Finland,2025 Questionnaire,Unknown,PATHWAY_3,Submitted,Public,Submitted
2025 Disclosure Cycle,779465,CDP,60151,City of Tuzla (Bosnia-Herzegovina),60151,City of Tuzla (Bosnia-Herzegovina),City,Europe,Bosnia and Herzegovina,2025 Questionnaire,Unknown,PATHWAY_1,Submitted,Public,No Response
2025 Disclosure Cycle,779465,CDP,59562,"City of Urbana, IL",59562,"City of Urbana, IL",City,North America,United States of America,2025 Questionnaire,Unknown,PATHWAY_2,Submitted,Public,Submitted
2025 Disclosure Cycle,779465,CDP,20113,"City of Vancouver, BC",20113,"City of Vancouver, BC",City,North America,Canada,2025 Questionnaire,Unknown,PATHWAY_3,Submitted,Public,Submitted
2025 Disclosure Cycle,779465,CDP,36254,City of Venice,36254,City of Venice,City,Europe,Italy,2025 Questionnaire,Unknown,PATHWAY_1,Submitted,Public,Submitted
2025 Disclosure Cycle,779465,CDP,31185,City of Warsaw,31185,City of Warsaw,City,Europe,Poland,2025 Questionnaire,Unknown,PATHWAY_3,Submitted,Public,Submitted
2025 Disclosure Cycle,779465,CDP,841970,"City of West Lafayette, IN",841970,"City of West Lafayette, IN",City,North America,United States of America,2025 Questionnaire,Unknown,PATHWAY_1,Submitted,Public,Submitted
2025 Disclosure Cycle,779465,CDP,55801,"City of West Palm Beach, FL",55801,"City of West Palm Beach, FL",City,North America,United States of America,2025 Questionnaire,Unknown,PATHWAY_2,Submitted,Public,Submitted
2025 Disclosure Cycle,779465,CDP,50577,"City of Wichita, KS",50577,"City of Wichita, KS",City,North America,United States of America,2025 Questionnaire,Unknown,PATHWAY_2,Submitted,Public,Submitted
2025 Disclosure Cycle,779465,CDP,50578,"City of Windsor, ON",50578,"City of Windsor, ON",City,North America,Canada,2025 Questionnaire,Unknown,PATHWAY_2,Submitted,Public,Submitted
2025 Disclosure Cycle,779465,CDP,50579,"City of Winnipeg, MB",50579,"City of Winnipeg, MB",City,North America,Canada,2025 Questionnaire,Unknown,PATHWAY_3,Submitted,Public,Submitted
2025 Disclosure Cycle,779465,CDP,74508,"City of Winona, MN",74508,"City of Winona, MN",City,North America,United States of America,2025 Questionnaire,Unknown,PATHWAY_2,Submitted,Public,Submitted
2025 Disclosure Cycle,779465,CDP,54144,City of Yarra,54144,City of Yarra,City,South East Asia & Oceania,Australia,2025 Questionnaire,Unknown,PATHWAY_2,Submitted,Public,Submitted
2025 Disclosure Cycle,779465,CDP,31113,City of Yokohama,31113,City of Yokohama,City,Japan,Japan,2025 Questionnaire,Unknown,PATHWAY_3,Submitted,Public,Submitted
2025 Disclosure Cycle,779465,CDP,58613,City of York Council,58613,City of York Council,City,UKWW,United Kingdom,2025 Questionnaire,Unknown,PATHWAY_2,Submitted,Public,Submitted
2025 Disclosure Cycle,779465,CDP,848564,City of Zadar,848564,City of Zadar,City,Europe,Croatia,2025 Questionnaire,Unknown,PATHWAY_1,Submitted,Public,Submitted
2025 Disclosure Cycle,779465,CDP,43921,City of Zagreb,43921,City of Zagreb,City,Europe,Croatia,2025 Questionnaire,Unknown,PATHWAY_2,Submitted,Public,Submitted
2025 Disclosure Cycle,779465,CDP,35449,City of Zürich,35449,City of Zürich,City,Europe,Switzerland,2025 Questionnaire,Unknown,PATHWAY_1,Submitted,Public,Submitted
2025 Disclosure Cycle,779465,CDP,31153,City-State of Berlin,31153,City-State of Berlin,City,Europe,Germany,2025 Questionnaire,Unknown,PATHWAY_3,Submitted,Public,Submitted
2025 Disclosure Cycle,779465,CDP,50357,Ciudad de Mendoza,50357,Ciudad de Mendoza,City,Latin America,Argentina,2025 Questionnaire,Unknown,PATHWAY_1,Submitted,Public,Submitted
2025 Disclosure Cycle,779465,CDP,54308,Coimbatore City Municipal Corporation,54308,Coimbatore City Municipal Corporation,City,India,India,2025 Questionnaire,Unknown,PATHWAY_1,Submitted,Public,Submitted
2025 Disclosure Cycle,779465,CDP,924872,"Colón, Entre Rios",924872,"Colón, Entre Rios",City,Latin America,Argentina,2025 Questionnaire,Unknown,PATHWAY_1,Submitted,Public,No Response
2025 Disclosure Cycle,779465,CDP,73413,Commune de Cocody,73413,Commune de Cocody,City,UKWW,Côte d'Ivoire,2025 Questionnaire,Unknown,PATHWAY_1,Submitted,Public,Submitted
2025 Disclosure Cycle,779465,CDP,31009,Copenhagen Municipality,31009,Copenhagen Municipality,City,Europe,Denmark,2025 Questionnaire,Unknown,PATHWAY_3,Submitted,Public,Submitted
2025 Disclosure Cycle,779465,CDP,831431,Cornwall Council,831431,Cornwall Council,City,UKWW,United Kingdom,2025 Questionnaire,Unknown,PATHWAY_2,Submitted,Public,Submitted
2025 Disclosure Cycle,779465,CDP,55317,County Galway,55317,County Galway,City,Europe,Ireland,2025 Questionnaire,Unknown,PATHWAY_1,Submitted,Public,Submitted
2025 Disclosure Cycle,779465,CDP,31051,Coventry City Council,31051,Coventry City Council,City,UKWW,United Kingdom,2025 Questionnaire,Unknown,PATHWAY_1,Submitted,Public,Submitted
2025 Disclosure Cycle,779465,CDP,73666,"Cuyahoga County, OH",73666,"Cuyahoga County, OH",City,North America,United States of America,2025 Questionnaire,Unknown,PATHWAY_3,Submitted,Public,Submitted
2025 Disclosure Cycle,779465,CDP,2044758,Cà Mau City,2044758,Cà Mau City,City,South East Asia & Oceania,Viet Nam,2025 Questionnaire,Unknown,PATHWAY_1,Submitted,Public,Unknown
2025 Disclosure Cycle,779465,CDP,44180,Daegu Metropolitan City,44180,Daegu Metropolitan City,City,South East Asia & Oceania,Korea (The Republic of),2025 Questionnaire,Unknown,PATHWAY_3,Submitted,Public,Submitted
2025 Disclosure Cycle,779465,CDP,54298,Dalian Municipal People's Government,54298,Dalian Municipal People's Government,City,China,China,2025 Questionnaire,Unknown,PATHWAY_3,Submitted,Public,Submitted
2025 Disclosure Cycle,779465,CDP,74575,"Dane County, WI",74575,"Dane County, WI",City,North America,United States of America,2025 Questionnaire,Unknown,PATHWAY_3,Submitted,Public,Submitted
2025 Disclosure Cycle,779465,CDP,44299,Dangjin City,44299,Dangjin City,City,South East Asia & Oceania,Korea (The Republic of),2025 Questionnaire,Unknown,PATHWAY_3,Submitted,Public,Submitted
2025 Disclosure Cycle,779465,CDP,2012303,Dartmoor National Park Authority,2012303,Dartmoor National Park Authority,City,UKWW,United Kingdom,2025 Questionnaire,Unknown,PATHWAY_2,Submitted,Public,Submitted
2025 Disclosure Cycle,779465,CDP,866900,Delicias,866900,Delicias,City,Latin America,Mexico,2025 Questionnaire,Unknown,PATHWAY_3,Submitted,Public,No Response
2025 Disclosure Cycle,779465,CDP,54339,Denpasar City Government,54339,Denpasar City Government,City,South East Asia & Oceania,Indonesia,2025 Questionnaire,Unknown,PATHWAY_1,Submitted,Public,Submitted
2025 Disclosure Cycle,779465,CDP,884005,Dhaka South City,884005,Dhaka South City,City,India,Bangladesh,2025 Questionnaire,Unknown,PATHWAY_3,Submitted,Public,Submitted
2025 Disclosure Cycle,779465,CDP,895655,Dhankuta,895655,Dhankuta,City,India,Nepal,2025 Questionnaire,Unknown,PATHWAY_1,Submitted,Public,No Response
2025 Disclosure Cycle,779465,CDP,841976,Dhulikhel Municipality,841976,Dhulikhel Municipality,City,India,Nepal,2025 Questionnaire,Unknown,PATHWAY_1,Submitted,Public,Activated
2025 Disclosure Cycle,779465,CDP,61467,Dipolog City,61467,Dipolog City,City,South East Asia & Oceania,Philippines,2025 Questionnaire,Unknown,PATHWAY_1,Submitted,Public,Submitted
2025 Disclosure Cycle,779465,CDP,60625,Dire Dawa,60625,Dire Dawa,City,UKWW,Ethiopia,2025 Questionnaire,Unknown,PATHWAY_1,Submitted,Public,Submitted
2025 Disclosure Cycle,779465,CDP,31090,"District of Columbia, DC",31090,"District of Columbia, DC",City,North America,United States of America,2025 Questionnaire,Unknown,PATHWAY_3,Submitted,Public,Submitted
2025 Disclosure Cycle,779465,CDP,862953,"District of North Vancouver, BC",862953,"District of North Vancouver, BC",City,North America,Canada,2025 Questionnaire,Unknown,PATHWAY_1,Submitted,Public,Submitted
2025 Disclosure Cycle,779465,CDP,59572,"District of Saanich, BC",59572,"District of Saanich, BC",City,North America,Canada,2025 Questionnaire,Unknown,PATHWAY_1,Submitted,Public,Submitted
2025 Disclosure Cycle,779465,CDP,42178,Distrito Metropolitano de Quito,42178,Distrito Metropolitano de Quito,City,Latin America,Ecuador,2025 Questionnaire,Unknown,PATHWAY_3,Submitted,Public,Submitted
2025 Disclosure Cycle,779465,CDP,834126,Dobong-gu District of Seoul,834126,Dobong-gu District of Seoul,City,South East Asia & Oceania,Korea (The Republic of),2025 Questionnaire,Unknown,PATHWAY_3,Submitted,Public,Submitted
2025 Disclosure Cycle,779465,CDP,60113,Dundee City Council,60113,Dundee City Council,City,UKWW,United Kingdom,2025 Questionnaire,Unknown,PATHWAY_2,Submitted,Public,Submitted
2025 Disclosure Cycle,779465,CDP,54268,Dunedin City Council,54268,Dunedin City Council,City,South East Asia & Oceania,New Zealand,2025 Questionnaire,Unknown,PATHWAY_2,Submitted,Public,Submitted
2025 Disclosure Cycle,779465,CDP,863224,East Central Florida Regional Planning Council,863224,East Central Florida Regional Planning Council,City,North America,United States of America,2025 Questionnaire,Unknown,PATHWAY_3,Submitted,Public,Submitted
2025 Disclosure Cycle,779465,CDP,35864,Ekurhuleni Metropolitan Municipality,35864,Ekurhuleni Metropolitan Municipality,City,UKWW,South Africa,2025 Questionnaire,Unknown,PATHWAY_3,Submitted,Public,Submitted
2025 Disclosure Cycle,779465,CDP,2027864,El Trebol,2027864,El Trebol,City,Latin America,Argentina,2025 Questionnaire,Unknown,PATHWAY_1,Submitted,Public,No Response
2025 Disclosure Cycle,779465,CDP,73734,Envigado,73734,Envigado,City,Latin America,Colombia,2025 Questionnaire,Unknown,PATHWAY_1,Submitted,Public,Submitted
2025 Disclosure Cycle,779465,CDP,43938,"Environment and Climate Change Authority, Govt of Dubai",43938,"Environment and Climate Change Authority, Govt of Dubai",City,UKWW,United Arab Emirates,2025 Questionnaire,Unknown,PATHWAY_3,Submitted,Public,Submitted
2025 Disclosure Cycle,779465,CDP,5871,Essex County Council,5871,Essex County Council,City,UKWW,United Kingdom,2025 Questionnaire,Unknown,PATHWAY_3,Submitted,Public,Submitted
2025 Disclosure Cycle,779465,CDP,2012305,Exmoor National Park Authority,2012305,Exmoor National Park Authority,City,UKWW,United Kingdom,2025 Questionnaire,Unknown,PATHWAY_2,Submitted,Public,Submitted
2025 Disclosure Cycle,779465,CDP,852443,"Ferndale, MI",852443,"Ferndale, MI",City,North America,United States of America,2025 Questionnaire,Unknown,PATHWAY_2,Submitted,Public,Submitted
2025 Disclosure Cycle,779465,CDP,49367,Freetown City,49367,Freetown City,City,UKWW,Sierra Leone,2025 Questionnaire,Unknown,PATHWAY_3,Submitted,Public,Submitted
2025 Disclosure Cycle,779465,CDP,923490,Frutillar,923490,Frutillar,City,Latin America,Chile,2025 Questionnaire,Unknown,PATHWAY_1,Submitted,Public,No Response
2025 Disclosure Cycle,779465,CDP,834131,Fuji City,834131,Fuji City,City,Japan,Japan,2025 Questionnaire,Unknown,PATHWAY_1,Submitted,Public,Submitted
2025 Disclosure Cycle,779465,CDP,36218,Fukuoka City,36218,Fukuoka City,City,Japan,Japan,2025 Questionnaire,Unknown,PATHWAY_3,Submitted,Public,Submitted
2025 Disclosure Cycle,779465,CDP,852445,"Gainesville, FL",852445,"Gainesville, FL",City,North America,United States of America,2025 Questionnaire,Unknown,PATHWAY_2,Submitted,Public,Submitted
2025 Disclosure Cycle,779465,CDP,50203,Gaziantep Metropolitan Municipality,50203,Gaziantep Metropolitan Municipality,City,UKWW,Türkiye,2025 Questionnaire,Unknown,PATHWAY_2,Submitted,Public,Submitted
2025 Disclosure Cycle,779465,CDP,834142,George Local Municipality,834142,George Local Municipality,City,UKWW,South Africa,2025 Questionnaire,Unknown,PATHWAY_1,Submitted,Public,Submitted
2025 Disclosure Cycle,779465,CDP,68265,Georges River Council,68265,Georges River Council,City,South East Asia & Oceania,Australia,2025 Questionnaire,Unknown,PATHWAY_2,Submitted,Public,Submitted
2025 Disclosure Cycle,779465,CDP,73795,Girardota,73795,Girardota,City,Latin America,Colombia,2025 Questionnaire,Unknown,PATHWAY_1,Submitted,Public,Activated
2025 Disclosure Cycle,779465,CDP,31055,Glasgow City Council,31055,Glasgow City Council,City,UKWW,United Kingdom,2025 Questionnaire,Unknown,PATHWAY_3,Submitted,Public,Submitted
2025 Disclosure Cycle,779465,CDP,73671,Godoy Cruz,73671,Godoy Cruz,City,Latin America,Argentina,2025 Questionnaire,Unknown,PATHWAY_1,Submitted,Public,No Response
2025 Disclosure Cycle,779465,CDP,863205,Gorontalo Regency,863205,Gorontalo Regency,City,South East Asia & Oceania,Indonesia,2025 Questionnaire,Unknown,PATHWAY_1,Submitted,Public,Submitted
2025 Disclosure Cycle,779465,CDP,31169,Government of Hong Kong Special Administrative Region,31169,Government of Hong Kong Special Administrative Region,City,China,"China, Hong Kong Special Administrative Region",2025 Questionnaire,Unknown,PATHWAY_3,Submitted,Public,Submitted
2025 Disclosure Cycle,779465,CDP,54310,Government of Palembang,54310,Government of Palembang,City,South East Asia & Oceania,Indonesia,2025 Questionnaire,Unknown,PATHWAY_3,Submitted,Public,Submitted
2025 Disclosure Cycle,779465,CDP,54318,Government of Tangerang City,54318,Government of Tangerang City,City,South East Asia & Oceania,Indonesia,2025 Questionnaire,Unknown,PATHWAY_2,Submitted,Public,Submitted
2025 Disclosure Cycle,779465,CDP,54335,Government of the City of Yogyakarta,54335,Government of the City of Yogyakarta,City,South East Asia & Oceania,Indonesia,2025 Questionnaire,Unknown,PATHWAY_1,Submitted,Public,Activated
2025 Disclosure Cycle,779465,CDP,44187,Goyang City,44187,Goyang City,City,South East Asia & Oceania,Korea (The Republic of),2025 Questionnaire,Unknown,PATHWAY_3,Submitted,Public,Submitted
2025 Disclosure Cycle,779465,CDP,54337,Greater Amman Municipality,54337,Greater Amman Municipality,City,UKWW,Jordan,2025 Questionnaire,Unknown,PATHWAY_3,Submitted,Public,Submitted
2025 Disclosure Cycle,779465,CDP,35914,Greater Hyderabad Municipal Corporation,35914,Greater Hyderabad Municipal Corporation,City,India,India,2025 Questionnaire,Unknown,PATHWAY_3,Submitted,Public,Submitted
2025 Disclosure Cycle,779465,CDP,3422,Greater London Authority,3422,Greater London Authority,City,UKWW,United Kingdom,2025 Questionnaire,Unknown,PATHWAY_3,Submitted,Public,Submitted
2025 Disclosure Cycle,779465,CDP,35898,Greater Manchester Combined Authority,35898,Greater Manchester Combined Authority,City,UKWW,United Kingdom,2025 Questionnaire,Unknown,PATHWAY_3,Submitted,Public,Submitted
2025 Disclosure Cycle,779465,CDP,73725,Guaminí,73725,Guaminí,City,Latin America,Argentina,2025 Questionnaire,Unknown,PATHWAY_1,Submitted,Public,No Response
2025 Disclosure Cycle,779465,CDP,2045054,Gunung Kidul Regency,2045054,Gunung Kidul Regency,City,South East Asia & Oceania,Indonesia,2025 Questionnaire,Unknown,PATHWAY_1,Submitted,Public,Unknown
2025 Disclosure Cycle,779465,CDP,44181,Gwangju Metropolitan City,44181,Gwangju Metropolitan City,City,South East Asia & Oceania,Korea (The Republic of),2025 Questionnaire,Unknown,PATHWAY_3,Submitted,Public,Submitted
2025 Disclosure Cycle,779465,CDP,44205,Gwangmyeong City,44205,Gwangmyeong City,City,South East Asia & Oceania,Korea (The Republic of),2025 Questionnaire,Unknown,PATHWAY_3,Submitted,Public,Submitted
2025 Disclosure Cycle,779465,CDP,919724,Gällivare Municipality,919724,Gällivare Municipality,City,Europe,Sweden,2025 Questionnaire,Unknown,PATHWAY_1,Submitted,Public,Submitted
2025 Disclosure Cycle,779465,CDP,50543,"Halifax Regional Municipality, NS",50543,"Halifax Regional Municipality, NS",City,North America,Canada,2025 Questionnaire,Unknown,PATHWAY_3,Submitted,Public,Submitted
2025 Disclosure Cycle,779465,CDP,841955,Hammersmith and Fulham London Borough Council,841955,Hammersmith and Fulham London Borough Council,City,UKWW,United Kingdom,2025 Questionnaire,Unknown,PATHWAY_2,Submitted,Public,Submitted
2025 Disclosure Cycle,779465,CDP,832508,Hartlepool Borough Council,832508,Hartlepool Borough Council,City,UKWW,United Kingdom,2025 Questionnaire,Unknown,PATHWAY_2,Submitted,Public,Submitted
2025 Disclosure Cycle,779465,CDP,840427,Hat Yai City Municipality,840427,Hat Yai City Municipality,City,South East Asia & Oceania,Thailand,2025 Questionnaire,Unknown,PATHWAY_1,Submitted,Public,Submitted
2025 Disclosure Cycle,779465,CDP,58671,Helsingør Municipality,58671,Helsingør Municipality,City,Europe,Denmark,2025 Questionnaire,Unknown,PATHWAY_3,Submitted,Public,Submitted
2025 Disclosure Cycle,779465,CDP,859135,Higashiura Town,859135,Higashiura Town,City,Japan,Japan,2025 Questionnaire,Unknown,PATHWAY_1,Submitted,Public,Submitted
2025 Disclosure Cycle,779465,CDP,74371,Himeji,74371,Himeji,City,Japan,Japan,2025 Questionnaire,Unknown,PATHWAY_3,Submitted,Public,Submitted
2025 Disclosure Cycle,779465,CDP,31164,Ho Chi Minh City,31164,Ho Chi Minh City,City,South East Asia & Oceania,Viet Nam,2025 Questionnaire,Unknown,PATHWAY_3,Submitted,Public,Submitted
2025 Disclosure Cycle,779465,CDP,73892,Holbæk Municipality,73892,Holbæk Municipality,City,Europe,Denmark,2025 Questionnaire,Unknown,PATHWAY_2,Submitted,Public,Submitted
2025 Disclosure Cycle,779465,CDP,70247,Hsinchu City Government,70247,Hsinchu City Government,City,China,East Asia,2025 Questionnaire,Unknown,PATHWAY_2,Submitted,Public,Submitted
2025 Disclosure Cycle,779465,CDP,840428,Hua-Hin Municipality,840428,Hua-Hin Municipality,City,South East Asia & Oceania,Thailand,2025 Questionnaire,Unknown,PATHWAY_1,Submitted,Public,Submitted
2025 Disclosure Cycle,779465,CDP,60433,Hvidovre Municipality,60433,Hvidovre Municipality,City,Europe,Denmark,2025 Questionnaire,Unknown,PATHWAY_1,Submitted,Public,Submitted
2025 Disclosure Cycle,779465,CDP,44196,Hwaseong City,44196,Hwaseong City,City,South East Asia & Oceania,Korea (The Republic of),2025 Questionnaire,Unknown,PATHWAY_1,Submitted,Public,No Response
2025 Disclosure Cycle,779465,CDP,58489,Høje-Taastrup Municipality,58489,Høje-Taastrup Municipality,City,Europe,Denmark,2025 Questionnaire,Unknown,PATHWAY_2,Submitted,Public,Submitted
2025 Disclosure Cycle,779465,CDP,862480,Ibarra,862480,Ibarra,City,Latin America,Ecuador,2025 Questionnaire,Unknown,PATHWAY_1,Submitted,Public,No Response
2025 Disclosure Cycle,779465,CDP,2027109,Ilustre Municipalidad De El Quisco,2027109,Ilustre Municipalidad De El Quisco,City,Latin America,Chile,2025 Questionnaire,Unknown,PATHWAY_1,Submitted,Public,No Response
2025 Disclosure Cycle,779465,CDP,930270,Ilustre Municipalidad de Ancud,930270,Ilustre Municipalidad de Ancud,City,Latin America,Chile,2025 Questionnaire,Unknown,PATHWAY_1,Submitted,Public,Submitted
2025 Disclosure Cycle,779465,CDP,859167,Imabari City,859167,Imabari City,City,Japan,Japan,2025 Questionnaire,Unknown,PATHWAY_2,Submitted,Public,Submitted
2025 Disclosure Cycle,779465,CDP,73533,Intendencia de Canelones,73533,Intendencia de Canelones,City,Latin America,Uruguay,2025 Questionnaire,Unknown,PATHWAY_1,Submitted,Public,Submitted
2025 Disclosure Cycle,779465,CDP,42388,Intendencia de Montevideo,42388,Intendencia de Montevideo,City,Latin America,Uruguay,2025 Questionnaire,Unknown,PATHWAY_1,Submitted,Public,Submitted
2025 Disclosure Cycle,779465,CDP,54388,Iskandar Regional Development Authority,54388,Iskandar Regional Development Authority,City,South East Asia & Oceania,Malaysia,2025 Questionnaire,Unknown,PATHWAY_3,Submitted,Public,Submitted
2025 Disclosure Cycle,779465,CDP,31163,Istanbul Metropolitan Municipality,31163,Istanbul Metropolitan Municipality,City,UKWW,Türkiye,2025 Questionnaire,Unknown,PATHWAY_3,Submitted,Public,Submitted
2025 Disclosure Cycle,779465,CDP,826212,JIRCO,826212,JIRCO,City,Latin America,Mexico,2025 Questionnaire,Unknown,PATHWAY_1,Submitted,Public,Submitted
2025 Disclosure Cycle,779465,CDP,31166,Jakarta City Government,31166,Jakarta City Government,City,South East Asia & Oceania,Indonesia,2025 Questionnaire,Unknown,PATHWAY_3,Submitted,Public,Submitted
2025 Disclosure Cycle,779465,CDP,73759,Jambi City,73759,Jambi City,City,South East Asia & Oceania,Indonesia,2025 Questionnaire,Unknown,PATHWAY_2,Submitted,Public,Submitted
2025 Disclosure Cycle,779465,CDP,840118,Jamnagar Municipal Corporation,840118,Jamnagar Municipal Corporation,City,India,India,2025 Questionnaire,Unknown,PATHWAY_1,Submitted,Public,Submitted
2025 Disclosure Cycle,779465,CDP,74350,Jayapura City,74350,Jayapura City,City,South East Asia & Oceania,Indonesia,2025 Questionnaire,Unknown,PATHWAY_1,Submitted,Public,Submitted
2025 Disclosure Cycle,779465,CDP,2045055,Jayapura Regency,2045055,Jayapura Regency,City,South East Asia & Oceania,Indonesia,2025 Questionnaire,Unknown,PATHWAY_1,Submitted,Public,Unknown
2025 Disclosure Cycle,779465,CDP,44194,Jeonju City,44194,Jeonju City,City,South East Asia & Oceania,Korea (The Republic of),2025 Questionnaire,Unknown,PATHWAY_3,Submitted,Public,Submitted
2025 Disclosure Cycle,779465,CDP,867355,Junagadh,867355,Junagadh,City,India,India,2025 Questionnaire,Unknown,PATHWAY_1,Submitted,Public,Submitted
2025 Disclosure Cycle,779465,CDP,860640,Junta Intermunicipal de Medio Ambiente Altos Norte (JIAN),860640,Junta Intermunicipal de Medio Ambiente Altos Norte (JIAN),City,Latin America,Mexico,2025 Questionnaire,Unknown,PATHWAY_3,Submitted,Public,Submitted
2025 Disclosure Cycle,779465,CDP,826211,Junta Intermunicipal de Medio Ambiente Altos Sur (JIAS),826211,Junta Intermunicipal de Medio Ambiente Altos Sur (JIAS),City,Latin America,Mexico,2025 Questionnaire,Unknown,PATHWAY_1,Submitted,Public,Submitted
2025 Disclosure Cycle,779465,CDP,826208,Junta Intermunicipal de Medio Ambiente de Sierra Occidental y Costa (JISOC),826208,Junta Intermunicipal de Medio Ambiente de Sierra Occidental y Costa (JISOC),City,Latin America,Mexico,2025 Questionnaire,Unknown,PATHWAY_3,Submitted,Public,Submitted
2025 Disclosure Cycle,779465,CDP,847922,Junta Municipal de Medio Ambiente Lagunas (JIMAL),847922,Junta Municipal de Medio Ambiente Lagunas (JIMAL),City,Latin America,Mexico,2025 Questionnaire,Unknown,PATHWAY_1,Submitted,Public,Submitted
2025 Disclosure Cycle,779465,CDP,861779,Järfälla Municipality,861779,Järfälla Municipality,City,Europe,Sweden,2025 Questionnaire,Unknown,PATHWAY_1,Submitted,Public,Submitted
2025 Disclosure Cycle,779465,CDP,54509,Jönköping Municipality,54509,Jönköping Municipality,City,Europe,Sweden,2025 Questionnaire,Unknown,PATHWAY_1,Submitted,Public,No Response
2025 Disclosure Cycle,779465,CDP,74671,Kadıköy,74671,Kadıköy,City,UKWW,Türkiye,2025 Questionnaire,Unknown,PATHWAY_1,Submitted,Public,Submitted
2025 Disclosure Cycle,779465,CDP,60051,Kakinada Municipal Corporation,60051,Kakinada Municipal Corporation,City,India,India,2025 Questionnaire,Unknown,PATHWAY_3,Submitted,Public,Submitted
2025 Disclosure Cycle,779465,CDP,2027804,Kalasin Town Municipality,2027804,Kalasin Town Municipality,City,South East Asia & Oceania,Thailand,2025 Questionnaire,Unknown,PATHWAY_1,Submitted,Public,Submitted
2025 Disclosure Cycle,779465,CDP,2044749,Kalix Municipality,2044749,Kalix Municipality,City,Europe,Sweden,2025 Questionnaire,Unknown,PATHWAY_1,Submitted,Public,Unknown
2025 Disclosure Cycle,779465,CDP,859096,Kamakura City,859096,Kamakura City,City,Japan,Japan,2025 Questionnaire,Unknown,PATHWAY_2,Submitted,Public,Submitted
2025 Disclosure Cycle,779465,CDP,840192,Kandy Municipal Council,840192,Kandy Municipal Council,City,India,Sri Lanka,2025 Questionnaire,Unknown,PATHWAY_1,Submitted,Public,No Response
2025 Disclosure Cycle,779465,CDP,49330,"Kansas City, MO",49330,"Kansas City, MO",City,North America,United States of America,2025 Questionnaire,Unknown,PATHWAY_3,Submitted,Public,Submitted
2025 Disclosure Cycle,779465,CDP,31112,Kaohsiung City Government,31112,Kaohsiung City Government,City,China,East Asia,2025 Questionnaire,Unknown,PATHWAY_3,Submitted,Public,Submitted
2025 Disclosure Cycle,779465,CDP,2044754,Karatay Municipality,2044754,Karatay Municipality,City,UKWW,Türkiye,2025 Questionnaire,Unknown,PATHWAY_2,Submitted,Public,Unknown
2025 Disclosure Cycle,779465,CDP,2044730,Katingan Regency,2044730,Katingan Regency,City,South East Asia & Oceania,Indonesia,2025 Questionnaire,Unknown,PATHWAY_1,Submitted,Public,Unknown
2025 Disclosure Cycle,779465,CDP,2045159,Khaoroopchang Town Municipality,2045159,Khaoroopchang Town Municipality,City,South East Asia & Oceania,Thailand,2025 Questionnaire,Unknown,PATHWAY_1,Submitted,Public,Unknown
2025 Disclosure Cycle,779465,CDP,2045150,Khohong Town Municipality,2045150,Khohong Town Municipality,City,South East Asia & Oceania,Thailand,2025 Questionnaire,Unknown,PATHWAY_1,Submitted,Public,Unknown
2025 Disclosure Cycle,779465,CDP,73738,Khon Kaen City Municipality,73738,Khon Kaen City Municipality,City,South East Asia & Oceania,Thailand,2025 Questionnaire,Unknown,PATHWAY_1,Submitted,Public,Submitted
2025 Disclosure Cycle,779465,CDP,834161,Kinmen County Government,834161,Kinmen County Government,City,China,East Asia,2025 Questionnaire,Unknown,PATHWAY_3,Submitted,Public,Submitted
2025 Disclosure Cycle,779465,CDP,60105,Kirklees Council,60105,Kirklees Council,City,UKWW,United Kingdom,2025 Questionnaire,Unknown,PATHWAY_2,Submitted,Public,Submitted
2025 Disclosure Cycle,779465,CDP,838939,Kocaeli Metropolitan Municipality,838939,Kocaeli Metropolitan Municipality,City,UKWW,Türkiye,2025 Questionnaire,Unknown,PATHWAY_3,Submitted,Public,Submitted
2025 Disclosure Cycle,779465,CDP,73645,KwaDukuza,73645,KwaDukuza,City,UKWW,South Africa,2025 Questionnaire,Unknown,PATHWAY_1,Submitted,Public,Submitted
2025 Disclosure Cycle,779465,CDP,49389,Kyoto City,49389,Kyoto City,City,Japan,Japan,2025 Questionnaire,Unknown,PATHWAY_3,Submitted,Public,Submitted
2025 Disclosure Cycle,779465,CDP,848126,La Democracia,848126,La Democracia,City,Latin America,Guatemala,2025 Questionnaire,Unknown,PATHWAY_1,Submitted,Public,Submitted
2025 Disclosure Cycle,779465,CDP,73793,La Estrella,73793,La Estrella,City,Latin America,Colombia,2025 Questionnaire,Unknown,PATHWAY_3,Submitted,Public,Submitted
2025 Disclosure Cycle,779465,CDP,2027928,La Joya de los Sachas,2027928,La Joya de los Sachas,City,Latin America,Ecuador,2025 Questionnaire,Unknown,PATHWAY_1,Submitted,Public,No Response
2025 Disclosure Cycle,779465,CDP,863470,Lago Agrio (Nueva Loja),863470,Lago Agrio (Nueva Loja),City,Latin America,Ecuador,2025 Questionnaire,Unknown,PATHWAY_1,Submitted,Public,No Response
2025 Disclosure Cycle,779465,CDP,840195,Laholm Municipality,840195,Laholm Municipality,City,Europe,Sweden,2025 Questionnaire,Unknown,PATHWAY_2,Submitted,Public,Submitted
2025 Disclosure Cycle,779465,CDP,931095,Lake District National Park Authority,931095,Lake District National Park Authority,City,UKWW,United Kingdom,2025 Questionnaire,Unknown,PATHWAY_2,Submitted,Public,Submitted
2025 Disclosure Cycle,779465,CDP,919730,Lambeth Council,919730,Lambeth Council,City,UKWW,United Kingdom,2025 Questionnaire,Unknown,PATHWAY_3,Submitted,Public,Submitted
2025 Disclosure Cycle,779465,CDP,863206,Langsa City,863206,Langsa City,City,South East Asia & Oceania,Indonesia,2025 Questionnaire,Unknown,PATHWAY_1,Submitted,Public,No Response
2025 Disclosure Cycle,779465,CDP,2044300,Laoag City,2044300,Laoag City,City,South East Asia & Oceania,Philippines,2025 Questionnaire,Unknown,PATHWAY_1,Submitted,Public,Unknown
2025 Disclosure Cycle,779465,CDP,862949,Latacunga,862949,Latacunga,City,Latin America,Ecuador,2025 Questionnaire,Unknown,PATHWAY_1,Submitted,Public,Submitted
2025 Disclosure Cycle,779465,CDP,73755,Legazpi City,73755,Legazpi City,City,South East Asia & Oceania,Philippines,2025 Questionnaire,Unknown,PATHWAY_1,Submitted,Public,No Response
2025 Disclosure Cycle,779465,CDP,929627,Lima Puluh Kota Regency,929627,Lima Puluh Kota Regency,City,South East Asia & Oceania,Indonesia,2025 Questionnaire,Unknown,PATHWAY_1,Submitted,Public,Submitted
2025 Disclosure Cycle,779465,CDP,60178,Linköping Municipality,60178,Linköping Municipality,City,Europe,Sweden,2025 Questionnaire,Unknown,PATHWAY_1,Submitted,Public,No Response
2025 Disclosure Cycle,779465,CDP,863000,Lo Barnechea,863000,Lo Barnechea,City,Latin America,Chile,2025 Questionnaire,Unknown,PATHWAY_2,Submitted,Public,Submitted
2025 Disclosure Cycle,779465,CDP,2012306,Loch Lomond and the Trossachs National Park Authority,2012306,Loch Lomond and the Trossachs National Park Authority,City,UKWW,United Kingdom,2025 Questionnaire,Unknown,PATHWAY_2,Submitted,Public,Submitted
2025 Disclosure Cycle,779465,CDP,60226,Luleå Municipality,60226,Luleå Municipality,City,Europe,Sweden,2025 Questionnaire,Unknown,PATHWAY_3,Submitted,Public,Submitted
2025 Disclosure Cycle,779465,CDP,54519,Lund Municipality,54519,Lund Municipality,City,Europe,Sweden,2025 Questionnaire,Unknown,PATHWAY_1,Submitted,Public,Submitted
2025 Disclosure Cycle,779465,CDP,2045064,Magelang City,2045064,Magelang City,City,South East Asia & Oceania,Indonesia,2025 Questionnaire,Unknown,PATHWAY_2,Submitted,Public,Unknown
2025 Disclosure Cycle,779465,CDP,895681,Majlis Bandaraya Iskandar Puteri,895681,Majlis Bandaraya Iskandar Puteri,City,South East Asia & Oceania,Malaysia,2025 Questionnaire,Unknown,PATHWAY_3,Submitted,Public,Submitted
2025 Disclosure Cycle,779465,CDP,859128,Makinohara City,859128,Makinohara City,City,Japan,Japan,2025 Questionnaire,Unknown,PATHWAY_2,Submitted,Public,Submitted
2025 Disclosure Cycle,779465,CDP,74332,Manado City,74332,Manado City,City,South East Asia & Oceania,Indonesia,2025 Questionnaire,Unknown,PATHWAY_1,Submitted,Public,No Response
2025 Disclosure Cycle,779465,CDP,862946,Manta,862946,Manta,City,Latin America,Ecuador,2025 Questionnaire,Unknown,PATHWAY_1,Submitted,Public,Submitted
2025 Disclosure Cycle,779465,CDP,900978,Manzanillo,900978,Manzanillo,City,Latin America,Cuba,2025 Questionnaire,Unknown,PATHWAY_1,Submitted,Public,No Response
2025 Disclosure Cycle,779465,CDP,73758,Mataram City,73758,Mataram City,City,South East Asia & Oceania,Indonesia,2025 Questionnaire,Unknown,PATHWAY_1,Submitted,Public,Submitted
2025 Disclosure Cycle,779465,CDP,54306,Medan City Government,54306,Medan City Government,City,South East Asia & Oceania,Indonesia,2025 Questionnaire,Unknown,PATHWAY_2,Submitted,Public,Activated
2025 Disclosure Cycle,779465,CDP,35873,Medellín,35873,Medellín,City,Latin America,Colombia,2025 Questionnaire,Unknown,PATHWAY_3,Submitted,Public,Submitted
2025 Disclosure Cycle,779465,CDP,2044732,Merauke Regency,2044732,Merauke Regency,City,South East Asia & Oceania,Indonesia,2025 Questionnaire,Unknown,PATHWAY_1,Submitted,Public,Unknown
2025 Disclosure Cycle,779465,CDP,838937,Mersin Metropolitan Municipality,838937,Mersin Metropolitan Municipality,City,UKWW,Türkiye,2025 Questionnaire,Unknown,PATHWAY_3,Submitted,Public,Submitted
2025 Disclosure Cycle,779465,CDP,848568,"Metropolitan Council, Twin Cities",848568,"Metropolitan Council, Twin Cities",City,North America,United States of America,2025 Questionnaire,Unknown,PATHWAY_3,Submitted,Public,Submitted
2025 Disclosure Cycle,779465,CDP,49335,"Metropolitan Government of Nashville and Davidson County, TN",49335,"Metropolitan Government of Nashville and Davidson County, TN",City,North America,United States of America,2025 Questionnaire,Unknown,PATHWAY_3,Submitted,Public,Submitted
2025 Disclosure Cycle,779465,CDP,31170,Metropolitan Municipality of Lima,31170,Metropolitan Municipality of Lima,City,Latin America,Peru,2025 Questionnaire,Unknown,PATHWAY_3,Submitted,Public,Submitted
2025 Disclosure Cycle,779465,CDP,854042,Metropolitan Municipality of Milan,854042,Metropolitan Municipality of Milan,City,Europe,Italy,2025 Questionnaire,Unknown,PATHWAY_3,Submitted,Public,Submitted
2025 Disclosure Cycle,779465,CDP,62171,Metropolitan Municipality of Rouen,62171,Metropolitan Municipality of Rouen,City,Europe,France,2025 Questionnaire,Unknown,PATHWAY_3,Submitted,Public,Submitted
2025 Disclosure Cycle,779465,CDP,31172,Mexico City,31172,Mexico City,City,Latin America,Mexico,2025 Questionnaire,Unknown,PATHWAY_3,Submitted,Public,Submitted
2025 Disclosure Cycle,779465,CDP,73810,"Miami-Dade, FL",73810,"Miami-Dade, FL",City,North America,United States of America,2025 Questionnaire,Unknown,PATHWAY_3,Submitted,Public,Submitted
2025 Disclosure Cycle,779465,CDP,848567,Mid-America Regional Council,848567,Mid-America Regional Council,City,North America,United States of America,2025 Questionnaire,Unknown,PATHWAY_3,Submitted,Public,Submitted
2025 Disclosure Cycle,779465,CDP,859095,Mizuho Town,859095,Mizuho Town,City,Japan,Japan,2025 Questionnaire,Unknown,PATHWAY_1,Submitted,Public,Submitted
2025 Disclosure Cycle,779465,CDP,841491,Muar Municipal Council,841491,Muar Municipal Council,City,South East Asia & Oceania,Malaysia,2025 Questionnaire,Unknown,PATHWAY_2,Submitted,Public,Submitted
2025 Disclosure Cycle,779465,CDP,60388,Municipalidad Provincial de Chiclayo,60388,Municipalidad Provincial de Chiclayo,City,Latin America,Peru,2025 Questionnaire,Unknown,PATHWAY_1,Submitted,Public,Submitted
2025 Disclosure Cycle,779465,CDP,60396,Municipalidad Provincial de Maynas (Iquitos),60396,Municipalidad Provincial de Maynas (Iquitos),City,Latin America,Peru,2025 Questionnaire,Unknown,PATHWAY_1,Submitted,Public,Submitted
2025 Disclosure Cycle,779465,CDP,58595,Municipalidad de Belén,58595,Municipalidad de Belén,City,Latin America,Costa Rica,2025 Questionnaire,Unknown,PATHWAY_2,Submitted,Public,Submitted
2025 Disclosure Cycle,779465,CDP,848476,Municipalidad de Cañas,848476,Municipalidad de Cañas,City,Latin America,Costa Rica,2025 Questionnaire,Unknown,PATHWAY_1,Submitted,Public,Submitted
2025 Disclosure Cycle,779465,CDP,2044810,Municipalidad de Cerrillos,2044810,Municipalidad de Cerrillos,City,Latin America,Chile,2025 Questionnaire,Unknown,PATHWAY_1,Submitted,Public,Unknown
2025 Disclosure Cycle,779465,CDP,840313,Municipalidad de Cerro Navia,840313,Municipalidad de Cerro Navia,City,Latin America,Chile,2025 Questionnaire,Unknown,PATHWAY_1,Submitted,Public,Submitted
2025 Disclosure Cycle,779465,CDP,2044811,Municipalidad de Cochrane,2044811,Municipalidad de Cochrane,City,Latin America,Chile,2025 Questionnaire,Unknown,PATHWAY_1,Submitted,Public,Unknown
2025 Disclosure Cycle,779465,CDP,60407,Municipalidad de Colina,60407,Municipalidad de Colina,City,Latin America,Chile,2025 Questionnaire,Unknown,PATHWAY_1,Submitted,Public,No Response
2025 Disclosure Cycle,779465,CDP,2044814,Municipalidad de Curanilahue,2044814,Municipalidad de Curanilahue,City,Latin America,Chile,2025 Questionnaire,Unknown,PATHWAY_1,Submitted,Public,Unknown
2025 Disclosure Cycle,779465,CDP,50371,Municipalidad de Córdoba,50371,Municipalidad de Córdoba,City,Latin America,Argentina,2025 Questionnaire,Unknown,PATHWAY_2,Submitted,Public,No Response
2025 Disclosure Cycle,779465,CDP,2046070,Municipalidad de Esperanza,2046070,Municipalidad de Esperanza,City,Latin America,Argentina,2025 Questionnaire,Unknown,PATHWAY_1,Submitted,Public,Unknown
2025 Disclosure Cycle,779465,CDP,2045081,Municipalidad de Humberto Primo,2045081,Municipalidad de Humberto Primo,City,Latin America,Argentina,2025 Questionnaire,Unknown,PATHWAY_1,Submitted,Public,Unknown
2025 Disclosure Cycle,779465,CDP,59166,Municipalidad de Independencia,59166,Municipalidad de Independencia,City,Latin America,Chile,2025 Questionnaire,Unknown,PATHWAY_1,Submitted,Public,Submitted
2025 Disclosure Cycle,779465,CDP,58597,Municipalidad de La Unión,58597,Municipalidad de La Unión,City,Latin America,Costa Rica,2025 Questionnaire,Unknown,PATHWAY_1,Submitted,Public,Submitted
2025 Disclosure Cycle,779465,CDP,60905,Municipalidad de Maipú,60905,Municipalidad de Maipú,City,Latin America,Chile,2025 Questionnaire,Unknown,PATHWAY_1,Submitted,Public,Submitted
2025 Disclosure Cycle,779465,CDP,2044818,Municipalidad de Melipilla,2044818,Municipalidad de Melipilla,City,Latin America,Chile,2025 Questionnaire,Unknown,PATHWAY_1,Submitted,Public,Unknown
2025 Disclosure Cycle,779465,CDP,831999,Municipalidad de Monteverde,831999,Municipalidad de Monteverde,City,Latin America,Costa Rica,2025 Questionnaire,Unknown,PATHWAY_1,Submitted,Public,Submitted
2025 Disclosure Cycle,779465,CDP,60410,Municipalidad de Peñalolén,60410,Municipalidad de Peñalolén,City,Latin America,Chile,2025 Questionnaire,Unknown,PATHWAY_3,Submitted,Public,Submitted
2025 Disclosure Cycle,779465,CDP,831952,Municipalidad de Portoviejo,831952,Municipalidad de Portoviejo,City,Latin America,Ecuador,2025 Questionnaire,Unknown,PATHWAY_1,Submitted,Public,Submitted
2025 Disclosure Cycle,779465,CDP,59167,Municipalidad de Providencia,59167,Municipalidad de Providencia,City,Latin America,Chile,2025 Questionnaire,Unknown,PATHWAY_1,Submitted,Public,Submitted
2025 Disclosure Cycle,779465,CDP,50368,Municipalidad de Provincial de Arequipa,50368,Municipalidad de Provincial de Arequipa,City,Latin America,Peru,2025 Questionnaire,Unknown,PATHWAY_1,Submitted,Public,No Response
2025 Disclosure Cycle,779465,CDP,831812,Municipalidad de Puerto Barrios,831812,Municipalidad de Puerto Barrios,City,Latin America,Guatemala,2025 Questionnaire,Unknown,PATHWAY_3,Submitted,Public,No Response
2025 Disclosure Cycle,779465,CDP,60892,Municipalidad de Punta Arenas,60892,Municipalidad de Punta Arenas,City,Latin America,Chile,2025 Questionnaire,Unknown,PATHWAY_2,Submitted,Public,Submitted
2025 Disclosure Cycle,779465,CDP,930257,Municipalidad de Puyo,930257,Municipalidad de Puyo,City,Latin America,Ecuador,2025 Questionnaire,Unknown,PATHWAY_1,Submitted,Public,Submitted
2025 Disclosure Cycle,779465,CDP,895694,Municipalidad de Quilicura,895694,Municipalidad de Quilicura,City,Latin America,Chile,2025 Questionnaire,Unknown,PATHWAY_1,Submitted,Public,No Response
2025 Disclosure Cycle,779465,CDP,2044840,Municipalidad de Quillota,2044840,Municipalidad de Quillota,City,Latin America,Chile,2025 Questionnaire,Unknown,PATHWAY_1,Submitted,Public,Unknown
2025 Disclosure Cycle,779465,CDP,2044841,Municipalidad de Quinchao,2044841,Municipalidad de Quinchao,City,Latin America,Chile,2025 Questionnaire,Unknown,PATHWAY_1,Submitted,Public,Unknown
2025 Disclosure Cycle,779465,CDP,2044815,Municipalidad de Rapa Nui (Isla de Pascua),2044815,Municipalidad de Rapa Nui (Isla de Pascua),City,Latin America,Chile,2025 Questionnaire,Unknown,PATHWAY_1,Submitted,Public,Unknown
2025 Disclosure Cycle,779465,CDP,50373,Municipalidad de Rosario,50373,Municipalidad de Rosario,City,Latin America,Argentina,2025 Questionnaire,Unknown,PATHWAY_3,Submitted,Public,Submitted
2025 Disclosure Cycle,779465,CDP,2044842,Municipalidad de Saavedra,2044842,Municipalidad de Saavedra,City,Latin America,Chile,2025 Questionnaire,Unknown,PATHWAY_1,Submitted,Public,Unknown
2025 Disclosure Cycle,779465,CDP,60391,Municipalidad de San Borja,60391,Municipalidad de San Borja,City,Latin America,Peru,2025 Questionnaire,Unknown,PATHWAY_3,Submitted,Public,Submitted
2025 Disclosure Cycle,779465,CDP,929491,Municipalidad de San Lucas Sacatepéquez,929491,Municipalidad de San Lucas Sacatepéquez,City,Latin America,Guatemala,2025 Questionnaire,Unknown,PATHWAY_1,Submitted,Public,Submitted
2025 Disclosure Cycle,779465,CDP,60393,Municipalidad de Santiago,60393,Municipalidad de Santiago,City,Latin America,Chile,2025 Questionnaire,Unknown,PATHWAY_2,Submitted,Public,Submitted
2025 Disclosure Cycle,779465,CDP,862948,Municipalidad de Sucre,862948,Municipalidad de Sucre,City,Latin America,Ecuador,2025 Questionnaire,Unknown,PATHWAY_1,Submitted,Public,No Response
2025 Disclosure Cycle,779465,CDP,60408,Municipalidad de Talca,60408,Municipalidad de Talca,City,Latin America,Chile,2025 Questionnaire,Unknown,PATHWAY_1,Submitted,Public,Submitted
2025 Disclosure Cycle,779465,CDP,60400,Municipalidad de Temuco,60400,Municipalidad de Temuco,City,Latin America,Chile,2025 Questionnaire,Unknown,PATHWAY_1,Submitted,Public,Submitted
2025 Disclosure Cycle,779465,CDP,55371,Municipalidad de Vicente López,55371,Municipalidad de Vicente López,City,Latin America,Argentina,2025 Questionnaire,Unknown,PATHWAY_1,Submitted,Public,Submitted
2025 Disclosure Cycle,779465,CDP,60906,Municipalidad de Vitacura,60906,Municipalidad de Vitacura,City,Latin America,Chile,2025 Questionnaire,Unknown,PATHWAY_2,Submitted,Public,Submitted
2025 Disclosure Cycle,779465,CDP,50664,Municipality of Almada,50664,Municipality of Almada,City,Europe,Portugal,2025 Questionnaire,Unknown,PATHWAY_1,Submitted,Public,Submitted
2025 Disclosure Cycle,779465,CDP,831674,Municipality of Amarante,831674,Municipality of Amarante,City,Europe,Portugal,2025 Questionnaire,Unknown,PATHWAY_1,Submitted,Public,Submitted
2025 Disclosure Cycle,779465,CDP,850585,Municipality of Ambato,850585,Municipality of Ambato,City,Latin America,Ecuador,2025 Questionnaire,Unknown,PATHWAY_1,Submitted,Public,Submitted
2025 Disclosure Cycle,779465,CDP,31149,Municipality of Athens,31149,Municipality of Athens,City,Europe,Greece,2025 Questionnaire,Unknown,PATHWAY_3,Submitted,Public,Submitted
2025 Disclosure Cycle,779465,CDP,918430,Municipality of Athienou,918430,Municipality of Athienou,City,Europe,Cyprus,2025 Questionnaire,Unknown,PATHWAY_1,Submitted,Public,Submitted
2025 Disclosure Cycle,779465,CDP,35848,Municipality of Belo Horizonte,35848,Municipality of Belo Horizonte,City,Latin America,Brazil,2025 Questionnaire,Unknown,PATHWAY_2,Submitted,Public,Submitted
2025 Disclosure Cycle,779465,CDP,2011429,Municipality of Belsh,2011429,Municipality of Belsh,City,Europe,Albania,2025 Questionnaire,Unknown,PATHWAY_1,Submitted,Public,Submitted
2025 Disclosure Cycle,779465,CDP,55334,Municipality of Braga,55334,Municipality of Braga,City,Europe,Portugal,2025 Questionnaire,Unknown,PATHWAY_1,Submitted,Public,Submitted
2025 Disclosure Cycle,779465,CDP,826425,Municipality of Caldas da Rainha,826425,Municipality of Caldas da Rainha,City,Europe,Portugal,2025 Questionnaire,Unknown,PATHWAY_1,Submitted,Public,Submitted
2025 Disclosure Cycle,779465,CDP,35897,Municipality of Campinas,35897,Municipality of Campinas,City,Latin America,Brazil,2025 Questionnaire,Unknown,PATHWAY_1,Submitted,Public,Submitted
2025 Disclosure Cycle,779465,CDP,50680,Municipality of Cascais,50680,Municipality of Cascais,City,Europe,Portugal,2025 Questionnaire,Unknown,PATHWAY_1,Submitted,Public,Submitted
2025 Disclosure Cycle,779465,CDP,2044725,Municipality of Choloma,2044725,Municipality of Choloma,City,Latin America,Honduras,2025 Questionnaire,Unknown,PATHWAY_1,Submitted,Public,Unknown
2025 Disclosure Cycle,779465,CDP,834219,Municipality of Corrientes,834219,Municipality of Corrientes,City,Latin America,Argentina,2025 Questionnaire,Unknown,Unknown,Submitted,Public,No Response
2025 Disclosure Cycle,779465,CDP,826426,Municipality of Covilhã,826426,Municipality of Covilhã,City,Europe,Portugal,2025 Questionnaire,Unknown,PATHWAY_1,Submitted,Public,No Response
2025 Disclosure Cycle,779465,CDP,31156,Municipality of Curitiba,31156,Municipality of Curitiba,City,Latin America,Brazil,2025 Questionnaire,Unknown,PATHWAY_3,Submitted,Public,Submitted
2025 Disclosure Cycle,779465,CDP,840161,Municipality of Del Carmen,840161,Municipality of Del Carmen,City,South East Asia & Oceania,Philippines,2025 Questionnaire,Unknown,PATHWAY_3,Submitted,Public,Submitted
2025 Disclosure Cycle,779465,CDP,73683,Municipality of Durango,73683,Municipality of Durango,City,Europe,Spain,2025 Questionnaire,Unknown,PATHWAY_2,Submitted,Public,No Response
2025 Disclosure Cycle,779465,CDP,54467,Municipality of Eindhoven,54467,Municipality of Eindhoven,City,Europe,Netherlands,2025 Questionnaire,Unknown,PATHWAY_1,Submitted,Public,No Response
2025 Disclosure Cycle,779465,CDP,2044700,Municipality of Escobar,2044700,Municipality of Escobar,City,Latin America,Argentina,2025 Questionnaire,Unknown,PATHWAY_1,Submitted,Public,Unknown
2025 Disclosure Cycle,779465,CDP,50673,Municipality of Faro,50673,Municipality of Faro,City,Europe,Portugal,2025 Questionnaire,Unknown,PATHWAY_1,Submitted,Public,Submitted
2025 Disclosure Cycle,779465,CDP,826429,Municipality of Figueira da Foz,826429,Municipality of Figueira da Foz,City,Europe,Portugal,2025 Questionnaire,Unknown,PATHWAY_1,Submitted,Public,Submitted
2025 Disclosure Cycle,779465,CDP,35865,Municipality of Fortaleza,35865,Municipality of Fortaleza,City,Latin America,Brazil,2025 Questionnaire,Unknown,PATHWAY_3,Submitted,Public,Submitted
2025 Disclosure Cycle,779465,CDP,60165,Municipality of Fuenlabrada,60165,Municipality of Fuenlabrada,City,Europe,Spain,2025 Questionnaire,Unknown,PATHWAY_1,Submitted,Public,Submitted
2025 Disclosure Cycle,779465,CDP,2044723,Municipality of Gualán,2044723,Municipality of Gualán,City,Latin America,Guatemala,2025 Questionnaire,Unknown,PATHWAY_1,Submitted,Public,Unknown
2025 Disclosure Cycle,779465,CDP,834255,Municipality of Guaymallén,834255,Municipality of Guaymallén,City,Latin America,Argentina,2025 Questionnaire,Unknown,PATHWAY_1,Submitted,Public,Submitted
2025 Disclosure Cycle,779465,CDP,55324,Municipality of Guimarães,55324,Municipality of Guimarães,City,Europe,Portugal,2025 Questionnaire,Unknown,PATHWAY_3,Submitted,Public,Submitted
2025 Disclosure Cycle,779465,CDP,918264,Municipality of Ilion,918264,Municipality of Ilion,City,Europe,Greece,2025 Questionnaire,Unknown,PATHWAY_2,Submitted,Public,No Response
2025 Disclosure Cycle,779465,CDP,834261,Municipality of Irapuato,834261,Municipality of Irapuato,City,Latin America,Mexico,2025 Questionnaire,Unknown,PATHWAY_3,Submitted,Public,Amended
2025 Disclosure Cycle,779465,CDP,918283,Municipality of Katerini,918283,Municipality of Katerini,City,Europe,Greece,2025 Questionnaire,Unknown,PATHWAY_1,Submitted,Public,Submitted
2025 Disclosure Cycle,779465,CDP,74690,Municipality of L'Hospitalet de Llobregat,74690,Municipality of L'Hospitalet de Llobregat,City,Europe,Spain,2025 Questionnaire,Unknown,PATHWAY_3,Submitted,Public,Submitted
2025 Disclosure Cycle,779465,CDP,834273,Municipality of Lautaro,834273,Municipality of Lautaro,City,Latin America,Chile,2025 Questionnaire,Unknown,PATHWAY_1,Submitted,Public,Submitted
2025 Disclosure Cycle,779465,CDP,826431,Municipality of Loulé,826431,Municipality of Loulé,City,Europe,Portugal,2025 Questionnaire,Unknown,PATHWAY_1,Submitted,Public,Submitted
2025 Disclosure Cycle,779465,CDP,832078,Municipality of Mafra,832078,Municipality of Mafra,City,Europe,Portugal,2025 Questionnaire,Unknown,PATHWAY_1,Submitted,Public,Submitted
2025 Disclosure Cycle,779465,CDP,826405,Municipality of Maia,826405,Municipality of Maia,City,Europe,Portugal,2025 Questionnaire,Unknown,PATHWAY_2,Submitted,Public,Submitted
2025 Disclosure Cycle,779465,CDP,50669,Municipality of Matosinhos,50669,Municipality of Matosinhos,City,Europe,Portugal,2025 Questionnaire,Unknown,PATHWAY_2,Submitted,Public,Submitted
2025 Disclosure Cycle,779465,CDP,54478,Municipality of Nijmegen,54478,Municipality of Nijmegen,City,Europe,Netherlands,2025 Questionnaire,Unknown,PATHWAY_1,Submitted,Public,Submitted
2025 Disclosure Cycle,779465,CDP,2044708,Municipality of Otavalo,2044708,Municipality of Otavalo,City,Latin America,Ecuador,2025 Questionnaire,Unknown,PATHWAY_1,Submitted,Public,Unknown
2025 Disclosure Cycle,779465,CDP,2044709,Municipality of Pasaje,2044709,Municipality of Pasaje,City,Latin America,Ecuador,2025 Questionnaire,Unknown,PATHWAY_1,Submitted,Public,Unknown
2025 Disclosure Cycle,779465,CDP,35880,Municipality of Porto Alegre,35880,Municipality of Porto Alegre,City,Latin America,Brazil,2025 Questionnaire,Unknown,PATHWAY_1,Submitted,Public,Submitted
2025 Disclosure Cycle,779465,CDP,834280,Municipality of Pérez,834280,Municipality of Pérez,City,Latin America,Argentina,2025 Questionnaire,Unknown,PATHWAY_1,Submitted,Public,No Response
2025 Disclosure Cycle,779465,CDP,35872,Municipality of Recife,35872,Municipality of Recife,City,Latin America,Brazil,2025 Questionnaire,Unknown,PATHWAY_3,Submitted,Public,Submitted
2025 Disclosure Cycle,779465,CDP,2044711,Municipality of Riobamba,2044711,Municipality of Riobamba,City,Latin America,Ecuador,2025 Questionnaire,Unknown,PATHWAY_1,Amended,Public,Unknown
2025 Disclosure Cycle,779465,CDP,31179,Municipality of Rotterdam,31179,Municipality of Rotterdam,City,Europe,Netherlands,2025 Questionnaire,Unknown,PATHWAY_3,Submitted,Public,Submitted
2025 Disclosure Cycle,779465,CDP,834284,Municipality of Salamanca,834284,Municipality of Salamanca,City,Latin America,Mexico,2025 Questionnaire,Unknown,PATHWAY_1,Submitted,Public,Submitted
2025 Disclosure Cycle,779465,CDP,826396,Municipality of Sintra,826396,Municipality of Sintra,City,Europe,Portugal,2025 Questionnaire,Unknown,PATHWAY_1,Submitted,Public,Amended
2025 Disclosure Cycle,779465,CDP,2045345,Municipality of Terézváros,2045345,Municipality of Terézváros,City,Europe,Hungary,2025 Questionnaire,Unknown,PATHWAY_2,Submitted,Public,Unknown
2025 Disclosure Cycle,779465,CDP,43930,Municipality of The Hague,43930,Municipality of The Hague,City,Europe,Netherlands,2025 Questionnaire,Unknown,PATHWAY_1,Submitted,Public,Amended
2025 Disclosure Cycle,779465,CDP,60127,Municipality of Thessaloniki,60127,Municipality of Thessaloniki,City,Europe,Greece,2025 Questionnaire,Unknown,PATHWAY_2,Submitted,Public,Submitted
2025 Disclosure Cycle,779465,CDP,19233,Municipality of Torres Vedras,19233,Municipality of Torres Vedras,City,Europe,Portugal,2025 Questionnaire,Unknown,PATHWAY_1,Submitted,Public,Submitted
2025 Disclosure Cycle,779465,CDP,50674,Municipality of Viseu,50674,Municipality of Viseu,City,Europe,Portugal,2025 Questionnaire,Unknown,PATHWAY_1,Submitted,Public,Submitted
2025 Disclosure Cycle,779465,CDP,46470,Municipality of Vitoria-Gasteiz,46470,Municipality of Vitoria-Gasteiz,City,Europe,Spain,2025 Questionnaire,Unknown,PATHWAY_2,Submitted,Public,Submitted
2025 Disclosure Cycle,779465,CDP,46473,Municipality of Zaragoza (Spain),46473,Municipality of Zaragoza (Spain),City,Europe,Spain,2025 Questionnaire,Unknown,PATHWAY_3,Submitted,Public,Submitted
2025 Disclosure Cycle,779465,CDP,55325,Municipality of Águeda,55325,Municipality of Águeda,City,Europe,Portugal,2025 Questionnaire,Unknown,PATHWAY_1,Submitted,Public,Submitted
2025 Disclosure Cycle,779465,CDP,50678,Municipality of Évora,50678,Municipality of Évora,City,Europe,Portugal,2025 Questionnaire,Unknown,PATHWAY_1,Submitted,Public,Submitted
2025 Disclosure Cycle,779465,CDP,930236,Municipio Manuel Plácido Maneiro,930236,Municipio Manuel Plácido Maneiro,City,Latin America,Venezuela (Bolivarian Republic of),2025 Questionnaire,Unknown,PATHWAY_1,Submitted,Public,Submitted
2025 Disclosure Cycle,779465,CDP,839666,Municipio de Escuintla,839666,Municipio de Escuintla,City,Latin America,Guatemala,2025 Questionnaire,Unknown,PATHWAY_2,Submitted,Public,Submitted
2025 Disclosure Cycle,779465,CDP,839668,Municipio de Iztapa,839668,Municipio de Iztapa,City,Latin America,Guatemala,2025 Questionnaire,Unknown,PATHWAY_1,Submitted,Public,Submitted
2025 Disclosure Cycle,779465,CDP,930367,Municipio de Montecristi,930367,Municipio de Montecristi,City,Latin America,Ecuador,2025 Questionnaire,Unknown,PATHWAY_1,Submitted,Public,Submitted
2025 Disclosure Cycle,779465,CDP,50382,Municipio de Mérida,50382,Municipio de Mérida,City,Latin America,Mexico,2025 Questionnaire,Unknown,PATHWAY_2,Submitted,Public,Submitted
2025 Disclosure Cycle,779465,CDP,839669,Municipio de San Jose,839669,Municipio de San Jose,City,Latin America,Guatemala,2025 Questionnaire,Unknown,PATHWAY_2,Submitted,Public,Submitted
2025 Disclosure Cycle,779465,CDP,930413,Municipio de Santa Elena,930413,Municipio de Santa Elena,City,Latin America,Ecuador,2025 Questionnaire,Unknown,PATHWAY_1,Submitted,Public,Submitted
2025 Disclosure Cycle,779465,CDP,50381,Municipio de Torreón,50381,Municipio de Torreón,City,Latin America,Mexico,2025 Questionnaire,Unknown,PATHWAY_2,Submitted,Public,Submitted
2025 Disclosure Cycle,779465,CDP,831923,Muğla,831923,Muğla,City,UKWW,Türkiye,2025 Questionnaire,Unknown,PATHWAY_3,Submitted,Public,Amended
2025 Disclosure Cycle,779465,CDP,60186,Nacka Municipality,60186,Nacka Municipality,City,Europe,Sweden,2025 Questionnaire,Unknown,PATHWAY_1,Submitted,Public,No Response
2025 Disclosure Cycle,779465,CDP,74309,Nakhon Sawan City Municipality,74309,Nakhon Sawan City Municipality,City,South East Asia & Oceania,Thailand,2025 Questionnaire,Unknown,PATHWAY_1,Submitted,Public,Submitted
2025 Disclosure Cycle,779465,CDP,60546,Nanjing Municipal People's Government,60546,Nanjing Municipal People's Government,City,China,China,2025 Questionnaire,Unknown,PATHWAY_3,Submitted,Public,Submitted
2025 Disclosure Cycle,779465,CDP,59998,Narayanganj City Corporation,59998,Narayanganj City Corporation,City,India,Bangladesh,2025 Questionnaire,Unknown,PATHWAY_1,Submitted,Public,Submitted
2025 Disclosure Cycle,779465,CDP,2023043,Nasushiobara City,2023043,Nasushiobara City,City,Japan,Japan,2025 Questionnaire,Unknown,PATHWAY_1,Submitted,Public,Submitted
2025 Disclosure Cycle,779465,CDP,2012307,New Forest National Park Authority,2012307,New Forest National Park Authority,City,UKWW,United Kingdom,2025 Questionnaire,Unknown,PATHWAY_2,Submitted,Public,Submitted
2025 Disclosure Cycle,779465,CDP,54277,New Plymouth District Council,54277,New Plymouth District Council,City,South East Asia & Oceania,New Zealand,2025 Questionnaire,Unknown,PATHWAY_3,Submitted,Public,Submitted
2025 Disclosure Cycle,779465,CDP,56276,New Taipei City Government,56276,New Taipei City Government,City,China,East Asia,2025 Questionnaire,Unknown,PATHWAY_3,Submitted,Public,Submitted
2025 Disclosure Cycle,779465,CDP,3417,"New York City, NY",3417,"New York City, NY",City,North America,United States of America,2025 Questionnaire,Unknown,PATHWAY_3,Submitted,Public,Submitted
2025 Disclosure Cycle,779465,CDP,13113,Newcastle City Council,13113,Newcastle City Council,City,UKWW,United Kingdom,2025 Questionnaire,Unknown,PATHWAY_1,Submitted,Public,Submitted
2025 Disclosure Cycle,779465,CDP,74672,Nilüfer Municipality,74672,Nilüfer Municipality,City,UKWW,Türkiye,2025 Questionnaire,Unknown,PATHWAY_2,Submitted,Public,Submitted
2025 Disclosure Cycle,779465,CDP,54391,Nonthaburi City Municipality,54391,Nonthaburi City Municipality,City,South East Asia & Oceania,Thailand,2025 Questionnaire,Unknown,PATHWAY_1,Submitted,Public,Submitted
2025 Disclosure Cycle,779465,CDP,54516,Norrköping Municipality,54516,Norrköping Municipality,City,Europe,Sweden,2025 Questionnaire,Unknown,PATHWAY_1,Submitted,Public,No Response
2025 Disclosure Cycle,779465,CDP,895653,North Minahasa,895653,North Minahasa,City,South East Asia & Oceania,Indonesia,2025 Questionnaire,Unknown,PATHWAY_1,Submitted,Public,Submitted
2025 Disclosure Cycle,779465,CDP,832300,North Tyneside Council,832300,North Tyneside Council,City,UKWW,United Kingdom,2025 Questionnaire,Unknown,PATHWAY_2,Submitted,Public,Submitted
2025 Disclosure Cycle,779465,CDP,2012308,North York Moors National Park Authority,2012308,North York Moors National Park Authority,City,UKWW,United Kingdom,2025 Questionnaire,Unknown,PATHWAY_2,Submitted,Public,Submitted
2025 Disclosure Cycle,779465,CDP,917927,North Yorkshire Council,917927,North Yorkshire Council,City,UKWW,United Kingdom,2025 Questionnaire,Unknown,PATHWAY_3,Submitted,Public,Submitted
2025 Disclosure Cycle,779465,CDP,13490,Northumberland County Council,13490,Northumberland County Council,City,UKWW,United Kingdom,2025 Questionnaire,Unknown,PATHWAY_2,Submitted,Public,No Response
2025 Disclosure Cycle,779465,CDP,2012309,Northumberland National Park Authority,2012309,Northumberland National Park Authority,City,UKWW,United Kingdom,2025 Questionnaire,Unknown,PATHWAY_2,Submitted,Public,Submitted
2025 Disclosure Cycle,779465,CDP,60108,Norwich City Council,60108,Norwich City Council,City,UKWW,United Kingdom,2025 Questionnaire,Unknown,PATHWAY_1,Submitted,Public,Submitted
2025 Disclosure Cycle,779465,CDP,13506,Nottingham City Council,13506,Nottingham City Council,City,UKWW,United Kingdom,2025 Questionnaire,Unknown,PATHWAY_3,Submitted,Public,Submitted
2025 Disclosure Cycle,779465,CDP,840170,Nowon-gu Municipal Government of Seoul,840170,Nowon-gu Municipal Government of Seoul,City,South East Asia & Oceania,Korea (The Republic of),2025 Questionnaire,Unknown,PATHWAY_3,Submitted,Public,No Response
2025 Disclosure Cycle,779465,CDP,834339,Odawara City,834339,Odawara City,City,Japan,Japan,2025 Questionnaire,Unknown,PATHWAY_3,Submitted,Public,Submitted
2025 Disclosure Cycle,779465,CDP,832610,"Orange County, NC",832610,"Orange County, NC",City,North America,United States of America,2025 Questionnaire,Unknown,PATHWAY_2,Submitted,Public,Submitted
2025 Disclosure Cycle,779465,CDP,848125,Oreamuno,848125,Oreamuno,City,Latin America,Costa Rica,2025 Questionnaire,Unknown,PATHWAY_1,Submitted,Public,Submitted
2025 Disclosure Cycle,779465,CDP,2044302,Oroquieta City,2044302,Oroquieta City,City,South East Asia & Oceania,Philippines,2025 Questionnaire,Unknown,PATHWAY_1,Submitted,Public,Unknown
2025 Disclosure Cycle,779465,CDP,14088,Oslo Municipality,14088,Oslo Municipality,City,Europe,Norway,2025 Questionnaire,Unknown,PATHWAY_3,Submitted,Public,Submitted
2025 Disclosure Cycle,779465,CDP,14136,Oxford City Council,14136,Oxford City Council,City,UKWW,United Kingdom,2025 Questionnaire,Unknown,PATHWAY_1,Submitted,Public,Submitted
2025 Disclosure Cycle,779465,CDP,54385,Pak Kret City Municipality,54385,Pak Kret City Municipality,City,South East Asia & Oceania,Thailand,2025 Questionnaire,Unknown,PATHWAY_1,Submitted,Public,Submitted
2025 Disclosure Cycle,779465,CDP,2027830,Pak Poon Town Municipality,2027830,Pak Poon Town Municipality,City,South East Asia & Oceania,Thailand,2025 Questionnaire,Unknown,PATHWAY_1,Submitted,Public,Submitted
2025 Disclosure Cycle,779465,CDP,929630,Pasaman Regency,929630,Pasaman Regency,City,South East Asia & Oceania,Indonesia,2025 Questionnaire,Unknown,PATHWAY_1,Submitted,Public,Submitted
2025 Disclosure Cycle,779465,CDP,2012310,Peak District National Park Authority,2012310,Peak District National Park Authority,City,UKWW,United Kingdom,2025 Questionnaire,Unknown,PATHWAY_2,Submitted,Public,Activated
2025 Disclosure Cycle,779465,CDP,74296,Pekalongan,74296,Pekalongan,City,South East Asia & Oceania,Indonesia,2025 Questionnaire,Unknown,PATHWAY_1,Submitted,Public,No Response
2025 Disclosure Cycle,779465,CDP,2045062,Pemalang Regency,2045062,Pemalang Regency,City,South East Asia & Oceania,Indonesia,2025 Questionnaire,Unknown,PATHWAY_1,Submitted,Public,Unknown
2025 Disclosure Cycle,779465,CDP,54293,People's Government of Guangzhou Municipality,54293,People's Government of Guangzhou Municipality,City,China,China,2025 Questionnaire,Unknown,PATHWAY_3,Submitted,Public,Submitted
2025 Disclosure Cycle,779465,CDP,2045992,Pergamino,2045992,Pergamino,City,Latin America,Argentina,2025 Questionnaire,Unknown,PATHWAY_1,Submitted,Public,Unknown
2025 Disclosure Cycle,779465,CDP,840024,Perth and Kinross,840024,Perth and Kinross,City,UKWW,United Kingdom,2025 Questionnaire,Unknown,PATHWAY_2,Submitted,Public,Submitted
2025 Disclosure Cycle,779465,CDP,54361,Petaling Jaya City Council,54361,Petaling Jaya City Council,City,South East Asia & Oceania,Malaysia,2025 Questionnaire,Unknown,PATHWAY_3,Submitted,Public,Submitted
2025 Disclosure Cycle,779465,CDP,2045446,Phu Yen City,2045446,Phu Yen City,City,South East Asia & Oceania,Viet Nam,2025 Questionnaire,Unknown,PATHWAY_1,Submitted,Public,Unknown
2025 Disclosure Cycle,779465,CDP,834348,Phuentsholing Municipality,834348,Phuentsholing Municipality,City,India,Bhutan,2025 Questionnaire,Unknown,PATHWAY_1,Submitted,Public,No Response
2025 Disclosure Cycle,779465,CDP,57347,Pingtung County Government,57347,Pingtung County Government,City,China,East Asia,2025 Questionnaire,Unknown,PATHWAY_3,Submitted,Public,Submitted
2025 Disclosure Cycle,779465,CDP,74325,Pontianak,74325,Pontianak,City,South East Asia & Oceania,Indonesia,2025 Questionnaire,Unknown,PATHWAY_1,Submitted,Public,Submitted
2025 Disclosure Cycle,779465,CDP,862504,Posadas,862504,Posadas,City,Latin America,Argentina,2025 Questionnaire,Unknown,PATHWAY_1,Submitted,Public,No Response
2025 Disclosure Cycle,779465,CDP,54699,Prefeitura Municipal de Barueri,54699,Prefeitura Municipal de Barueri,City,Latin America,Brazil,2025 Questionnaire,Unknown,PATHWAY_1,Submitted,Public,No Response
2025 Disclosure Cycle,779465,CDP,54670,Prefeitura Municipal de Capivari,54670,Prefeitura Municipal de Capivari,City,Latin America,Brazil,2025 Questionnaire,Unknown,PATHWAY_1,Submitted,Public,Submitted
2025 Disclosure Cycle,779465,CDP,54674,Prefeitura Municipal de Caxias do Sul,54674,Prefeitura Municipal de Caxias do Sul,City,Latin America,Brazil,2025 Questionnaire,Unknown,PATHWAY_1,Submitted,Public,No Response
2025 Disclosure Cycle,779465,CDP,54667,Prefeitura Municipal de Contagem,54667,Prefeitura Municipal de Contagem,City,Latin America,Brazil,2025 Questionnaire,Unknown,PATHWAY_2,Submitted,Public,Submitted
2025 Disclosure Cycle,779465,CDP,50394,Prefeitura Municipal de João Pessoa,50394,Prefeitura Municipal de João Pessoa,City,Latin America,Brazil,2025 Questionnaire,Unknown,PATHWAY_1,Submitted,Public,Submitted
2025 Disclosure Cycle,779465,CDP,54676,Prefeitura Municipal de Ponta Grossa,54676,Prefeitura Municipal de Ponta Grossa,City,Latin America,Brazil,2025 Questionnaire,Unknown,PATHWAY_1,Submitted,Public,Submitted
2025 Disclosure Cycle,779465,CDP,54693,Prefeitura Municipal de Ribeirão Preto,54693,Prefeitura Municipal de Ribeirão Preto,City,Latin America,Brazil,2025 Questionnaire,Unknown,PATHWAY_1,Submitted,Public,Submitted
2025 Disclosure Cycle,779465,CDP,50396,Prefeitura Municipal de Santos,50396,Prefeitura Municipal de Santos,City,Latin America,Brazil,2025 Questionnaire,Unknown,PATHWAY_2,Submitted,Public,Submitted
2025 Disclosure Cycle,779465,CDP,68375,Prefeitura de Abaetetuba,68375,Prefeitura de Abaetetuba,City,Latin America,Brazil,2025 Questionnaire,Unknown,PATHWAY_3,Submitted,Public,Submitted
2025 Disclosure Cycle,779465,CDP,840924,Prefeitura de Alexânia,840924,Prefeitura de Alexânia,City,Latin America,Brazil,2025 Questionnaire,Unknown,PATHWAY_1,Submitted,Public,Submitted
2025 Disclosure Cycle,779465,CDP,2033709,Prefeitura de Altamira,2033709,Prefeitura de Altamira,City,Latin America,Brazil,2025 Questionnaire,Unknown,PATHWAY_1,Submitted,Public,Unknown
2025 Disclosure Cycle,779465,CDP,52638,Prefeitura de Aracaju,52638,Prefeitura de Aracaju,City,Latin America,Brazil,2025 Questionnaire,Unknown,PATHWAY_1,Submitted,Public,Submitted
2025 Disclosure Cycle,779465,CDP,891125,Prefeitura de Aracruz,891125,Prefeitura de Aracruz,City,Latin America,Brazil,2025 Questionnaire,Unknown,PATHWAY_1,Submitted,Public,No Response
2025 Disclosure Cycle,779465,CDP,2033711,Prefeitura de Arapiraca,2033711,Prefeitura de Arapiraca,City,Latin America,Brazil,2025 Questionnaire,Unknown,PATHWAY_1,Submitted,Public,Unknown
2025 Disclosure Cycle,779465,CDP,895969,Prefeitura de Balneário Pinhal,895969,Prefeitura de Balneário Pinhal,City,Latin America,Brazil,2025 Questionnaire,Unknown,PATHWAY_1,Submitted,Public,No Response
2025 Disclosure Cycle,779465,CDP,895257,Prefeitura de Barcarena,895257,Prefeitura de Barcarena,City,Latin America,Brazil,2025 Questionnaire,Unknown,PATHWAY_1,Submitted,Public,Submitted
2025 Disclosure Cycle,779465,CDP,60268,Prefeitura de Brumadinho,60268,Prefeitura de Brumadinho,City,Latin America,Brazil,2025 Questionnaire,Unknown,PATHWAY_1,Submitted,Public,Submitted
2025 Disclosure Cycle,779465,CDP,867329,Prefeitura de Cametá,867329,Prefeitura de Cametá,City,Latin America,Brazil,2025 Questionnaire,Unknown,PATHWAY_1,Submitted,Public,No Response
2025 Disclosure Cycle,779465,CDP,50385,Prefeitura de Campo Grande,50385,Prefeitura de Campo Grande,City,Latin America,Brazil,2025 Questionnaire,Unknown,PATHWAY_1,Amended,Public,Submitted
2025 Disclosure Cycle,779465,CDP,845128,Prefeitura de Campo Largo,845128,Prefeitura de Campo Largo,City,Latin America,Brazil,2025 Questionnaire,Unknown,PATHWAY_1,Submitted,Public,No Response
2025 Disclosure Cycle,779465,CDP,930247,Prefeitura de Carinhanha,930247,Prefeitura de Carinhanha,City,Latin America,Brazil,2025 Questionnaire,Unknown,PATHWAY_1,Submitted,Public,Submitted
2025 Disclosure Cycle,779465,CDP,840931,Prefeitura de Cordeirópolis,840931,Prefeitura de Cordeirópolis,City,Latin America,Brazil,2025 Questionnaire,Unknown,PATHWAY_1,Submitted,Public,Submitted
2025 Disclosure Cycle,779465,CDP,2033737,Prefeitura de Crato,2033737,Prefeitura de Crato,City,Latin America,Brazil,2025 Questionnaire,Unknown,PATHWAY_1,Submitted,Public,Unknown
2025 Disclosure Cycle,779465,CDP,896058,Prefeitura de Cruzeiro do Sul - RS,896058,Prefeitura de Cruzeiro do Sul - RS,City,Latin America,Brazil,2025 Questionnaire,Unknown,PATHWAY_1,Submitted,Public,No Response
2025 Disclosure Cycle,779465,CDP,840915,Prefeitura de Curvelo,840915,Prefeitura de Curvelo,City,Latin America,Brazil,2025 Questionnaire,Unknown,PATHWAY_1,Submitted,Public,Submitted
2025 Disclosure Cycle,779465,CDP,840914,Prefeitura de Cáceres (Brasil),840914,Prefeitura de Cáceres (Brasil),City,Latin America,Brazil,2025 Questionnaire,Unknown,PATHWAY_1,Submitted,Public,Submitted
2025 Disclosure Cycle,779465,CDP,68384,Prefeitura de Engenheiro Coelho,68384,Prefeitura de Engenheiro Coelho,City,Latin America,Brazil,2025 Questionnaire,Unknown,PATHWAY_1,Submitted,Public,Submitted
2025 Disclosure Cycle,779465,CDP,50384,Prefeitura de Florianópolis,50384,Prefeitura de Florianópolis,City,Latin America,Brazil,2025 Questionnaire,Unknown,PATHWAY_1,Submitted,Public,Submitted
2025 Disclosure Cycle,779465,CDP,826217,Prefeitura de Francisco Morato,826217,Prefeitura de Francisco Morato,City,Latin America,Brazil,2025 Questionnaire,Unknown,PATHWAY_1,Submitted,Public,Submitted
2025 Disclosure Cycle,779465,CDP,840936,Prefeitura de Guanhães,840936,Prefeitura de Guanhães,City,Latin America,Brazil,2025 Questionnaire,Unknown,PATHWAY_1,Submitted,Public,Submitted
2025 Disclosure Cycle,779465,CDP,50387,Prefeitura de Guarulhos,50387,Prefeitura de Guarulhos,City,Latin America,Brazil,2025 Questionnaire,Unknown,PATHWAY_1,Submitted,Public,Submitted
2025 Disclosure Cycle,779465,CDP,840925,Prefeitura de Indiaroba,840925,Prefeitura de Indiaroba,City,Latin America,Brazil,2025 Questionnaire,Unknown,PATHWAY_1,Submitted,Public,Submitted
2025 Disclosure Cycle,779465,CDP,867322,Prefeitura de Itabirito,867322,Prefeitura de Itabirito,City,Latin America,Brazil,2025 Questionnaire,Unknown,PATHWAY_1,Submitted,Public,Submitted
2025 Disclosure Cycle,779465,CDP,866903,Prefeitura de Itapipoca,866903,Prefeitura de Itapipoca,City,Latin America,Brazil,2025 Questionnaire,Unknown,PATHWAY_3,Submitted,Public,Submitted
2025 Disclosure Cycle,779465,CDP,850413,Prefeitura de Itá,850413,Prefeitura de Itá,City,Latin America,Brazil,2025 Questionnaire,Unknown,PATHWAY_1,Submitted,Public,Submitted
2025 Disclosure Cycle,779465,CDP,930248,Prefeitura de Jandaíra,930248,Prefeitura de Jandaíra,City,Latin America,Brazil,2025 Questionnaire,Unknown,PATHWAY_1,Submitted,Public,Submitted
2025 Disclosure Cycle,779465,CDP,2033759,Prefeitura de Ji-Paraná,2033759,Prefeitura de Ji-Paraná,City,Latin America,Brazil,2025 Questionnaire,Unknown,PATHWAY_1,Submitted,Public,Unknown
2025 Disclosure Cycle,779465,CDP,850305,Prefeitura de Joaçaba,850305,Prefeitura de Joaçaba,City,Latin America,Brazil,2025 Questionnaire,Unknown,PATHWAY_3,Submitted,Public,Submitted
2025 Disclosure Cycle,779465,CDP,54647,Prefeitura de Jundiaí,54647,Prefeitura de Jundiaí,City,Latin America,Brazil,2025 Questionnaire,Unknown,PATHWAY_1,Submitted,Public,Submitted
2025 Disclosure Cycle,779465,CDP,54638,Prefeitura de Louveira,54638,Prefeitura de Louveira,City,Latin America,Brazil,2025 Questionnaire,Unknown,PATHWAY_1,Submitted,Public,No Response
2025 Disclosure Cycle,779465,CDP,2033760,Prefeitura de Maranguape,2033760,Prefeitura de Maranguape,City,Latin America,Brazil,2025 Questionnaire,Unknown,PATHWAY_1,Submitted,Public,Unknown
2025 Disclosure Cycle,779465,CDP,60305,Prefeitura de Mossoró,60305,Prefeitura de Mossoró,City,Latin America,Brazil,2025 Questionnaire,Unknown,PATHWAY_1,Submitted,Public,No Response
2025 Disclosure Cycle,779465,CDP,57509,Prefeitura de Niterói,57509,Prefeitura de Niterói,City,Latin America,Brazil,2025 Questionnaire,Unknown,PATHWAY_1,Submitted,Public,Submitted
2025 Disclosure Cycle,779465,CDP,862999,Prefeitura de Ouro Preto,862999,Prefeitura de Ouro Preto,City,Latin America,Brazil,2025 Questionnaire,Unknown,PATHWAY_1,Submitted,Public,No Response
2025 Disclosure Cycle,779465,CDP,54650,Prefeitura de Palmas,54650,Prefeitura de Palmas,City,Latin America,Brazil,2025 Questionnaire,Unknown,PATHWAY_1,Submitted,Public,Submitted
2025 Disclosure Cycle,779465,CDP,2033762,Prefeitura de Palmeira Dos Índios,2033762,Prefeitura de Palmeira Dos Índios,City,Latin America,Brazil,2025 Questionnaire,Unknown,PATHWAY_1,Submitted,Public,Unknown
2025 Disclosure Cycle,779465,CDP,2033763,Prefeitura de Parintins,2033763,Prefeitura de Parintins,City,Latin America,Brazil,2025 Questionnaire,Unknown,PATHWAY_1,Submitted,Public,Unknown
2025 Disclosure Cycle,779465,CDP,60310,Prefeitura de Petrópolis,60310,Prefeitura de Petrópolis,City,Latin America,Brazil,2025 Questionnaire,Unknown,PATHWAY_1,Submitted,Public,No Response
2025 Disclosure Cycle,779465,CDP,850566,Prefeitura de Piraquara,850566,Prefeitura de Piraquara,City,Latin America,Brazil,2025 Questionnaire,Unknown,PATHWAY_1,Submitted,Public,Submitted
2025 Disclosure Cycle,779465,CDP,60320,Prefeitura de Presidente Prudente,60320,Prefeitura de Presidente Prudente,City,Latin America,Brazil,2025 Questionnaire,Unknown,PATHWAY_1,Submitted,Public,Submitted
2025 Disclosure Cycle,779465,CDP,845125,Prefeitura de Ribeirão das Neves,845125,Prefeitura de Ribeirão das Neves,City,Latin America,Brazil,2025 Questionnaire,Unknown,PATHWAY_1,Submitted,Public,No Response
2025 Disclosure Cycle,779465,CDP,51374,Prefeitura de Rio Branco,51374,Prefeitura de Rio Branco,City,Latin America,Brazil,2025 Questionnaire,Unknown,PATHWAY_1,Submitted,Public,No Response
2025 Disclosure Cycle,779465,CDP,60341,Prefeitura de Rio Grande,60341,Prefeitura de Rio Grande,City,Latin America,Brazil,2025 Questionnaire,Unknown,PATHWAY_1,Submitted,Public,No Response
2025 Disclosure Cycle,779465,CDP,54651,Prefeitura de Santo André,54651,Prefeitura de Santo André,City,Latin America,Brazil,2025 Questionnaire,Unknown,PATHWAY_1,Submitted,Public,No Response
2025 Disclosure Cycle,779465,CDP,891180,Prefeitura de Serra,891180,Prefeitura de Serra,City,Latin America,Brazil,2025 Questionnaire,Unknown,PATHWAY_1,Submitted,Public,No Response
2025 Disclosure Cycle,779465,CDP,840926,Prefeitura de Serra Talhada,840926,Prefeitura de Serra Talhada,City,Latin America,Brazil,2025 Questionnaire,Unknown,PATHWAY_1,Submitted,Public,No Response
2025 Disclosure Cycle,779465,CDP,2033765,Prefeitura de Sinop,2033765,Prefeitura de Sinop,City,Latin America,Brazil,2025 Questionnaire,Unknown,PATHWAY_1,Submitted,Public,Unknown
2025 Disclosure Cycle,779465,CDP,60351,Prefeitura de Sobral,60351,Prefeitura de Sobral,City,Latin America,Brazil,2025 Questionnaire,Unknown,PATHWAY_1,Submitted,Public,Submitted
2025 Disclosure Cycle,779465,CDP,50383,Prefeitura de Sorocaba,50383,Prefeitura de Sorocaba,City,Latin America,Brazil,2025 Questionnaire,Unknown,PATHWAY_3,Submitted,Public,Submitted
2025 Disclosure Cycle,779465,CDP,60332,Prefeitura de São Carlos,60332,Prefeitura de São Carlos,City,Latin America,Brazil,2025 Questionnaire,Unknown,PATHWAY_1,Submitted,Public,Submitted
2025 Disclosure Cycle,779465,CDP,840927,Prefeitura de São Cristóvão,840927,Prefeitura de São Cristóvão,City,Latin America,Brazil,2025 Questionnaire,Unknown,PATHWAY_1,Submitted,Public,Submitted
2025 Disclosure Cycle,779465,CDP,2033764,Prefeitura de São João De Meriti,2033764,Prefeitura de São João De Meriti,City,Latin America,Brazil,2025 Questionnaire,Unknown,PATHWAY_1,Submitted,Public,Unknown
2025 Disclosure Cycle,779465,CDP,60349,Prefeitura de São Leopoldo,60349,Prefeitura de São Leopoldo,City,Latin America,Brazil,2025 Questionnaire,Unknown,PATHWAY_1,Submitted,Public,Submitted
2025 Disclosure Cycle,779465,CDP,31184,Prefeitura de São Paulo,31184,Prefeitura de São Paulo,City,Latin America,Brazil,2025 Questionnaire,Unknown,PATHWAY_3,Submitted,Public,Submitted
2025 Disclosure Cycle,779465,CDP,866901,Prefeitura de São Sepé,866901,Prefeitura de São Sepé,City,Latin America,Brazil,2025 Questionnaire,Unknown,PATHWAY_1,Submitted,Public,Submitted
2025 Disclosure Cycle,779465,CDP,60361,Prefeitura de Tangará da Serra,60361,Prefeitura de Tangará da Serra,City,Latin America,Brazil,2025 Questionnaire,Unknown,PATHWAY_1,Submitted,Public,Activated
2025 Disclosure Cycle,779465,CDP,50390,Prefeitura de Teresina,50390,Prefeitura de Teresina,City,Latin America,Brazil,2025 Questionnaire,Unknown,PATHWAY_3,Submitted,Public,Submitted
2025 Disclosure Cycle,779465,CDP,2033767,Prefeitura de Vitória De Santo Antão,2033767,Prefeitura de Vitória De Santo Antão,City,Latin America,Brazil,2025 Questionnaire,Unknown,PATHWAY_1,Submitted,Public,Unknown
2025 Disclosure Cycle,779465,CDP,31176,Prefeitura do Rio de Janeiro,31176,Prefeitura do Rio de Janeiro,City,Latin America,Brazil,2025 Questionnaire,Unknown,PATHWAY_3,Submitted,Public,Submitted
2025 Disclosure Cycle,779465,CDP,50397,Presidencia Municipal de Saltillo,50397,Presidencia Municipal de Saltillo,City,Latin America,Mexico,2025 Questionnaire,Unknown,PATHWAY_2,Amended,Public,Submitted
2025 Disclosure Cycle,779465,CDP,73746,Probolinggo,73746,Probolinggo,City,South East Asia & Oceania,Indonesia,2025 Questionnaire,Unknown,PATHWAY_1,Submitted,Public,Submitted
2025 Disclosure Cycle,779465,CDP,839572,Putrajaya City,839572,Putrajaya City,City,South East Asia & Oceania,Malaysia,2025 Questionnaire,Unknown,PATHWAY_2,Submitted,Public,Submitted
2025 Disclosure Cycle,779465,CDP,54290,Qingdao Municipal Government,54290,Qingdao Municipal Government,City,China,China,2025 Questionnaire,Unknown,PATHWAY_3,Submitted,Public,Submitted
2025 Disclosure Cycle,779465,CDP,930073,Quang Binh Province,930073,Quang Binh Province,City,South East Asia & Oceania,Viet Nam,2025 Questionnaire,Unknown,PATHWAY_1,Submitted,Public,No Response
2025 Disclosure Cycle,779465,CDP,54305,Rajkot Municipal Corporation,54305,Rajkot Municipal Corporation,City,India,India,2025 Questionnaire,Unknown,PATHWAY_3,Submitted,Public,Submitted
2025 Disclosure Cycle,779465,CDP,60019,Rajshahi City Corporation,60019,Rajshahi City Corporation,City,India,Bangladesh,2025 Questionnaire,Unknown,PATHWAY_1,Submitted,Public,No Response
2025 Disclosure Cycle,779465,CDP,15515,Reading Borough Council,15515,Reading Borough Council,City,UKWW,United Kingdom,2025 Questionnaire,Unknown,PATHWAY_1,Submitted,Public,Submitted
2025 Disclosure Cycle,779465,CDP,35867,Region Metropolitana de Guadalajara,35867,Region Metropolitana de Guadalajara,City,Latin America,Mexico,2025 Questionnaire,Unknown,PATHWAY_3,Submitted,Public,Submitted
2025 Disclosure Cycle,779465,CDP,917931,Region of Powys,917931,Region of Powys,City,UKWW,United Kingdom,2025 Questionnaire,Unknown,PATHWAY_2,Submitted,Public,Submitted
2025 Disclosure Cycle,779465,CDP,31180,Región Metropolitana de Santiago,31180,Región Metropolitana de Santiago,City,Latin America,Chile,2025 Questionnaire,Unknown,PATHWAY_3,Submitted,Public,Submitted
2025 Disclosure Cycle,779465,CDP,863190,Renca,863190,Renca,City,Latin America,Chile,2025 Questionnaire,Unknown,PATHWAY_1,Submitted,Public,Submitted
2025 Disclosure Cycle,779465,CDP,2045991,Rosario de la Frontera,2045991,Rosario de la Frontera,City,Latin America,Argentina,2025 Questionnaire,Unknown,PATHWAY_1,Submitted,Public,Unknown
2025 Disclosure Cycle,779465,CDP,73879,Roskilde Municipality,73879,Roskilde Municipality,City,Europe,Denmark,2025 Questionnaire,Unknown,PATHWAY_1,Submitted,Public,Submitted
2025 Disclosure Cycle,779465,CDP,73687,Sabaneta,73687,Sabaneta,City,Latin America,Colombia,2025 Questionnaire,Unknown,PATHWAY_1,Submitted,Public,Submitted
2025 Disclosure Cycle,779465,CDP,2027823,Saen Suk Town Municipality,2027823,Saen Suk Town Municipality,City,South East Asia & Oceania,Thailand,2025 Questionnaire,Unknown,PATHWAY_1,Submitted,Public,Submitted
2025 Disclosure Cycle,779465,CDP,859168,Saijo City,859168,Saijo City,City,Japan,Japan,2025 Questionnaire,Unknown,PATHWAY_2,Submitted,Public,Submitted
2025 Disclosure Cycle,779465,CDP,842167,Sakarya,842167,Sakarya,City,UKWW,Türkiye,2025 Questionnaire,Unknown,PATHWAY_3,Submitted,Public,Unknown
2025 Disclosure Cycle,779465,CDP,2027926,Salinas,2027926,Salinas,City,Latin America,Ecuador,2025 Questionnaire,Unknown,PATHWAY_1,Submitted,Public,No Response
2025 Disclosure Cycle,779465,CDP,31177,"Salt Lake City, UT",31177,"Salt Lake City, UT",City,North America,United States of America,2025 Questionnaire,Unknown,PATHWAY_2,Submitted,Public,Submitted
2025 Disclosure Cycle,779465,CDP,59957,Samarinda City Government,59957,Samarinda City Government,City,South East Asia & Oceania,Indonesia,2025 Questionnaire,Unknown,PATHWAY_1,Submitted,Public,No Response
2025 Disclosure Cycle,779465,CDP,840105,Samdrup Jongkhar Municipality,840105,Samdrup Jongkhar Municipality,City,India,Bhutan,2025 Questionnaire,Unknown,PATHWAY_1,Submitted,Public,No Response
2025 Disclosure Cycle,779465,CDP,863533,San Antonio,863533,San Antonio,City,Latin America,Chile,2025 Questionnaire,Unknown,PATHWAY_1,Submitted,Public,Submitted
2025 Disclosure Cycle,779465,CDP,863469,San Bernardo,863469,San Bernardo,City,Latin America,Chile,2025 Questionnaire,Unknown,PATHWAY_1,Submitted,Public,No Response
2025 Disclosure Cycle,779465,CDP,73763,San Carlos City,73763,San Carlos City,City,South East Asia & Oceania,Philippines,2025 Questionnaire,Unknown,PATHWAY_1,Submitted,Public,No Response
2025 Disclosure Cycle,779465,CDP,930502,San Francisco del Rincón,930502,San Francisco del Rincón,City,Latin America,Mexico,2025 Questionnaire,Unknown,PATHWAY_1,Submitted,Public,Submitted
2025 Disclosure Cycle,779465,CDP,894049,San José de la Esquina,894049,San José de la Esquina,City,Latin America,Argentina,2025 Questionnaire,Unknown,PATHWAY_1,Submitted,Public,No Response
2025 Disclosure Cycle,779465,CDP,839970,San Justo (Argentina),839970,San Justo (Argentina),City,Latin America,Argentina,2025 Questionnaire,Unknown,PATHWAY_1,Submitted,Public,No Response
2025 Disclosure Cycle,779465,CDP,73669,"San Luis Obispo, CA",73669,"San Luis Obispo, CA",City,North America,United States of America,2025 Questionnaire,Unknown,PATHWAY_2,Submitted,Public,Submitted
2025 Disclosure Cycle,779465,CDP,848135,San Pedro de la Paz,848135,San Pedro de la Paz,City,Latin America,Chile,2025 Questionnaire,Unknown,PATHWAY_1,Submitted,Public,No Response
2025 Disclosure Cycle,779465,CDP,2027869,San Salvador de Jujuy,2027869,San Salvador de Jujuy,City,Latin America,Argentina,2025 Questionnaire,Unknown,PATHWAY_1,Submitted,Public,No Response
2025 Disclosure Cycle,779465,CDP,852473,Sandwell Metropolitan Borough Council,852473,Sandwell Metropolitan Borough Council,City,UKWW,United Kingdom,2025 Questionnaire,Unknown,PATHWAY_1,Submitted,Public,Submitted
2025 Disclosure Cycle,779465,CDP,863201,Sanggau Regency,863201,Sanggau Regency,City,South East Asia & Oceania,Indonesia,2025 Questionnaire,Unknown,PATHWAY_1,Submitted,Public,Submitted
2025 Disclosure Cycle,779465,CDP,69849,Santa Cruz de Galápagos,69849,Santa Cruz de Galápagos,City,Latin America,Ecuador,2025 Questionnaire,Unknown,PATHWAY_1,Submitted,Public,No Response
2025 Disclosure Cycle,779465,CDP,74531,"Santa Fe County, NM",74531,"Santa Fe County, NM",City,North America,United States of America,2025 Questionnaire,Unknown,PATHWAY_2,Submitted,Public,Submitted
2025 Disclosure Cycle,779465,CDP,36037,Santiago de Cali,36037,Santiago de Cali,City,Latin America,Colombia,2025 Questionnaire,Unknown,PATHWAY_1,Submitted,Public,Submitted
2025 Disclosure Cycle,779465,CDP,36045,Santiago de Guayaquil,36045,Santiago de Guayaquil,City,Latin America,Ecuador,2025 Questionnaire,Unknown,PATHWAY_2,Submitted,Public,Submitted
2025 Disclosure Cycle,779465,CDP,2045151,Satun Town Municipality,2045151,Satun Town Municipality,City,South East Asia & Oceania,Thailand,2025 Questionnaire,Unknown,PATHWAY_1,Submitted,Public,Unknown
2025 Disclosure Cycle,779465,CDP,834347,Seberang Perai Municipal Council,834347,Seberang Perai Municipal Council,City,South East Asia & Oceania,Malaysia,2025 Questionnaire,Unknown,PATHWAY_3,Submitted,Public,Submitted
2025 Disclosure Cycle,779465,CDP,895654,Segamat,895654,Segamat,City,South East Asia & Oceania,Malaysia,2025 Questionnaire,Unknown,PATHWAY_2,Submitted,Public,Submitted
2025 Disclosure Cycle,779465,CDP,54327,Semarang City Government,54327,Semarang City Government,City,South East Asia & Oceania,Indonesia,2025 Questionnaire,Unknown,PATHWAY_3,Submitted,Public,Activated
2025 Disclosure Cycle,779465,CDP,31187,Seoul Metropolitan Government,31187,Seoul Metropolitan Government,City,South East Asia & Oceania,Korea (The Republic of),2025 Questionnaire,Unknown,PATHWAY_3,Submitted,Public,Submitted
2025 Disclosure Cycle,779465,CDP,843537,Shropshire Council,843537,Shropshire Council,City,UKWW,United Kingdom,2025 Questionnaire,Unknown,PATHWAY_2,Submitted,Public,Activated
2025 Disclosure Cycle,779465,CDP,35993,Singapore Government,35993,Singapore Government,City,South East Asia & Oceania,Singapore,2025 Questionnaire,Unknown,PATHWAY_3,Submitted,Public,Submitted
2025 Disclosure Cycle,779465,CDP,918254,Skellefteå Municipality,918254,Skellefteå Municipality,City,Europe,Sweden,2025 Questionnaire,Unknown,PATHWAY_2,Submitted,Public,No Response
2025 Disclosure Cycle,779465,CDP,931111,South Downs National Park Authority,931111,South Downs National Park Authority,City,UKWW,United Kingdom,2025 Questionnaire,Unknown,PATHWAY_2,Submitted,Public,Submitted
2025 Disclosure Cycle,779465,CDP,852466,South Gloucestershire Council,852466,South Gloucestershire Council,City,UKWW,United Kingdom,2025 Questionnaire,Unknown,PATHWAY_1,Submitted,Public,Submitted
2025 Disclosure Cycle,779465,CDP,862814,"South-East Region of Ireland (Kilkenny, Carlow, Wexford, and Waterford Counties)",862814,"South-East Region of Ireland (Kilkenny, Carlow, Wexford, and Waterford Counties)",City,Europe,Ireland,2025 Questionnaire,Unknown,PATHWAY_1,Submitted,Public,Submitted
2025 Disclosure Cycle,779465,CDP,54484,Stavanger Municipality,54484,Stavanger Municipality,City,Europe,Norway,2025 Questionnaire,Unknown,PATHWAY_2,Submitted,Public,Submitted
2025 Disclosure Cycle,779465,CDP,2027827,Su-ngai Kolok Town Municipality,2027827,Su-ngai Kolok Town Municipality,City,South East Asia & Oceania,Thailand,2025 Questionnaire,Unknown,PATHWAY_1,Submitted,Public,Submitted
2025 Disclosure Cycle,779465,CDP,862419,Sumbawa Regency,862419,Sumbawa Regency,City,South East Asia & Oceania,Indonesia,2025 Questionnaire,Unknown,PATHWAY_2,Submitted,Public,Submitted
2025 Disclosure Cycle,779465,CDP,54537,Sunderland City Council,54537,Sunderland City Council,City,UKWW,United Kingdom,2025 Questionnaire,Unknown,PATHWAY_2,Submitted,Public,Submitted
2025 Disclosure Cycle,779465,CDP,862932,"Superior, CO",862932,"Superior, CO",City,North America,United States of America,2025 Questionnaire,Unknown,PATHWAY_2,Amended,Public,Submitted
2025 Disclosure Cycle,779465,CDP,44082,Surabaya City Municipality,44082,Surabaya City Municipality,City,South East Asia & Oceania,Indonesia,2025 Questionnaire,Unknown,PATHWAY_3,Submitted,Public,No Response
2025 Disclosure Cycle,779465,CDP,74317,Surat Thani Municipality,74317,Surat Thani Municipality,City,South East Asia & Oceania,Thailand,2025 Questionnaire,Unknown,PATHWAY_1,Submitted,Public,Submitted
2025 Disclosure Cycle,779465,CDP,862520,Surrey County Council,862520,Surrey County Council,City,UKWW,United Kingdom,2025 Questionnaire,Unknown,PATHWAY_2,Submitted,Public,Submitted
2025 Disclosure Cycle,779465,CDP,68267,Sutherland Shire Council,68267,Sutherland Shire Council,City,South East Asia & Oceania,Australia,2025 Questionnaire,Unknown,PATHWAY_2,Submitted,Public,Submitted
2025 Disclosure Cycle,779465,CDP,44185,Suwon City,44185,Suwon City,City,South East Asia & Oceania,Korea (The Republic of),2025 Questionnaire,Unknown,PATHWAY_3,Submitted,Public,Submitted
2025 Disclosure Cycle,779465,CDP,18078,Swale Borough Council,18078,Swale Borough Council,City,UKWW,United Kingdom,2025 Questionnaire,Unknown,PATHWAY_2,Submitted,Public,Submitted
2025 Disclosure Cycle,779465,CDP,2045884,São Lourenço do Sul,2045884,São Lourenço do Sul,City,Latin America,Brazil,2025 Questionnaire,Unknown,PATHWAY_1,Submitted,Public,Unknown
2025 Disclosure Cycle,779465,CDP,834374,Tagum City,834374,Tagum City,City,South East Asia & Oceania,Philippines,2025 Questionnaire,Unknown,PATHWAY_1,Submitted,Public,No Response
2025 Disclosure Cycle,779465,CDP,54389,Taichung City Government,54389,Taichung City Government,City,China,East Asia,2025 Questionnaire,Unknown,PATHWAY_3,Submitted,Public,Submitted
2025 Disclosure Cycle,779465,CDP,54386,Tainan City Government,54386,Tainan City Government,City,China,East Asia,2025 Questionnaire,Unknown,PATHWAY_3,Submitted,Public,Submitted
2025 Disclosure Cycle,779465,CDP,31446,Taipei City Government,31446,Taipei City Government,City,China,East Asia,2025 Questionnaire,Unknown,PATHWAY_3,Submitted,Public,Submitted
2025 Disclosure Cycle,779465,CDP,840515,Tangerang Selatan City,840515,Tangerang Selatan City,City,South East Asia & Oceania,Indonesia,2025 Questionnaire,Unknown,PATHWAY_1,Submitted,Public,No Response
2025 Disclosure Cycle,779465,CDP,54395,Taoyuan City Government,54395,Taoyuan City Government,City,China,East Asia,2025 Questionnaire,Unknown,PATHWAY_3,Submitted,Public,Submitted
2025 Disclosure Cycle,779465,CDP,73750,Tarakan City,73750,Tarakan City,City,South East Asia & Oceania,Indonesia,2025 Questionnaire,Unknown,PATHWAY_1,Submitted,Public,Submitted
2025 Disclosure Cycle,779465,CDP,2044301,Tayabas City,2044301,Tayabas City,City,South East Asia & Oceania,Philippines,2025 Questionnaire,Unknown,PATHWAY_1,Submitted,Public,Unknown
2025 Disclosure Cycle,779465,CDP,35885,Tel Aviv-Yafo Municipality,35885,Tel Aviv-Yafo Municipality,City,UKWW,Israel,2025 Questionnaire,Unknown,PATHWAY_3,Submitted,Public,Submitted
2025 Disclosure Cycle,779465,CDP,840194,Tepebaşi Municipality,840194,Tepebaşi Municipality,City,UKWW,Türkiye,2025 Questionnaire,Unknown,PATHWAY_2,Submitted,Public,No Response
2025 Disclosure Cycle,779465,CDP,74391,Ternate,74391,Ternate,City,South East Asia & Oceania,Indonesia,2025 Questionnaire,Unknown,PATHWAY_1,Submitted,Public,No Response
2025 Disclosure Cycle,779465,CDP,54348,The Local Government of Quezon City,54348,The Local Government of Quezon City,City,South East Asia & Oceania,Philippines,2025 Questionnaire,Unknown,PATHWAY_3,Submitted,Public,Submitted
2025 Disclosure Cycle,779465,CDP,73782,Thimphu,73782,Thimphu,City,India,Bhutan,2025 Questionnaire,Unknown,PATHWAY_1,Submitted,Public,No Response
2025 Disclosure Cycle,779465,CDP,930254,Thua Thien Hue Province,930254,Thua Thien Hue Province,City,South East Asia & Oceania,Viet Nam,2025 Questionnaire,Unknown,PATHWAY_2,Submitted,Public,No Response
2025 Disclosure Cycle,779465,CDP,834386,Thung Song Town Municipality,834386,Thung Song Town Municipality,City,South East Asia & Oceania,Thailand,2025 Questionnaire,Unknown,PATHWAY_1,Submitted,Public,Submitted
2025 Disclosure Cycle,779465,CDP,840131,Tiruchirappalli City Municipal Corporation,840131,Tiruchirappalli City Municipal Corporation,City,India,India,2025 Questionnaire,Unknown,PATHWAY_1,Submitted,Public,Submitted
2025 Disclosure Cycle,779465,CDP,840134,Tirunelveli Municipal Corporation,840134,Tirunelveli Municipal Corporation,City,India,India,2025 Questionnaire,Unknown,PATHWAY_1,Submitted,Public,Submitted
2025 Disclosure Cycle,779465,CDP,31111,Tokyo Metropolitan Government,31111,Tokyo Metropolitan Government,City,Japan,Japan,2025 Questionnaire,Unknown,PATHWAY_3,Submitted,Public,Submitted
2025 Disclosure Cycle,779465,CDP,60602,"Town of Ajax, ON",60602,"Town of Ajax, ON",City,North America,Canada,2025 Questionnaire,Unknown,PATHWAY_2,Submitted,Public,Submitted
2025 Disclosure Cycle,779465,CDP,74418,"Town of Breckenridge, CO",74418,"Town of Breckenridge, CO",City,North America,United States of America,2025 Questionnaire,Unknown,PATHWAY_1,Submitted,Public,Submitted
2025 Disclosure Cycle,779465,CDP,60599,"Town of Bridgewater, NS",60599,"Town of Bridgewater, NS",City,North America,Canada,2025 Questionnaire,Unknown,PATHWAY_2,Submitted,Public,Submitted
2025 Disclosure Cycle,779465,CDP,59588,"Town of Chapel Hill, NC",59588,"Town of Chapel Hill, NC",City,North America,United States of America,2025 Questionnaire,Unknown,PATHWAY_2,Submitted,Public,Submitted
2025 Disclosure Cycle,779465,CDP,840228,"Town of Davie, FL",840228,"Town of Davie, FL",City,North America,United States of America,2025 Questionnaire,Unknown,PATHWAY_1,Submitted,Public,Submitted
2025 Disclosure Cycle,779465,CDP,863407,"Town of Durham, NH",863407,"Town of Durham, NH",City,North America,United States of America,2025 Questionnaire,Unknown,PATHWAY_2,Submitted,Public,Submitted
2025 Disclosure Cycle,779465,CDP,2024876,Town of Lügde,2024876,Town of Lügde,City,Europe,Germany,2025 Questionnaire,Unknown,PATHWAY_1,Submitted,Public,No Response
2025 Disclosure Cycle,779465,CDP,863419,"Town of New Glasgow, NS",863419,"Town of New Glasgow, NS",City,North America,Canada,2025 Questionnaire,Unknown,PATHWAY_2,Submitted,Public,No Response
2025 Disclosure Cycle,779465,CDP,832838,"Town of Wellfleet, MA",832838,"Town of Wellfleet, MA",City,North America,United States of America,2025 Questionnaire,Unknown,PATHWAY_1,Submitted,Public,Submitted
2025 Disclosure Cycle,779465,CDP,840269,"Town of Whitby, ON",840269,"Town of Whitby, ON",City,North America,Canada,2025 Questionnaire,Unknown,PATHWAY_2,Submitted,Public,Submitted
2025 Disclosure Cycle,779465,CDP,834373,"Town of York, ME",834373,"Town of York, ME",City,North America,United States of America,2025 Questionnaire,Unknown,PATHWAY_1,Submitted,Public,Submitted
2025 Disclosure Cycle,779465,CDP,63601,"Township of Maplewood, NJ",63601,"Township of Maplewood, NJ",City,North America,United States of America,2025 Questionnaire,Unknown,PATHWAY_2,Submitted,Public,Submitted
2025 Disclosure Cycle,779465,CDP,54341,Toyama City,54341,Toyama City,City,Japan,Japan,2025 Questionnaire,Unknown,PATHWAY_3,Submitted,Public,Submitted
2025 Disclosure Cycle,779465,CDP,60236,Trelleborg Municipality,60236,Trelleborg Municipality,City,Europe,Sweden,2025 Questionnaire,Unknown,PATHWAY_1,Submitted,Public,Submitted
2025 Disclosure Cycle,779465,CDP,863202,Trenggalek Regency,863202,Trenggalek Regency,City,South East Asia & Oceania,Indonesia,2025 Questionnaire,Unknown,PATHWAY_1,Submitted,Public,No Response
2025 Disclosure Cycle,779465,CDP,54488,Trondheim Municipality,54488,Trondheim Municipality,City,Europe,Norway,2025 Questionnaire,Unknown,PATHWAY_3,Submitted,Public,Submitted
2025 Disclosure Cycle,779465,CDP,2027876,Tual City,2027876,Tual City,City,South East Asia & Oceania,Indonesia,2025 Questionnaire,Unknown,PATHWAY_1,Submitted,Public,Submitted
2025 Disclosure Cycle,779465,CDP,59958,Tweed Shire Council,59958,Tweed Shire Council,City,South East Asia & Oceania,Australia,2025 Questionnaire,Unknown,PATHWAY_2,Submitted,Public,Submitted
2025 Disclosure Cycle,779465,CDP,849051,Udaipur Municipal Corporation,849051,Udaipur Municipal Corporation,City,India,India,2025 Questionnaire,Unknown,PATHWAY_1,Submitted,Public,Submitted
2025 Disclosure Cycle,779465,CDP,44184,Ulsan Metropolitan City,44184,Ulsan Metropolitan City,City,South East Asia & Oceania,Korea (The Republic of),2025 Questionnaire,Unknown,PATHWAY_3,Submitted,Public,Submitted
2025 Disclosure Cycle,779465,CDP,54510,Umeå Municipality,54510,Umeå Municipality,City,Europe,Sweden,2025 Questionnaire,Unknown,PATHWAY_1,Submitted,Public,Submitted
2025 Disclosure Cycle,779465,CDP,840075,Unley City Council,840075,Unley City Council,City,South East Asia & Oceania,Australia,2025 Questionnaire,Unknown,PATHWAY_2,Submitted,Public,Submitted
2025 Disclosure Cycle,779465,CDP,54513,Uppsala Municipality,54513,Uppsala Municipality,City,Europe,Sweden,2025 Questionnaire,Unknown,PATHWAY_1,Submitted,Public,Submitted
2025 Disclosure Cycle,779465,CDP,848950,Ushuaia,848950,Ushuaia,City,Latin America,Argentina,2025 Questionnaire,Unknown,PATHWAY_1,Submitted,Public,No Response
2025 Disclosure Cycle,779465,CDP,929994,Uskudar Municipality,929994,Uskudar Municipality,City,UKWW,Türkiye,2025 Questionnaire,Unknown,PATHWAY_2,Submitted,Public,No Response
2025 Disclosure Cycle,779465,CDP,63836,Vadodara Municipal Corporation,63836,Vadodara Municipal Corporation,City,India,India,2025 Questionnaire,Unknown,PATHWAY_3,Submitted,Public,Submitted
2025 Disclosure Cycle,779465,CDP,58616,Vijayawada Municipal Corporation,58616,Vijayawada Municipal Corporation,City,India,India,2025 Questionnaire,Unknown,PATHWAY_3,Submitted,Public,Submitted
2025 Disclosure Cycle,779465,CDP,848998,Villa de Merlo,848998,Villa de Merlo,City,Latin America,Argentina,2025 Questionnaire,Unknown,PATHWAY_1,Submitted,Public,No Response
2025 Disclosure Cycle,779465,CDP,74540,"Village of Hastings-on-Hudson, NY",74540,"Village of Hastings-on-Hudson, NY",City,North America,United States of America,2025 Questionnaire,Unknown,PATHWAY_2,Submitted,Public,Submitted
2025 Disclosure Cycle,779465,CDP,74462,"Village of Oak Park, IL",74462,"Village of Oak Park, IL",City,North America,United States of America,2025 Questionnaire,Unknown,PATHWAY_2,Submitted,Public,Submitted
2025 Disclosure Cycle,779465,CDP,36032,Ville de Dakar,36032,Ville de Dakar,City,UKWW,Senegal,2025 Questionnaire,Unknown,PATHWAY_3,Submitted,Public,Submitted
2025 Disclosure Cycle,779465,CDP,842044,"Ville de Longueuil, QC",842044,"Ville de Longueuil, QC",City,North America,Canada,2025 Questionnaire,Unknown,PATHWAY_1,Submitted,Public,Submitted
2025 Disclosure Cycle,779465,CDP,35894,"Ville de Montreal, QC",35894,"Ville de Montreal, QC",City,North America,Canada,2025 Questionnaire,Unknown,PATHWAY_3,Submitted,Public,Submitted
2025 Disclosure Cycle,779465,CDP,49326,"Ville de Quebec, QC",49326,"Ville de Quebec, QC",City,North America,Canada,2025 Questionnaire,Unknown,PATHWAY_3,Submitted,Public,Submitted
2025 Disclosure Cycle,779465,CDP,840143,Vishakhapatnam Municipal Corporation,840143,Vishakhapatnam Municipal Corporation,City,India,India,2025 Questionnaire,Unknown,PATHWAY_1,Submitted,Public,No Response
2025 Disclosure Cycle,779465,CDP,69824,Västervik Municipality,69824,Västervik Municipality,City,Europe,Sweden,2025 Questionnaire,Unknown,PATHWAY_1,Submitted,Public,Submitted
2025 Disclosure Cycle,779465,CDP,60216,Växjö Municipality,60216,Växjö Municipality,City,Europe,Sweden,2025 Questionnaire,Unknown,PATHWAY_3,Submitted,Public,Submitted
2025 Disclosure Cycle,779465,CDP,2012299,Warwick District Council,2012299,Warwick District Council,City,UKWW,United Kingdom,2025 Questionnaire,Unknown,PATHWAY_1,Submitted,Public,No Response
2025 Disclosure Cycle,779465,CDP,43937,Wellington City Council,43937,Wellington City Council,City,South East Asia & Oceania,New Zealand,2025 Questionnaire,Unknown,PATHWAY_1,Submitted,Public,Submitted
2025 Disclosure Cycle,779465,CDP,833284,West Midlands Combined Authority,833284,West Midlands Combined Authority,City,UKWW,United Kingdom,2025 Questionnaire,Unknown,PATHWAY_3,Submitted,Public,Submitted
2025 Disclosure Cycle,779465,CDP,852524,Westminster City Council,852524,Westminster City Council,City,UKWW,United Kingdom,2025 Questionnaire,Unknown,PATHWAY_2,Submitted,Public,Submitted
2025 Disclosure Cycle,779465,CDP,861790,Wokingham Borough Council,861790,Wokingham Borough Council,City,UKWW,United Kingdom,2025 Questionnaire,Unknown,PATHWAY_2,Submitted,Public,Submitted
2025 Disclosure Cycle,779465,CDP,54253,Wollongong City Council,54253,Wollongong City Council,City,South East Asia & Oceania,Australia,2025 Questionnaire,Unknown,PATHWAY_2,Submitted,Public,Submitted
2025 Disclosure Cycle,779465,CDP,859097,Yamato City,859097,Yamato City,City,Japan,Japan,2025 Questionnaire,Unknown,PATHWAY_1,Submitted,Public,Submitted
2025 Disclosure Cycle,779465,CDP,834400,Yasothon Town Municipality,834400,Yasothon Town Municipality,City,South East Asia & Oceania,Thailand,2025 Questionnaire,Unknown,PATHWAY_1,Submitted,Public,Submitted
2025 Disclosure Cycle,779465,CDP,930753,Yeoncheon County,930753,Yeoncheon County,City,South East Asia & Oceania,Korea (The Republic of),2025 Questionnaire,Unknown,PATHWAY_2,Submitted,Public,Submitted
2025 Disclosure Cycle,779465,CDP,44210,Yeosu City,44210,Yeosu City,City,South East Asia & Oceania,Korea (The Republic of),2025 Questionnaire,Unknown,PATHWAY_3,Submitted,Public,Submitted
2025 Disclosure Cycle,779465,CDP,44188,Yongin City,44188,Yongin City,City,South East Asia & Oceania,Korea (The Republic of),2025 Questionnaire,Unknown,PATHWAY_3,Submitted,Public,Submitted
2025 Disclosure Cycle,779465,CDP,2012312,Yorkshire Dales National Park Authority,2012312,Yorkshire Dales National Park Authority,City,UKWW,United Kingdom,2025 Questionnaire,Unknown,PATHWAY_2,Submitted,Public,No Response
2025 Disclosure Cycle,779465,CDP,2044752,Ystad Municipality,2044752,Ystad Municipality,City,Europe,Sweden,2025 Questionnaire,Unknown,PATHWAY_1,Submitted,Public,Unknown
2025 Disclosure Cycle,779465,CDP,2045903,Zugló District XIV of Budapest,2045903,Zugló District XIV of Budapest,City,Europe,Hungary,2025 Questionnaire,Unknown,PATHWAY_1,Submitted,Public,Unknown
2025 Disclosure Cycle,779465,CDP,35863,eThekwini Municipality,35863,eThekwini Municipality,City,UKWW,South Africa,2025 Questionnaire,Unknown,PATHWAY_3,Submitted,Public,Submitted
2025 Disclosure Cycle,779465,CDP,57408,Çanakkale Municipality,57408,Çanakkale Municipality,City,UKWW,Türkiye,2025 Questionnaire,Unknown,PATHWAY_2,Submitted,Public,Unknown
2025 Disclosure Cycle,779465,CDP,929965,Çorlu Belediyesi,929965,Çorlu Belediyesi,City,UKWW,Türkiye,2025 Questionnaire,Unknown,PATHWAY_2,Submitted,Public,Unknown
2025 Disclosure Cycle,779465,CDP,74673,İzmir Metropolitan Municipality,74673,İzmir Metropolitan Municipality,City,UKWW,Türkiye,2025 Questionnaire,Unknown,PATHWAY_3,Submitted,Public,Submitted
2025 Disclosure Cycle,779465,CDP,834515,Şanlıurfa Metropolitan Municipality,834515,Şanlıurfa Metropolitan Municipality,City,UKWW,Türkiye,2025 Questionnaire,Unknown,PATHWAY_3,Submitted,Public,Submitted
